-0.790099840042894	1.64944765899145	0.111724334102356	0.194860020831329	-1.89144535975396
-1.39466824705539	-2.96330221773502	-1.78755731623457	1.24228923945033	-1.14035167089183
0.89918463056706	-0.768719824337451	-0.185211044690962	-0.0236919871820698	-1.19164521024636
-0.710562884560492	-1.94465441790309	0.354958107506246	0.720608183092752	-0.415171245073066
-1.20847858501588	0.527944261150344	0.133849194631315	0.288283324467382	1.47526356823603
-0.104527978204399	0.147035418279583	-2.06712160776731	-0.101768590212252	-0.302326103033738
0.520741256193085	0.95225120712078	0.829845274294078	-0.506448209057691	0.246267317061745
0.455316085081938	-0.450737992142554	-0.0850756577956001	-1.02539419516378	0.991286319187286
-0.472959998887934	0.0626553678126564	0.0987066110839258	-2.33510526797465	-0.46504088712626
0.233195377963635	-0.00471507166732852	-0.91931314064106	-1.4989189365469	1.35445146055561
-2.50028226514973	0.960792173225314	1.67101923842223	0.0393402981943679	0.680901492426414
-0.501900405427165	-1.01177288439308	0.36425250022118	0.130023629553676	-1.19207522242866
-1.89418216304274	-0.357785677216846	0.356375073811224	-1.69557251392546	1.91934184947994
-0.163855641219506	0.97337929085146	0.830181717542097	-1.26087401782055	-0.334463790180508
-0.400580205846111	-1.02414271530956	-0.437902530263892	1.39732070167467	0.878592454323459
-1.20990806364709	0.745183829379563	1.27373695739792	-1.33793854850979	1.48444980156125
-0.309133494036471	-0.370503870721611	0.828430161851962	1.42862959562974	-0.388081036117565
-0.44365347674249	0.754553763313474	0.131244615089643	0.695893331205989	-0.550390701390278
0.338178743342878	-1.25553499937463	0.620929060365486	1.50452693742252	0.389843366517646
-0.70992670214012	1.03849610540544	-0.249133019778571	-0.620483208910224	-0.216369334895664
1.03594506527799	-0.987692965269762	-0.229721040295113	0.127228479123132	-0.407712854700634
1.95247145967248	-0.055820093663885	-1.03738309778146	0.707921578709089	-1.57977782179047
1.00247634081102	-0.202898893390811	0.347193621100049	1.73595259998938	0.598817091666973
0.924860244448569	-0.466752903308376	-0.320605026892339	0.399886469150201	-0.986649776310759
1.17015541929379	1.00798468024844	0.603892254917838	0.623429963905157	-0.793749476260439
1.93194039137775	-0.874022593092716	-1.07746139701711	-0.0982284048017361	-0.298338685135454
-0.0761886821225268	-1.29383146222346	-0.737772173434598	-0.602317124703397	-0.817161901634802
-0.849595421923208	0.627130295429149	-0.151543887493758	-0.399215201860414	-0.356204764071892
-1.27943694521918	0.85388217386523	0.842266944912141	0.0384731914743896	0.906754351228399
0.418012525267406	0.00315045990340696	-1.48979155483155	1.32886109852868	-0.634332146392177
-0.035768455985318	1.17382303989076	0.370435216287873	-0.519212614264422	0.926114772895663
0.116270473400266	-0.399868309365681	-0.0135429135508249	-0.0380125918401013	-0.908847965234598
-0.655186546888726	1.13908424587869	0.489739168687371	0.272719317749125	-0.0594633644386881
0.0778732655128127	-0.0593651807483192	-0.0679956424590673	-1.29038189543283	0.960327803279519
-0.126151191043505	-0.316212258902716	-0.964122951587074	-0.41052100160965	-0.486157637406922
-1.86966850002206	-0.502154439274329	0.567955711388262	-2.23628010054065	0.996102460549969
-0.440817570855017	-0.343369531256828	0.638395832632896	0.0885722193747878	0.26416183032725
-0.241539640873424	1.56719277632065	0.589748652661381	-1.60072624962015	2.0765535524104
0.0265195865379833	-1.44244619163232	-0.0767981097643409	-1.48263547446988	-0.387265827413018
0.707943995538516	-0.921153217002242	0.657230238852007	-1.53413063997867	-2.35485791846884
-1.0908150893656	-0.759518900531297	-1.27582471969094	1.98168170651588	1.03215670583968
-0.733510998280712	0.0972764011344192	1.26194451299784	0.616122919522843	-1.74134839125976
1.00778486822745	-0.849676419408475	-0.725941376424622	1.93352087879454	1.6823217656163
-0.0942165294117451	-0.723151811854742	-0.453939566768243	-0.945327112597599	1.36576554832332
-0.947069671764014	0.124947922311033	0.160849788893989	1.09838940259512	-0.433859445299436
0.112472843328786	1.32361222080319	-0.74949238959943	1.43508538715436	2.55968561813726
-1.45768399072381	-0.651572509088127	-0.434813030285575	-1.10091877965734	0.587573208100447
-0.384052058580515	-1.11838889140076	-0.984942103432752	0.812199323565034	-1.29654726275622
0.690137278776114	0.225204432116103	-0.733600511715057	1.16634471434327	-1.19416490780928
-0.903139620541467	-0.261914548661545	-0.293638480712537	-0.772421208793102	-0.390043415259289
1.34638700492596	-0.761114747393147	-0.122534121262646	1.08966640008705	-0.113952985079592
-1.44882940429167	1.13208674785355	-1.06006630746139	-0.947138516294466	0.296905391884776
-0.3517335611525	0.370042357517142	0.729976646634303	0.763291130403574	-0.0556315599619419
-0.350594027021033	-0.776500743735759	-1.08507046796515	2.07257148495266	0.22071414553648
2.00212930436358	0.451508368966113	0.996786281863045	-1.75237044706875	0.77492737974172
-1.67208751744549	0.357701367645894	1.93753802825414	2.29251898700503	-2.62119867141527
-1.52470180777014	-0.814333571477004	-1.35231185632597	-0.0944018458325733	-0.530987736876295
0.113384108775487	-1.6527704521825	-0.242956939094697	-1.28796579724195	-1.30106345634172
-0.174419616906937	0.234114750356326	0.151029961008681	-0.441385049945265	-0.704516609873351
0.508325226953029	0.664304318272094	-1.54229978751102	1.13490863359596	0.165644714759329
-1.18897849119545	-0.970543313850128	1.29604448480433	-0.40219396034074	-1.24635880913891
0.721809035959609	0.399630659760168	-0.467700869316175	0.691466897181117	0.648458901906925
0.425167002659391	0.105853138864409	-1.07427049207209	0.604170986201892	-0.624090547446166
0.170710654567085	-2.46578789198281	-0.0665262295019906	1.40809914068315	0.0970770726230881
-0.130315395953887	0.253490376607585	-0.297014932298334	-0.513481908715466	-0.438824078059378
0.0291741825556477	0.916896790901776	-1.14169886069351	-0.216883923149512	-0.054295710330664
0.245894307924072	-0.260617209022315	-0.509112781334726	0.503978810583809	-0.121625021277906
-0.177767118809318	1.17575235442752	-1.73586340644057	0.719379250088985	-1.22482413897159
-0.316569719843205	0.605884801013104	-1.33804709574464	0.276872776997655	-0.970340008824435
0.633229623947976	0.112494076266487	-0.330640568721061	-0.945664740784278	-1.0554015786466
0.468412438278731	0.64389619361749	1.90354652298533	0.589630496605432	-0.277307463659665
-0.13790404041328	0.849879090169484	-0.939428248651074	1.17446028053573	-0.737195172380787
0.148312390696749	1.23610259522157	-1.06640206047558	-0.647289463243531	0.253396482426124
0.258452206325092	0.987611083103539	1.26537258000889	-0.609538201339134	-2.64826783240749
-0.581539732641167	-2.36675212462309	0.102284134062602	-0.206797605050715	0.107212366121888
-0.460583522958129	-0.346724121172086	1.33272705694582	-0.687940617802947	0.817836498635934
0.264864440379599	0.517813159036158	1.09186052976009	0.639522445523929	-0.487394382422565
-0.224271515945852	-1.10017764262477	-0.944999017919253	1.16888629173354	0.609837842344167
-1.49174976839853	-0.2049259660943	0.399464136784082	-0.655422887465804	0.789910253360312
1.08385004835851	-0.75653627204196	0.445666531671781	0.635767572240147	0.0497724287475173
-0.573752881977351	0.427002295319185	-0.0364948031569445	-0.789371368764684	-0.5485922120781
-1.53231792839255	1.09448223947037	2.66100144668512	1.17471555843221	-0.230305566006684
-0.858822525051386	-0.00819331857662766	1.11744901567669	0.12001522953562	0.388068469271832
-0.963978301182934	1.87072722249251	-0.0780236887634488	-0.146260451088868	1.19816336189192
0.0791989755598766	-0.394280549084819	1.93914125226172	-0.755059734456346	-1.7844113446948
0.921895164269208	-0.634060299973588	0.417141313902491	0.532881464838566	-1.34641044163954
-1.70625378590559	-0.425771190540774	0.590072946010603	-0.933832207272028	1.27380488739498
-0.522406649590619	0.964914302708264	-0.627125036260096	1.61584002723542	-1.15588277228183
0.691425668980123	2.96137142826412	0.871961579533462	1.01501587886723	-0.0714400978008268
1.72194768445207	0.00715754855012987	0.229916981414669	1.18597572207325	-0.492417778046351
-1.49247821916524	1.08620637017684	0.460455254534361	-0.138999616325571	1.24769273534295
0.856106103246053	-1.17377062160151	-0.533493854845741	-0.530721234339856	1.74674476769356
1.17694329862715	1.57118617881956	-0.927887118183682	-0.311003106298293	-0.0982296785108288
0.0207276669042044	0.905753024344659	-0.582195563626749	-0.659884264880761	-1.06157206422611
-1.61597331344473	0.980938037827875	-0.709006152462045	-0.912640982613681	-0.672448703853955
0.109527472113914	-0.732796269714799	0.26294712214092	2.14533817178467	-0.277627644259985
-1.26962042792324	0.438292313215671	1.39103529880434	-1.7998948170334	-1.04225629712561
0.0866514520925963	0.044534077071441	0.768811061263989	-0.523364465441872	0.343558964122874
1.50208832991167	-0.0658501385627238	0.472162215256002	-0.535513954424561	-0.0254132362448837
-0.0944874792157679	-0.367839297532611	-2.00333428196646	-1.05654588909756	-0.38978885501276
-2.10802373057886	0.0496764464507578	0.573116441897684	0.799711579165065	-0.0268948620717259
1.29394276394817	1.99779398159055	0.154962960882028	-1.6226305223922	-0.128725951016084
-1.31012835399989	-0.706373193198878	-0.769833738286383	-0.340814313216573	-0.527054774983592
0.902346347410963	0.668892838549601	-1.94510884904804	1.19358064726326	0.367275636389108
-0.985669439460669	-1.13364250687596	-0.839003172365691	-0.307345447810417	1.07231407296084
-0.10404807018588	0.209537893025842	-0.492340681438705	1.56794757430191	-1.21561275816937
0.970131601268158	-0.655411589011917	0.21321464870689	-0.619012612318984	1.2824412121802
-0.169438221202029	1.12234866742984	-2.36917418153378	1.27171464121639	-0.694255828640025
0.922437463636709	0.384719894642013	-2.45267727683266	-0.541354681240788	0.693098592208037
-1.57627506474974	0.828780407643252	0.450208296714711	-0.0463544435528327	-0.229476359466872
-0.901544902163401	-1.11599651756841	0.602132351567261	0.403713543582155	-0.273167049568936
-0.848373790923426	-2.0091866573323	0.832663784229232	0.778255601778065	0.236601766128842
-0.57473773582181	-0.520043273010372	-1.01513271095251	-1.22966671967191	1.41363860319163
0.0149679091346042	-0.0730063865144707	-0.81741355444952	-0.998401910270604	1.36615722691496
-0.0538894718643125	-1.98390766096272	-1.661851078162	0.220903052952737	0.194086427407363
-0.00658689310322524	0.019342827492837	1.82309108804201	-0.449949659295152	-0.902774953357084
-2.97287349414707	-1.44419968151413	1.59289426573844	0.21940629612291	1.24256257987869
-1.07538323813981	0.345465703254071	0.560827661573356	-0.184070431811539	-0.141674670164646
0.882168924861116	-0.452885534224142	-0.00324481703737989	1.27236220703228	0.501563636086855
1.02674790402254	-0.0326135613142475	-1.47073109647072	1.69303401244565	-0.673868058865285
0.370100023796083	2.1513121069336	0.401592845968095	-1.08921974843365	-0.65064906324929
0.82974835634491	1.23049299175193	0.181118942441981	0.387603356061884	-0.412323704513829
-1.02558180778321	0.689610576861133	0.680342352106672	-1.1872259282938	-1.19016652002576
0.171306866880374	0.360507062309254	-0.365667772819826	0.239390041708264	-0.350462513464759
-0.885296683096675	0.373150311915916	-0.0561475492326889	-0.964770414606015	-1.43310990223265
0.919939281184394	0.184322541606877	0.0397458769705514	0.584499105809139	1.50468102853346
0.666473625199238	0.381637115518479	1.00703866590282	1.66726463983595	0.420332721023189
1.19854600868427	-0.818191118877567	-0.302293973731609	-1.04029688731348	-0.987835837564472
0.0068781022421994	0.0816874021115163	-0.489500005958361	-0.120310027670216	0.724709191757895
0.826003887521732	0.77581040677954	0.623517197592366	0.155676659449732	0.350938180727023
0.365186319581283	-0.284784917718587	-0.742154787678373	0.718267982587053	-1.26408341221419
0.363772274761533	-0.901945345799764	-0.014419348534069	0.49419818637072	0.189925446590678
-1.39228632607394	-0.471588948181049	-1.5974386216704	-0.879455808910463	0.606655298846178
-0.553823475761461	1.2541087681771	0.811839999836588	1.65868827774793	-1.02863286698351
0.173705613584333	0.732854302253457	2.00222019610981	2.7254576857603	1.16023640630358
-0.666353937895082	1.0607792388247	0.422785210374176	-0.582856516810947	-1.98507126971823
-0.0394356225171445	0.220682080328323	-0.516893712747912	-0.471252947414387	0.622608840541838
0.656591494042309	0.0690028456836667	-0.249079898893214	-1.39190140075254	-1.21977093615058
-1.15256800402219	-1.75429492621669	-1.03158039876838	-0.800768690955284	-1.06403927063353
-0.186780347217373	0.650809994306852	0.870429537681288	-2.33879790583157	0.596149986075387
-0.459929903744915	0.227766236929761	0.593253123636097	-0.779926805654409	-0.774619673883884
0.138856969064001	-0.12039257317652	0.538759140139509	-0.156929723785088	-0.065059548693138
0.507378852803917	-0.765365442994586	-0.257187180583978	1.36714403838858	-0.227299961943661
0.872178769248709	1.35738491485359	0.66553717270603	-0.943363663501554	-1.35028007391029
0.119230213234225	0.800034094481712	-0.177608827107143	-0.557462683117395	-0.082440014204078
0.161212530515687	1.55291079889344	1.04611172386247	-0.576576741248758	-0.404553545062222
0.930971649887416	-0.754736824270032	-0.182114692923564	1.03337538447014	1.35578276089879
0.728247175944926	-1.64924690235655	-1.01482200315503	-0.175688429588614	2.61945989578008
-1.31254882859644	-0.341644999654563	0.768004633428416	0.45542183908194	-1.54400707471562
-0.10655173031657	-2.03660295411457	0.639107301232753	2.4439756056222	0.764576436489157
0.314573983710314	-0.834405140288914	2.26679304861299	0.232738416976306	0.650403250448582
-0.550056731809194	-0.227618291750509	0.834813850125768	-0.542946126575218	-0.447465401159309
-1.1823595984242	1.18145768350882	-1.50471059055959	-1.1432659147328	-0.41491991124555
0.315377667853712	-1.45023294275156	-1.09672012990933	-0.718170257759475	-0.478238266713744
-0.190813991600334	1.30634917541538	-0.5210954092716	0.410651404339201	0.541606219688947
-0.845675302803444	-0.903516934597246	-0.271517870593804	-1.2751767133529	0.887404742072411
-0.784652609499116	-0.947739091153216	-0.94733009310484	0.827636783469685	0.999637125309406
-1.70311094346961	0.071011391584974	0.0977420079350216	0.0406104525474244	-0.440338893662791
0.0868106274270087	0.121217351310478	0.214902405662463	-0.5196412662365	-0.753584313790742
1.05038145537658	1.19209632481818	-0.383893196727677	-2.02266072128223	-0.507439248927946
1.06111285672352	-0.284325131563331	-0.249726316354238	0.582148494933677	0.0420626131267737
-0.175442783215307	-0.753219973223146	-1.62823052895222	-0.963886411618284	-0.210437165653067
1.43446186865654	-0.92745031108979	0.663721143177225	0.17166316756565	0.0543170549262507
0.794725593146383	-0.340032094606256	0.372876751401893	-0.419519656279015	-0.246901769647365
0.496140786068044	-1.69206323735797	-0.42766395549674	0.766748252117315	-0.904244217370836
-0.671100296728405	-0.241080604864982	-1.67041189951575	-1.27435866623251	1.36135088297972
-0.258311684493246	0.986523476980877	0.424680441027231	-2.02085954512106	-0.291917143593625
-1.05088994004727	1.12567027567932	0.711393542530125	-0.240511613861406	-1.10394603182906
2.18680830300098	1.07783595470412	-1.53733569984365	1.85942379001224	1.53851527004734
1.3774104154948	0.0462107699283948	-1.97771067871037	-0.275637164779589	0.192478041837636
0.598594469169354	-0.882547729536705	0.744003255299405	1.56626964072477	-0.529283133858365
0.319210115390613	0.958792275068387	0.127886435983382	0.374871390867558	-0.388049004634274
2.09566626604032	0.669751326915138	0.202901479606568	0.289841322666708	-1.56151919182508
-0.627830337862506	-0.93303928223598	0.339299633933784	0.851840726112333	1.84980628079985
-1.13827697270793	-1.65922786316668	0.951786767173071	-0.462584995387214	-0.374862569146373
-0.456424051044123	0.616035104499008	0.269703821929016	0.837314994583135	0.19606504198116
-0.0899563752296695	-0.106104365842124	-0.648675304573952	0.812635001373845	1.25178024616031
0.562904034533106	-0.0700908354590127	0.558179455373363	-0.662570586559352	1.81613553921722
-0.93335431163021	0.471115493216993	-1.23011703839533	-0.457410356598344	0.090211085602421
-0.903848761793005	0.426267748132739	-0.304481082204634	-0.091515925197465	-1.0091114665984
-0.230046320790534	-0.0636742119133003	0.268491707968569	-0.3636086722197	-0.649779463801731
3.03831756330969	-0.713117270044163	1.48320877186574	0.667510951558778	-0.0926794507192706
-0.836833706952593	1.08323598161486	0.498040386042376	0.0810336962406537	-0.169297262992335
-0.717701888341195	1.32637586431076	-1.18199244889465	0.526957946524657	-0.0469134093796192
1.73456083984817	1.0006883493798	0.226993812516758	-1.52339933119713	-0.00354116596092622
0.148589667917957	-0.493482535331821	-0.110288847793348	-0.83175866699319	-1.93010312066243
-0.185555646323259	0.48972004529469	-0.268552926917189	0.258157100170267	0.18408958397152
0.728897717224204	-0.270608475075647	0.0139993001710482	-0.408639554010526	0.83867498638184
1.52210836395723	2.89383218054677	-1.14256015942739	1.38676760804	-1.379664137015
-0.467318544301791	-1.57176349479557	0.56838006439698	-0.656877750104797	1.71201822461853
-0.352586719362063	0.0974771235929826	0.467506103683094	-0.568598598718945	0.196277172063599
-0.145763473710432	0.339019988097546	-0.490632094648594	0.100483104600394	0.509616908588979
0.658054432104225	-0.0479136105649634	-0.236164525861613	0.0197026196912376	0.418219151783277
-2.02522477030197	0.509741870099614	0.683709585171221	0.0213627845900496	1.40263512035913
0.338244130244525	-0.72115663551599	-0.00485257157909144	-0.813042979010024	-1.24723169354848
0.285218070978707	0.359430960059877	0.25237827488828	-1.12357582866934	-0.91258157010453
-0.199408778736176	0.688940727795754	1.09000670598342	-1.70239569075058	1.38993696520168
-1.27337132707859	-1.28766740210082	0.718466980074822	-0.036547362403709	-0.204150411502962
-2.18719060153292	-0.283512623219248	-0.681477560267826	-0.59536374597492	0.983871095237831
1.49915249756103	-0.0518458486556563	-1.07205523554299	0.0571833225523446	1.05771924566212
-1.90496474081906	-0.0527680447977059	-0.605308644549619	-0.314901263514507	0.946884255178045
-1.63605100456378	-0.967462619888488	0.417798307150376	-1.20878370579873	0.311179396274901
-2.26202587147978	-0.351617193921868	-0.733820060812633	-1.53163233965794	-0.830616991580447
1.13674710935467	0.866102887479312	0.812857369014704	-0.974247834482643	-1.12044216869821
0.330189630874269	-1.51918428956713	0.0352640971889438	0.217416138014572	-0.443781482775971
0.788573438517726	-0.592432908981705	-0.830859197819382	0.328901768628306	-1.09198198838415
0.515518967744422	1.35223209199369	1.55518653332545	0.964782830187272	0.359679460675189
1.27817056267439	0.93118626542322	-0.409436710152238	-0.847122342213918	-2.1575257896661
1.60623160051171	1.12709653793398	-0.0341115166463635	-1.66112531454634	-1.70524921827653
0.148746699055988	-0.47413866474945	-0.922182052094037	1.5381707957858	-0.698518723196735
0.26406599925595	-0.709836132123522	2.19990043036331	-0.447921433178361	0.21784919906432
-1.67622214111545	0.384164308551105	-0.783187168501262	-0.218779158855303	-1.19215561953358
-0.389411790963123	-0.621426775815689	0.0602580354634909	-0.15646748931957	-0.252073303426901
-1.22827509262112	-0.340965730608205	1.91575153227656	-0.87044054672985	-1.02935951119183
0.214224482046663	-0.647294922819715	0.144803607736956	0.779895485259907	-0.828397100481515
-1.79223156184483	-0.176969819909024	-0.811187942661132	0.0986392362662277	-1.88849067389197
-0.363459679154418	1.90584351693024	0.043660436350871	0.445282916340786	0.965042369212669
0.815775364410795	-0.781402120919224	0.485689826704714	-0.0999203235850607	1.02037423782508
-0.447800038283269	0.90313481770962	-0.0602728535939421	0.0206472280975905	1.06555723054647
-0.446112573687344	0.225475322850818	0.554793603251746	-1.47520741793988	0.572510465378861
0.162403260997333	-0.124423067897739	-0.480018661784891	1.25236487492294	-1.81422193271651
-0.969263993748397	0.19371522875362	0.587749593851897	-0.792947839280827	-0.853260277553107
-0.661535272410901	1.04457564203293	0.481213613232623	1.29977218342836	-0.506289765536912
1.36204869024925	0.11906306673845	-0.592967308893904	-0.637398159856907	1.09505580387542
1.10419633941606	1.06327108780644	1.25656657734088	3.42532614915003	-0.653052780960141
0.527124853037883	0.780251821074563	1.32807106133715	-1.49756902218113	1.03550191811479
0.175407421183494	0.986485868466274	0.948139086996806	-0.0180020628723358	-0.841058068979851
-0.0126008784825316	1.4067659262028	1.09023501744531	2.95541822534724	0.837021513354913
1.18810681153819	1.04010071194472	-0.653097048366805	0.214363229031258	-0.927063607890176
0.714919789337256	0.353162969332767	-0.756985793281157	-0.580590744278818	0.664429622863417
0.165697188703453	0.702668264643863	2.75498874258571	-0.16986576209446	-0.372298270518398
-1.9943603005918	-0.936957529745674	1.32536475199784	0.365746829363458	-0.295449348398681
-1.3385734762036	-0.189764474237295	1.74023886609748	1.53786295683349	-0.192029216700548
0.640702791193824	-1.45510960215002	0.922748559292996	0.262657852338452	-0.491732410343364
0.530403938029122	0.509657955021818	1.390176442182	0.738313549328858	-0.815998270177267
-0.182556057676177	0.145005875120188	-0.761480479017673	0.381979163176434	-0.146701846504287
0.142461713503532	0.387968875710577	-0.803040005362186	0.110678070165791	-0.281151994678895
-1.64006098517068	0.459749872204508	-0.832150590746356	-0.0625550055905804	0.171701038327109
-0.311313863648175	0.655033148765869	1.14226337806067	-1.74908937779197	-0.0620228628205388
0.490179005940807	-0.402611301218764	1.85227824132477	0.471815241147962	-0.949688785812792
0.117871136235449	2.11111445187058	0.786985988270022	-0.842119128992522	-0.422303290248489
-0.52459384246534	-0.247331994431341	1.24410541737815	-0.760976251438252	1.72770767979328
-0.284109941803455	0.47233267719025	-1.78843415455543	0.498871582501909	1.13345736967139
-0.504310453006853	1.06591565586853	-1.39205764845308	0.612322422128841	0.339377750063594
0.964086859177863	-0.299933990179606	-2.08144918954366	-1.46662275134444	0.254749765953084
1.5899377098276	-0.635450978218928	-0.535399251792284	0.411213822525166	-0.650681471640215
1.13417355223318	-0.908614848607745	0.708195135831307	1.28502602700533	0.0818171332076526
2.07536603857942	-0.813938926790809	-1.40979830735816	-0.446071288448351	-0.666148924583198
0.376693096296893	1.10899532267148	0.156410895273647	-0.848843184206535	-1.47875369898506
-1.03962435959016	1.31250173508202	2.00627212408881	-0.159177420835942	-0.831328400496613
0.0492973812940092	-1.68107157844482	1.16792428790864	0.317223487476783	-3.06892843739177
-1.93159659199219	0.363535839270166	-1.0289179317007	-0.83322578851938	-1.75325465757271
0.827604713151084	-0.44362508664716	-0.397538395308119	-1.45019590310839	-0.0379250766639998
-0.229867233877565	0.741090288974079	-0.470530302149861	-0.734897835029904	-0.099858924305275
0.441782138104591	0.73672429586983	0.654415975776484	0.0603203353255575	0.515985408769306
0.899887971681452	-1.35212131620471	0.149227914887284	0.315764982974679	0.703509710634918
0.854847445143272	0.690427294883745	1.42686071865677	2.07201744645218	0.293348840908826
-0.770122130732481	-0.0669739977605078	0.855438371722344	1.11275296053903	-1.15159097225389
-0.110873339243031	-0.37159712129332	0.117060867405634	-0.0188652616165612	-0.662928345709801
-0.590801420342185	0.773408021728848	0.933802164987897	1.32458935483935	0.245807490322884
1.20692926617253	-0.379130287508069	-0.704574246541827	-0.355372429537471	0.721461883938637
-0.645722068612195	-1.81002188964284	0.0816316789170905	-0.717473753951869	-1.51929126274141
1.02149788835782	-0.443086056893685	-0.130384005821891	1.14808873475179	1.92753235308702
-0.371629713568448	-0.976356423477309	0.434599601110751	-0.195927260200615	-0.596944880009967
1.0051398493888	0.0288446237552901	-0.169467043019722	-0.62799773496805	-0.251034651534691
-0.599489327963097	-0.256603742143673	2.5260874495204	-0.414599593516612	0.0181629142660619
1.44140931265228	0.800802733470562	2.00399507601091	-0.464696900494271	-0.107960940186104
-0.523351926141345	-1.23066768340696	-0.567370349552662	-0.380035363221781	1.03337808882011
-0.0979371674132633	-0.352705806550639	0.493104837518509	-0.220472864502315	-0.911907618049738
-0.312713168369044	-0.112385879226415	-1.42764304148213	-0.399350405366346	0.293527053783893
-0.607217564765231	-0.39303486454405	-0.0809432050687513	1.53038577230429	1.50233382692056
-1.3724755999761	-0.0921343074296039	0.0552857386727695	-0.755491193206444	-0.179315537196476
-1.27605472784003	-1.49462893614226	1.19351190246422	-1.18779177134423	0.624091786639098
0.879085400185647	-0.965638905112407	-0.570264950919561	-1.26434257684685	0.590466282093258
0.663577233926969	-0.750493639031753	1.31379479942585	0.0033366666384162	-0.383088431673572
0.925921086591923	-0.641283858971332	-0.488515491228542	0.00425143972113221	0.812068096507473
-0.268691023920696	0.456744244950406	-0.529723782773162	0.156147647303828	0.170727100630394
-0.949148253509345	0.456143352275808	-0.25074024538488	-0.00865002267763739	-0.393501624663843
-0.033653682292797	-0.379105299686425	0.574982249903665	1.04170517323994	-1.51463338750248
0.440141897408846	-0.195442932027098	0.447233529604552	0.327408111242955	0.808554151955365
-0.868469659244242	0.156784086675082	0.20212211960701	-1.00064799580275	0.422146131532921
-0.909409935784006	0.295663064962535	-0.791723258116539	0.691735738002354	-1.00390668957115
1.1762009617322	0.377417983957578	-0.310944971365937	-1.43804152148983	-1.49030322309266
0.940025799025676	-0.420019215081194	0.10293786482221	-0.0570834428838348	1.87976897568211
-0.375590824639262	-0.0706518401306165	-1.22588974682601	1.15391957691842	-0.776978325370761
-0.558698488295479	0.157360622241022	0.134114235869243	-0.858464898189745	-0.412455865296193
0.905539266479724	0.164863648826324	0.320452139327973	1.97518658498714	-0.598083858426362
-1.11000264154286	0.0769257708680772	1.82694173912566	-1.28094927627241	-0.468468502214941
-0.324874481412378	0.755771013000581	1.41279182139815	1.70112724231043	1.21569194559654
0.259785920729072	0.129550144266532	-1.5975131925422	-0.0766525975481864	0.937229401939545
0.520398352775792	0.207374885307459	0.0104257664280198	0.0471022174117865	-0.306832024172042
0.143985858431328	0.0624470757523137	0.859868839886128	-0.978565728252255	0.0374108883082263
0.254554781082747	-0.965998854434217	0.713586757188182	0.780591446125615	0.26091344173331
-0.47300122686834	-0.560400362414829	-0.136996996094765	0.125853366892894	1.00702542895558
-1.55467386161733	0.643422743897362	-1.03076914217314	-0.246583548044811	0.926266635046573
1.34886976209658	-0.592963235087277	-0.519876206363151	-0.441216921352824	-1.29893838786275
-0.393182023143779	0.74623216784788	1.33329137014787	0.809606685454616	-1.43006348794874
-0.81260934625684	-0.353132495182249	-0.0120836265701424	1.15278649146446	-1.73209102110968
-1.7352240909535	0.706889575118957	1.64092262843619	-1.75999015012764	1.5678478338842
-0.130250480796401	2.45282293524118	-1.71449465648368	-0.324477132702753	2.30037526476496
-0.627109262835107	0.182006871130406	0.168440429927942	-0.933885215464369	0.175186136046017
-0.831759600233734	0.308977480270158	0.338919401604841	0.238704292475836	-1.0961775779161
-0.0498328628451713	-0.0191453929330365	-0.558940380299341	0.585818309603739	0.535519891483753
-1.41333540884787	0.157995695461785	-0.130358105574878	-0.161215206991686	-0.74861097977278
0.216873260346806	0.831503646476918	-0.559384341875848	0.054670216622713	0.410586963943019
0.969743203751958	0.0506424100989824	0.591887884345422	0.692555440697382	0.991401512746056
0.0195396424462867	0.675766375435091	-1.44812245612353	-1.44303439760065	1.98740785888769
1.04010293530629	1.32785990297071	0.241323175606428	0.767664344883274	-1.30075455278393
-0.0922064959486785	-2.08897441914534	1.55518479446139	0.0166617971117317	-0.460292134026601
-0.141931548897889	0.894217902114138	0.532621723594259	-1.60932844187983	-2.22596817841007
-2.05996050149984	0.841041963116871	-0.343353399047947	-0.996710623850037	0.117632077391298
-0.941441389269367	-1.41538258911923	0.988349693018222	-2.43524209109811	1.13639387212723
1.23656929271298	-1.10077018396275	-0.0667923992354733	-1.82139948007099	1.49138495327597
0.557392756959345	-0.619853701272967	-0.584434314542126	1.23836333786221	1.3587379402074
1.97593905205604	0.385398173979108	-1.14796012389688	-0.476121244863091	-0.620060554529173
0.789486783415535	-0.104292762887881	-0.730492286195477	-0.655131749387604	0.605161621726135
-0.622158958127329	0.213663524918429	0.70895688558776	1.71803617873521	1.06312744592698
-0.781819199736296	1.31182943988485	-0.0116605995417695	-0.631402039524488	0.775329218754779
0.405615325710728	-1.04274689801511	1.13034477602522	-0.521011830170003	-1.91243031921842
0.237900818069946	-1.4595030604297	0.295281777909292	-0.428933348917076	-0.324274612877503
-1.31695365173762	-0.893332795835413	-1.80147445305749	-1.17940811402987	-0.504252459453574
0.545215033298889	-1.30033930706015	0.0781940691573401	-0.462354416296838	-1.9862326302642
0.125194872752604	-0.60916927114146	1.02501942441859	0.650528856119937	-0.0968857998439201
-2.78129988086527	-0.245484481273849	-1.56875304786061	0.92374985447746	1.50386555584027
1.51839227876767	-0.0312155636158485	-0.700371639231327	0.921439400932048	0.425474970178512
0.321957354780496	1.19177102198441	1.05762673897448	2.45694719933534	-1.18155993897079
1.17437002531402	0.568032902754727	-0.478769280532267	0.0716890773071102	-0.333628510491945
1.33077051349667	-0.532401893605492	-0.53246414776257	-0.911666121442882	0.561559040558011
0.186311125618016	1.29103733496553	-0.272686361508783	0.421757244609386	1.12664838468617
0.360109703262252	-2.42448377569414	-2.26863741049189	0.573174847182018	0.434075311743641
1.02845527453457	0.102682719026011	0.268715890647563	0.766458360106286	0.698263325061981
-0.748086534631097	0.447474797803943	-1.25272485765905	0.961751908174915	1.26490516324617
1.11959434426577	0.949299727673547	0.225070217605419	1.42692940817502	-1.6703585789765
0.532358226131629	0.867855613885926	-0.169543261145166	-0.584220327977466	-0.0183140780118318
-1.52572853376123	0.672366408510879	0.210475972133485	1.61986499276335	0.507946564786929
1.73488580094994	0.278073493751755	-0.683101986938613	-1.24402877655651	-1.09027037748677
0.397651822340775	1.15888293731639	1.084267160102	-0.754659188294882	-0.584738470613205
1.42698222880824	-2.12789540485188	0.293311857498443	0.266569721676853	-0.521394430051147
-0.18666332806088	0.360012161167653	-1.12466836854551	-1.08418548561786	-1.0241703158277
-2.38571817312553	-0.748138352859043	0.163144311910437	0.721884446123337	1.27644870704122
0.625623813314411	-0.354255598327503	1.36690108943551	1.91306430500562	0.880010321441144
-0.716091076451079	0.618855344266415	0.101730549048803	0.434410225059697	2.12935078008665
-0.275326374765804	-0.0899805524098771	0.250767134012038	0.189209974156941	-0.222993460716098
0.202992797122905	1.31658873512497	-0.624269492167386	0.787116870514204	0.931258569752374
0.683927683952374	1.26181412677906	1.21486833235311	1.2138511478606	1.20605048518583
0.379523569363139	0.291500020092879	0.507000371748703	-0.488102478476711	-0.44286723007234
0.384741137633467	1.33064542676152	0.314042016248564	2.00033778048986	0.0108941364622794
-0.643358846746922	0.967048494481375	-0.0153681187714086	0.0380281069846245	0.362263392128008
-1.92750794628201	-1.25696010171453	0.239392874444648	1.92374348067949	1.60868635860397
0.39800530445699	0.772959430318969	1.26333039503566	-0.0498936738320189	2.51373358640167
-0.544943663967818	-1.48213342805414	-1.66598634508627	0.790628881364852	-0.844076971182131
0.278269939601441	-0.116082975522211	-0.704269409265813	-0.223607844914172	0.0464976277201269
-0.728616634402877	-0.143029605080314	-0.953456459132074	1.00225536465763	0.665769673279282
0.20789903434377	0.44082164165047	-0.58299510208544	0.894042840352492	1.7772290085953
-0.339726641990389	1.69943620457522	0.103003502543207	-0.280594078317813	1.40739375163579
1.14301250852629	-0.739222343452183	1.06197788434558	-0.426366830098991	-1.01262779567041
-1.08513898621477	-0.971314863135969	0.115566980444805	-0.213978476013308	-0.126944921531221
0.908206936114081	0.0381806983407033	-0.891636448541646	-0.223540507391037	-2.19632374757128
-1.24269038090608	0.833883209644705	-0.697038638472734	1.07130968478033	1.42156804722439
2.24084066451651	1.92659861865879	-1.39250729584322	-0.689405199505734	0.448774754906583
-1.37951176588099	0.62969494069614	0.36139308050005	0.51916944577512	0.137091920035128
0.943406526680213	-0.416667964346229	0.139765922418896	-0.273313315957317	0.831243708187082
-0.380751587885275	-0.455833692833531	0.406802513635249	-0.498535938833139	2.17807443829054
-0.394569054952243	-2.79287057714694	1.91492983367461	0.582538965095146	-0.513116004552945
0.185866757027409	-1.22134184583025	0.778852768338664	1.06277249725235	0.748329139374955
-0.411470775086345	-0.482341706317052	-0.461613731241615	-1.23788781274854	0.58025461303192
0.563167297894265	-0.545491827411043	-0.586615887497642	0.197668581079051	0.752217962338029
0.543590551034802	-0.33273978093642	-0.29844264908977	-0.87746609064806	0.793227878300302
2.01887665661575	1.89491214103837	-0.092938754598096	1.59442045979215	1.23477194663178
-0.63827293812307	0.469859815412868	-1.0197624167663	1.30406699141312	-0.0898492132914665
-2.07526082809702	1.29049591456353	-1.23932913087704	2.00471582318857	-1.74857565354413
1.14231934251398	0.569551118187193	-0.565581191680108	-0.606102307541668	-0.17068737564564
2.22699929451389	0.102200198871569	-0.0292771918144185	1.19368243130529	1.31221236253794
-0.515578040245717	-0.852969876310775	0.608062776879125	0.450083278931833	-0.373580300814776
1.42793287456874	-0.615991172349523	-1.54257554351179	-0.352076474397184	-2.22488159131037
-0.0930445389310165	2.53839628785839	-0.693712600816115	-1.38731675976353	-0.967989649225449
-1.23095820952699	-1.51575752125048	-0.108300878772501	1.00611414940975	-0.582711963532473
-1.01642877625002	-0.465426804768591	0.452129970727588	-0.298358795262757	-0.719943758359933
-0.451483226751435	1.35361607914651	-0.739744228539759	0.64682591737171	-0.400729762165718
-1.1891081069097	1.18073777442275	0.954407227872056	0.749098296325991	-1.01095020902983
-0.686921499368751	-1.91653282707863	-0.560451471366906	0.817403214868379	-0.509292988957073
-0.253658862238203	-0.965359649747422	-0.531824817136241	-2.04216921003019	-0.77047196295901
0.894068694364668	0.924362556499962	-0.306994059147286	-1.62328223584741	-0.730542756419823
0.191990716029339	3.30880085313523	-0.571529504222301	0.232051004547047	-0.004497289555075
0.801589585069849	-0.196648023532333	0.0434090592999366	0.594596500605497	1.13913874812368
0.0299971139511144	0.363393566317627	0.213706336670672	-0.685614371941592	0.0595679725328288
-1.14974859023805	-0.797537082394058	-0.179127984108262	1.15172702312744	0.779650381162722
-0.657133392974248	-0.512787460029989	-0.716929490322097	-1.31724124704968	-0.288097501779916
0.980474360253422	0.150903291960872	-0.394076906020652	2.10825678624009	0.0974622204464828
-0.581628358029821	0.851900457732434	-0.0202834883454438	-2.48499914524037	0.115340087906606
-0.302715732602839	-0.582492525335567	0.489614869745452	1.79507458790423	1.28733135854965
0.936505379903504	-1.18066374369162	-0.431034500018995	0.519277146578744	-1.33908359358563
0.527625283134675	0.676881499258148	-0.398760348082243	-0.819210668705719	1.40613986507973
1.24805479280021	0.100141099130594	2.36087427562009	0.359917808034903	-0.56140384569256
-0.485162937232068	0.32205479767609	-0.815791535523164	-2.12126815990326	0.0464501268958232
0.334635047847811	0.405050832577401	-0.110899551374063	-3.31052953673696	0.612303837665953
1.54721228539234	-0.878928906476827	0.922550825577119	1.27639589709504	-0.383756191200987
0.678797830314525	-0.206546186924764	-0.110060340231888	0.833056883331329	0.0228360760897713
0.056511072728874	0.159484485016008	1.11931086416823	-0.0177704402481117	-0.862166645231497
-0.0384568440513072	0.485160059794231	0.240765111355428	1.23659942285668	0.748486798847978
-1.51595767734796	1.78177420110978	-0.698291916736122	-2.39916111517051	-1.35114799420489
0.977327062583945	-0.286753104323417	0.160557288200453	0.269799295313212	-0.550574800109241
-0.803165319306489	0.14939584417907	-0.647547619522312	-1.89471352056821	-0.062720170825921
0.938591998344772	0.230484988314438	-0.301061560639276	1.5486702499978	-1.25936824096946
-0.919011283816503	1.20173298477167	-1.84902304953372	1.14148207528129	-0.722217616607188
1.8707385203181	-0.0858885180101466	0.576789589186226	-0.572460888611434	-1.52385374928373
-0.954846248361166	-0.896632414496703	0.155324722559632	-1.52810295637479	0.664480710015313
-1.3929747327422	-1.21127016525333	0.252798863280143	-0.608032931449	-1.49937804912198
1.46819823530705	0.233174714882374	0.761028878580114	1.94288452585077	-0.00183026769512212
0.400623022026494	1.0596283068431	0.549449478906077	0.237344919859134	1.86200378731916
-0.492278237754632	0.831609270150791	0.734795884864286	-1.09295956773032	0.905267164409101
1.30242418310249	0.11915872131025	-1.70004770104911	-0.781186785796581	-0.7615833175529
-1.0285752188823	-0.0686538780539495	-1.09672154109273	-0.112941921124393	-0.954161853916922
-1.54594838439002	-0.365693660395908	1.42049096656584	-0.824869540792643	-1.83641130281974
-1.18777965790555	-1.2311171227402	1.42233693267937	0.217310664469145	-0.0444773740897143
-1.33857329554808	0.815402289344968	-0.227758739626034	-0.359142774143568	0.315016629765479
-1.55095482871782	0.310524812641073	0.74087365466415	-0.239253038948764	-0.773144853992053
2.75699957704166	-0.722757013166997	0.287988369157418	0.486436185063769	-1.84662786093422
-1.39786309843907	-0.712291010235702	0.182220798987927	0.118828722739027	0.35035972062631
-1.19809167043917	0.28717985821337	0.583529274484454	0.481695156512306	-0.37065393798276
-0.650859411624055	0.383121362364957	-1.62973790723666	-1.78537752834799	-0.701311520857187
1.3797595640779	0.298713433277336	0.193504974745437	-1.17505367472504	0.618855404583691
0.671445297790442	-0.0566137141405945	-0.196771859160363	-0.212405031063867	0.577666418860048
-0.0954884011201753	0.450157666778985	0.6990385890873	0.52882672912387	0.484004707124781
-1.34969045630218	0.0611970533487583	-0.543586474457878	1.10414520384155	1.22917894019481
0.451785556402514	-0.268597802778161	0.28260301096407	0.615129088702847	0.97269577459214
0.376111349076497	-0.496703096183357	0.673965930318058	0.0865643202171783	0.259717567994645
0.969027172419781	1.290833315337	-0.377357355666389	1.26189267664795	0.193704462788494
-1.45879797930016	-0.128434108665583	-0.455501305730033	1.40219962679247	-0.0118385376409284
-0.370205552846807	0.708664549925225	0.599206321681433	2.32392659220148	-0.461195866620062
-1.79523265862912	1.43564998841582	-0.173128090672626	0.737322807499605	-0.583325981577037
0.309052685261203	-0.0837504150875211	2.01564719767512	-0.649792459842242	1.28731954346014
-0.982889263477957	-0.698015523049492	-0.165115769218597	0.432186556598023	-0.438039546374819
-1.1920598651167	-0.0822710308644549	0.273615630031921	1.3990124958239	-0.354527671413093
-0.771665508570722	0.99633721256374	-0.0740612692082657	-0.810708561269958	-0.193221452731296
0.346152786586227	1.09028402770191	1.47579832820305	0.445779180130307	-1.34532218064112
-0.0328443098884957	-0.0866940574853868	-0.613357403794866	-0.632046745916627	0.925904650370381
0.709016737762192	-0.312727668346415	-1.14020493923625	-0.955355993442721	0.439224726991473
0.449519632638234	0.258367758477395	0.321476565298683	-0.923634804721829	-0.947161357976751
-1.94224452030428	-1.13180572362484	1.68556341391767	-0.751297638229466	-2.24629418627257
-1.42742090894083	1.67910081480482	0.757876089226038	0.842697004409787	-0.739829657359651
-1.49597252804901	0.995391452766942	0.526401844453024	0.13232903015974	2.03481817417053
0.306058075839073	0.951462089536386	-0.0513962562452419	-0.417653122917109	1.17647678380303
-1.35828325661788	0.678864387762712	0.215869411443452	-0.748341939986511	1.07684503271664
-1.31690115930162	-0.0875519455912348	-1.25977923241022	-0.110789611035419	-1.00367471123513
-0.0707297490874089	-0.0597200332748629	-1.49704641148425	-1.19382040015768	0.821707891367414
-0.911972505222773	0.812099088932445	-0.641780378161778	1.45281134712976	-0.871127318088151
1.11261117882688	-2.35839367697886	-0.0863628555321943	1.36558684060565	-0.0938349862854561
0.954081252552141	-0.176311306080291	-1.57640610665926	0.889679471183462	0.321548670766931
-0.312040328075008	0.376263662335087	1.51511219067162	-1.74250765930623	-1.55173835214633
-0.242358458223826	-0.0902629251048044	0.634282009627368	-0.556824819440406	1.75312449519913
0.510020922394929	0.928831114404294	1.53355322394499	-1.36375050564576	0.184177764695854
-2.17104933330913	-1.68684499005688	0.536417851297724	1.59960786753385	-0.739645186318481
-0.404166671395312	0.587397832217711	0.935820870167688	-0.838351905006048	0.820875506808332
-0.221085710596872	-0.185483909551267	-0.47361155086308	-1.40952348108455	0.334681153952826
0.56751447752328	-0.319699556249165	0.753067698205181	-0.501111646584252	-0.450845040055744
-0.274384626520371	-0.483851385907243	-0.633198701634428	0.899337497937169	0.0709974081164406
-1.34354850703625	-1.59683767860826	-2.13096539080195	-0.589296744524977	-0.309165093952673
0.115257462658692	-1.36670447305636	-0.0942093285177122	1.92639293750619	-1.6414325771161
-1.337912543832	0.60150423896019	-0.727394902492752	0.00200590288899575	-0.0350761111106797
-0.405070532929383	2.1516487127759	-1.08955361698255	2.29359062652826	0.624614116072938
0.532301634921623	-0.0591451231449639	-0.072358892808803	0.866089498130161	-0.196100279488573
-1.28180635953562	-0.439411880127216	1.2451583696587	-0.276042868185941	-0.415492424011257
1.19012186793695	0.368525968417611	0.0107549009118519	1.33737132598647	0.810450082485889
0.00284097903457207	-0.328765226615445	-0.361694318729385	0.267055401554854	0.549854947553387
-0.823870871776957	0.913888846410967	1.30639282078148	0.271088697854909	0.53333202672535
-0.132373734913165	-0.803605827997547	-0.81298553973967	0.922707409051567	0.196577610944524
0.591756772846112	-1.48444201226273	-0.833442178606667	0.007924840264487	1.1698412545665
-0.0137424855179496	0.23722036913693	-1.05938994098164	0.253405673168623	1.16721741073663
0.576542424571903	2.63311142469579	0.173246220179393	0.278602315970349	-0.770220692059435
0.00164307120153849	-0.323371741206017	-0.844283263856946	-0.283176126905692	-0.982886031663949
-0.212538875599842	-2.5546090323065	-0.726545624920012	-0.838085242152977	0.649601178586006
-1.00373434328771	-1.38399842234529	0.0994291785276032	0.585110700935915	1.67616667259447
-1.21538704632051	-0.506387563997752	-0.423850187506528	1.79452665048468	-0.0553147632582524
-0.435333663816702	-3.26614527919422	0.93348391507229	1.12473905374024	0.0833173262149355
0.230342415735066	-0.286209156262184	0.362831078130431	-0.556934807745719	0.113759970670589
-0.864429904564187	-0.565864355854844	-0.802862490096057	-0.583475863662287	1.99299126337209
-0.211493016648852	0.0454248527045897	-0.0808533386329557	-1.28720842700929	0.314791252141507
0.451039586363755	1.73932327031815	-0.977517908246246	1.0397847507875	-0.979445236505655
-0.524527677214177	0.547780593470386	-0.251238006874613	0.669625338376577	2.47459603371067
0.67730818311258	-0.716091709494397	1.44595000478673	1.54456074064105	-0.959464743953246
-0.795974233009034	-0.254532226770927	-0.724894782198423	-1.01552277997808	-0.795338503314182
-0.0354326990025655	-0.826562482906115	0.434170227583656	-2.1001225338482	0.952672620406209
-0.844917916133789	-0.787833734148173	-0.773905124640882	-0.12809832061209	-0.568987873279032
0.214022642326195	-0.698671393755204	0.0104352496537533	-0.333571487683504	-2.58249953209658
-0.847118352535817	0.513600105686765	-0.813246126039559	0.366279919045341	0.214413293250501
0.489823144880627	-0.348483038738084	-0.409084769267607	-0.814132480967317	-0.7089679128646
0.602827977559375	0.113139967913321	0.472232549982907	-0.188767117102684	-1.386364479956
0.908674944210127	-0.173468070084829	0.436010689906684	0.172004961855136	-1.15610591264996
0.413344248343739	-0.470575628211104	-0.358565838926965	-1.75950721968302	1.31317786407638
-2.09789693332281	-0.658369164850683	-0.532539975704404	1.48315232257165	-1.79565094745124
-1.60918441341913	-0.212316270399232	-1.084222613026	0.584897494393501	-2.41938408535909
0.790944872914462	0.450189164425762	0.77180980555226	0.588814091233625	-1.28227364760909
-0.921505809757035	-0.145321030132459	-0.283962962510941	1.9764421889387	0.97899067854948
2.99786749834918	0.988857036555261	0.448448579982015	-0.504594658257165	-1.84439805679471
0.0782020639039962	-1.41805507680889	1.68456951701129	0.257054562892091	0.0893435267466171
0.0587845061622904	0.540382712854388	-0.304954352861318	0.631356526523147	-0.29145996124954
1.55852818243784	0.95313335999676	-0.191247690462324	-0.752336393870031	-1.71502878909746
0.0747917893891927	-0.629368613080286	-1.19613513931919	-0.0834112799932935	-0.0940609130551614
0.913386906746034	-0.189235582941753	0.719780192433873	0.0739126576898592	0.799905565222558
0.650367967726183	-0.87019691410792	-0.0137169153544413	0.742016765104851	-0.464499417223694
0.393183611037449	0.743514862504895	-0.424953981883908	1.09737956815206	0.791059763552289
0.107412811039075	-0.38646920186873	-0.89235983914956	1.66777811116445	0.641923086605261
0.306542889471972	0.133174769187587	1.67749127809038	-0.28951880307992	0.484647653956625
-0.398534911798437	1.47114119235015	-0.758163091287586	-0.162829235910883	0.333876309279841
0.454796566833549	-0.588093681060116	-0.705143426172164	0.587018450445671	1.08989262868016
0.670940965690092	0.595363077103929	-0.165593885259251	1.07213987864893	-1.28679651236601
0.615188902883222	1.52160555331249	0.0486747428110891	-2.02962523005012	-0.0113514223673066
-2.57001862484395	1.27957341876069	-2.02782443347281	-0.00757145070144319	-1.51771550223735
0.343654030511284	-0.290099943913549	0.094265478906193	-0.395153398571858	-0.410848603709783
1.40972513010146	-1.40429800837396	-0.32204148198013	0.0422035839835353	0.0866441244692105
-1.86406842592215	-2.19987730011508	0.580425350980428	1.59082844344903	-2.80335302072127
-0.0745535450866767	-1.74757048154635	1.41567184233899	-0.0585123752254772	-0.484564671515397
0.0183882131415382	-0.399119804907999	-0.516576148238822	-1.07970564481439	-0.796314154148215
-1.48817242582681	-1.94265305049248	-0.311648211237327	0.896621847455476	2.19339270527671
1.28911705791136	-0.73522138008777	0.827697320271495	-0.243912393715894	-0.778947983448016
-1.26072485712766	-1.79849261262173	-0.432803756308436	2.04951414677358	-1.85785226474867
-0.692333108172708	-0.552628128085932	0.198787517510022	0.332260082537644	-0.109598910860991
0.961028733236244	-0.39799606642527	-0.210079832674961	-0.159650665972368	0.861399499357521
-0.630433227905094	-0.618526400850211	0.0359719786197816	-0.813646947431772	-0.325058198989749
0.732905776052702	0.443660003028017	1.19226509958571	0.844852537566576	-0.645746718333465
-1.97019503152493	1.09800290432882	-0.51094135836551	0.973830252352262	-0.957770428952405
1.20333834523194	-1.85836012486134	-0.608890818252365	0.183626332423669	1.67710969526764
-0.683992088946029	-0.597804034127493	0.628514854702372	-0.0949730472392538	-0.139747928654905
1.17643199332485	-1.72429840966041	0.137772634604476	-0.54057261473212	1.1500097588227
0.141350744603399	-1.0523122813411	-0.744936385651609	-0.196484393720105	0.532309385347819
-0.0402387797957692	2.76945232155106	-1.76441789575016	-1.88396920571048	0.710607983673557
0.891166793229607	-1.95687958778164	-0.173962438168039	0.867154810374969	0.0763379163415792
0.616628015342248	-2.25258634594146	0.327595241106178	-0.665611382624664	-0.296968957199681
-0.412144787075542	-0.577096905098085	-1.84329029640205	-0.826460802421191	0.755474500437941
0.32531127098961	-0.292416168574724	0.407385736952759	-0.201404679179188	-1.05423646654208
-0.0289349705830779	0.337368800723414	0.422057526817974	-0.25601568535308	-0.163049709510712
-0.108419636821782	0.806082664542303	1.16841637045026	-0.439286894055231	-0.724687741803704
-1.60690397561479	-0.0700982385659211	-0.861160025394598	-0.671540187995242	0.447984666038556
0.14854698033954	-0.343419075665619	-0.30420947160724	0.517980948153389	0.148940372180323
-1.20306841069025	0.633782669245884	-1.8728840158455	-0.534983084161141	0.128832820644639
0.591707018371859	0.128491036841047	0.0593624179882803	-0.400608982197144	0.874350711923964
0.0569453381050363	0.740748628001861	0.547276407096637	1.68810588940056	1.9106341863173
-0.577653272419462	0.793589754094204	0.0440327591841567	-0.275562230105516	0.226466547731922
0.147885536464798	0.532898824301199	-0.607779771345819	-1.38914440730142	0.491076078551375
-0.137700716817126	2.20490432392691	1.44645518290915	-0.271837637730134	-0.131588125608838
-0.854655106694823	1.42242825284382	-0.464599021947501	-0.134903248633304	-1.63404129024507
-0.227345510919926	1.91534980801835	0.941749812326417	0.694607226184473	-0.426326311524304
1.15586793538981	0.592414134999288	-0.0706407851044839	-0.648688664191166	-1.33364340860844
1.20179552471614	1.54956494090427	1.24849308119284	-0.763133831269893	-0.402426970488943
0.729669833484755	-2.23789421300165	0.0223285144709121	-0.51775972054262	0.350220779785167
-0.299455705529588	0.895424675361731	-0.881736512691705	1.1776100197374	0.642423497986363
0.940662859801735	-0.371621980003087	-0.28931971299844	0.0351109018999156	0.519471981873387
-0.757146102983291	0.944182297238719	-1.37289670624135	0.638413575959044	0.775203918339585
1.03574847083507	-0.451063892834943	-0.178108086262707	1.09289386247331	-0.436808086474906
0.346255494340104	1.60740651537395	-0.527674719509638	0.457982802009229	0.918011572624874
1.86695585015769	0.311994906836877	-1.14237575785135	1.04785598610106	-0.430089882971527
-0.188830110645844	1.2976387210414	2.0922630276233	-0.812958609586621	0.438047488878808
1.25707926102696	-1.47711041299684	0.410552496522781	-1.33774596393243	0.0569762219252175
-1.01047730113189	-0.182004200768461	1.00605282044339	-0.915065613417816	-0.137745451570274
0.412782473736816	-1.50003240116253	-0.655716302823213	0.0507588505027794	0.887884703898762
-1.42496367749044	1.4731690758464	2.02333862589027	-1.03368387108545	0.301009740315934
0.258340006533385	-0.381848145343176	-0.894094161807405	-0.415996183215738	0.544851638251625
-1.43481386229619	-1.01264198067856	1.10332622487734	0.0905505767472388	1.03818442516388
1.62450322574192	-0.73523364999951	0.155594882277593	-0.92890020782741	1.1107254855477
-0.912071597826478	1.90486502212413	-0.490988813352087	0.383932540652017	-1.21536250803647
-0.759757541300751	-1.96875957295661	-1.09752229366076	0.111439804608038	-0.271478391765726
0.805349118833409	-0.728505203487868	0.926228045254559	0.419099882931159	-0.706292475652838
0.60051107865463	-1.96040326132231	-0.795404122389316	-0.324867107459718	0.967482868818848
0.48011728998314	0.646145809694608	0.682950973920638	0.98846643768357	2.58755041112354
2.07570957582127	1.16953557381818	0.295706299942071	-0.489006632006014	-0.0441096962351363
-0.364660468624549	0.768064999024675	-0.592947664291504	1.14848351240452	0.557219956083429
-0.336063034465512	0.514821613903549	0.436968516992653	-0.41789124634388	1.02893371802465
-1.46941330419493	-0.582355878330813	-0.253049585524987	-0.943456296410148	-0.2108004662492
-0.160525176990062	1.35782625627288	-1.00280290848278	-0.124302143708102	-0.142054187630809
2.26333992270618	0.928289269176231	1.11830925474087	0.682619400428599	1.27213926607707
-1.22705296721605	-1.43618613762163	-0.27613580054497	-1.10238312332487	0.85943721060956
-0.0356254961507354	-0.28167832991506	-1.23131634306921	-1.05036944832181	2.0772850542334
0.364548779592112	1.60146443367774	-1.01458719908199	0.412293430422128	0.344530340528517
-1.12416760572922	-1.83397393389325	-0.639614363317718	-1.06220610679133	-0.599917219251073
-1.03295058418465	0.324362131054816	1.20083630678213	0.781859517155082	2.34878378751394
1.17572564795548	-0.263990566028523	-0.0447231795581583	-1.04781567870043	-0.840722525566483
1.46678196891597	0.291362041179601	0.160167961036567	-1.28401744151994	-0.326573318439197
-0.485521421371827	1.66111260568455	0.0807876607304804	-0.748177058835603	-1.23153617569729
1.46076101773523	0.350494703308842	-0.210492455722035	0.448456717846977	1.01336534892886
-0.497280066984922	0.69115352677562	1.63145188123276	-0.884521600395248	0.325786719668234
1.60201568499485	1.10821328684661	-0.672583974505959	-0.509704908203811	0.887133120062852
0.925484419264489	0.715391084352256	-0.53200657841326	0.101328259453672	-0.384425031904944
-1.20323916015531	1.06680847402894	-0.250016605576544	-0.675408984994155	0.114798296585751
-1.23038775356176	-0.451676827630203	1.15560644727369	-1.30063597733984	0.442449037132192
-0.534872249663098	0.543848541214417	1.21974068539896	-1.06327353699425	0.401185877568614
-0.243406481639432	0.0354022766681619	1.2394993591525	-0.141762689021596	0.759494057797326
0.432186008598532	-0.410504466784711	0.0173193535954221	-0.522839479660805	0.289679513492604
0.54355920244753	0.404452545865816	0.320013642892532	-2.14588600788088	-0.29815763023997
0.0353673105818747	1.70457014227759	-1.71113392251628	-0.362880696551436	0.782550387584236
-1.4864586216146	0.585392668614411	1.49991008108373	-0.197362888144331	0.21781579082073
-0.439401579825142	0.470756783463538	0.441698722346452	-2.18890581284777	-0.89773778353185
0.231678142545057	1.29505214426437	-1.04260184000323	0.572627701690206	0.0969809468392221
-1.6677687855786	1.00443822033989	-1.12988905946708	-0.19600521104338	-0.226336003753026
-0.183294145517582	2.73859439235555	-2.10270056556466	1.00310081652246	-1.62162786563278
-0.683687189989116	-0.012979123200466	-0.319621659362841	-0.101813040663993	0.876732607984081
0.386070762087325	-1.31343375872832	1.58337639534845	1.47842522568953	-1.18211371255607
-1.08631173973927	1.6741664341954	1.00334732260734	-0.406695888104333	0.628812798599968
1.09226077769849	-1.41497110582195	-1.01219932706493	-0.331502202678178	1.33599001628262
0.316869925958474	-0.48796269474712	2.59642109904043	-0.186935371440682	0.0643963309633725
0.0745586524916704	1.09805898992661	0.7300844348007	-2.13650169820169	1.37224605450827
0.880559170698733	2.57026271966618	0.482713582336294	0.931463881252432	2.01141868795889
0.312903040270492	0.0255374711512424	-0.937941152815795	-0.807996215406635	-0.420527014355431
-1.81843416131148	-0.29792704088321	-1.07518123307963	-0.0634285643150117	0.687904527038139
0.636991200065677	0.357210780897678	0.312828669790016	0.363785840001798	-0.382395734580992
1.04479195035536	0.98706376030929	-0.417986896850653	0.708026344541186	1.26266715628156
-0.0659195782033547	-0.752882419014321	0.945610293468975	0.798914394905624	-1.04092813331633
0.362199856233346	1.57358725517107	-1.11340466126475	-1.54696944986232	1.12782512426581
0.257513258422094	-0.954218485903183	0.970206016603493	0.369491634716847	-0.532277454678782
-0.0314898917677488	-0.213111761318973	0.665260463013162	-0.66330657171804	0.00088503700953508
-0.209075595941116	0.156909148823559	-0.0436928429615775	1.64847892662565	0.708235502905959
-0.207221656646481	-0.626562207086927	2.42301512177029	-0.121125580176598	-0.756798397147326
-0.0270209821322985	0.658914954686202	-0.345009196180409	-0.259992754526119	-0.343993395377049
-0.996868650418411	-0.810034785693641	-1.01352648208324	-0.758961464012457	0.150696263667694
0.560699858132959	1.03718387815984	-0.849124590542455	-0.184235176396361	-0.820131549748139
0.774068529810829	-1.19858320865432	0.489281968182849	-0.845836165039436	-1.11997451206478
0.0229440501771944	-0.0283158823204688	-0.0623781945546088	-1.32505984340198	0.537504003486381
0.411967144263041	-1.40282239717281	1.23535413097165	0.256041072294935	-0.240722509786907
1.09687711730575	0.44319699287863	0.207533526266028	-0.726964848095691	0.0121133503688682
-1.83410939290893	-1.73914609874661	-0.63015838803929	0.608777201060321	0.686694534423297
-0.517363489217463	-0.212830271090103	0.195603302203677	-0.752605453547508	-0.500385319550622
-0.319062073429947	1.01455306153645	-0.406965309917821	0.0879072877280969	-0.601088166795094
-1.68768823933211	-0.632806493124765	-2.89416397311992	-1.89645427354316	-1.82338474031263
0.606789120144481	0.144245510415998	0.247329627290448	-0.989246634291094	0.0631147640588438
-0.716263879137847	-1.12999434912587	0.996850579004164	1.09040718553114	0.900758817857332
0.373860795252178	1.91347902659643	-0.40476284470249	0.0600848075958244	0.367643494532054
1.12643185424381	0.132912533717617	-0.809192439509193	-1.35894923900206	1.17514206950814
0.605629719490599	0.751661686246055	-0.581583966605917	0.807538957732763	1.2255166339281
-1.60430102784211	-0.753629163983723	0.362963629899524	-2.11056557060771	-0.475928911669389
-1.25454106184961	-0.947769331838468	-0.0912546514540093	-1.18306317921055	0.221227799947728
0.806391834250348	-0.309353465952762	0.557779993136178	0.681856184237651	0.47777335850298
-1.83152721284494	1.11248952532133	1.3752903162463	0.177190089650661	-1.86714900735905
-0.298302392412213	-0.0560133598589678	-0.73755406661735	0.300800693013551	0.205320864806539
-0.14104044173067	-0.0479759544320692	-0.382480582455829	0.0094011895864224	0.130710791418414
1.33720621024319	-1.15724865088684	-1.54015591234651	-0.40696900315948	0.414601380424939
-0.828445723714386	-0.243030472478035	-0.304039075074739	-1.83924155403163	-0.567004793004452
0.780095573713505	-0.72003275841249	0.064206951028895	-0.0801545284536216	-0.246319095307504
-2.45071618133766	-1.17521799510733	0.897399814544356	0.134595031273795	-0.0699936645525403
0.0162728943646844	-0.476399723623288	0.836000967151083	0.930337808003375	-1.71673346416268
-0.788477876779016	-1.49900176122546	-0.226025322984355	-1.21356298782922	-0.113276415260515
-0.627744513652306	1.64254450678413	-1.4951786289633	-0.274423234934566	0.11286448665909
2.10889959215857	1.17214089125816	0.120398429500348	-1.02036988364077	-0.436211250112382
0.710133613822719	-0.454746265338875	0.394354581027851	-1.86583120867868	-0.0597213889026735
0.172757424303095	-0.504808178949736	-0.696925916103102	0.935289215265448	-1.74946130384847
-1.06458273600981	-0.400203632702784	-1.34167001644537	0.388696192200903	-1.31287326247825
1.12378999615628	-1.93949955275967	-0.145249616097531	-0.525767504161375	0.735827201167597
-0.239293471782146	0.498875359420595	-0.9020643189339	-1.98883410205451	-0.335705278034111
-0.151695711361396	-1.68673785751989	-1.57509429347367	-1.13562842529983	0.0151542648047598
0.608482408964472	-0.121553713268345	1.03934811073128	-1.168929630415	-0.550760598405791
0.612860765751841	0.577096858450749	-0.650672120896021	1.14887759588662	-1.41431511345591
0.321704099616741	-1.42725315849751	-0.0391495030047601	0.951400315276688	0.532760366970562
-0.338997927269767	-0.675217520364161	-2.18405831416193	-0.0933522009697275	-0.243123148064185
0.0502903588859392	1.53864551924045	1.19586373006006	1.11774890990702	-0.213977229891975
-0.317868400536322	-0.658286020073537	-0.879553325912483	0.245044884311556	-0.0173403315197602
-1.80465572838828	-0.100764782837653	1.4021964526179	-0.392082581315618	1.75935527651691
1.4497921772507	-0.439656441502056	2.26203877366576	-0.00469816618966531	0.865078034653752
0.278260037314269	2.20336780047377	0.0858277634955157	-0.164965710851588	-0.409465046672023
-1.67458008785553	-0.898482286529178	-0.797247539267813	1.35922864302151	-0.00336774157147846
-0.660586344884337	1.22115817843492	-1.16983568154695	0.121774621485611	-0.351462225162692
0.0560938077697758	-0.302540501712396	-0.0856241921553372	0.497026856178796	1.82828363195593
0.114121578670479	-1.2627791573786	-0.73888035478851	-0.08927942166912	0.612070967429802
0.529707922105832	2.48561537452372	-0.936524472964052	2.22059493380939	-1.91525168774166
-0.735995600402147	-0.836652387392913	0.0379896441142992	0.425316184125277	1.15108050746936
-1.60607775317839	-0.270078418399774	2.4355138458681	0.597426443588279	-1.44636272119383
0.271617008186564	0.131340091270319	-0.558199975065121	0.51371085258156	-0.584031141550308
0.305528773467302	0.655501744819897	-0.202277816061215	0.36034055544146	1.01122813487819
1.87336968821641	-0.203298816863721	-1.44373761536569	0.109851606951813	-0.0451008157260938
0.264460815647777	-1.50019341098035	2.14005143471447	-0.267394160817108	0.450107551616265
-0.204020470021638	0.252032688667351	1.0195129574922	1.61475897091135	-0.663720458797896
-0.10665263150468	0.183771082849863	1.17635717189917	-0.646148357730708	0.72250860760097
1.97456541647944	-0.712145544364269	-1.24780998840656	-1.95392535677315	0.548245434859766
0.76140352319677	0.889716724003363	0.0183278878186789	0.709757396017749	1.17232815454605
-1.46056349881181	-0.22737955121173	0.575289320141746	-1.30421021926088	0.281482365202369
0.713783020574464	1.18579229314456	0.834055769690546	0.89883236754654	0.707370382502519
-1.19538359611886	0.751988447525557	-0.56499341301636	0.365682008042311	-1.22742594798239
0.164246964688607	0.571680381830984	0.401152290746133	0.359556181928112	-1.25204899706992
0.0446528653784873	0.663001365057916	-0.207345681557122	0.18323436623646	0.72425050312189
0.847997707432901	1.22391656056486	0.440729819525421	-1.53502427870797	-0.514140063744598
0.811280451376578	-1.80782076327754	-0.230103184475129	1.10502980902984	0.414726637668775
-1.55329653540237	0.595025699142158	-1.22591937815203	0.924292601645138	0.79381575560495
0.597651261295925	0.802195702546029	0.33716203571457	-0.182300622278669	-0.662368045831102
-0.951492139908803	-0.66315208258282	-1.14410963512686	-0.254322554545109	0.696793182736965
-1.36898845335822	-1.21138753952016	-0.636248524798094	0.856503123174348	-1.62898894084484
0.365439131737224	0.508405383322894	-0.816150972042038	-1.19896950993581	0.624361684506673
2.78491355419087	1.37553385763548	0.61311502177503	1.42553546128908	0.315088301525503
-0.60709132802104	0.458189989129858	1.06669573585262	-0.271398113459908	0.0794389735173971
0.214906168326161	0.481919344245368	-2.20470927938948	-0.373241443050133	0.3501187110072
-0.414349489679755	0.164112664374608	-1.30485968410659	0.735921953199007	1.13748244463584
-1.32630275972128	0.24499642685891	0.682264065311559	1.37209026550285	0.519195435092285
1.63969344315666	1.14428484522973	0.568296651980423	-0.320890753250609	-0.00604733479239036
0.571270009121066	-1.41083153086254	0.923765891237019	0.00848798532438568	-0.641104142565234
-0.203972988421582	-1.82282173285845	0.910178153752973	1.38051260563411	-0.981199540428105
0.0703224059863696	1.08798927040164	0.697019269430573	-0.541020873302523	0.397643729462671
1.39817243455044	-0.220545370534183	-0.554922069801222	-0.941417972778003	-0.990188464047998
-0.133707758686744	-1.43286347704307	1.08965884442161	-0.576835211499551	0.557275794762635
-1.38574898070938	0.876088955182494	0.894318917241503	1.76360283211858	1.56581875616308
0.71281102336373	-1.15583457887102	-0.769606409534967	0.410569908214052	-1.75292074675185
0.567305409474075	1.12086910651797	0.227832828966321	-0.469664774461229	1.43344431395701
0.0632784109741716	-1.04524693545367	-1.14519242922568	-0.449081032700039	-0.0988630118472197
0.774617585514566	1.25614646169151	-0.88634201975179	-0.429656505158135	0.202096256762988
-0.515081023656616	-2.17246113600828	-1.03240731247922	0.439698117470927	0.654837651483959
-0.149438173415796	0.965987998485986	0.0111292592680026	-0.510363089109942	2.05592465615707
-0.612727980238202	-0.0849835062745264	-0.0348936420697003	0.100277275241971	-0.556806138713316
1.07002759516291	1.27932764348495	1.01523059494668	-2.94454698888417	-0.302538988689245
1.17784967666931	0.249177510990293	-0.255217736887712	1.60065661120263	-0.496115765570301
1.1060944161497	-1.566717668261	0.883274502037081	2.10783421949317	1.43832657014932
-1.15350048760217	1.37859791621237	-1.29319481943888	0.490622616605881	0.538894251034003
0.249248884694251	-0.858695343360682	0.0893013942255021	-0.916917165224008	-1.08118215556626
0.0422080877468577	0.796572941779088	-1.35970099036205	-0.0973959059476052	-0.731213759104907
0.839736555965791	-0.147701743723679	1.96113560210628	-1.2268289742733	0.194281188325863
1.07675664353812	-1.67117332406815	-0.0267302686396655	-0.393994756401634	0.242069518540052
0.872950536994979	0.151624940502532	0.123676487067095	-1.58929066565962	0.114889377079632
-1.82563598237847	1.51589366424848	-1.30673299675873	-0.352355973286585	-0.867920429536313
-1.03773721145397	-0.821766895329777	0.39837090351961	-0.532175997163345	1.54937323999611
-0.552028024246296	1.61973089899211	-0.0111487721737176	-1.66637361286022	-0.840716715558463
-0.552550009721441	0.861914810666894	-0.650939216409937	0.810942536924435	0.169807641723307
-1.12354658095165	-0.637963193747742	-1.15013269643721	-1.07673291761163	-1.12660240777584
-0.236392811403489	-0.659862674071167	0.450975421585949	1.0152743572882	0.0199034534880126
1.56979346595676	-1.07136790901215	1.014695018922	-0.926480235950441	-0.712183905215666
-0.198826987850433	-0.559224084164767	-0.277644747311718	0.853652528422359	0.376753913961165
-0.263310441551137	0.577408901029047	0.455937583950286	-1.08091301232595	1.06199708576259
-1.0655949202057	-0.720778140198622	-0.694632217470322	0.0238469040064346	-1.82158746234229
0.0560196993388221	-0.608724188434045	0.894754461623426	-0.738637066184161	0.130043761789881
0.152356282826638	-2.15087810388366	0.969157322278361	-0.157957748689949	0.895112414219594
-0.894683300951234	-1.62537369654763	-0.303465508069114	-1.25230151587081	-0.956452889421234
1.05928049896104	-0.659257172775995	0.961834341238243	-1.44564277797823	-0.802033901867713
-0.878390520422952	-0.102166834973275	1.06960704289767	1.14710645417348	0.697313096866523
-0.131792487522299	-0.137649557531122	0.996714119153005	-0.230612778188443	-0.371497090248346
0.956387811572228	-0.943970953634846	-2.06134495921832	0.834783688485317	-1.86255988185738
0.657808972469933	0.631077971575636	0.136244899138216	1.54298838813733	0.579647546646039
-0.247792657200853	0.37321725040623	1.06559315466727	-0.548775659210766	0.0322342501003566
-0.568874905794184	1.63762137288645	-2.05839480147836	0.395927054832263	0.532826122984097
1.36039580211685	0.0357539512755714	-0.42795551863881	1.68303811268114	-1.22399181168768
-1.69237741060615	-0.816826161064353	0.45401959866871	0.980061728159766	-1.43134863806103
0.0415977763996207	-0.166641890363278	0.568385183716355	1.74617386705115	-0.412664097107275
1.38083734483686	-1.02568516443595	-0.0398629892643016	0.308744886559342	-0.929067212749611
-0.777406014733196	-0.347490580522777	0.646681353983607	1.31167974270968	-1.12887211296626
-1.88815771168142	-1.10365969014781	-0.795692113730453	-0.61757041525828	0.0506245984005244
-0.363937121977183	0.0579571798495708	-0.927028262152827	-1.73933339845471	-1.83111543795392
0.290574510850049	0.483484321910514	-1.45969653893195	-1.10010283669442	1.24083339706123
-0.209451206755194	-1.21023620219107	-1.15855870060602	-0.599072295062416	0.249390772098029
-1.72715969454587	-0.60013645930968	0.593509244861776	-1.47145187818914	-0.145259198098468
0.0592524510300471	1.63763578535411	-0.307065385950429	0.764571633243221	0.149697160002854
-1.17341486065748	0.402051732347399	1.69023863650635	-2.25984652790256	1.31296287822936
-1.53402036781841	1.81343339514119	-0.433191838180105	-0.677024731856626	1.9825595901326
-0.429788129606481	-0.181928229386103	0.797142604223738	-2.02478531070261	0.71733038605869
2.02506937924174	-1.52633133722471	0.171537478679918	0.701716981431835	-0.0876595576895045
-0.388499951539509	-0.163175433281158	-1.47174024919962	-0.794529665793787	0.9733798168688
-0.179696378868215	-0.815681764442156	0.110139071101104	0.261240393266054	-0.27322706248064
0.274542560815297	-0.38603186101256	0.742498154396081	0.403000595209307	0.320166263979824
-1.3515183554766	-1.20749911537262	-1.18792653003101	-1.88794355559461	0.660446292987124
2.24922156719125	0.219443812577214	-0.963308611309454	0.312642713343158	0.327741895596264
-1.07702916729195	0.241387447675148	-0.483285149977428	0.897601448914329	-0.340215507009369
-0.888675587301884	-1.05333713758498	-0.896878262379769	2.38415161414379	0.26159606647087
-2.11244241641815	-0.512758721972299	-0.957537736526981	-1.01871386869121	-1.04179455498521
0.934381298425838	-0.464691952820636	0.089961825409987	-0.348941462282273	-1.31915878716011
0.309574073337931	-0.636416990940485	-1.28096671343823	0.621296839128226	1.18808343543188
-0.0486222613366568	1.01403983059989	-0.0067041402621374	-1.2379582192186	0.238966525431869
-0.474474671852476	-0.134186450603501	-1.25594136806701	0.824307030603795	-0.690028057928197
-0.928522563696768	0.829354399770723	-0.47244382163904	0.703214152856739	0.499602496896453
0.204286784446923	-1.26773637067701	-2.36916190151535	1.78587497611596	-3.02284377307532
-2.18612512905883	0.265339808484559	-0.416044185998974	0.251014445783723	-1.4646917967706
-0.282446372005509	1.36566681361071	-1.39576281774991	0.22187593016001	-1.72063820877335
-1.45425896915426	-0.0259929206191323	-0.155193314504949	-0.854587684120259	-0.160555300373188
-0.0874778814352372	0.612542549130065	0.832586972101245	-0.947568767955085	0.32191633347203
-0.478056199840456	0.349755134535134	1.07268936528428	-0.567929195461147	-0.764933941113913
-1.47978859367507	-1.49369737103227	0.127591291028277	2.75908146402718	-0.147121772288207
2.06463873826663	-0.979186879629782	-0.874120307914124	-0.0802062359868451	-0.529766455025125
0.88141244808166	1.91030755357477	-0.705199116926184	0.265051162676131	-0.353311260236086
0.358777632224608	0.839934756637717	0.383034901946836	-0.390747189437876	2.09769040585374
-0.677014966116828	0.42589831924457	-1.55889507563708	-0.502663865258116	-0.879512938243165
0.992785828225992	0.895798607139011	2.62510526076833	-1.88912219926899	-1.06076985959528
0.504544469577073	1.74732064036605	-2.1226671185014	-0.165142541954151	0.522913631748158
-0.756264199825964	1.44661188161663	-0.251338970816541	0.680983638549868	0.348026482898579
1.18147010833313	1.34913001541318	0.688068245320915	-0.74449000449035	-0.133225930571739
0.194217485333529	0.466943745615423	0.0419515044309293	0.00361500962621775	-0.116923460953956
0.885686155501157	0.0982599799009234	0.166568557008745	-0.553629524455558	-0.0666267485673938
0.39923699126313	0.949702960953098	0.106663642145457	0.117914638116287	0.344218551397163
-0.461565915001076	0.426765208422971	0.231586276197863	0.2440333227093	0.551463338991142
-1.95412272526104	-0.300795016434446	-0.187681995565116	-0.701035457824181	1.03482684933888
-0.452512232674746	0.993617009130622	0.799237474127057	-0.231471801822797	-1.43059307608616
1.77716839543645	-2.43563574726974	-1.16239179093464	-0.572232515605732	-0.78535400545496
-0.75532256238907	-0.0717020750839172	-0.968070571044602	-1.36908977749869	0.765827750138028
0.305072939843467	0.29037917138562	1.52757820517847	-2.60975460977401	1.34407520703599
-0.543070354110873	-0.662653829690517	2.27745975601026	1.07098521054498	-0.803590941539286
-0.679383928279549	2.21037545216255	-0.0150435213919465	-0.651847692524555	-0.783197206902516
1.098486081107	-1.67477497217512	-1.44230073531034	0.581681934970947	0.150131140984239
-1.39243542388426	-0.196420358184663	0.513590142400072	-0.68876516630262	-1.01014767802518
-0.141211381204287	-0.640109522504676	0.296853336848235	-0.316213069252684	-0.0778240018401006
-0.58028233486811	0.000784706265375588	0.0455237560672124	0.439932555521536	0.84020485915804
-0.0775381224118958	-0.545281425376577	-1.99473536096952	1.37496708518297	-0.473087701203322
-0.234254255205164	0.914994263600521	-1.16988402155485	-0.562986259866521	-0.966503958434716
-0.163865050016223	-1.93229536393316	0.153493829252207	-0.448967311178043	0.270828682111268
2.31435731172544	1.8311501000765	1.57709653972687	-0.440909406586269	-0.417870840130831
-0.310862432066882	-0.034970311856845	-0.745711468671414	0.539617716789831	0.205311437714813
0.512703242144789	0.106351238077347	-0.128567727359724	-2.00424003780555	-1.20853389361849
-0.705586158012989	-0.594789584386185	-0.374041007468014	0.958076826116366	0.430153386930112
-1.73493736232785	-0.180066085962558	0.452759245694427	0.0660976970024815	-0.0527095989932501
0.0205768241629528	-0.544036404502056	-0.565914652507149	1.26503498395959	0.743810559173068
0.346572244996756	-0.204839959663406	-0.194721258928608	-0.211452439197425	-0.0714135665036165
0.395630847766962	0.0518459529335213	0.346315055271502	-2.02479510279845	-1.71806652815828
0.31931982881378	0.715832167632686	0.238452530617452	-0.618189071618643	-0.138169921050786
0.119347407532272	0.641619159299454	-0.697646745599771	-1.64252966045783	0.845711509628754
-0.13904346798287	0.729116511319634	0.130521401348577	0.48616541089539	-1.42733140735953
1.64552804711556	0.853059432187605	-0.0283621469365685	0.518292335729091	1.14914616857873
-1.71959521904469	0.731519409226	0.20175116337701	-1.87804890391859	0.54048247801846
0.313675169239782	0.164085463672297	1.64326854975529	0.403910469253771	0.633818148298402
-1.11005337291103	-0.480174463108252	-1.46166093307389	-0.437392777742475	-1.15360033769066
0.935961255795505	-1.63053913818417	-0.0178382643287278	-1.89461186185495	0.419250064772776
0.479565039988192	0.306718735722101	1.49352681921913	-0.603244619499424	0.343808089735044
0.431079395399351	-1.30487424366548	-0.772782479969314	0.719796438522405	0.87486133768672
0.24585039345383	-0.243424964055471	0.245029691920476	-0.502032638426606	1.44694397541291
-0.417158673755549	-0.81675031166248	-0.786862979442739	0.398221989052459	0.642274029793234
-0.64167508160295	0.23752100600759	-0.0838742970910846	-0.878896392299802	0.558301863317841
2.4149626935863	0.495521467508834	0.875496798926263	-0.861356300206874	-1.03379827917066
-0.888972088341046	0.0257034894747811	0.987320393490354	-1.87891638711578	0.924808919362093
1.3313726111306	0.179602850260189	-0.689602694651319	-0.121998927342606	-0.54015442313179
0.651495756868688	0.0884764436004422	-0.829392597692942	1.57729444368612	-1.21974184713931
0.326848701938861	-0.693360172987781	1.22469749396325	-0.419296100695981	-0.47424439115408
1.19947459326462	0.903015715776807	-1.76924211590852	0.63977161827414	2.22750612699555
-0.823363760291762	0.339224063210102	0.891393641547462	0.815069456296005	0.106243012776167
-1.83867246176985	2.07024766820927	-1.65055964490604	-0.297684408527698	-0.555393679511772
-0.181161093381116	-0.467942695590112	-0.233722975297551	0.817552209570583	0.661434502013962
-1.81062439433295	0.709721884567742	1.96977257046629	0.552975695995783	0.36047666980729
0.554933048399462	0.0462035229101333	0.0787431223048457	-0.439776736161459	-1.27270640147716
-1.08283267592102	-0.172649519747434	-0.790603992938196	1.37158233093593	-0.0282547853190511
-2.20452013818349	-0.612299665056471	0.135917464224501	-0.195095357351176	-0.897539608302142
-1.68592610767554	-1.65469999645363	0.00245420728965741	-0.493700271137232	1.96659626819773
0.490538763044973	0.468250262240833	-0.7671076025164	1.36113778860634	-1.33959306348877
-0.064342607032242	0.527741288849349	1.70472448735213	-0.977493324153892	0.364575968808922
0.611528387781254	0.282585579623691	0.947827688590276	0.369966717276338	-1.9011727354952
-1.90686005938707	-1.18963575547172	0.170300862072381	-0.59571637083293	-0.0246908810516724
0.583135820972191	-1.64794222799459	-0.101326973830754	-1.03839880299013	0.953755250067711
0.772011563783541	0.398885579706113	0.651917041452994	0.0535358006780117	-1.17765150342397
-0.342408925270232	-0.71905031748087	0.293847305418943	0.481899197919324	-1.08575203024183
0.443632293267851	0.316830270289445	0.311800344715463	-0.439363014082847	-1.52974085208357
0.713518641448792	-0.10773198849905	0.818907862890878	0.103767070046874	0.0438022233420052
0.673446903860718	-0.385465178861006	1.09152152983373	1.24650215405958	-0.493860647442829
0.703654684720294	0.592938784412376	0.118168598941167	0.616926209796088	0.231922725480885
-0.446551534707729	1.00867115512825	0.235809881267851	-1.10281122149086	-1.14473476711099
0.356533220724616	0.407921281012776	-0.0139940481663998	-0.221702665327123	-0.321539034240435
1.20153696497188	-0.125081925086104	0.918405427954463	-0.0326095237585431	0.561181031051457
0.19509041789873	0.46949351279084	0.670698010479225	-2.30540116578756	0.981755769580039
-0.0822464397947274	-0.0134157052863046	0.174984519845795	0.284722308849673	0.392495556953582
-0.1254536631938	0.295145868010607	0.578109343587413	0.366567169230137	-0.115435443000448
0.552625072937715	-0.740235760044873	0.0829461766924152	-1.92323418259113	0.103240045607528
-1.12206466879401	0.184705214177538	0.876546460457915	0.407719705400166	2.138758695367
-0.0420554278503601	-0.16690237380239	0.722347960286974	-1.13701245584961	-0.00803337439612925
-1.19243704595145	-0.0018806275779514	-0.63863165563399	1.17976610273282	1.49624215198353
0.869138290966222	-0.814900775362847	-1.68174500749922	0.581828576212728	-0.854141288720469
-0.463848463090836	-0.521582769567646	0.302545087300764	0.110880338444522	0.701259046372432
-2.30141486179029	0.213799133730189	0.60267647003617	-0.712683680048477	-0.046074486380235
-0.553183194832041	-0.0931102978528782	-0.615455329951859	-0.0257340793535725	1.95450192741926
-0.0884649891225078	0.177301779509136	-0.887343921037164	-1.11293841019023	-0.445061785360522
-0.248868900339754	-0.0263804943012484	0.193556191228087	0.0461338980903729	0.261842961036355
-0.616855951383573	1.25367737210365	-0.534949069036332	-1.3754201800729	0.459696187532569
0.501507354493492	-0.651393769423526	0.340067775673583	-0.0983353510342639	0.32857232621735
-1.12081671541168	0.556035557330497	0.890379468046725	0.628976975981049	-0.123638705697461
-0.0691856247802115	-1.38494678040851	0.657856512737814	1.35432101750183	-0.621164979467776
0.430104435321468	-3.09546034465603	-1.40673530269454	-0.526745075864078	-1.26632911940956
-1.18627426705384	-2.09532599405197	0.116652381560067	-0.605149469023345	-0.107916200206605
-0.488501193018901	-0.441621017455388	0.163347030985988	0.722516585117371	-1.3129289603078
2.29536929949403	-0.479252612166263	-0.709327271305205	0.839305810373824	0.543205269698104
1.47546775155929	0.728439937203414	-0.916698952374734	-0.70277136861109	-0.843348906569935
-0.575097295206724	2.13869108085239	0.200618153383157	-0.255855567871557	-0.249191330348794
-0.0214662675568826	0.49973174632085	-0.0774860030057997	0.0414269724187776	0.462726186896069
0.376442861888543	0.317166571620489	0.761547867277608	-1.64291222677516	1.15839316686916
0.662429020665513	-1.41740004244165	-0.0282475434493843	-2.39531916996288	-0.307275402687938
-0.515373382986616	0.459225584372614	1.07345656252515	-2.00653311305748	-1.88529335722859
-1.35747865504762	-1.94829144597381	-0.183384578848452	1.12247959519598	0.473197359115326
-0.174658303216282	-1.09669735447396	0.784987686755665	1.10895566252754	-0.0864151693222539
0.663707556563006	0.606468899921913	1.47372261383442	-2.37385638747808	0.246565798552163
0.443494634584488	-0.245826250025395	0.341418370173059	-1.24348791195583	-1.07561335089639
1.17626875708423	-0.654389392093975	-1.49998336937513	-1.57358132731919	1.49023062693844
0.320931054252833	-0.360574567747617	-0.242218401376518	0.572933826860203	0.884404435033817
0.36904417259049	-0.75371685616916	-0.381526847840913	-1.17566884388108	0.78507844618554
0.289110215765501	1.24766950713526	-0.0244881354382574	-0.00842804156587123	0.00289131449934721
1.9554727742223	-1.40301235793226	0.282385251438477	-0.265439544038564	-1.14142289540645
2.03361318343948	1.32546348872752	-0.787879549781423	0.521191278979601	1.20347351701345
-0.929737688364957	-0.0946212475944337	-0.482140188870224	1.67506064611335	1.04036336544821
-0.326245805950429	0.959221138801738	-0.767176156292653	0.177406055631536	1.36219684353158
-0.381457357674953	-0.920048534112153	0.0500057467867996	0.806908622004229	-1.1814694733872
0.747978982819093	0.997333385487794	-1.3170483593079	-0.107303944259622	0.0966873428268956
0.94369582414633	1.22619544859538	-1.68123422066359	-0.216985363353634	-0.981074843390032
0.663348233059445	-0.978961643357891	-0.644846720424107	-1.15342136528968	0.838305961357401
0.0450341761276952	-1.22941352880595	1.00189319858048	-0.36781150706471	2.58156045292249
0.151199796700637	-1.66612118182446	-0.0265434117163099	-1.47003510683228	-0.81159119961395
-1.22428926551387	1.85540019997282	-0.718949391824354	-0.0963462984344299	-0.165787173089674
-1.38450171099431	-0.346110149172022	0.715579565820432	0.852900005802802	-1.86351852255202
-0.40104486034614	-0.208967291170346	1.92913731426389	1.08850450393336	-0.967195872327754
-1.65505844429266	0.457873768810951	-2.17661991528032	1.74795923467175	-1.56016198688083
-1.41536487175049	-0.364290992332462	-0.0292994075892876	1.51177494011955	0.609801356615033
-0.542192012326533	0.825394313327406	-2.88514083339714	-1.2110298126017	-0.0466072366646638
1.04465075238837	-0.120602131799618	-0.355218901590407	-0.731308638125189	-0.280530782994979
1.55394572836308	-1.08038585934582	0.367413792327634	0.221685726706176	0.876964829559571
-0.685980381337475	-0.799452523013179	-0.50098687053613	-0.450912855312118	0.724396072944254
0.496066960638608	-0.259617055781766	0.0270090488737619	1.15161500136408	-0.532372304577805
-1.74291647282607	-1.18050897602856	-0.183681889101733	0.60140258559105	1.07807648465399
-1.43243857006189	-1.70453723394625	-1.75249583564122	1.9811665455407	-1.04748213845795
1.78042734903056	1.63232329258568	1.35304065153953	0.966039415403786	-0.84698535194741
-0.607149641194099	0.399950949260144	1.13911785677934	-1.12595773748359	-2.4837785537197
-0.959119281311496	0.458499746737961	-0.905275609342316	0.839309493535771	0.534813753332714
-1.74204056469921	-0.761234219536527	1.47247812992073	1.36311091312054	-0.455391301461726
-0.756909287952324	0.512490795741834	0.0304745118529535	-1.17531441358562	2.1258918006193
-0.819488360565035	0.590762397255875	0.535013056138091	0.559431020354514	-1.19928745399934
0.702552685636396	-1.37757098236148	0.430808064383956	1.14392433308294	-0.778800069451672
-1.40767569424296	-0.00220478745040379	-0.404196418107719	1.24063743987642	0.339428300852052
-0.749106479560831	-0.100274423546613	0.814339117748533	-0.268970364162027	-1.32560074908999
-0.348995143422214	1.32741118689745	0.182890562170147	-1.49443937405577	-0.85303535332549
0.367620309649247	-1.28816410930108	-0.154123800857086	0.687743345310436	-0.254845773355997
-0.203137541780396	0.0889229456198083	0.705877128695091	-0.628166286838889	0.94497578637023
0.0606290298290914	0.462853136043493	-3.50912743944468	-1.05952307940531	1.34970529840323
1.12778397127684	0.491300418850324	-1.52987033862081	-0.596950665292345	-1.91326883841379
-0.660209175613791	-0.281350240320616	-0.561562976808897	1.44208133710552	-1.79467699671595
-0.776842321214534	-1.35279397732308	-1.00303968443548	-0.0878569041024114	-0.526066125892012
-0.741668308881872	0.0850709678209154	0.0802288742696243	0.355937529172887	0.373200536071698
0.106020433251146	0.433679635205562	0.078876393579938	-0.553086771874587	-0.232840120519489
1.33830848686126	1.43605947629288	-0.344851578050567	-0.142659439221629	-0.601798794055998
1.35090997445215	0.492590498508863	-1.7428591176234	-0.916345912294336	0.0615777718105479
-0.0103580690174639	-1.20102319280058	-1.29657068091394	-0.0400495257044064	-0.137444173554946
1.10393484206006	1.33991443270468	0.124150896176968	0.0694587460241227	0.372286947231592
2.50124107426674	-2.11012996058868	1.66592886746679	1.22184053881594	0.348144795635611
0.0727008534114493	0.4999664022222	1.04920337077188	0.133479238644482	-1.01142375407352
0.707920768727604	1.00237371765824	0.0607682920744118	-0.266572956078903	-0.077173867667718
-1.86510979642636	1.76874722825662	0.558766334767799	-0.856136040499757	1.47806886583621
-1.57148798776186	-1.0431134022994	0.614770183656323	-1.08951759194038	0.572188568251206
-0.310520402807315	-0.435161196815716	-1.3080840173163	0.291853259275264	1.31271593598206
-0.369492718641653	-0.0400739552548495	0.0900771476464806	0.493063349042524	-1.12771246449686
6.36993084194306e-05	1.16603203322673	-0.431326265078843	0.594950053399224	-1.27929286496851
-0.828116741694527	-0.248540937236941	-1.24870702176833	-0.614280931964133	-0.156909866173657
0.0222355372012172	0.0130877398855127	1.39354196777507	0.7386297529796	0.312123714886622
0.0616921389972822	0.442771063832574	1.34755364511801	0.601586604294156	-0.802096258297683
0.837636974353668	1.30775650085926	-1.65534102914062	1.41191085749058	0.787241760853674
-0.607383178583053	0.66388793380873	-0.304846174832297	0.261495731743099	-1.01751300277939
-0.764386200175939	0.965239989136972	0.730825117613293	-1.23499842636578	-1.18954985046857
-0.0907442913613416	-0.136626082302025	0.777160756234297	2.10982913618367	0.472707908526123
0.384589991247078	-0.117451814884078	-1.77411203976555	-0.546498595884401	-0.748879415137569
-1.10565634782346	-1.07132279318357	-0.314066798442189	-0.383705134501883	0.928236937091458
0.78420309768087	-1.28320150905511	0.306019157944834	0.611118058608967	2.22440877641829
-0.768615508640643	0.646703808494317	-0.310608467718029	-0.171065022614671	-0.95749741408604
1.82255206324597	0.90471950459819	-0.451678358786276	-0.169380707794833	0.445491555336939
-0.579876311034678	-0.495955768013498	1.04654675903018	0.0585114572154572	-0.0641895221198533
0.153570296315862	1.47102202149186	0.00841588696572853	0.72428446096275	-1.02710691401293
-0.391672050457085	0.281537727735018	0.485316215892368	-0.60825942839357	-1.40783180467044
0.761332299762587	0.0419805950039984	-2.15674695495422	-0.849218825420781	0.237743523365666
1.54871831558661	0.0710187139053883	0.0610891355883096	-1.04010123055778	-1.85138707029884
-0.607640061593399	1.39275537126995	1.70816870013238	-0.0545363288688433	-0.110436363241816
0.624333938372883	-0.444135544292789	-1.45518605480103	2.67868799679736	-2.58335279652851
-0.275111782181198	-2.28755039823913	1.55424991239099	-1.94083424163905	-0.242412638189173
-1.05504568628601	0.913248229987651	1.57247227496558	0.928144765768783	-0.65778265649941
0.340453910217904	1.02647507276561	-1.60808271982041	-1.21791283042583	-0.0575542176932567
-2.66324229686539	-0.0726092806170023	0.74833363510739	-0.414722174543986	0.412067290962869
0.408820488804005	1.67688146362223	1.76049636310204	-0.753132153808298	0.577335514927838
-0.990499613779744	-0.0862408996064013	-0.101560150684642	1.11080085443412	0.304191957757675
-0.829503582569464	-0.254067609245019	-0.144327369127654	0.549048239512983	-1.89864687419254
0.620795250162776	0.725641838060077	-0.920060276555101	0.845671027386578	-0.532311946758381
0.122834127815979	-1.65738151985758	-0.248381622506079	0.110344262978131	0.885219456173844
0.219104529080408	0.15295518859709	-1.56075202489037	0.0263827843671179	0.899348475722781
0.681311376239649	-0.0471189689552385	-0.726716201672993	1.00858732161794	-1.51726239642372
-0.437457029659262	-0.992085965859709	1.72985075058328	3.31535881594929	0.210307812105701
-0.0790439876179988	-0.927542411471674	-1.71702170759243	1.40178375290516	-0.0175551702070006
-0.683082449751724	0.457950776592332	0.464175182363635	1.13487779030582	-1.77839558372055
0.492667199269127	1.37779736111906	-1.51681770266811	-0.957769306317843	-0.427870367187454
0.0388311634294236	0.714879842936188	1.1257489170284	-0.469685722465484	-0.545909123515428
0.554244507737705	0.767921794780247	-1.34498874505038	-0.734155305914699	-0.779274753394275
0.585890144178694	-0.146384737189531	0.268278850806572	0.17976676429573	1.28732946764243
1.04107790752245	0.0351600312398754	-0.351437572162929	-0.410712439903968	-1.42998361027698
-1.06581039449178	-0.211602837341166	0.0544081740963624	-0.877070713644839	2.37723685109977
-0.334751951440857	-0.30651453297868	-0.113913565952491	0.441205132162562	-0.463301371785229
0.648569013440293	-0.42326462051339	0.540781906374766	-0.434354927832239	2.08419775253066
0.60910074690652	-0.396642571180264	1.30932103717372	0.77267824242664	1.15636237355514
1.90665709127412	-0.869321354618265	-0.307335660311918	2.46621153586654	1.29071305333916
0.607470879220649	1.58662314373409	-0.783662021651973	0.662562108998593	-0.468982791178277
0.828000662764512	0.640917450422435	1.94857876533286	-0.37018915493612	-1.47042100964838
-0.47760023660075	1.56179125520467	-2.42581082273788	-0.86334582648699	0.333460705771048
0.84350425510923	-0.873702774614788	-0.000602587869150429	-1.6949710532236	0.334399895072379
0.639451646547656	-0.499204849095327	-0.991003324027492	-1.34612968937232	0.202985232306084
-1.56182484469	-0.581510004250077	-0.0246207554978841	0.499246989966695	1.5823032778452
-1.23013047791073	-3.39244749721356	0.348181065115925	0.267103152314252	-2.31160722970455
-1.34256216013424	-0.380130459101824	-0.373004449663695	0.735616845318369	-1.57702151271622
1.44547546947655	-1.14080641943797	1.36518096142338	0.469475734333172	0.607211811982586
-0.390362070922153	0.553401043420645	1.19730766410403	-0.393976761178298	1.03312820338861
0.574002936902125	-0.112043399531877	-0.876362118188946	-1.51013835302211	-0.476793293196328
-0.215139647389015	0.252957472989744	-0.651492442379595	0.504576758654712	-1.46435702206703
0.801321910201684	-2.44497202829122	1.07455240641312	-1.48358122721429	-0.491586544261217
-0.892871625928999	-1.74931262236368	-3.5473385828856	-1.77311564961229	-0.168670858741667
-0.189075572102571	0.708495180529951	0.932290592199743	0.678527591854476	-1.74509106195389
-0.0968380674130983	1.96107586579439	-0.673362525278528	0.359435646747217	0.396478950134121
0.184900438994142	0.265755547438604	-0.472517843444748	0.828901865100423	-1.05334209144122
-0.65562773528155	-2.55651431163738	0.69001064031592	-0.708296064224259	-0.176047664858087
-0.525669772392071	-1.37274009185887	0.130788137905925	1.33454171322057	-0.355569072861226
-0.537786348299435	1.04660691917092	-0.995420709798111	0.368068554211448	1.25414926640896
-0.343710873757437	0.582249985298999	-0.301132446874091	0.5850338285115	0.189027309871272
0.0572413308915417	0.0177025212633353	0.273628806277306	0.531766007947001	-1.45956467840019
1.15138601068565	-0.361269800831232	-0.322426062141551	-0.832294082043957	0.909121986052852
0.515570177949824	-0.219036408503133	0.600970273151542	0.526689096507953	-0.768879533842964
-0.625158683094364	1.60394676482015	0.728761204290675	-1.03304563750285	-0.981981464553631
0.864741207312731	0.90719982072251	-0.595849228062599	-1.79654380907951	-0.832292491685003
-0.933227193175186	-0.0574752352849204	-1.59126341692897	0.415150597519365	-0.634800345697282
-0.72056099197455	-0.921591632475489	0.94040193117192	-0.39870900873576	-0.665743103529476
-1.11058888147381	0.481180386479833	0.521792597675493	-0.867718026139319	1.4944427694909
2.53524321026548	-0.414647755970629	0.84672980244714	1.20328535010204	-2.04918963271805
0.0563790634966801	0.472602335121564	1.17957886707415	0.34710774538893	1.6531718410796
-0.269466294992715	0.35113710468739	-1.78886430827784	-1.00578115996851	-0.327115804076128
0.79734516255651	0.0557384690311184	0.700329379112072	0.154265919305266	0.583095367805648
-1.74662024362694	-0.289492609831182	-2.00005982266255	-0.35695306218313	0.729999128225559
1.84099176505659	-1.71360731788145	0.296924499340417	-0.0120547258761104	1.39532886022118
-0.655016765522892	-0.3692953264336	-0.0956512154068425	0.74605589047002	0.060728404768124
0.00481994245845313	-0.497178662124695	0.780631765717534	-0.503206430906892	-0.795726778310154
1.14414941148414	0.886122363827636	-0.394132831363244	2.44940539653881	0.0998071536914708
0.539492643262337	0.424247915865174	0.344235598388108	0.803838401185841	-0.634572359856434
-0.860413812649229	1.61182074432996	-0.102452731823079	-1.67049989329465	0.382313500955175
1.4953613814027	0.423708195952052	0.40235202979863	-0.143070055246709	0.216384842999909
-0.548520209237824	-0.795437765426736	1.18686011317707	0.193865026471809	0.568899886645802
-2.00158974306145	0.955839682269006	0.591030990951991	-0.0716530875863021	-0.421191408364156
-1.106979142053	0.629682247442597	0.134885817040184	1.97927437754533	-1.77370155669519
2.57390424309051	0.672301441804938	2.4875375616962	-0.390081018199396	0.415706699505948
-0.276857779605754	0.0248353439771644	-0.360465008730548	0.188052679307351	-2.13779611371535
-0.357318436378555	1.99120192214765	-0.801537266918266	-2.27209161302086	-1.1149092765414
-0.350010201880977	-0.185508122616961	-0.0245700971137902	0.382828627286136	-2.20366669270145
1.94364723563887	0.113626076432776	-0.40362841394581	-0.853450294586661	1.00315864458078
-1.37304286208385	-1.27487073301108	-1.6472224204466	-0.634192123718945	0.0997679965626774
-0.148209497413134	-1.88974499923725	1.6706672255013	-0.263222859137393	-0.0383474291108852
0.253701301935765	0.840320586739465	-0.289326820613516	0.44368485182006	-1.8059216176491
0.306060895574295	-0.0827108633975469	-1.05932022593671	0.234013088730421	-0.916883228897507
1.35498695050763	-1.00296909947249	1.04169475239871	0.385914952758615	0.371309467182625
-0.0534663894616093	-1.45626784395533	-0.12665689180013	0.207702256004894	0.96768810069797
-0.139858269064171	0.342422996293924	-1.09633110523415	-0.0515190240529212	0.60646675691658
2.29139212372866	-0.433015290873553	-0.0863754284057429	1.5551311091259	0.842755061439738
-0.413243450390307	-1.23557582346744	1.06574421438943	-0.298560421195699	0.188705992802357
-0.295886916608111	-0.43000565117662	1.60396413075638	-0.0561751629789807	0.866096456836848
-0.0312746964371541	1.15224657181437	-0.578407895452186	0.15300615403165	0.231637339962211
0.25023821177598	1.18816774966382	0.508566801547726	0.660408395988516	0.43420882138199
0.765183826028086	-0.738384706517746	1.07369087749651	0.766077310988661	1.4116768522034
0.52508149526249	-1.43071842284011	-0.925041771964828	0.199803921361208	0.553557899956015
-0.234601211736688	0.305223881183912	0.250439578254807	-0.955635683767924	0.356167674583588
-0.458427172111578	0.605163068683812	0.200813741199087	-0.127136478889865	0.218621910210798
-0.378952974159382	-0.428934096198156	1.60715698689127	1.74844915354599	-1.08775649822273
2.08728424701463	0.172685745783255	1.23141242294895	1.09149367153271	-0.895141149104085
0.680941272339544	0.158687872485961	0.0880371601354455	-0.701530756349401	-0.616445478977589
0.995521583328798	-0.248460596570621	0.0048760156373793	-0.283066850797108	0.362470369214912
0.13211132304223	0.130959008609895	-0.597751842520098	1.01976791453468	2.23455677036929
1.43573351810072	2.90187645759753	-0.95929856621015	-0.181002105573855	-1.00239765279627
-0.309788397368836	-1.88889633826632	0.407980538116977	-0.455319859634187	0.0415283472702458
-0.0725626715116898	-1.16648463368432	-0.892836281690016	0.345387029409641	0.20493649169894
0.22775851400089	-1.79124892970446	0.209391870907927	-0.648060027185079	1.62224950758364
0.0184956704915137	-1.54201727709038	-1.57274969979688	-1.49361018567543	-2.31301835789844
0.230364291294077	0.345088643400128	0.977632708671582	-0.142661552179371	-0.0613327763686382
0.667620142448713	-2.14637607426596	1.32763466803252	1.99360943374877	0.464988899342006
-0.828169699143951	-0.587321694578259	0.693867430045578	-1.07601528034949	-1.02799034278957
0.0755049160534806	1.4936934949765	0.910857751346954	-0.00737199068646873	0.890404934835152
0.247836515262911	-0.428283937749507	0.540691988309071	0.695278141445541	0.920998196854529
0.0573655885011603	-0.080698725606953	-0.134959047659111	-0.814410814731904	-0.939498602337731
0.147214238903248	-0.530855816145558	0.644370945582814	-1.0377740265433	1.47112777702645
1.27386876780468	0.204981993153691	0.272440768710717	-0.670408675289535	1.5577391889358
0.717280976959828	0.564380055672047	-0.923084272593621	0.1508453526757	0.470627785686424
-0.867291827793799	0.501015583687151	-1.22762147004705	-0.325442622002062	0.83764718993818
-0.300993349902001	-1.22213483032292	-0.811485355527269	-0.384739348675989	-0.386392553320304
-0.980182734098795	2.65967563029097	-0.432338930393644	-0.283827004747184	1.13046366012552
-0.549447662418068	-0.430899565182685	-0.222600354616809	0.57678489901505	-1.58863963229075
1.41764089771991	2.50964746387549	-0.248344800663888	-0.130030654814357	-0.00822190222625068
-0.469708231755797	0.446202135760871	0.293223615899812	0.832621283800352	-1.76049088249427
0.157271194380744	0.0192290453460418	-2.76284477854911	0.729611930742836	-0.971996878694951
1.76592828011524	0.0134073910594871	0.361663137316359	-0.163854145703296	-0.86870131047418
-0.802435214086627	-1.62261279802702	-1.02539510695485	0.0184476800516185	1.59329522720141
1.4656955888057	-0.275442936705525	-0.352153878711943	0.742778644116635	-0.45339237389085
0.00355226810453585	0.77831289817731	-0.658766829480793	-1.00182267778769	1.13972122781359
0.0610315147486342	-1.46272207088738	0.511968424904479	1.034203824122	1.77870285110725
-0.0194480701019978	0.309465242114483	-1.0475409731069	1.19759724831769	0.638179328601619
1.69179283069172	-2.7653325658242	-1.20367266406794	-2.82486982057562	-0.463435372217581
-1.45153051709238	-0.30098590867691	1.0979472429024	0.509180154837458	-0.272508228543754
-0.432340899373927	0.943602842076445	0.635041096868324	-0.692154853222193	0.419871235192036
-1.89730445319593	-0.106630575728358	1.27103375300068	-1.66584407819079	0.0591017762285403
0.652017920103733	-1.29534608558456	-0.0192871449126637	-1.80417971971159	1.6092484550967
-0.362608238763465	1.00751194707359	-0.692939835672683	2.20807816681121	1.10537787016633
1.51862143519435	-0.719808816555584	0.157428632931766	1.62388638283585	-0.124760547757307
-0.119333721943663	-0.963847375463476	-1.07086152586682	0.462373616411055	-1.25249541940453
0.219450909628348	-0.203489742734846	-0.445892447259022	-0.408466973419879	-1.41831716677011
-0.294789989390828	-0.644848481463195	1.16059720589676	0.618104118219753	-0.763260783008519
-0.0409737979086107	-0.0588837130589198	-0.623868463173918	0.675434312284648	-0.0706191994579617
-0.520595680760367	0.676658084352824	-0.231782215616062	-1.61131085157894	-0.411611997188075
0.880840085045667	-0.835842189930579	-0.564722013579043	0.452803561315416	-0.572728178131613
0.720132511586343	-0.570969338916733	-1.72288180639849	0.157091328276164	-0.3198706564149
1.15529804064212	-0.654444655815009	-1.20097341786175	-1.22022307124838	0.243102556635007
1.99391183454306	0.176581041062901	0.354191596462539	0.692546577409897	-0.543015446330368
-0.917365732003354	1.5504128276368	-1.17469669260095	0.110926025490307	1.27870273931609
-0.0704296495250319	0.816900412042861	-1.19954048138933	0.271580282419108	-1.89455592804454
-0.90407678545452	0.914052702549512	-1.0960649663237	-0.458932916642089	0.723518011701053
-0.821865850985653	-1.09436077763147	-1.5624166135578	-1.7784118503845	-0.241267074245098
1.6484344737604	0.233507131221862	1.38855118157119	0.305633384926844	-0.535695550714885
0.159272566861428	0.970855781629294	-1.48495705461781	-1.97060399592881	-0.030012194613168
-0.573427205026991	-0.936742256592798	-1.535643365279	0.425809373497762	-0.987460399995758
0.768104815280753	-0.296834366995826	-1.16098092973592	-1.11317759116951	-0.0514485312775904
0.494431911945071	1.98990195546996	1.17551759673894	0.447571390781772	-1.92249478256355
0.651871860726193	-0.790787552910693	-1.98165429426503	-0.456054975826325	-1.16446578925588
-0.540500555716656	-1.78768912741489	0.780812645035754	-0.780922840096628	0.362802351861825
-0.0413659469071843	-1.08121676496564	-0.107818839681222	-0.796887451291058	-1.5777234855489
-0.357025356352379	-0.931313985840995	1.55671891280939	0.709457239697875	0.997675528702205
-0.658406293629381	-0.431392360512911	1.81056156595978	0.27481127270156	-0.772175588200031
0.105836717763372	0.213910738225587	0.195795544086356	-1.52120984804273	2.70542747294013
-1.57936288392832	0.958145635815698	0.393691880167147	-0.397207092106319	0.277191776085128
1.02251337952992	-0.353815889439164	0.388223500297234	-0.462802514703963	1.28174213784145
-1.26631859416864	-0.0171756523338809	0.652860964300104	-0.580169084927476	0.889762870510162
0.307921229291542	-1.14995796256234	0.14825673003051	-0.360413180416902	0.380422676194618
0.573833788877831	0.722039336736739	1.62806835137053	-0.718359058976419	-0.306017641332349
-1.47808203298191	0.342749356978705	0.246570541040353	0.504556558015123	-2.29002977558712
-1.4382410075356	0.467373199869037	0.908946945786912	0.322433753708895	-0.490840779464192
1.42025874048805	-1.04742007240967	0.580422494420549	-1.12923571737214	-1.27217144967393
-1.74141050412638	1.12047756546344	1.01675187099475	-0.0131098512686787	0.469448502916447
-1.31331658138226	0.535094960799	-0.779435919766796	0.748903926268988	-0.12415174853974
0.111493094960534	-0.885157644451041	0.670606309496673	-0.109920983757147	0.798743418333515
-0.916956273575029	2.23608756326429	-0.111872275919139	0.737984735919937	-1.38969875491507
-0.280520878169932	3.03278511288086	-1.4106295808219	0.719559028872991	0.684944630158776
-1.13576547604703	0.400837638830576	0.658879994587692	0.821202539563453	0.208142105188417
0.656049137685119	1.85113916193092	-0.856857210247699	-1.43504457304331	-0.0337280333178216
-1.36050552582621	-0.615987311067914	0.667735387771076	-0.199271353673861	0.315226421342488
0.710574802488866	-0.190778934669326	-0.727696501646706	-0.419376447158202	0.167018784745514
0.0798675258894405	0.622480728348217	0.596099798566128	0.0576328630594919	1.9355013507034
-1.26717761245183	0.0647275644718522	1.59524137928591	0.816886540434748	0.542722980351321
-0.400993419404673	-0.929747830536858	0.535618520787609	0.154366950068291	1.01971844370875
0.802452060839963	3.10802003134643	-1.740732317377	0.117575717097706	-0.309739097444783
-0.416516086762182	0.560170243303692	0.686022094931174	1.30929614095101	0.397181205246372
1.56004717033922	0.918165712696753	0.473470343132314	0.220393746742193	1.19872186393486
-0.58022408855121	0.331794994065023	0.223365893617406	-0.965523653472965	-2.16790724467578
0.326956237889279	2.06923863194767	-1.02389539104429	0.516108018894631	0.700311462009536
0.435218921769026	0.338223126364214	1.45438752778899	-0.615800130478194	1.33953531441627
0.478465110464695	0.0748916726294846	-1.47897128588284	-0.142738224746397	-0.628266372164512
0.860865040741898	-0.109066524445825	1.23213706430516	-1.44532823666509	-1.28883236597974
-1.23797625047277	1.0817990851885	-0.0306953585610067	1.59309913099747	0.971395079881214
0.156724453729548	-0.0641274519063828	-1.12470447526911	-0.445709923323136	1.11130663758844
-1.30596362366663	-0.368823780054239	-0.631726001646476	0.119609586887031	-0.150986145277258
-1.06038312839882	1.41274038249222	-0.288486357721019	0.00461368420419115	-0.856570478014558
0.887634725918548	0.0586502281724484	-0.33048477469963	-0.257745397670482	0.612844242303412
-2.03620817247525	1.44121841861491	1.50033238203251	-1.36243726332672	1.1762205776267
-1.48956200404646	-0.428616594662896	1.04949153726374	-0.992951420557183	0.806267311062905
-0.0523525379842656	-0.205528691022444	-1.31873622403251	0.626121963893492	0.206143799374907
-0.915517474773461	1.73811026424939	0.756333508243011	0.811093070496396	-1.35429396920184
-1.48542161038452	-0.836795799986675	-0.197995258610649	-0.46695040677128	-0.910371980067999
1.56237747815673	1.18487451808101	-0.469676651068699	0.77980681399462	-2.35091840849717
0.298266864798271	-0.233954369554233	-1.30219537948716	-0.991367509766067	-0.0392748253197957
1.05390885736071	0.419487739161349	-0.744153459860265	-1.27174156110014	-0.791713999288762
0.627709626007896	-0.949313161928513	-0.0443938811132609	-0.55290976234482	2.3165917701648
-1.1739488107221	0.981324903954992	-0.077891276865173	0.308524920922022	0.570647612276067
-0.783363366238719	0.963514102816651	0.988024081715351	-0.831701861855736	-0.733311799806923
-0.312747689331233	0.251388834881935	0.670392856225627	0.325754312989073	1.40222945563432
-0.88264936971388	0.610770114356705	-3.04357753677619	-0.192084723773079	-2.66933009463739
1.49020478291801	0.587218429235462	0.708032614272362	-0.960008613620368	0.799250519545265
-0.787234636981718	-0.598360152023464	-0.253572930361036	-0.787488678763767	0.29875852255091
-1.20857230557226	-0.268994405106803	-0.459487930985252	-0.386695987284734	-0.736874191340345
-1.50795545517864	0.73314845734045	-1.67491945815672	-0.241347232922712	-0.664087941228996
-0.543392939642503	1.74119609832971	0.226312650067815	1.54408571027781	0.00709527727356603
-1.36683245518535	0.0787209404929336	-0.985787785886481	-1.43368826508981	-0.206083655880947
-1.0557556630362	-1.25610216057484	-1.339730177363	-0.974910643390999	-1.27086379038094
-0.349682701533709	-1.32597374064987	-0.397350988960731	0.194026138372085	1.54593495417904
-1.11867271477952	0.321170347094112	1.0835479521397	0.882135989293261	-1.36798216045526
0.449180681076232	1.21301869294843	-0.745962691611288	-1.02885872919991	2.09105198270266
-1.18771839981133	1.62311225102483	-0.701410233337003	1.58244646967625	0.00752542492142123
0.290510026354473	0.857860696444783	1.88139080935949	1.30461333129612	-0.862433511422611
-1.30057959197896	0.0427318465588089	0.312752043708993	-0.128275355206341	1.03265385904365
-0.50626845750059	0.303307298683713	0.281887507108285	2.13199636663697	1.89237175442239
-1.11402627892599	-1.22740569788255	-1.44831485974132	0.335411780834705	-0.0593992051345436
0.3387133299098	-2.64277764038953	-0.140872466128685	-0.608759239241445	0.870974873622626
0.193154819556662	-0.0893869873813832	0.192480032130134	1.37996675381689	0.794314456025088
-1.27706331090098	1.03468320724056	-1.54283932491201	0.436050863542998	-0.812413012689191
-1.69508132080302	-0.926376793709842	-0.0714011578667134	-0.0892817352907733	1.04064849148709
0.0736246964024505	1.50373765261662	0.352971251471294	-0.340264341577335	0.42062876058044
-0.459746901034088	-0.31768899957435	-0.184454420697066	1.33807035398893	0.875146532797775
-0.628893706324483	-1.15919284706043	0.0646445548041855	-0.673725268429911	0.432872704209248
1.22029244904662	0.992818071233724	-1.12409607280776	0.363451706450409	-0.272702120015555
-1.94218847500923	-0.428578981901348	-0.6538935419284	0.0913892833653257	-1.50279188193897
0.629320453234961	-0.312811127993382	0.365173850862674	-0.752514488999708	0.990470311144223
0.432033514027128	-0.791498705407594	0.101252014913213	1.05714310688521	0.347931826067689
-0.531466102870545	0.966478938496139	0.634873757712627	-1.54195985791303	-0.839276713373924
0.0458537772356813	0.190197801215003	0.791428261966556	0.355739767696706	-0.423481729864699
-0.011218985456278	0.397453990513107	0.182067167003781	0.699707139304144	-0.158813929276974
-1.52343613116584	-0.494331193699509	0.0744653913117456	-1.15746526659702	-2.34635765809291
0.982580975017605	-0.742632614137488	-0.469636511306515	0.174339422197877	-0.750591415681757
1.53317513267075	0.397911570834542	1.89204776838522	-0.0571368082995027	-1.20247131114551
-1.94152412208896	-0.990237911280008	0.225911313978567	-1.2508694770412	1.59462904928716
-0.657056977997795	-1.22147707491241	-1.40758473451426	-1.24307194741557	1.26899224378836
-1.4302793957888	0.69020067044672	0.36985648635288	-1.24101290709761	-2.27616597682449
-0.262860873698041	-1.35638800842408	-0.889702936719239	0.693650078457152	0.856808765520201
0.510662871698026	-0.480546243554781	0.815851548418553	-0.114172238531642	0.013608718551543
-0.908958088499237	-1.22488423894992	1.29177137568803	-0.451777730446596	-0.412072210384041
0.974253124507033	-0.776564541596085	-0.438778227620275	-0.747930371222929	-0.0149382021141188
-0.0293932199691378	0.47670647387476	1.95847530874213	-0.341181648069069	-1.87802556776899
0.833032087397182	-0.104275709509745	-0.598539460897599	0.577958930407003	-0.239345911162686
-1.11847577350308	0.821847604708315	-0.297849785793759	0.185028975501238	0.959629333342563
-0.0368036166889266	1.66559138851691	-0.190989610941287	0.831718693932212	-0.0748313808643345
1.65414825204297	-1.18908926955013	1.68671587366814	-0.463486260058749	-1.1238226714869
1.4118809399589	2.28753571475141	1.18484905596965	0.290107339582928	0.108919147350507
-0.77718706550482	-0.647840524067273	-1.82947665696101	-0.288577100813029	0.234154178683832
2.11495864205802	-0.536238864875299	-0.533373468607591	-0.919168720012906	-1.18710599797495
-1.3395647230679	-2.15706828241373	0.813054170549705	0.830238949747679	-1.08132829600829
-0.813284668930042	1.27237648384506	-0.0872760185203454	0.713751197715372	-2.16293145928184
1.35203673487617	1.43090838189703	0.0250941437494321	0.865164953967371	-0.579991711443737
0.479736629914977	-0.0296674750578142	-1.0808495205174	0.378381734047673	1.47241230763114
0.68790866514835	-2.35141921642096	-0.354937553009398	0.35680309222801	-0.575959959893788
-1.27435468891397	0.424663003125443	-0.470636113139136	-0.355303936343577	0.0443645404242256
0.88087073317474	-0.814782735235868	-0.120540562752747	-0.646962357387503	-0.339109279984146
0.231775433434977	-0.387173617742815	0.891129483484902	0.136332691527069	1.64003100525567
-0.350295443586031	0.65501691867041	-0.118967795150365	-1.82177450504875	-1.92513633882622
0.44253523450955	-1.37757957414916	-0.19791600198762	0.230828981034886	1.65795081913966
0.570430956074329	-0.426954627864892	0.403065673212481	0.0342926783383553	-1.42705488596956
1.51679381775093	-0.270864146347077	-0.852725717310043	-0.869952677137889	0.160557762658989
-0.747221462842902	-0.415766836094293	-0.232867537938212	0.297875978616373	-1.54129832535292
0.449358476995623	1.09945838688713	-1.33883157872623	0.0323212155066459	0.52363617548796
1.80273017643323	1.42606929034621	-0.699201757322916	0.221888172209869	-1.03383037226405
1.48553265831542	-0.202553920976289	-0.366026521148887	1.70515896376683	-1.27131382032199
-0.288706271978493	-0.164309670875313	-0.516074303508455	-0.0364639489204675	1.16893322325581
1.22804085476189	1.86776867707915	-0.534779023786509	0.994073929060407	1.0931574261313
0.0178942570618277	-0.0492477137290738	0.142408402684627	-0.636022059004969	0.856753977738736
0.402838742737405	0.104374889980819	-0.610823811724275	0.990159849905781	-0.174707208413009
0.291197201520706	0.420310744349936	-0.268839129879938	1.24406404854081	0.0529283282350718
1.15302941839727	0.316080204888726	0.499051308559214	-1.24138879081023	0.245609560774259
0.135737736561748	-0.918421668580072	-0.504066689641773	1.28315022055846	-0.263532453596377
0.198803269540023	0.00707048289516073	-0.0262777579325081	1.42136124373179	-0.492457326896367
0.245548377225967	1.20509283210452	-0.894806866739179	0.315289143731845	1.12510542263088
0.343716871888298	0.318237683101183	-0.597968604460265	0.853213684842054	-0.696548840694018
0.0883632592546661	-1.6199153021442	-0.845783874595072	-0.168896527170678	0.55834366252927
-0.196193930697343	0.171937337366572	-0.0296519972552955	0.294358982392198	-1.07880924272261
-0.132283394316133	0.586818343122069	-0.533448824541674	1.24889364588846	-0.660094697069836
-0.406063687783792	0.346271158958802	0.491605625926615	0.987768024758046	1.08041497883059
0.66512322079229	1.30361430745382	0.130652163008211	0.566242680522872	1.33237517649739
2.12171962118141	-1.24444279767686	-1.27154391197619	0.744584281833142	1.35383271648873
-1.77118626702878	0.138853973640018	0.282598540511874	-0.266256764860604	-1.31363514601136
-1.89370721371171	0.293823406163044	-0.18637640505056	-1.16810055783795	0.120318551601432
1.56881228842301	-0.926892894013331	1.6279367871954	-1.78279853123628	0.383848838005769
1.40504188728676	-0.547743261943878	0.413967069011912	0.406741136535021	-0.954337716793375
1.03727501952026	-0.913374394366294	0.76652539422353	-1.9394293876107	-2.05140865979355
-0.206993419505904	0.510888025416264	0.358887999862667	-0.449471469049257	1.7497154158432
0.704042348021716	-0.177250681261431	0.859350195218262	-0.14336301156327	0.170130412869371
-0.977166466253497	-0.472779882860956	-0.484688086975106	0.874136182408883	-2.16637784962434
0.434207379113854	0.637755279304918	-0.415881890749233	-0.424216375116721	-0.374029599207186
-1.12984958268855	-0.331600066762476	-1.14955598848466	-1.85438040182564	-1.66011493241803
-1.97279382739464	-0.684686419085667	0.728886110320598	0.566299206076349	0.797229228193911
-0.641401923387663	-0.858217142314727	0.389975262211936	-0.683686216498483	-0.820531194835084
-1.51797762930579	0.0485654627223972	0.67461177436226	0.448005462327793	0.694885993035185
-0.429506811987215	0.833205456824637	-0.208182166346031	1.05551688453068	0.818570381972386
-0.16182174230327	0.221233473358224	0.498266740693	-0.0957349983874612	0.0572776429816067
-0.769533122708542	-1.2938979805588	-0.735204197797974	0.66155920715147	1.33460760301897
-0.732289412813873	-0.336071071912246	0.186615081095145	-1.10547826328073	-0.0948245861741507
0.00162380401291872	0.0160462603259949	0.584447032853455	0.784013160463702	1.00036379131432
-1.23933276780811	0.0524639946461136	0.104839406146763	-0.875597064414591	1.98050824312772
0.367546197482267	0.109145086916011	0.366927364408256	-0.593132576770951	-0.135023000975889
-0.795748351026809	1.69419930223381	0.180219693682111	2.44454066112781	-2.35475846605705
-0.712859211563342	0.624042432134794	-0.556891543752903	-0.270758939767701	0.859796093834287
-0.33181780228796	-1.79091524139477	-1.04664992093402	0.127124076282711	0.213843597976324
-1.33940821740992	-1.07398459851956	1.00769753233859	-0.250380974259795	0.965344533067965
-0.606105810380548	0.158471562359503	-0.376110553496746	0.225818341069136	0.875308695732666
-1.97658436848415	1.92465902199264	-0.374376640328486	-0.581306876800349	-0.267806512046464
1.61538500821986	-0.281157661794356	0.795361078855451	-1.01515300140035	-1.47279962301369
0.0386161709968104	1.44743709480547	-0.350718739086424	1.37898930073378	0.656727976385553
-0.113744359921376	0.558472274355498	0.320672409102399	-0.0445913002411077	-0.241984115385976
-0.162651074132761	-0.750451413720137	2.44016279299868	-0.230840784489606	0.413370803712339
0.578936204959358	0.456452416414592	0.316423793564463	0.636614036115328	-0.874384430310249
-0.467173128615144	1.11321309547208	2.49063456049791	0.751848249278823	0.0419443331620972
0.640724254360474	0.0357977395181926	1.80515371983453	0.430571851429389	-0.548395689684024
-0.0958582111065767	0.310739213859106	0.254107150932294	-0.932083726503438	-0.096215474773736
1.24415902420285	-0.194205665876031	-0.194756524378258	-1.1976887457329	-1.4713306174265
-0.592094684801343	0.772460378008765	-1.12634629312137	0.946570629411748	-1.67981863102805
1.18375576356599	-0.134563927758218	-0.507395150642499	-2.00711423085341	-0.284519205408518
-0.015982550103374	-0.749671066437731	-0.192753574129045	1.59580215269134	-1.20330526443927
1.01501534658361	1.36086230446943	-0.693485748537924	0.51669782021234	-0.822229298424772
-1.04201418474057	-0.617904459570911	-0.581457195983662	-0.147034678001688	0.866170260502486
0.304939747752203	0.730417033663499	0.0427072471593463	0.779590391407619	0.113269139284154
3.05174805536252	0.245989483074431	1.36738814513802	-0.446772341620633	0.870599245220267
-2.76081845577196	-0.454379396807118	-0.0596762024156861	-0.714866303116199	0.0686637357936673
0.0986535836362863	-1.88103195619739	-1.85459853902098	-0.145150905404365	0.920079763342271
-0.396754430063055	-1.5010280886216	1.96954672454998	0.222209343423655	1.14699681448472
-0.940976239555766	-0.598297731765948	-1.74324777589417	-1.6153070043929	-0.534518352089195
-0.292582731763991	-0.348222961466457	0.189509512650738	-0.601457131446162	0.105224741894484
0.913934546408402	0.750816415078365	-1.86055953019196	-0.109705855052039	-0.172452539656285
-0.370399052720398	0.735834458939102	0.0270252941935254	0.600976682447043	-0.0432544569630568
-1.57829260231886	-0.0273231987240571	-0.417472866421474	1.04421814810816	0.600634008550838
2.84482176853862	0.513698666889387	1.97950594927918	0.992910934992597	1.67195767104415
-0.982093283343783	1.77814168954827	0.170771116577339	0.489761520837184	0.983569080891813
-0.0793672478474689	-1.35391924186059	-1.07811039681871	0.934856085112399	-0.204398484144117
-1.38361361617398	1.16247293807616	0.552740335391648	1.38515790048454	2.3129694949154
-0.394103498081523	-0.483682691705205	-0.487603486834066	-1.7666689733297	-0.169581646437726
0.322846286493162	-2.65255344383874	-0.83020799680905	1.45626694650793	0.16999449870056
0.568546400270076	-0.128826612833158	0.82042364863598	0.178484946655963	1.11860744193051
0.404452014575226	-2.41496439152011	1.06108591682468	0.929228370378555	0.607662532858295
0.754957036399424	-1.49212763269196	-0.346743284412589	0.961186679166168	-0.160743637334459
0.67098521491241	0.719973935515652	-0.0159143972849643	-0.793394138115681	1.33055021400232
-0.985746280242075	0.558028780640097	-1.52144313661508	-2.15195155703059	-1.86038299831109
0.120766836594583	0.885132198647088	-1.05025585856399	-0.811337577235256	0.501910089838937
-0.370847115543154	-0.746053435802195	-0.0940515186717951	-0.849164846286887	0.259486946419546
0.00391575646546481	-0.492503667959475	-0.616900820076441	-2.21286698585549	0.260004573423738
1.38862710569871	0.458482559107058	-0.256306880602973	-1.06577673906973	-1.29937960720275
0.627849268783891	-0.264868580300698	-0.795137000679435	0.977602022570678	0.479702381389059
0.880903098810581	-1.81870481635768	1.129449433646	0.300060663130925	-0.153601480557384
0.239486387124084	1.01997814503938	-1.41471479341654	-0.0830983068584198	1.36473775612122
0.024197075533541	0.154847631954617	-0.231082759267719	0.771069895682703	-0.0582472649499239
0.0766669384051422	0.880098900802261	1.2211332098716	2.61250224031661	-0.846576655812306
-0.208700908657884	-0.892842532130383	-0.329305232837367	0.378624577245668	0.441937251979059
0.17135277982008	0.215497071952451	0.363811663606687	-0.647964911832047	0.169287502408138
-0.430606593729005	-0.779257415601286	-1.46251442494336	-0.119903723595139	0.658020835955618
1.10037999107663	-0.103999335821749	0.0892930932144923	-1.59420836271674	-0.915469234892834
0.784113609658506	-1.17302038468097	0.588205859241632	-0.552506693450503	-0.0578149273894837
-1.6360791959202	-0.481977763733194	-0.571287052190686	-1.01040624566289	0.0237898949612299
-0.831224477364909	0.0689901836430475	0.631742077854323	0.697747382471965	1.64541562037501
-0.445584246195827	-1.60378816011624	0.270867480460945	-2.51764857005326	-0.103149942567157
0.929461316251953	-2.12309067552423	0.49626794582845	1.80601655180622	-0.625055863840334
-0.931904622464972	-0.0734607407814225	0.440045160938377	0.445355261731927	-0.235166025369289
-0.936320384105442	1.41527851385453	-0.306573423313901	-0.192303919060661	0.178531460048223
-1.25986893691825	0.957526068545449	-0.450920415388112	0.308465308891036	-1.8664674275706
2.11079309437542	0.744278301485252	-1.04004643700351	0.359352078157685	1.36944498979157
-1.01182368920196	-0.626227191521494	-0.140439473658301	0.431948856700694	0.32860861819061
0.284710523596952	-0.122290964383344	0.539271010694621	-0.907677485127743	-0.915935227610205
1.40944366770744	1.6184273838257	-0.341342441514521	-0.448184998964755	0.00413173936608229
0.278922486713719	0.305690918260671	0.606031193362234	0.562580106631154	0.604367349677218
0.854577035572699	-1.33557295480584	0.839796730327519	0.918420575810124	2.2346825211828
0.635942634368462	-0.844320753023523	-1.67956606707195e-05	0.585594810755161	-0.728898119289462
-1.63018531763954	1.13493017029896	0.177436017930977	-0.345067932556149	1.2015140409832
1.87856524874864	0.0941937525380016	-2.06546249681974	0.162641996181602	0.518932799978244
1.10557136077287	-0.031880051034059	0.270774598888562	-0.775252642169039	0.258016785590622
-0.473872646569562	-0.323363711403085	-1.07380484310081	0.300217620323903	0.792032507269624
-0.0769572471244691	0.183988069283855	-1.39466464814392	1.12701431138866	0.871061129193056
-0.334960418704599	-0.36154354905601	-0.914517560224332	-0.163090297980765	-0.57838520895004
0.891454448181882	-0.214627226787928	-0.818527149492523	1.60993769593773	-0.298883293897826
-1.1501855479758	-1.49223005177587	-0.267802470168155	-0.993653339908446	0.484915910005075
-0.800403731124238	0.814852511858476	-0.77794436986517	0.325931778768752	-1.88110591459152
-0.761314306985772	-0.506409175525649	-0.126123073050523	-0.0368164910582274	-1.00062787148825
1.04919863760221	-0.268246084040808	0.0302336347137647	1.5239112604786	0.355723838774355
0.822146154577276	-0.903341162985375	-0.0767408920764179	-0.884678585452334	0.376547272995872
0.477217539922199	0.676423708302558	0.419902645699425	0.610155495863575	-1.005025724623
0.332536018405582	-0.652116387200683	0.473933070644728	-0.611624505620925	-0.114167478401984
-0.792750159330136	0.114929163164161	-1.86448266103579	-0.372188933006205	-0.247129469394927
-1.13189754203067	-0.102849066257831	-0.685616787198197	-0.955476712579066	0.510257351124393
1.03406118309274	0.325759429033767	-0.303830393131387	-0.748173920034801	0.696929375586674
-0.070433108981384	-0.211788108363555	-0.329096822678134	-0.247855704223878	0.68066797791565
2.1717033539645	0.724720013922637	0.445206078473013	-0.294307834106251	1.43886384138217
0.753665589385058	0.673416644997207	0.243486529150587	0.264937602249085	0.281922765221699
-0.586618899422916	0.829805128069505	-1.27345337004575	-1.53649907952772	1.04270225027486
-0.723376552176921	0.420215363459693	-0.467428788172046	0.819388453985547	-0.374715284249237
-0.93896930099831	0.399333015604234	0.391723468014207	0.455974011255551	-0.697397072625447
-2.03022947105273	0.647346291364857	0.932719315351387	-0.356490906265384	0.282405251466067
-0.0789961358125865	-1.30915423985534	-0.541800768487564	0.872136570331971	-0.905871899312676
-0.773591518960849	0.404065880723034	-1.55417638222497	-2.4928462129963	-0.96251179384513
1.2354621453663	-1.26041415838768	-1.02507490221116	-1.27074803130658	-0.785889125569126
-0.284350538755299	-1.74231390283021	0.222171779560894	-0.10796556125386	-0.651507115564185
-2.19855655372006	0.69120327851304	2.72856132614019	0.596790195194124	0.0804663107874822
1.7942366964481	-0.797244955638433	0.576284514939721	-0.616874538755384	0.0927718029642026
-0.336216731852063	0.75597106738076	0.70327890325643	0.777199270652926	0.949996976598821
0.534357564404959	-0.0592425724433327	0.937314229108751	0.0433660894277663	-0.794032424167033
-1.41156737052942	-0.384604496048316	0.152769124706607	-0.136125170937353	-0.0849514454575964
0.703744793612657	0.169671929734246	1.27511500689467	0.675158075745423	-0.357340072074171
0.712121225974594	0.597376292824339	0.44459297812318	1.71859437685588	1.64694209582255
1.83073213335364	1.7616085085807	-0.37048975622949	0.170405635160489	-0.2127878328512
-0.551743334521692	2.9163891951634	-0.380856700826976	0.948384813854216	0.72980356307626
-0.837915038416176	0.799543597098689	-0.260670236064859	1.1358944695641	-0.157035155519911
-1.14536715122923	0.498648366029768	-0.690473043151545	1.12501016924146	-0.664805390406274
1.45575693496954	0.835263512452679	0.582688280710066	1.16702154462172	0.581451366754115
-0.74487694849909	-1.34501529945655	-0.424828174119488	1.50440046762414	0.927685196247786
0.632228489743513	3.42970147539011	-0.602236660837785	-0.772946179709501	-1.32973736812909
-0.319892734631472	-0.0366263040949933	0.433775579904517	0.730553025018159	0.888805615981959
0.147895458091803	-0.491495097892861	1.49929327382857	0.392411490890554	1.98686614311041
-0.880684729964802	-0.00174505833394283	0.633217844801949	-0.39536290809025	0.230070159607146
-0.476366611663728	1.67417900741707	-0.93392040861142	0.052184650134266	-0.40365027682019
-0.0321937606068181	-0.119708521901285	0.783688782479058	-0.28110643215279	-1.32566068920692
0.132777525424883	1.76915368612285	0.26027066370387	-1.51362079874	0.422104978122257
0.817906213076423	-0.586026948774988	-1.42899295485443	0.442533122392128	1.41513509032139
-0.61583429175802	-1.03353822260023	0.124112742290943	1.10198560718604	-1.03661629664244
-1.70766837691296	0.674286980743931	0.709893930189706	-1.04765654640026	1.28641118451895
-1.26468324498968	-1.41533260724739	-0.459204245272563	0.0448397932817736	-1.12281428105614
-1.23256895971508	0.23534646590169	-0.757987052335169	-0.430411973072226	-0.973189820298409
-1.06439196299048	-0.68492681728092	-0.285413703011161	-0.739711189954812	0.957356925153757
-1.18655510976618	0.402380824021531	-1.11290641464888	-1.71948936878109	-0.531158413930497
-0.0583065734317218	0.161356589745375	-0.374511903810035	0.407983536848207	-2.16272971349148
0.791700686011421	-0.501850298014668	-0.37670028546063	-0.415108663032656	0.130791805802355
0.353846000114692	-1.3105943465513	-0.43788635679023	-1.35340042792753	-0.46967198470688
0.117372225887987	0.266774811113159	1.05192273777791	0.822755645883952	1.78040394927284
0.120609267497023	-1.02607694301256	-0.100157541967214	1.60546529331188	-1.35215903902788
-0.429744333809954	-0.752384965205307	0.588198734574295	-1.69152226295436	-0.271500415937146
0.839560689857732	2.51033303993281	-1.83984549300118	-1.91362990729694	0.532254965805175
1.52381149293133	0.272658570012586	0.560767249186239	-0.221832532027913	-0.516399426031361
-0.851528137547581	1.79555225655721	-0.489241971717342	0.332780515284011	-0.57645335988319
1.11998831837418	0.910036699040512	-0.147802187153934	-3.19836214256489	-1.48094507443288
1.8552105406992	0.564721077226509	0.525251521377518	-0.719245369270529	-0.942569001115707
0.0583361011590649	-0.944366712580509	0.791792113902812	2.1712013041342	-0.388548615938421
-0.382319417669746	0.596303436852306	0.380871984345766	1.66818896860617	0.883243379349948
-1.06590683638919	0.295409580045166	-1.03651821513968	1.20265128989735	-0.51208976795259
-0.633159276226646	1.34616029586336	0.385690814319155	-1.10604298728297	0.299265015394752
0.218074935011086	0.854481074143077	-1.14920869736882	-0.622234526098009	0.943969214865661
0.478813554569874	2.32692334727611	0.365860654695952	-0.21405859728368	1.4868879056319
-0.498642286967334	-0.55052578274163	-0.439337216741529	-1.35046199577404	0.650857615654868
-0.951379349102796	-2.27182803711189	0.266783148966055	0.682118122225273	-1.07682877148782
-0.280030707268621	-0.897970037055847	-0.19053989546453	0.130871503092171	1.71974927117566
0.64683611750087	0.117969343958449	0.772867654390756	-0.178059105532845	0.236941794266865
-1.07546848586631	1.01653256463321	0.969518903876138	-0.675688308220709	3.21432080803009
-0.694048464097556	-0.275071878529046	-0.0215721728007837	-0.594271235626222	0.4348696140498
0.647115637318253	0.333265007345381	1.1668358037074	0.92964405274445	1.51096650005026
-0.617157457417894	-0.221349947693771	2.94299050565499	-0.569144749372592	-0.816547035541603
-1.85434535856558	-1.83778977219888	-0.282754698356574	-0.22367760218963	-1.01845741867215
0.555656731081285	-0.338700764876313	0.607012541346519	-0.145922545444575	0.518920244960814
-0.605802683016428	-0.510066402352744	1.01713008064121	0.600686427184833	0.179753406773802
-0.0381642893290089	-0.793280876682001	-2.59757607066207	1.33151715230332	0.76895464159485
-0.876789514263527	-0.402535017042908	-0.412372492499266	0.192669928278873	1.36198183438897
0.219536094573919	0.518558788233843	0.88528446389707	1.01752732265434	-1.17194702133551
-0.163691288126812	0.843355989088964	-0.153504728086237	-1.94252134606334	0.367769080774845
-0.829120441671422	1.58700961839082	-0.499680861903684	1.70786171171931	-2.65745557764142
-0.520945935370496	-0.413379069807134	-0.994130934493018	-0.269156631466012	0.969568976169555
-0.217559783350306	-1.72212341364407	-0.0211548542934065	-0.652893608825813	-0.693125759336069
-1.01655024265431	0.605032479847328	-0.277839414912189	1.74652267525026	1.71416422728952
0.797453860266057	-0.367110931319332	1.08168428850937	0.598401352311358	-0.0397487144682711
0.216057247010208	-0.972041396371106	-0.473831283315168	0.557529778682018	0.938483094520327
-0.0541142334640637	0.0988155468019853	0.517561080173746	-0.249480941829536	-0.0781757552508576
0.294514766992627	-1.81325190181672	-0.0753327661163022	-0.861692826385662	0.019576946108063
1.57270522096455	0.858791479403343	-0.952295815459589	1.05229721337843	0.83150164166389
-1.13161511200725	1.92199485430671	0.533517651911727	-0.18568394251692	-0.299414666100806
0.208599358634762	0.543705516890559	0.298364289676501	-0.426765460322532	0.765359929341471
-2.57236985623412	1.09189650263668	-1.3525049624584	-0.732445211444589	0.418498031412753
0.279764102733163	0.156052969360467	-1.75006580066505	-0.920881203042914	-0.142655399466423
-1.29390499329493	0.537461189143491	0.664233164535918	-0.733736071941844	-0.256788397989345
-0.557953490375682	1.07244283947573	-0.830355080175448	0.0604586835591025	1.18567826044651
0.178985975828368	0.634647034963	0.0108296532647894	0.504558081790836	0.0790796294746698
0.994274937946171	0.587693953708045	0.169095849744396	1.0736311559231	1.08031669419507
-1.35305502238841	0.212570013843437	-0.688535583429978	0.102711616464164	0.670738801989341
1.73133155744953	0.0162352820669906	-1.50354642283592	-0.242848102279438	-1.87503834922858
-1.01319181085738	1.03593945842449	-0.796241215876249	-0.578401731005555	0.570144604198021
-1.3274979560507	-0.142418805838722	0.287100488696475	0.181943897622815	-0.145423533846718
0.308948363241886	-0.812536162432837	0.476079605127071	1.23186887004782	-0.179140770832723
1.28588089701743	0.539598683247566	-0.730359406283845	0.311633474306712	-0.00957545178836997
-0.149064318840647	0.372900055716872	-0.0592450845816041	0.338660817980656	-0.248338003863533
1.74322452736855	1.21803397214168	-0.545626845523658	0.687288826383528	1.20099997866369
1.43705052994709	0.21536800836827	-0.15324462074754	-1.31516580539566	0.812155410993314
-0.327958447809942	-0.750269194286039	-0.60148412236659	-0.576420399533031	0.794544566976393
-1.35819579204604	-0.463856624797709	1.48263243761333	-1.40714277924441	-0.0574798811562231
0.347767879530481	0.605815886119223	0.556195568031704	0.189241667855909	0.221697644548625
1.356449874925	-0.918575744528261	0.439476684891922	-0.0201736567673233	-1.54360671290232
0.26381893984995	0.0113381727582793	-1.1677935739801	-1.46714986493482	-0.29548463087068
-2.70794045828351	-0.458156843646804	-0.808598275716869	-0.511320381576299	-1.74336313034732
0.852592361124867	-0.142798320754098	-0.321186294376791	0.348382932919343	-0.147099159413126
0.774162637205587	0.271626079556896	-0.382184494260557	0.00877930415351229	-0.0856204135973892
-0.700823713064996	-1.26404654675093	0.178347032588969	-0.120645956434733	-0.0848802383380518
0.249649535891349	0.823679662481787	-0.0815116552131815	-1.00657710672057	0.438522025638074
1.01067478727862	1.31665753551014	-0.187483056389277	0.0778834831644836	0.824687669871343
-2.40745231115666	-0.404302860516848	-0.289635944651857	0.612616129092542	0.340698661983096
0.122286768870964	-0.455621127240215	0.304167788487743	-0.82377661525894	1.11066576992324
-0.258312960643381	-0.452252852485365	0.959166722119746	0.129155571817948	1.45889579614258
-0.0380014496374644	-2.69720840546082	0.97164809069562	0.616996628543615	-1.01466896610188
1.0984342195487	-0.0735506554143629	-1.11924528118718	0.767269113911105	-0.513391284466582
0.36311571667683	-0.837053689661994	-1.38205156941762	0.1721226518138	0.323958558949466
0.906757586848177	-0.808324375443653	2.12065301021065	-0.260779726311404	0.461900461929452
-0.465577504942416	1.65287038549802	-1.16620410324969	0.281140658392587	-0.272222781372445
1.30304370032214	-0.674733390685712	-1.2547781132061	-1.13510335930461	-0.768169222991674
-1.21921565311584	1.60374108707184	-1.58906717212651	-0.447333000716057	0.403230138857211
-1.16096117123641	-0.898418374118412	1.59207876057272	0.388782741073515	1.03149808759974
-0.688984907447974	-1.0210659258481	-0.863587446320427	0.429783905386498	-0.587269387115096
-0.0426333569448581	-0.0034103551974428	-0.31770309597364	1.18144545054193	0.500339075480067
-1.46472710202358	0.662405036322349	-0.0847786748645834	0.349587564508859	-2.40612293911756
0.491995504075435	1.65148164012457	-1.37253090366478	1.13218129397961	0.0242267738889921
1.41099694661884	1.58616957641649	1.02144460627699	0.40724128079386	0.493895674324577
-0.856947063015922	0.159858356811737	-0.779852813405941	0.0192818277613548	-1.62520125202714
-0.837006795912021	-1.68347256697935	1.93002153647864	-0.160046542909835	-1.0351551671736
-0.766020677728445	-0.246819663383707	1.6196180518075	0.250183021621389	1.35446676734231
1.06171585058809	-0.555816055063791	0.390116987077665	-1.5795335802778	-0.302321853972711
0.988838120606392	0.298336891487141	1.88108670800663	0.819836381136107	0.506405677382818
0.56620928887928	-1.45004089918962	0.545897557578981	0.581541745698038	-0.226507633291932
-0.206593494234317	0.869021118822541	1.03010164263651	1.72119110375217	-0.906932815579733
0.844502414892098	1.62372140913304	-1.19348359003409	0.941418460462244	-1.67107003580582
1.45173657121994	0.291509442094162	0.908116544071268	-1.19093039973056	0.846747103866973
0.844812467681357	0.93664744283187	0.0157881993061845	-0.582402094611252	0.558568194562728
1.09049521589308	0.552517934459552	0.521396005030554	0.888184584408637	-0.551376769041324
0.064953140960973	-2.24656770213851	-0.127783988543586	-1.99919292238197	-1.76942377475384
-0.722967205708623	-0.769910358372441	-0.876959103327601	-1.03003174616898	0.580794928382676
1.41424849959275	0.870154002672983	0.402644041593416	-0.714899434164235	-1.32785104063315
-0.749205632218665	-0.630737667071567	-1.24782158570531	0.176276944038008	-0.697210417470352
-0.180145114254657	2.76158959709338	0.0439454261886692	1.3785566609858	0.470957767760713
0.775387399877144	0.32827101379288	-0.849305134704695	-0.117267216490608	-0.225743831946663
-0.343520760714287	0.416505220117564	1.08682466956506	0.33489081328822	0.151834326816809
0.993549485672336	-0.875226093002417	-1.31350614071855	-0.607970035397394	0.236549138999365
-0.0538675141407301	0.786691552224601	0.768233633012015	-0.483316420744425	0.12782884603533
1.31072986266535	-1.34599084250823	-0.642559951104228	1.03736654461168	-0.744598972532315
-0.995276254870026	0.408004800205346	-1.76949815846517	-0.702253348655863	1.00444875097069
-0.369191437142442	-0.0687941429894216	0.618344525020726	-0.0486473642897477	0.252483658248269
-0.365738042183861	0.473276108775689	1.20087287089101	0.56592399926683	0.012209327898667
2.49875259888423	0.488640228077632	-1.70041855600085	1.10111884165497	0.654696618030862
1.60940143758963	-1.15162271626986	-0.180631407351854	0.597895267917615	0.833399691851922
-1.1216684045553	0.881844524616221	-0.700324814002449	0.0143721678157563	-0.025760436999669
-0.0915660133562679	1.4569449155052	0.865326651155096	-0.371428362160423	-1.28164631868743
-0.942416481491992	0.222457545875627	-0.110301364482043	-0.397019503844487	-1.73793189145656
-0.216287276011951	-0.0137956232979715	0.39858895158692	0.659182491929011	0.0309684171866228
-0.614336673541461	-0.322527166013388	-1.45057764662717	0.0872063428387024	1.1132055908128
0.12053190821333	1.04740421981416	-0.881658291083464	-1.37020217425387	-1.03755264329751
0.078940370003215	1.24160526637629	-0.743464754684132	0.835153766306636	0.876910609486507
-0.461093215849925	-0.0162414705780429	-0.177269846579631	-1.23562841640472	1.04356548742023
-1.49005319994077	-0.438436892623027	-1.23713507794855	0.324417088133609	-0.677702540390982
-1.30870822282703	-0.204344094491644	-1.27640149200473	-0.7803511868591	-1.94041277609064
-0.849117960146007	-1.82052699216155	-1.48802194559062	-1.31557595644037	0.955968444964329
1.34793858868023	-0.165290707681075	-1.16986850668747	1.64969376383966	0.511900873450921
-0.339998875823967	-2.36983008643804	-0.810543913162001	0.885993563564383	-0.138773076285691
-2.32051364138129	0.033583727497852	-0.0286144919166071	0.208196780474876	1.94046241571879
0.604495305747357	-1.07733804620851	1.59698909062545	0.0168783265760221	0.718370858152584
-0.027386627186156	0.843724246581328	0.0129428772813957	-0.190906942372298	0.72403181494205
-0.327196485694665	0.361964148010242	1.70761835097212	-0.224217851357994	1.49254781618824
-1.48560051466969	-0.596590577963307	-1.05595706055016	0.667454148011619	0.342021889959121
-0.930615382084023	2.45846215062722	0.756931432377145	0.0415370324456263	-1.29162979223686
-0.0958570231844289	0.913959271067376	-0.680857164090193	-0.193576003631134	1.10187017197066
-1.26386183554729	0.75385377343014	0.700253022873496	-0.643766177140255	-2.25501432424114
-0.008443908518774	-0.497264376093287	-2.90166993970623	0.262592417307184	-0.662831829184879
-0.0303503350579991	0.276156615706734	-0.0162796099720077	0.727655609813941	0.264220974573355
-0.800206503981068	-1.20864336401916	1.64922872635356	0.685842149572601	-0.569024987011812
0.418437151316537	0.168741253757814	-1.37259625534928	-0.63679385166389	-0.0173102474255966
1.54773487371292	-1.04392912028683	0.796456221718617	0.293711961842331	0.0757246202620362
-0.658904425845179	1.35615847975419	-0.531903360929147	0.29578206439077	1.07418623486601
0.293493844263949	-0.281946456857122	0.436447115931441	1.1408266390742	-0.0960610837047636
1.08995157933525	-0.864776598585512	-1.60450055037736	0.514554741634321	1.47115931087213
0.968498670830736	-0.940313297037647	-1.13800011809782	-0.7163506460201	-0.423842084617585
0.0855894864102856	2.74974168041765	0.471086648124739	-1.51692293481697	-0.946240431282725
0.468439483925175	-0.589193500409342	0.350928504257081	1.80900464314599	0.26799879145143
0.96118590380185	0.901459903641357	0.722811832965347	-1.18806856862844	-0.176200979816071
-0.149393067127958	-0.535847706778788	-0.786688396120139	-0.421711574090779	-0.825488885200412
-0.1236656956493	0.0630174036290185	0.945468204953991	0.461061279681	-0.142901894066183
0.15582001049551	0.0892563279065147	-1.21625534112039	-0.75631811286633	0.0451158065757213
0.329773124043768	1.07163338689364	-0.457528717005457	0.695688499660619	-1.60269474506407
0.13500744213649	0.272289128339741	0.447459890339319	1.21844603097376	-0.535907128325815
-0.442647607000831	-1.52555010979466	-1.6472909640052	1.17414809578102	-0.28994571283065
-0.826389680540618	-0.16104953548739	1.27740623273943	0.724543468391467	-1.85690476761126
0.439501665759283	0.444884604251702	-1.53353588291739	-0.100547584458436	0.201142704214988
-0.989459518216263	-0.73866884161233	0.829322075749496	-0.748211510562546	2.5315850632931
0.96727142970119	0.682618614385216	-0.691927302218532	0.331441547406619	-0.0499728064968626
0.196532362417771	0.506293423032641	-0.519387796199794	-1.82983884734789	0.635924224399864
-0.835307189638478	-1.25509442426528	0.124456325572795	-0.852897121436002	0.203126632623598
-1.00527329961005	-0.232726615605435	-0.805316429650509	-0.077784433790707	-0.542572865182763
0.0514003810335201	-0.805573897993803	-0.729364932896634	-0.105518627990847	-0.379039204280134
0.478465454350686	1.26888969653061	-3.11829945442716	-0.157931915094375	-1.04254075826298
-1.04140244299731	0.191580057250323	0.025265712961094	-1.09805053947187	0.28794088749235
-0.383131912643665	0.860610628649901	0.213590522160762	1.00854896166435	0.286323425646334
-0.794779308281888	0.285193465597018	-0.367206143081305	-1.19114931054306	-0.895522690902562
0.703389647644318	-1.08762955990705	-0.950391264647486	-0.69909626652384	-1.57897417104171
-0.808362029559826	0.179923451944548	-0.0252434375594889	0.951089920203559	1.18544832407545
0.516195472857372	1.16995044470332	-1.46135191875669	-0.118410725367158	-0.151420429937006
-0.61726712664472	-0.313325625684335	-0.118338349670784	-2.4599932926735	-1.4318643266407
-0.29550962487154	0.833554167582166	-1.40832015971917	0.0729443518599721	1.15953510811206
-0.727955570249656	-0.160709031538514	1.08440142036003	1.97773881037358	0.704313542791523
-0.196916270840821	2.18872053553406	0.868933637639419	-0.734750460217244	-1.65901676095474
0.374194692439593	0.989949712236528	-1.30129279118155	1.41955735344378	1.08958884723728
-0.297951705712771	-0.609387863616465	-0.0967294431757386	-0.11648748498796	0.984430576623264
2.04847323074853	-0.429718065832362	-1.19819648573928	-0.707642934740136	-1.49851929206515
1.19190369347106	-0.761679103017768	-0.289699849223127	1.16769254613219	-0.573055988472175
0.855206414492087	-0.453625771589085	-1.17571760636881	0.468845522543846	1.05682585534283
0.586161302998901	-0.781081892110005	-0.485097158717045	0.68005918790487	-0.132319310061769
-1.54097848123978	0.298770567023309	1.20616668636929	-0.586326174540695	0.0929528001122917
0.678869248980399	2.4407507360203	-0.359458322459961	-0.313416833221368	2.22934727663873
-0.624081677404035	-0.250029672118539	1.10140431831224	0.974647622359468	0.371032062161109
1.11270564051323	0.750995066867305	0.838769161172835	0.929609967198822	-0.0671672240497949
-0.419100432254849	2.53088975214367	-0.139820201934755	-0.680970423094826	0.552006380067196
-0.866193759819522	-1.94161506465623	0.0307851221780147	0.690963939655887	-1.13375727462272
-0.597100984956266	0.924420176438693	1.66427502421309	-0.422049506033865	-0.117098558128376
-0.62380601865936	-0.600165670778324	-0.117305348856963	1.50166998349027	-0.980551713238614
0.937238278292328	0.491499561966845	-0.629521343429256	0.053389836396572	0.0795684870802144
-0.231630010380235	-0.411705007598009	-0.295551302264783	0.0798104897730881	2.1517765570456
-1.0171767303609	1.43237988841723	1.61630386705519	2.7031337017093	1.36772570418398
-0.0481532660376976	1.56678159640474	1.00811478899368	-0.320370619420291	0.177076932185345
-1.19968684577767	0.200510471204193	0.922293244178394	1.13367633076457	0.242339792301245
-0.584858856170133	0.392704047449643	-0.211104652824947	0.246347311569538	0.367033563756075
0.57703832560999	-1.12247697805719	-1.13198329746134	-0.76782126528347	-0.644681794918309
-0.250959121093361	0.0292632068498763	1.1001107251607	1.9874415411527	-0.257097864296998
-0.651143263556062	-0.982307277912573	-0.321176499283462	-2.48038546236825	0.615939375390716
-0.273617302602574	0.505496961077589	-1.00623667783015	0.436203511198137	-0.408593322845995
0.371995949103212	-2.17768065615091	-0.0220760023423491	1.24360922384545	0.0747604242405011
0.782518756666643	1.37416060136405	-1.58854554172276	-0.242909189959131	2.38820706315395
0.101976407807276	-1.18558793337999	-0.972474557288672	-0.625153111480632	-0.376746190606338
0.376449207149646	-0.882869731114763	1.56648584593361	0.575530911809041	0.185132392186771
-0.322208238046243	1.02041415928816	0.671263186386525	-0.754633143048346	0.772205685040358
0.684194354295396	-0.191530758337236	-0.460437844351698	-1.65912474944418	1.56127243223433
-0.31502204840688	-0.9293800369639	0.655508919128168	1.3363150949688	0.180480525082384
0.173064792860975	0.242863059882408	0.422538956959285	-0.983478537298347	0.796147527607545
0.966649443085206	0.492351109467656	-0.0392974734965099	0.541382152586278	-0.344682272696629
0.956768867658218	-0.57588288464273	0.309078529962583	-1.66481966700467	-0.361281564859308
-0.948334455728131	-0.814360537299464	-2.92616513077614	-0.322490556656633	0.477577535987511
-0.988620252878565	0.644077512594372	-0.336141283715615	-1.44377303784763	-1.32970777693327
-1.75700908073898	0.0541144945680046	0.492632338718562	0.981905200675949	-0.194022490231877
-0.759665769294232	1.37377814420999	1.64695640536586	-0.561051452444905	0.498029115068319
-0.28901036066208	0.287349005836037	0.944581193712975	0.738195841739257	-0.824722975473617
1.04799477253026	1.38846788313113	-0.0379444735493702	-2.21269161319624	-0.00745446054527838
-0.33957322240248	-2.25415020798204	0.347148291018809	-0.0658651592348017	1.22047420214996
0.378191870367571	1.42915246945073	0.0231232564931107	-0.258018609843471	-0.275767990570348
0.293293459913256	1.0595337459203	-0.544071515563615	-0.657967198497067	0.0543050437870061
0.409818882883873	-1.19117333251581	-0.339041041830253	-0.692283625367949	-0.0391333639285433
-0.650713096155844	-0.331612334861982	-0.0197328008136259	-0.973956530470752	0.110166868263435
0.541863404955065	-0.108416816870093	-0.196382466787317	0.120723612481157	0.648406279184609
0.991241229632126	0.968677501127076	-0.476966067662789	1.94017419602524	0.172796519104174
-0.172705590924676	0.645888784108427	0.33521184572891	-0.98867399093254	-2.37175465013752
0.552332293743154	0.182600564453712	-1.25929518325068	0.351720355956227	0.631199677646419
0.201279840698305	-1.12283476232537	0.51737245289896	-0.188356210705921	-0.331014541788924
0.521537815755807	0.812252145681228	1.31864282978106	-0.49572962482698	-0.702833624345297
-0.297482392786951	1.50215531157259	-0.750140324849186	0.390341192544872	-1.13197192831006
1.55325082407432	-0.887014757993918	-1.12515040409167	1.32828022700984	-0.602832923860094
-0.217898428474406	-1.5107355351706	0.276724554863339	-0.137329801618956	-0.785611468823481
-0.0353946453284798	-0.534181604043421	-0.173951448262094	-0.00809132569816238	0.042160436186122
1.51081340841545	0.604070473290316	-0.571208989066162	1.81220125679929	0.214077107640337
0.498681798542225	-0.744568766507407	-0.992035332039433	-0.359037246825991	1.91387076502835
0.840080860863255	1.90903299816799	0.842088294471694	-0.444898594801015	-0.322598339625007
-0.0236358177010317	-0.478605042592746	-1.55239747090089	-0.635648249631346	2.15607195459379
-0.467999267851235	0.172357296540275	-0.778590419948852	-0.351521655369517	-0.51033604663252
-0.222080030115745	-1.56043465191293	0.0146500305028782	0.44498962901231	-0.248796177476474
-0.354611374038671	1.79839160331028	-0.696118857862165	0.681127449278418	-0.97116747779048
-0.197189602074331	-1.88943431812911	-1.65655980435724	0.618286043526512	0.237436652552238
0.17086655949178	-0.36451776010705	0.623007622180863	0.483503529352034	1.11154904754818
-0.888580898531977	-0.292557362240865	0.932387050161439	1.06391184047544	-0.630807970250128
-0.748538727578772	1.04464734506164	0.187591238829601	0.87250339397966	1.73339832388062
1.07680773567361	-0.875817639073546	0.964249373764548	0.679330916911033	-0.523174735611602
0.254774736940966	0.741185413273998	-0.0277158811860688	-0.41310987792258	-1.20752237589875
-0.101248212047635	0.396847485968759	0.526933140255745	-0.707046690340691	-0.934229046618353
-0.186131541657946	-0.462289867516197	-0.178516692178442	0.47640447908706	-0.686153778060937
1.17348450636933	-0.596677838420758	0.339848534847153	0.295542231808197	0.148608929903988
0.66153501238564	-0.193683575486196	0.930754992345185	0.451027097687799	1.69173688591935
1.28205535878603	0.10478691366171	1.44236114076896	1.41316285255965	0.768529561539637
-1.92864738738071	-0.645451778029188	-0.240067786141636	0.242826579423397	1.85437972793608
0.0101754059998737	0.567896421812276	0.0689774108824866	1.15637076635081	-0.184078629130219
-0.353377344914532	1.15804473952477	-1.91331462151041	-0.24240238557612	0.967384197138952
0.604141285280634	0.53122523501869	-0.827839826519257	0.982385492668388	1.28569095195644
0.591354787952764	-1.69714837202293	-0.465272535106011	-1.54809850140561	0.977384322151653
0.957514281347454	-1.99132556726699	-1.09841201631072	-0.904602150050049	-1.27876702237636
0.0615709515006057	-0.424059066766859	1.07697779759064	1.64216753444681	0.949790761277935
0.133499084900922	-0.58633451068542	0.796798395715816	0.447401637856754	0.300537046059557
0.65500983005628	-2.37231480005944	-0.0726595285069704	-1.36338552746737	-0.209287014702532
-0.343694690992908	0.745732764137592	0.871416341320353	-1.61702870544881	0.316118363628031
0.547517668171233	-1.24953865450242	1.04611401961475	-1.41086642295389	-0.641787523377022
0.779724107783585	0.946172632128947	0.277187848999673	-0.379131439352664	0.621300355162426
0.0448214875210795	-0.228448624522681	-0.134646768955038	0.0626362510127852	-1.64204252510019
-0.560637822032425	-0.163292552510706	-0.334826275692319	-0.626579438677076	-0.944358464635348
-1.28308309655937	-0.653695469164921	-0.218233412864432	0.62620695689006	-0.357186040045409
0.776422766323345	-0.606400243287421	-0.0471333690604323	-0.307069929605061	-0.46685938318173
0.699664103537224	0.556891563020714	0.0352156957098548	-0.422548570340882	0.469055162004102
0.0575537007707026	0.911183088231351	0.885367755814708	1.78081754886449	-0.0333647534754734
-0.890254830631569	1.32584298572038	-0.890981209662418	-0.242420209271926	-1.14072322910259
-0.65967950763282	-1.30432108032111	-0.184838347200188	-0.925640935179223	0.369693799460037
-0.699741780311789	-0.832230935522775	0.213846240751979	-1.62364205564999	-0.143074662442926
-1.70919414961523	1.31783205208302	-2.22515930515429	0.247673779748076	1.47613000981649
0.185594323538575	0.480109415810849	-0.0892880696038673	0.208163224889148	-0.0479903392978076
-0.578881021685433	1.07119325450228	-0.998827493677069	0.286495792528664	0.903722917887921
0.656548953734173	0.392684386843198	-0.385167799570186	0.991740038489049	0.551423566558987
0.233541133085119	-0.277066911813317	0.656247302632742	1.25027687382201	1.05663167918126
0.239380111654601	-0.735855395290098	0.840542786357397	-0.0567314957977839	-1.43675897190261
0.366854971702557	1.46949244222405	-0.611232817453151	0.0555726414225935	0.0634147959950642
-1.17788801255431	1.56265355801436	-1.54127101565674	-0.491134465069215	0.431503440803199
1.93644809681005	1.8890859690327	-0.171279631512057	-1.6713777400616	-0.410189301344299
1.04049394186197	-0.20231135721042	-2.27696215184706	0.861596701251447	0.229166106934451
0.670711657208521	1.19947083530188	-1.14741321378237	0.0640838121562753	-0.500602879690258
0.612656161061814	-0.585770895367667	-0.372345335796421	0.897602594696527	-0.201118802092815
-1.36742853843114	-0.951638546620017	-1.89206256628588	0.362506062162699	0.245731194817134
0.343521219914594	1.53405356327015	-1.33824182869801	-0.00729589700659369	-0.958019203704768
-2.39045687575266	-0.413671389839748	0.609402079658421	-0.767191379433481	-0.654555300090472
0.18122838474531	1.27567446031496	0.681385857480689	0.0967557625643619	1.23973781460603
0.257079911794093	0.829125189869031	-1.45476952213735	-0.710232172673102	-1.29890071963451
-1.92748641192688	2.21839062103274	-1.64896473035377	0.80202014578328	-1.45585820283334
0.0545086185247961	-0.428677836544077	-2.7943507328586	-0.745835384269112	-0.119885593917427
-0.73455291934704	-0.350671471468463	-0.404892893417968	-0.517136897717066	0.969615350754132
-0.393811432868156	0.419613518199919	-0.445284618460713	0.24477851188742	0.0504192432769482
-1.43538564450071	0.525578396858803	0.101031245941778	0.363839769162019	-1.29040265711631
-1.06819042165178	0.579907004918769	1.32070262349478	-0.200454044257866	0.906800604535349
-0.221652100712651	0.42059934840059	0.225624139145026	0.104494475791934	0.506867283583819
0.0465250743411449	-0.371359327017157	-0.247040626193304	0.472560361105154	2.66997378925515
-0.676564455678759	-1.46396984122253	0.383471331991211	0.124347648287409	-0.535941920771938
-0.623856824871828	0.331731246124439	1.04024948237086	-1.48752734497009	-0.855809903028364
0.89895848030737	1.1860785627503	1.16450356372227	-2.00724699490066	-3.32907498667241
-0.584525977542185	-1.41497658495561	-0.716682072103585	-0.638539073690599	-0.31356531951008
0.0237159394044039	-1.08401968212346	0.256513193455076	0.675193500988514	0.607907323411092
-0.890771991336016	-0.495541079480012	-0.313364177302718	-0.622890286008625	-0.380426837461909
0.491721180148439	-0.731224817820061	0.782697832351252	0.137662885119801	2.90757904965581
0.0644989850747018	1.23396415203819	-0.388376954344683	1.22679281813725	-3.19871851954422
2.28854240027171	1.12369466788523	-0.884878841832986	0.540086888232081	-0.297640165878415
0.0309876123580346	1.04275682522609	-0.0670075745086832	-1.10565561020994	0.981098769084739
0.883320938605493	-1.13148750157653	0.150815416242224	0.828164839552591	1.08199358099771
-0.453904555629203	0.331999540514353	0.0803023049057005	0.862919348270782	0.804429102865185
0.458723245422087	-0.229898970057586	0.727703595477795	-0.149074012251198	0.104041275096367
0.936327705723742	-0.208786927274754	0.304340396460207	0.697280039350264	-2.45729665551347
0.781927448574583	0.294516613757011	0.0819477251313507	-1.44850719587086	-0.0260826897282386
-0.297549728536293	-0.430664796393956	0.390049515805641	0.966038372123098	1.60655495380097
1.55854970148154	0.0499756014424988	-1.36852376673223	1.29176823688464	0.048689064907183
0.381609076375285	0.647069796460781	1.17033188424705	-1.53344696440297	-0.248133061400001
0.968610653704007	0.891588058727715	1.55532160739768	0.459796216800931	-0.966547850922207
-0.072800094929118	-0.0328438882766085	-1.19871399199369	2.12556240649989	-0.903012285336254
0.285300879023858	-1.64975376051935	-1.64430852447248	-1.02748459806563	-0.656789870919565
-0.212564346994853	-0.0820369890422126	0.21490664225293	-0.349248180879294	-0.371316244220766
0.987933287395283	-1.18827991932921	-0.943762537751361	0.359245989533267	0.27273447139058
1.11999402855945	-0.607840405802505	-0.568488083294246	0.537311151317433	1.04066901110501
-0.716136062691156	-0.921627560698161	-1.09708657965064	-0.50717510411179	-0.0815615027388343
-1.29552928709338	-1.76543767017703	-0.354621280651356	-0.658085257445997	-1.21826975983516
0.631044931925224	0.644783383521043	-0.510146683959328	0.592454509154994	-0.150707957807796
0.297694730201987	-0.589034483462832	0.0849618805941204	0.458223381242267	0.765286834842452
0.891724754568673	1.14749681374822	-0.86798355955475	1.47513361008918	1.10295210924655
-0.727593507311585	0.00356213298718012	1.8056907886628	-0.539041300322355	-0.247179264384902
-0.708595262575016	2.06233608740527	-1.1966897234106	1.05343789893578	-0.705453439605043
1.5392945770799	-0.952700391026032	-0.543108594969418	-0.272278740505349	-0.423070089728461
0.943301714964601	0.897144020796813	-1.18901545557602	0.45840767493787	-0.489188840631213
1.95241475845838	-0.367956641253061	-0.235989892609658	-0.42962644672524	-1.29913087240863
1.26017586121438	0.183422320808857	0.610658881716794	-0.441007813721119	0.70999302953078
-1.08628497730828	-0.164832342344898	-0.523249983414655	-1.26314823498087	-3.35057767307789
0.692701800696016	-1.01198642129346	0.586263296371659	-0.156559587042184	-0.532084899059995
-1.21265003735722	0.496702864256315	-0.926049311467477	0.715198006765854	-0.820407129939066
0.108631850505236	1.17270161847328	-0.221654928283937	0.211336670491808	-1.2652723025378
-0.0408204581085779	-0.0817017765304512	1.20775878555649	0.650060906302463	-0.17313556860635
-1.00048454491294	0.100750030049403	0.636539915995252	-0.296490074229158	0.489031759856804
0.164263430365079	-0.107707489335378	-0.632293209275196	0.0805784280652158	1.11345804475368
-0.541919734554001	0.187579786009954	-0.455987497740519	-0.242304916137305	0.783299782394557
-2.23386108945113	-0.923409486345617	1.31061961539612	1.42855453331165	-1.98070619033695
-1.36771855889271	0.420384353443667	-1.13329365175898	0.190688226199108	0.686232089753539
1.37241604600237	-0.635419018035122	-0.785380609212514	-0.221709647106098	1.59525800390552
-1.84558771117862	-0.672879207583525	1.6619848470799	0.0386950703042854	0.652098541908941
-0.449947168013891	-1.35924622257858	0.703200237037014	0.430491913324346	-0.49564087816381
1.21380116707058	1.71181813228861	0.555279345423081	-0.258438782953033	0.970554455371351
-1.16447231264041	0.823534907888805	-0.209278600021103	-1.12383551546649	0.402798561341995
1.59119325091227	0.237040714591897	-1.54165536937845	0.256924612985728	0.250051770524969
-0.129116166699491	0.941722347692994	0.578605100895518	0.366980284979207	-1.89604958238749
-1.91634424513805	0.00859561587109049	-0.15133872361939	-1.24115541573408	0.465423550982231
-0.00129047133319959	-0.135423575421661	1.59896535985398	-1.05173159165146	-0.192124159952055
1.27174517919232	-1.28374490191304	0.811842274700496	-0.980210699483808	-0.968704248754342
-1.5994989092734	1.24607399017469	0.640642250549185	-0.402339739966316	0.285329466751124
-1.89390845799516	-0.0981262664497723	1.32526730414654	1.95583897023071	-0.12443129456985
0.595542821130491	-0.340218192833431	0.666721178601921	0.522881476041273	0.384708930537015
-0.968197231024585	0.838161523515527	-0.74161167188032	0.719274729779013	1.2931619124897
-0.100899674382342	0.90104841448425	-0.782494283063358	0.488384017801743	1.00035221616297
-0.84663764206074	-0.0403725909103394	-1.37466909827276	0.208354584601653	-0.405678550223214
-0.706645922504405	-1.10723532358849	-0.554999734883478	-0.80988968980023	-0.461709282364423
0.575073967280322	-0.379494383713352	-0.51609589992887	-0.526547685578256	1.02875600413325
0.423444485246882	1.68651216238062	-0.72938062685357	1.18797393345826	-1.05370621175641
0.40009843801954	-0.680819573334307	0.718139428360814	-0.751767574706208	0.345176959389616
0.656637259490021	0.214306062666647	-1.49855330104239	1.65181232367198	1.04281306553197
0.769935057408347	2.02949667793068	-0.103593170851317	-0.956723055109131	-0.257649428529085
-1.66657044509052	-0.582674891974066	-0.140112812588296	-1.06839991554909	0.900730931617562
-0.897085476374622	0.0890944638789709	-0.412292534540252	-0.212192237415656	1.15643906423975
0.549661898890656	2.44881152880338	0.921802991155422	1.02216910851953	1.60410626152392
-1.3526684796975	-0.167560705088486	0.705906597196254	-1.30211125330425	0.447920120975038
-1.00719462521907	-0.406568692624134	-0.931621563613333	0.473971745856804	-0.375651475352173
-0.0475978738822179	-1.0788355680436	0.359352382857853	0.221024216359126	1.19076758266951
-1.80821146441904	-2.11491798441168	0.536010179981142	-1.05873556064905	0.644922652824475
-1.24341989114315	0.0903054813316077	0.605053495325431	-0.331718822342024	-0.297774136745961
-1.85724035344936	0.10079508324283	0.132026029034336	1.35456692431337	-1.57652386707989
-3.1084984621741	0.27524198015526	-1.96759490429951	0.402106196008421	2.49160374831965
0.419094443774444	-1.82828994603868	-1.37910760035266	0.422417457085591	0.536184673779097
0.304522481615214	-0.114570034416068	0.022496366341682	0.666879626034462	-0.389561287700422
1.93298031053499	0.615579509072772	-0.511792170059157	-0.858032551164367	1.98783463753336
-0.742767938965087	-1.89607589029322	-0.182921547947302	0.396116396645198	-0.749148394398982
-0.914589802568207	0.623118907896268	-0.410530032256983	-1.00788506669061	-2.474124757359
-0.207492882525787	1.61116506303981	-0.595638341178961	1.73454172721569	0.0553934642708105
0.325328536511534	0.697020675546185	-1.10986975563617	0.0176190271683704	0.803884108838862
0.0330004574344074	0.866123190055184	-1.36567192572178	0.749271163530617	0.514413210811708
1.76235803240196	-0.432744702542713	1.75139439066445	1.24002017912623	-0.188709857276812
0.57676418421592	0.02936414857222	-1.85345314219104	-0.400681516302075	-0.334973141328871
2.09658226961826	-1.84223766174897	1.4670052725553	0.640945475673467	-1.09844610783731
-0.876933368415495	-0.732067706679545	0.216234407266561	0.968465622874294	0.734162704117094
-0.325801088406047	0.824037890752276	0.372945417006815	1.85063731892865	-1.15044718396361
-0.531845390157402	1.83383581060172	-0.711663963627326	-1.25350359274475	0.856030509590354
-0.407301332449778	1.99086701575584	0.473201724963745	0.122498117820394	-0.433614190304883
-1.12114182717515	-0.286710529982114	-0.875268294467498	0.795766433962224	-0.341715320018345
0.275042510196443	0.123615154122171	1.3190794201086	1.48857943125007	1.61581812364258
0.206912172796499	-0.764446553537081	0.864149602809386	-0.301615457505081	0.792549346059584
-1.10847952128736	-0.610335895917409	1.25150898011444	-0.45885681910122	1.14340768769526
-1.54659252103541	0.359013593649982	0.740824027834179	0.85541246216383	0.697953544582377
-0.141412007340566	-1.04536542123921	-1.34118593781387	2.2451890038558	0.872757676324737
-0.361070462017418	-0.409487989504724	-0.274158147321584	0.194690910853901	-1.22847089480211
-1.37939435779271	0.79788449031078	-1.32942207696681	-0.431707948176506	-0.782953465120777
-0.777748193645477	-1.27627275413832	0.112507441172163	0.291269991302011	-0.7745703893527
-1.57692138815689	-1.03234260843909	0.802816507192651	-0.424144209615723	0.892098845153063
-1.99434978250448	2.02718405487041	2.2513287561614	0.300396886059219	1.08253394851683
-0.934447000757731	-0.713095904549125	0.72057415101088	0.80739722184223	0.665025430824038
-1.31005476044761	0.315126816818333	-0.20773249422647	0.135183653809893	1.90921201113252
-0.440582009007275	-0.172193214765789	-0.536202095559678	0.289874846166144	-0.441414334405642
-0.466352464708572	0.458367143410431	-0.253695435701083	-0.835728633919157	0.891775189468356
-1.52481096213702	0.304866024947085	-1.29714280409426	-0.737748940109325	1.35010984336094
1.69400937341584	1.28931830374016	-0.259439850613928	1.84474875308704	-1.96584467703664
-0.717661375707796	0.737964830191123	-0.268534999135868	0.598682651845887	-0.821540219522174
-0.388146413183508	-2.1541458365796	-0.515990646231321	-1.06410287903623	0.407506009847985
0.186424380812677	-1.4411444673582	-0.478000902721617	0.0295478409422169	-0.197464109172404
2.15268106833682	-0.814337944383911	-2.23135991552044	-0.0479070845381786	0.488130642350514
-0.344907562190405	-0.5797725397171	0.122983168235529	-0.42088217352227	-0.00889927029627655
1.65537159539438	-0.161149833929306	0.972530994458981	-2.17132674395523	0.485474669179611
0.243040915943375	-0.133095798337718	-2.10836132556018	-0.290141831195662	-0.192334789241244
1.01776289368214	0.217721714611032	-1.0496401869795	0.311330705690718	-0.807311708563113
0.650736082818386	0.642880706468489	0.585626331084005	-1.53863515346164	0.380187368775623
-0.598016583635851	-0.77366463899153	0.511519544611376	-1.16228612904893	0.119479638692092
-1.03950145887843	-0.0111412692327297	0.30941239886277	0.0323308455952304	1.48161229841105
0.199944855788706	-1.29050372577629	0.792642144232963	0.54560662345046	-0.684637344858855
0.754873977767278	-1.46662021229383	0.74349029754987	1.30190764121837	-0.150444263843486
-0.148276587886728	0.581004233734876	-0.0551878757371029	-0.885039755768157	-0.719820455709922
0.284139554571189	-0.940586932524521	-1.85005413183351	0.467283736779221	0.924811345927972
0.710355192724564	-1.0376066214642	0.32689788329682	-1.69590771561418	-2.55439207991668
0.205785447802172	-0.407637850911564	-2.74520255433503	1.82404801283131	-0.148374316944707
1.02186233748229	0.982373856210242	1.37191136046042	-1.75097439435693	-0.684335223389362
2.29608389174266	-1.51108147219814	-0.990411029946509	1.09684720716339	-1.43188110688309
-1.59466666581314	1.42077976480376	0.514787563135515	1.16665182506195	-0.888703643007399
2.04209507407487	-2.56290991598129	-0.355339432588339	0.980799214714222	-0.447253398790134
1.56176154647548	1.10165584814818	-0.264889157614334	0.577527106067537	-0.282945819608172
1.42234649590263	0.566659500388078	0.620314982676009	-1.50730216526558	0.618428377238675
0.159739153225183	-0.364378371817502	0.388870348911371	-0.110370155017305	0.815551792645117
-1.28056207624804	-0.951148126435994	-0.556784157268312	0.707006573902643	0.524144219304051
-1.48112331899191	0.0756271546034503	-0.61473450448575	-1.02695919609427	0.835021122626801
-0.422116414871487	-0.607957314833991	0.292041128498595	0.359994816195384	0.0285560341053322
-0.383141529537825	-3.985764853747	-0.677603681460508	-1.06224720614411	0.175819503225087
-0.0991177186228649	0.322860680474934	0.139302771631142	-1.71700272103278	0.364323056640286
0.182697141870494	0.141229367113493	0.506067532544404	0.570566196804595	-0.706808231636003
1.29696660788529	0.401313230073983	0.0372429948746051	-0.82162834762653	1.86382383156448
-0.00821471776121479	-1.39116946001857	-0.346599086884697	1.20779769762976	0.264674584811855
0.54414878354845	1.07880806375056	-0.603840110638509	-1.33634241503129	0.406678106220245
-0.0738195344066246	0.12253043391355	-0.547844437122257	0.147727412120443	-2.11544656640652
-1.00378768297743	0.47303467291827	-0.92787423619402	1.61444974194651	-0.135718795915016
1.27909185540843	0.575890044120166	0.859488006662445	0.324273050430993	-0.0417220667816252
1.11129691704252	0.503999794096514	-0.731174658193105	-1.77067361681919	-1.59986054025698
0.445797904193755	-0.267870906173826	1.52869654514171	-2.1511723865771	0.455757255779556
-0.73613797226751	-0.261892916399437	-1.02161924761928	0.588107063470493	1.4997546680423
0.213437662803155	0.395890519537426	1.19831304326226	-0.432729820091406	0.847436426022925
-0.0679200767641824	0.727817355625747	0.587051032048117	-0.607593138656108	0.258821464689762
-0.950151501244893	2.76935068963621	-0.0531605029027518	0.786144085794442	1.22779207819038
-1.63471196781436	1.73542447416224	1.34776940599476	-1.85674564044807	1.1525048930695
-1.5876579278334	-1.13538129202788	1.11485484564679	-0.130252579721667	-0.79528381062386
1.88502009870237	-1.49722380362477	0.109269808941526	1.0277818269565	-0.132349899738649
0.093436767073841	-2.11848158507215	-1.41750877827734	0.652115154340845	0.160705139506579
-0.950189687593007	-0.575240014125671	-1.1339562855326	-0.369914059078196	-0.774903971917719
1.21211739202489	-0.303586092918095	-0.298810117490274	0.976347160993604	-1.96577936489198
-0.600755655973012	0.460034074519316	1.01757887600581	0.367698520646032	-0.0505966120598268
-1.38521544406655	-1.60123428743772	-0.644062062460309	-0.185126931922355	0.617904502666885
1.45213163572079	0.603509072501204	-1.16364200088053	-0.963821103435487	1.52325656813255
1.29449790433628	-0.139450959163303	-0.45011794026346	-0.140013636140187	-0.56227568411226
0.441119637523114	-0.81403729464413	-0.669232176183823	1.05322177937584	-1.3385615194651
1.54265403240556	-0.815140963095451	0.998602692391432	-0.792158133223361	1.48292780338934
-0.411802364887782	2.48945829061255	-2.3315033775584	-0.645965622838688	-0.24656210265581
0.0274749858940531	0.930144348404843	1.5166757379519	-2.50367583873071	-1.94347466542514
0.210447888766563	0.805795966665051	-0.671541408805245	-0.403053016369247	1.16845041026556
0.437534267989704	0.638501804018987	-0.32836100039484	2.16997549061558	1.184203891974
2.20226726842347	1.94225600793361	0.199946665182862	0.399473137550943	0.958194974263642
-1.05415469703463	-1.69489035703204	0.278236185922575	-0.554350836568506	1.69512382235591
0.153115302758961	2.57995313715741	-0.344724828585452	-0.505904467649155	-1.31998898250403
0.576736918601637	-0.625475052143762	-0.840749435173015	0.706556640332316	0.212406467812141
0.615863965004853	1.55071718683546	-0.339007950196854	-1.92132080530796	0.670797285461454
1.26851865881092	-1.05248513116311	0.856462641253533	0.0979759866608363	-0.230798464253709
0.392429839482001	-0.26097798836778	-1.45727789948903	0.690125198462703	1.29658247294608
0.643885210888346	-0.0553717056903602	-2.98318616212813	0.941290952484024	1.00027041585651
0.556432345778575	-0.933690955628929	0.441174479309008	-0.279019002805318	0.0761088463137801
0.719894640957683	-3.19498325158054	0.452030463148639	0.473216676115784	-0.689612433600795
0.0210110355308607	0.582872755608044	0.381718943555852	-0.103024966581974	-0.122578569636002
-1.10646838843158	-1.05551328373531	-0.587494362180547	-1.93882969821169	-1.76854937835248
-0.570058199838493	0.0129911992132129	-0.603347422641034	-1.83536777719898	0.597500454048677
-0.184852674435875	-0.861689605834713	-0.553379465965348	0.68249280741829	0.248259289510914
-1.06648731785089	-0.704853950419466	0.000464061342414982	-0.109198192147485	-1.7587879940806
0.180517304315106	0.426172650658036	-0.595211051358178	2.41948121246597	0.116974625581886
0.453060116214617	1.11269165578231	-0.0279371977139135	-0.962386012676972	0.217185911426063
1.07558888498859	0.478783532873479	0.448351490035606	-0.169266436611707	0.269416249875967
1.55932057465189	0.465515246702171	-1.54931248138276	1.03151108934779	-0.067584160866407
0.382763256420282	0.405380069101348	-0.908947585409675	-1.51131448030455	0.933749588885099
-0.950344854998024	-0.327630760225254	-0.37997299291695	-0.315166997247732	0.43222486656497
-0.312190310125591	0.569029408384492	1.5943561266631	-1.22676334066229	-0.617647758001399
0.935875775650222	-1.9653406932955	-1.05853168948183	0.927981139872198	-1.00639324076077
-0.856511926041085	0.349680642127595	0.449524090391086	0.0251752505212018	-0.681592798385883
0.541971477164669	-1.25754503947878	-2.49864959073029	-0.635332531673807	-0.074084695993972
-0.445527659511003	-1.00970796116485	0.596456826633642	-0.241047577742537	1.06842821681841
-0.212046206232473	0.695313841885039	1.63044186112514	-0.0509809547025301	-1.51713548762082
-0.0662834048531033	0.306728749095146	0.586406681493632	0.446060504922082	0.763470772705274
-1.05628925953628	-0.0276992561969558	-0.432905483364306	1.47697287654904	0.972856198853674
-1.22627080306323	0.876652049144008	0.123834730520619	0.162211066121812	0.964974184121124
-0.0522045217436241	0.907146876855602	-1.33460128898134	0.780856539507549	-0.307033996625338
-1.7296373294509	-0.574886882568711	0.0715708351473072	-1.19841737450224	-0.118187137469808
-1.31440966526747	0.749041194785349	-0.274870501831761	0.754808590224696	0.831700585014678
0.181785185996922	-0.976694527717363	-1.96210971187017	0.296728306489116	2.50398137965626
-0.924166461612897	1.06745826171966	-1.35149551378945	0.828333817695134	-0.102905002536708
-0.75384685196046	1.22776046754947	0.0910875933403722	-0.093616047320943	-1.61722339584655
-1.78375129206678	-0.963866993326027	-0.796713648809603	-0.516397645925182	-0.781862131240173
1.26780697638425	-0.121090537470059	-1.86647047044595	-0.678748620127017	0.648702774362467
0.151102081421244	0.42834342946403	-1.15345268637746	0.395397885823155	-0.336667723174319
1.77234065875147	-0.926973625904707	2.8894762689363	-0.845438368391136	0.578908171019757
0.421613464979762	-1.04407553431452	0.782430402824747	-1.58992732190236	-0.584580150581164
1.81272682181693	0.486895721478741	0.235332205520431	-1.24879550169231	1.46236514963783
-0.990891136669251	-0.180391879094184	-0.538592685438232	0.168311723071195	1.36869355763108
-0.0906516521955392	-1.5665023900187	1.7182490854218	-0.0093947286991745	2.34095407970244
1.04897632832815	-1.0760201808916	0.142676255459101	1.23365809281592	-0.0909929492104758
0.950926246468429	1.94184803081027	1.4348605781703	-1.14902917417279	-1.60877918850555
-0.108232464475216	-2.78122201454238	-2.21289799246705	-0.666849752261579	-0.641379915698676
-0.580578192377146	0.475759139948699	-0.747519257104451	1.04478682243872	-0.714578811449771
1.14837739466804	-0.679525995077369	-2.38732509130155	0.3393658134248	-0.170640323558067
0.24438037351361	-0.945248251414949	0.963436555427592	0.349385279852125	-0.982597548943386
-1.74368530350839	-0.578310421474969	-0.180254252750462	-0.844551963868424	-1.66667735687556
1.89222217055868	-1.35265830734498	0.745822006711247	0.932273097416299	1.21441874254378
-1.10130730174225	-0.443126167598367	-1.52053777902716	-1.45283662828069	-0.838219670793961
-0.0821773738739245	0.614205882556682	-0.287768623136192	1.02412208983793	-1.20440390730096
0.00234984152468843	-0.0967172780636379	-0.137421292687931	0.286701287641446	0.373835688472116
1.13274173740719	-0.0689272329041558	-0.407092166708428	-1.93600895466136	0.178980936861383
-0.791018767007249	-0.287444532442672	-0.783179582168429	-0.982578710043929	0.900306109831148
0.123242908746745	-1.25752381422823	-1.3495896447585	0.863134576072535	0.0605712086376579
1.1880295748885	0.238188108258046	-1.10741281841302	0.344963906065092	-0.140214675859561
1.50128692544357	-0.751935674531505	-1.25768981492143	1.29777564864018	-1.40273247269923
-0.898596569102656	1.26548180065708	0.699196272547095	-1.34891134137719	0.856313694182762
1.06082252767401	-0.505205507432835	0.577625404984439	0.779080272806347	1.36313665803396
0.286847566511113	0.00542082042544369	-0.492188628753262	-0.397376298947891	0.119967344464359
0.483755056781851	0.788338510227094	0.896624922756219	1.07154126127612	0.180182739667902
-0.872530073695418	0.54146807186857	-0.889392095922944	0.109573524577707	-0.547437857181084
-0.252936221518279	3.33065534115444	0.52792970387961	-0.14076936106217	0.72698792740827
0.377629884224726	1.0361082702707	0.293861294250227	-0.448758789988603	1.65749301190066
-0.565283706919081	0.348487205603875	-0.910077296126678	0.379410812441498	0.436304765335213
-0.12224124544952	-0.957377357753285	-0.585202536056107	0.475119521346634	0.566950949125382
0.94624841442105	0.776039039132401	-0.17062978357903	0.731791962922504	1.26448985672129
-1.29965384462344	2.06740742346963	0.722993815715828	0.015322789570427	-0.367091911721789
0.492870267532455	-0.203575068798665	0.70151619444091	-0.193044113609862	-0.469386482333207
-0.320728187820476	0.441736910385954	-1.3364577258556	0.739687558580658	-0.0283133256553215
0.082018513371091	0.179473083357099	-0.80434425367085	-0.143769802778696	0.112579410134133
-0.165376886145807	2.06164119364291	-1.60549973987011	-0.363338808290635	-1.02124065532555
1.41038859089151	1.38720564020868	0.0764133983462314	0.419563595995093	0.0165782603922998
0.720928400149951	1.29294994848748	-1.63888523803714	0.99532914508441	-0.299572660094315
-0.399501143249787	-0.237450463610082	-1.49802972943536	1.10528527418304	0.677627814687863
0.297276677351372	-1.38337551008019	-0.184961453113632	-0.570654264875754	0.0401323467836722
0.983844335845693	2.22803760685118	0.874692402858814	0.0906703761123946	-0.666417532076972
0.411651070685188	-0.54131755399472	0.662485704006912	-0.567846623789895	0.27591577939213
0.206980174233623	-0.804019970113195	1.82255942968064	-1.77725511925087	0.444550022710303
-0.813226293822725	-1.22625509447398	0.318208150715556	2.40729055548128	-1.27553851259752
0.866089805148475	-0.943887491455838	0.0767207447065397	-0.0726321970126098	1.79922612570742
-0.671110150166303	-2.09871471613491	-1.13368107741231	1.32538218684661	-0.11053884802904
0.148851779640693	-1.26900695981688	2.491886569669	0.820356013572336	-0.818821811154739
-0.328420922705373	-0.0801860398457937	1.95581767899544	0.471367524858101	-1.71044352241597
-0.870109159464017	-1.98724079776969	-1.35142251058276	-1.14019418676122	-0.969392633083482
0.422107174747088	-0.766496341777605	0.767891823975227	-1.52146584812554	-0.73685760501956
0.554932525920167	-0.118224352077063	0.250056466638239	-0.62614070177496	-1.00975607740169
2.19352107820694	0.38542744865476	-0.777809656785132	-0.988506449811379	-0.290356283901761
-0.517797143489005	1.01423067716165	-0.887841022959557	-0.442812162083009	-0.0755335145886192
-0.543097955734706	0.996443823816784	-0.968832832765858	0.188680620847417	0.863479428944567
-1.53547846239154	0.26087717194192	0.412202597907664	-0.239605520794078	0.293706113471048
-0.0108166139425608	-1.29551186788298	-0.669519869294036	0.897578270020912	0.909915527535446
-0.25121898772393	0.421956319071987	1.14954738058112	-0.663107185273577	0.915371185800584
1.2673051972076	-0.596614485905419	0.347194264661877	0.4604721856672	0.105748162467079
1.54233736637032	-0.779819525343461	1.08013115584938	0.406278045035999	0.0942994201123428
-0.32239794712928	-1.19247747296582	1.46632971168585	-2.35822377447601	0.150657468238869
0.162594968277975	0.53213894064726	1.41286047602747	1.39850337058649	0.253430857227398
-0.0796908368844135	0.715630839633285	-1.45065262523044	-0.114422481987203	-2.5877674265665
-0.590949214531812	-0.977490071092134	1.13484733276149	0.759960501482639	0.375953744321111
-0.321785624249416	-2.37900354124946	-0.295479307800883	0.558180434243936	0.196489155549552
-0.569981246663233	0.717238610631533	-0.11578775292947	-1.13269520539053	-0.709476473344012
-0.0377966829134748	-0.298503704100736	-0.338008549185308	-0.748300452859911	0.848120453230513
-0.591554405680121	-1.48315608959626	0.714692319383212	0.952961493519917	-0.891472737409492
-0.443549530624746	0.16881574719382	-0.638772598574505	0.555047367232574	0.241185046056433
-0.708577135687909	0.233285529770231	-1.34500445731806	-0.179064454825173	-0.394153677320154
0.26131605652885	1.09736157518741	0.0404175889504443	-0.21786187247209	0.499456688610516
-0.586206717987108	-1.04084774302407	0.750165244152431	-1.1933541851108	0.810627371012987
0.0486804481066336	0.98870063172919	-0.590721389058157	0.838704246849732	-1.19500173171174
0.441805278112489	0.209008338454784	-0.293332210656306	-0.389444449488886	1.86647339710685
-0.305449878243052	-1.11360500386956	0.943547241672687	-0.78807419587783	1.71640762380074
-1.14236820043869	0.241201421645424	-1.9550693729272	-0.228443585067074	0.422928517277138
0.857660110573916	0.00347193413206238	-0.532886025260191	0.746315628851847	-0.619525674997542
-0.220245724795413	0.114112493891305	2.5178197003068	-1.07622160832423	0.359300171066534
-1.88500401499004	0.00321004671984168	-1.21812489393389	1.28075779224958	-0.419923587335172
-0.853542345100945	0.870023550064355	0.970214281975844	1.45315823406924	0.0964524394403114
-2.4625273919296	-0.478025982483453	0.0702497129322827	-2.57970544731392	-1.14180649099206
1.24756978349342	-1.14000567693946	1.20597340646931	-0.144093432524973	-0.833048466062361
0.309030415634246	-0.765539426369734	0.742122735218368	1.22521214820729	-0.399122022702569
-0.0256688696415872	-0.530050774677828	0.838915615162212	1.23544722088165	-2.23405252081396
-0.926454609285963	-0.14667902893711	1.25288445505336	1.256357848122	0.216229912343338
0.49155663173575	0.045384726401448	-0.353882167836654	1.06196251224654	1.21149259164182
-0.750514292835302	-0.531096844905685	0.405388958127859	0.109516718389669	1.57129308056565
-1.52197820235717	1.55655472554043	-0.0313000228242226	0.558269380032818	0.0217241488259236
0.439152310502425	0.557930639443005	-0.21629817085261	1.41296899278169	-0.085473134340472
1.03344249717011	2.24987523467743	-0.290186342238311	0.21496258848313	2.41016659918661
-1.62303738709255	-0.223381709248215	-0.652301285771035	0.401970256079884	-0.295112380182617
-0.621502919482835	0.192308863918695	1.53181151279058	3.09399310856266	-0.989313233296285
0.766540327677961	-1.30833814534688	1.04103540175243	-0.993854914990231	-0.565643647962633
-0.147927938424795	-0.335388255420626	0.541951911507504	-0.153067166546874	0.182707621963682
-0.716291722519719	-1.34810881587367	-0.3331335854789	-1.411320748981	-0.299145681704647
0.23557642505771	0.786058234637862	0.672835450531141	1.74876162900984	-0.0070672836122617
0.456302438084872	0.0793041806642444	-0.516158252508383	-0.914173242784297	-0.809107418692351
-0.279792691274128	0.327800618825112	0.599332692359418	-0.519144382814384	-0.992825398840348
-0.153512178330438	-1.31288089943077	-1.33305565880952	0.0608888028902962	-0.0579983419150729
-0.308392268757892	1.15496878471106	0.372425319245769	0.156533024387419	0.257922697173997
-0.779347361436711	-0.915231655736171	1.32646916688809	0.190523330198809	0.854530425742881
1.30111123622362	0.438901145163236	-1.6353699139207	-2.24880026330257	-0.489922301366164
0.257757962539479	1.39845883431935	-0.190441812494241	-1.43493594090442	-0.253444858154744
-0.131702435309921	1.61848778326942	1.103390872131	-0.10099276783726	-0.158403283250733
-0.829920872507801	-0.854117259186021	-0.943189152176107	-0.849116055877021	-1.27906121300162
-0.43451041813951	-1.53852026787805	-3.19429833855832	-1.07830015638942	0.670867445647803
-0.289987173266569	-0.461356327849404	1.34641008709345	0.269265845756844	-0.281384381957561
2.25691296198342	2.17222051535643	0.248470135232052	0.180854326902747	0.40644267295049
0.480089363074639	0.825982093486961	-0.95029266798222	-0.570402947896743	-0.733761480732195
-0.362831074988547	0.264679518874387	-0.359989239722584	-0.728314912569701	0.894398102840461
1.16177787040451	-1.47833935230334	-0.815000876800545	-1.81451821345468	0.464553141233972
-0.871207492174854	-0.662186175629719	0.0028885407076334	-1.05231198378079	-1.57629350593847
0.41645024610922	-0.484403388665833	0.124769430274922	-0.600007184759586	-1.39856587496052
0.368849294723711	0.259984380993477	-1.02762553234104	-0.219187664817496	-0.247888729977656
-0.62190785592292	1.70153408233926	-0.240211025340243	0.173935373902873	-0.66624979295337
0.846497211331106	1.14047496395129	0.538807599145884	0.079210243973267	-1.42080514881243
-0.878554251320822	-0.134256950213569	-0.649409984794283	1.3799041322638	1.46750634655685
0.571616519761835	0.628256102291461	1.05118233502301	0.211199338210817	0.0751779631797589
-0.721997485822572	0.602307674768613	0.92534594643725	0.948677718999723	0.873365379041007
-1.08477355888127	-0.745887350203483	-0.900520869004282	1.50341975973234	0.425505944512548
-1.77692155176142	0.275314892411242	0.69428396891862	0.645380716571037	-0.236871341561272
1.75647980020328	0.301622289719526	0.13288406433441	1.41412878309924	-0.823337417429945
0.115868447262438	0.126971820884967	0.418558739239217	-0.24381990501989	-1.36987668756302
-0.69808117717306	-2.26353413690791	-0.462197673306255	-0.0272015356891413	0.568996912957463
0.330964240074811	1.09708011648165	0.85939122654009	0.16679041301799	1.01051549574412
-1.19318263158772	-2.14195974529328	-1.34473400115789	1.041037486266	0.0374061119512922
0.614463595600645	-1.3677810547148	0.100188761625179	1.3766421544434	-0.935945823201451
0.692834701161742	-1.1522560432229	0.0929765205968908	-0.433217355493121	-1.81692528596326
-0.567707683479078	-0.0746635000059972	-0.624522453114464	0.562304894006604	0.999174262990673
0.158575906497129	1.6489797215361	1.85378974419831	-0.200947454067141	1.58338936960181
0.652593007352731	0.260014634691293	0.509191124117166	0.186012666647947	1.57387686526666
0.748806373720837	0.142028514155047	-0.0648551170540718	-1.45882739656567	0.886344531136272
2.20061788823722	-1.27429866473581	-0.169000914471045	0.373243478538668	0.828885610035855
0.796214805353989	0.345529417881994	0.821676571032736	1.34093907211901	0.831054885679125
1.27186076357612	0.928515932057898	0.645005056960213	-1.60129149065261	0.853877360110355
-0.94158317487622	0.86757987528938	0.410944482340756	0.770006028295303	0.358835087135011
-0.639978197308112	0.226641465031393	-0.400320974389674	-1.52135038986306	0.0778116039974382
-0.27180961695981	1.13814011473527	-1.44380328947464	0.941970146485353	-1.97793335430025
0.553917230720858	0.331449644374182	0.0224598962308725	-1.41717456977898	-1.51821612938197
0.606261548103569	-0.0282147690387636	0.840263145803347	0.408544587877933	-1.42207034614438
-0.433860111657748	-0.386788319811389	0.995302077133944	-1.78627815786072	0.154034389391051
0.415333443399495	0.109275679808524	-1.88176501827098	-0.838554269245084	-1.21458178086268
-0.0683274501855339	-0.313262860580949	-0.198724425347589	1.01619469305427	-0.0133111977053455
0.236273537311228	-1.30727816540285	0.547619972465139	-0.121346615294728	0.559823429331021
-0.0133212918068699	-0.846076255933945	-0.803372009552169	-1.04310316141015	-0.0345393181461892
-0.191002482656042	1.27299355933337	0.573006088471643	0.115576267764324	-0.0547057644527142
1.3401693307151	1.03270482664423	0.00787816277571304	1.31021686890093	0.565105188028961
-1.67758580102541	0.607535014971597	1.73237980697098	-1.00542053607352	-0.49249407278985
-0.523895543611298	-0.20718223952872	0.854258372658059	-0.701754720609443	-0.637914354545228
2.05392453272473	1.45239518432093	-0.272250871813254	0.708487003094702	-0.146068999611725
-0.206115577460885	1.01340024010831	0.411767403863724	1.04366969765255	-1.03487581550265
-0.414166371005837	-0.201182580585177	-0.783893393535374	-1.59459158513163	-0.743280286504798
-0.193433322874223	-0.437067423786585	0.769000985197642	1.96030721014448	0.105382606695168
-1.1090382465572	0.702303943005191	0.100702617948082	-0.391467785981475	0.0342986524679623
-0.691655954183114	-1.15567809743921	-0.798633635329011	-1.23123657982183	0.860142459556638
1.0443364558274	0.353752188098978	0.0793181783685862	0.716223692644657	-1.17509164779945
-1.13843490294274	-0.358674624451884	0.470613816797566	-1.55211626281275	-1.42812102049991
-1.91747801784237	-0.472235117084369	-1.88133662469492	-0.851434745477196	-2.30662779105795
-0.551801694654482	1.23581939077946	1.4665531767139	-0.169251082880064	-0.0621819932223762
0.350742618673845	-0.0450623890699191	-0.751857313397762	0.258321182022874	0.673189373511856
2.00717624677845	-0.59079451207978	0.251270929392773	0.846339772455579	0.235115752538367
1.43086583477244	0.269916703037584	-0.601820397497166	-0.781073433868552	0.592583499313666
1.14373595789201	-1.081841199709	-0.598139319520576	1.8021258270104	-1.1666130399232
1.67664530948019	-0.570829229190546	-0.0986394307037264	-0.250587385142843	-3.09603349852576
-0.953595282648781	0.274428439961654	1.85365914219519	1.04310371544253	0.180118827171387
-0.875614264045492	-1.43527300022651	-2.10698844384273	-0.206641169958855	-1.15863490068645
-0.10886603804833	0.0598309265519587	0.902022699731461	0.437264844463697	0.0980944666911312
-0.0276366235579088	0.0124984722364784	-2.02532962069884	-0.0861174965533148	-0.0901126629720741
0.196081216311183	-0.184238222158616	0.479794804715163	0.111697687232282	-0.167297190594645
-0.15672028867775	0.051955651651122	0.103220047252692	-0.543533453326559	0.714957218641846
0.929169069974409	0.352554146289491	-0.348660669459062	-1.73253725405275	-1.22485353220507
0.295974422606589	2.0803262467111	0.123836911593674	-1.12669110308643	-0.199713250113156
0.27588996996689	0.0950182948954819	-1.36520919475119	-0.652016510702658	-0.772321497349471
-1.14743248372354	-0.0682443863036893	0.24212826985979	-1.49879144198729	0.811458070734704
-1.39436364121744	1.92706273675294	0.0705086850280093	-0.703431077104756	1.45382116313354
-0.0273664923373352	1.08726530997324	1.94029358656344	-0.270861340093764	-0.485711917198851
-0.302700994550461	-2.02418405446396	0.936489057517632	1.35769544171262	-1.11938717735946
-0.076879355667042	0.0961498704124067	-0.701872285763604	1.72574992851176	-0.175208663852415
-0.200333239328325	0.0130410219395042	-1.09623422302689	-0.786942746794332	-1.33217494823541
-0.0545543431190787	1.03061831143713	0.342824274351631	-1.03381562441911	0.887074710616892
0.344043078661664	1.26476194469907	0.930445295308787	0.163610758663668	1.51405589464143
-1.97800091585389	-1.35656646745516	0.119140042546736	0.380000437926916	-1.03249186403263
0.0962684848103458	-1.37291847623166	-0.608678147854365	0.514846898179534	-0.978120084350829
-0.265473910865584	-0.665659296040215	0.135678890687014	0.472017868411329	-0.79492137164812
1.15561165647111	0.925420082509732	-0.956858131585729	0.0172481399398645	0.205130329274355
-1.27717859411796	-1.00936851358639	0.765692809294872	-0.00508014264848966	0.987891565180793
0.798402811318303	-1.00431581807209	-1.78105217558172	-1.17514301754131	0.367316032675889
0.0805845511120882	-0.829235796985039	-1.71057113295803	-2.08292993765004	1.43587861935468
0.997468073572383	2.25305291389359	0.705431777193029	-1.48062570615058	-0.870150326961085
0.259060814282901	0.0306500691096587	-0.200455806380339	-0.334728089171915	-0.884180160673365
-0.194287136980062	0.111936542551853	-0.762964937448434	-0.141257363146909	-1.80047463512229
1.38206473575038	0.228916809928078	0.1168898203739	0.0483838437392992	-1.47604748669782
-0.805961132843843	-0.466721314820484	0.718112318278411	1.30641737831091	-1.19411449114202
0.0312344410073739	1.75290243140359	-0.16127739245303	-2.37601235445231	0.1924082670279
-0.227850501589282	-1.04129044833529	0.342765345591213	-0.416099200014576	0.0737172268462845
0.266340792861517	-0.572872390158624	-0.83447269940177	0.884463624283855	-1.19734988319367
0.0873011417661791	-0.668373021143693	0.958705087301116	0.0100386470537478	-1.09052833290007
-2.01491671717289	-0.287925284852575	1.09467549975996	-1.0639364591822	0.727619555543268
-0.624701290758763	0.341047705313182	-0.177616232265345	0.974406040627425	-0.108767333073223
1.73101502581912	1.89288697767699	0.942431367483836	1.65435184683251	2.70784337332398
0.321003642722347	-0.0450557719820653	-0.146378650383	0.718399200073539	-1.66619608787086
-1.03151072630589	0.0434147571585282	0.249370668384018	0.771580560297228	0.355404418943169
2.28550526264436	-0.0163856831983438	-0.174919812497759	0.112808388078938	-0.512445259884037
1.6694036904451	-0.0952058530400873	0.405560777035627	-0.546866274496104	-0.709643550085727
-0.0462819283152098	0.772180812687859	0.435801484825214	-1.57824487268038	0.244209288736279
-0.898670523975621	-1.63146245484919	-0.768457090143881	0.239431874429716	-1.07074537259441
1.83146775166527	0.606053823347041	1.4712056273659	0.371103753004532	-0.163232710838983
-0.269460452069999	-0.50998697453421	-0.96194338426876	0.529931275290321	-0.457903648078793
0.764104500866969	-0.354171546121913	0.577736765913411	0.0130189882319213	1.2019993017561
0.621871728417226	-0.624764496504155	0.0910069975668625	0.663766556140457	-0.0945403562725832
-1.19464767069071	-0.87253522583081	-0.226686253634059	0.600338556789083	-0.597042431841348
-0.291661545278794	0.0404410214489997	1.42863988238974	-0.354714857170177	0.182826959694984
-0.674550236077546	-0.46535055805497	1.43230101776544	1.31408081555643	0.309193401901881
0.824866730560911	0.373884931124965	-0.672073870992667	2.00851844861795	0.5892613577942
-0.257236007937931	-0.471968533404719	-0.190296367543552	0.537687342111304	-0.023490426580142
0.787864846294271	2.61386005642165	-0.884683269697437	-0.480054356736057	0.687134240764482
-1.24844363226505	-0.222915105146865	1.70791752660728	-0.246854052222738	-0.255804367194026
-1.71221166070873	-0.557343551775463	1.12458465795729	0.586401109322634	-0.965136790655782
-1.39387245780475	-1.1017981875476	0.251056023180968	-0.889779606732078	0.264831247716051
2.92752180784467	-0.864966347806471	1.22879520764528	0.714148577285279	-0.717894160592332
0.430119769561194	2.38112883817047	-1.32763303855686	0.651534932767525	1.28919349453287
-0.0792690125762312	-0.000867540971030546	-0.410291220814821	-0.382639641265756	0.21238443737011
1.63809194709645	-1.18995208567156	-2.85373542660864	1.37741804357113	0.340047096662026
1.2417471556359	-0.594770541084601	-0.672624768081376	-0.654619495823809	-0.131309598657822
0.484106587843366	0.417833460929492	-1.74308950057885	-1.0346557733809	0.600816238719
0.350965348633656	0.683744769398511	-0.716271328666765	0.726033981721077	-1.02895174996376
0.518359015451974	0.411544179936459	-0.511367157330127	0.30400885890055	-0.526467707779299
0.319888008698599	2.01113845873297	1.08050245143898	0.142027401530394	0.902044421830061
-0.0281424518456667	-0.614303863677143	-0.402926670605965	0.904237407231586	-0.234279359433499
0.844992500766971	-0.934055423062802	-0.836725159853071	1.41869993417474	-1.8101543671033
0.50015486309277	0.983042675766597	-0.339925834780802	-0.744059103673699	-1.37207388633968
0.341681433295766	-2.02076706656072	1.04070763574291	0.0106031088355113	1.22103108764905
-0.421908765660591	-0.368401839377428	0.640041362580985	1.08553286894956	-0.404091002682183
-1.06073393266744	0.656536741222985	-0.593316772046187	0.33910026176498	0.121672256242892
-0.226036752899525	-0.409239346295994	2.27180903350083	1.18814816977678	0.317766449722054
-0.53723961372813	0.620867459781576	0.0306513976828254	-0.23225494291151	-2.01486632520913
-0.2401268338779	-0.555735686779555	-0.593696359269953	-0.328602614604125	1.33598319956769
-1.8033875948816	0.0652557619303893	-0.0247874988853073	-0.0190133916788162	0.955702654073445
2.19079647533426	-0.391763072454058	1.27079350494802	-0.14490360539764	0.136646224365837
-0.518126025721	-0.515603875000848	-1.35468029451475	1.06323722637593	0.460445078910398
-1.42422712507024	-1.22025413890668	-0.396537797809895	-0.854281092514026	-1.54260334531523
0.0101610768086789	0.125321403292295	-1.07084288280689	-1.80515455113467	1.60818770191775
0.309272974431565	-1.18925078664354	-0.784861383959726	-0.352933588855223	-0.159558861675772
1.05085806667165	-0.614506092795225	0.196599235499925	-1.18126033791405	0.16289426333446
-0.771215042574004	1.79065450090141	-0.116077660350765	1.4280624305251	0.00486609804841598
0.595226125484788	-0.13965399414075	0.791108934120213	0.365843230546451	1.16865417214459
-0.172453198583874	1.64517306979689	-0.724898935625897	-0.715729117196886	-0.291646527067648
-0.629806325161511	1.47382507178753	0.518665749741383	0.873416287002234	0.715437642281457
-0.711842639191725	-1.86334682089578	-0.937423249705499	-1.19106983800907	-0.571734374252175
-0.535753131474076	-1.07769932946557	2.11940797051893	-1.52903108184052	0.300679097113286
-0.942829333614092	-0.122317894813252	-0.127302815703266	1.06579723789918	0.5224113720523
-0.731351552515682	-0.908965271952995	-1.44300430357286	-0.209091295541789	1.58739895641686
0.915351568493901	-0.476938131052635	-1.62570795574933	-0.789404057862375	1.24331340275107
-0.637290658389362	-0.92793665119412	-0.465852849864424	0.626943484849091	-1.42923984057963
1.80471347066691	0.131490241300968	0.858001202757051	-0.852330498537636	0.553003243355178
2.1327681831895	-0.582202624027563	-0.132623999021965	0.625657765819969	0.261734333398407
-0.35601581266678	-0.400820970873063	-0.200157227871066	1.04385595491399	-0.932993346527252
-0.403297135223764	1.39130302906085	1.68702117431869	-1.88070596481041	-0.236348517908972
0.895924306041007	-1.79539780582097	0.980654740485703	0.433930430916459	0.45111180928801
-1.41034834415495	0.423364367379288	-0.0507758879962544	-0.460177479676442	-1.10474127467304
-1.21627959120272	-0.818389064582093	0.402792506067637	-0.29256593355879	-0.576605211140645
-0.732796203939911	-0.579935608531883	0.199829368337554	-1.08306537477557	1.05551751354365
-1.70305764389358	-0.729797379326111	-0.628771119513998	0.849408063448021	1.35498986620194
0.475032552920273	0.194723940889013	-1.54707333746463	-0.405184421129349	-0.451156420051985
0.164983183160365	-0.30212602734751	-0.0299374720227821	-0.163665175523981	0.278138291312716
-0.356261476712428	0.711497018123713	0.487353750839802	0.0942034944862645	-1.08929461680399
0.168518745282125	0.8688403971901	0.435112522305879	0.11390423668644	0.195108518329551
0.433199830581809	-0.430061000999131	0.241319565411901	-0.886488673405623	1.20214216605777
1.25025533842781	1.52837326843493	0.484372757265433	-0.871496641607578	0.752704972467474
-1.32170893627195	0.520061833663189	0.612952227967378	-1.49938715549537	0.43969156565525
-0.241469317082416	-0.380346002492433	-0.218922415059937	-0.922132169498815	0.844598642017455
2.28817939693597	1.19715880188759	-0.236864898450501	0.213416609156178	-1.39169189144869
0.211626826785997	0.241018902412516	0.589733117857658	-0.467818836088834	0.111553285497067
1.50290495015389	-0.115711026536738	1.6897215399112	1.25751658693129	-0.253732576834155
0.193193774033104	1.06299350806574	-1.5560400654714	2.60161329135562	0.0085781122320398
-0.821672070264645	-0.384117840962371	-1.37393281014048	0.872929327918809	-0.834671850467779
1.76666869087799	-1.09480675462357	1.26220705161936	-2.00710491145436	-1.53415793635918
1.34906469176538	1.25761997355906	0.0164569632342295	-1.1136809582919	0.141555208373942
1.56744151805145	-1.36442185395263	0.0107012479624472	-0.820050111629763	-2.34742499140534
-0.0493261609657764	-0.796923192088183	1.04677160642177	-1.07759825448681	0.765005050878345
-0.184568720624947	0.829171778990266	-0.517937497261094	-2.7970964346802	-1.26027858033233
0.656379739379807	-0.236981025390667	-0.0780644887000355	-0.137679676762312	-0.1815591320023
1.67851623835995	1.59272490417584	-0.172102344823267	0.395647827858411	2.63851697186031
-0.450135949594399	0.0605141827250896	-1.19871363426861	-0.456462615778495	-0.19789916578184
-0.638766777842042	0.293038335688777	-1.43636493257107	-0.2343724439781	0.151296516376613
-0.720625733602207	0.569858439880583	-0.0515978457985402	-0.190348083444167	0.563130048921106
-0.166162217150648	0.692407310203174	1.36311143127261	0.30720993331272	-0.815654512893094
-0.83513813006572	0.883471101756458	1.44793885652505	-0.532821190198056	0.242406324984107
-0.0154605913841869	-1.05771899837688	0.529426993571001	-0.792240178071356	-1.63521394615885
-0.084156329527492	-0.284227702156874	0.549885049869362	-0.427422751328603	-0.0455016371395402
0.387411878727863	1.12399633094276	-1.42217936955571	-0.548650781052843	0.782660608813501
0.0916541489904832	1.87541441630693	0.394822727002014	-0.431241263374718	0.747347140518908
0.90801282834826	1.39843338827397	-0.089055828927048	-0.129094648734251	0.47198536765448
-0.201188895089912	-1.45833057216609	0.77294248304776	-1.75807484040311	-1.16496182119941
0.292106281112829	-1.12067880326632	1.26171413640936	0.0946883862399707	-0.807603031322583
0.31677438390536	1.14115609586153	0.0960522353033569	-0.148195721946585	2.91473665453511
0.31193322279871	-0.738533883679483	-0.507808870238807	0.106822825101087	1.02504273776498
0.159233247924709	1.74887358444403	-0.842796011054405	0.470511804561924	-1.02505576531799
1.03195521153625	0.668271157712942	-1.06746869353532	1.53013917751673	-1.46527142876686
-1.48705884487485	-1.43387490825584	0.545591744267705	-1.25769977382288	-0.911037450681165
-0.383197779840733	-0.474740788604026	0.0836015395070744	0.712018920012252	-0.265518976064339
0.490366197829284	0.791123774191372	0.322911133956303	0.180072553079308	0.661536090496403
-1.27666436334892	-0.775432411829536	0.453694424797898	0.337656581147838	0.769821279131678
0.57946974845687	-0.641461702894859	-1.05037855798616	1.86835655123467	-0.116257783166126
0.897572052966865	-0.0977453851193592	0.569219357475208	-1.15888687602142	-0.0263546076169386
-2.52576347801865	-0.685063539021778	-1.72447772260851	-0.0331126577504815	-0.730367735510612
0.512580004800497	0.604186050746885	0.204079874311025	0.574797680263539	1.2626397074207
2.14881651580318	-0.855182780521065	-0.799926185740673	-2.17201736266205	-0.0794820403549402
1.68223051679596	-0.633380205408838	1.62563633360391	-0.245359653836132	0.384314686564705
0.775442930104945	-0.459295332737943	1.48637881770516	-1.49219694491933	0.181880160591219
-0.151848481283711	0.537829872469461	-0.0332697719097279	0.0634900334971666	-0.0743344736965174
0.696166850100328	-0.415846544969951	-0.386076570684687	1.61936925437932	-0.361016107166864
-1.28500368485425	0.0137446523222275	0.413782630501599	1.83023699288554	-1.24572054893012
0.701266731710936	-0.213684276238254	0.982362532399764	0.964212415373701	1.84302939255897
1.40307865161397	-0.256388371157508	0.529607558781778	0.0964662857005016	0.454683448029406
-0.274606689787425	-0.173328573966457	0.0228262542193716	-0.106909975413533	-0.00296568444655095
-2.59037661684764	0.492536208903931	-0.626226524307957	0.899379235947944	0.377888734493202
0.238259120455389	-1.23637654048221	-0.404911455585917	-1.17386135606138	-2.39183974894198
-1.02446764045534	1.97801735022332	1.1399529598097	-0.324242854593012	0.433983367767598
0.160879988606086	0.218152506155276	1.23426445441429	0.0562101193409505	-1.45055874647738
0.213843101205053	2.61573511094971	-0.372364223633788	-0.0322815146850292	1.0327347678919
1.40251251896159	1.27138049941322	-0.407465864552155	-0.197576837761237	0.26557112928172
1.88564816014224	3.0997167160211	1.34188028965432	1.00691425184242	1.03764430882152
-1.63823339115398	-1.70106237238211	0.0847423969964749	-0.314207979742418	0.753581203167293
-0.754156129463372	0.783482890644962	0.48370896735815	-0.639037255430486	-0.975504546079369
0.299034429543577	-0.195210874685027	-0.544303291178222	0.312111404598596	1.11170756138414
-1.59335681084277	0.705949655520633	-0.350334999713099	0.609530143838484	0.536801400208139
0.676766350655904	-0.225394128922831	-0.316175807411432	-0.21579574890343	-1.19501717721619
0.00430862450992472	0.375315109214111	-0.525819662796475	1.63701554033167	-0.71014833514703
1.50286567784556	-1.1316216521601	0.803402005235883	0.847692012832544	1.23121079172843
-0.029778894381469	-0.699232479352128	-0.409940446517797	0.655931807510262	0.790434809763226
1.9677985418623	0.760379848054852	-1.7843213141628	0.306567331520216	0.427920653577185
4.27517842847101	-0.819969887642949	0.502690834802116	-0.368013615982849	-0.33333185689557
-0.911817601697211	0.629822715738487	-0.159031585610689	0.243997172714293	1.51455107216248
-1.51662564064967	0.217468150057466	0.239930617907947	-0.983398540339116	-0.239218528599935
-0.595330165495991	0.571775189966228	-0.225285920928113	-1.47502721474056	-0.606066074080843
1.40693868957889	-0.771692702129009	1.11901091007196	0.281891793992911	-0.920933872061977
-0.532996793015676	0.664402177317871	0.168689135393814	-0.524951274158826	0.759525135239496
0.921970994650888	0.521560550632612	-0.379578216968412	-0.33528063764826	-0.804951987119042
0.43458363017074	-0.239773115010873	1.00627376662085	-1.1758597844166	1.61460909087222
0.0294604011060058	-0.687159666153846	0.886377744792126	-0.15241076161614	-0.7185903250194
0.340226227683532	0.683773946050648	-1.01621674328708	1.13887575919122	0.885752298820139
0.867714457912117	0.744075410055264	0.380414123414239	0.850492280887525	1.76945135370613
-1.02429589280981	-0.596407943999039	-2.13762312304105	-0.145015022231962	-0.325684886259784
-0.442793663399751	2.48066351388944	-1.36996036210765	0.708153363978844	0.406047935730218
0.662133703038357	-1.3832460819391	-0.429742128782864	1.31462798250916	1.19462712768048
1.1581302455739	0.681862557460536	1.57091517044748	-0.280334164841119	0.530740102745843
-0.970031612842126	-0.198262191018366	-0.800090497893691	-0.0583881291907552	-0.871333040757845
1.40527056697167	0.924443393870896	-2.3920689931383	-0.21481445246089	-0.0470734844030952
1.30966768995048	-0.0500433877705416	-1.14755907731448	-1.00121664412788	1.02176432061517
-1.53335197570939	1.21909385699021	0.109916019016565	0.223915317445198	-0.113184885791771
0.632949373828351	0.0784169595176649	0.00866049700874458	-0.158600709249867	-1.57522557774703
-0.116267845009137	1.68770421288993	0.939201034235363	0.994673182624831	-0.890509909475134
0.745348842991495	0.327968023823698	-0.0377384139025871	0.0465405696530496	1.19368185347819
1.21047139599276	0.389729154827464	0.0516953119266845	-0.245429834801619	-1.96949017751526
-0.126777057061835	-1.44380730356221	-0.728229816738637	-0.557079706061801	-0.628710243991198
0.74949116881531	0.186849256499607	-0.594115752825745	0.219352659469596	1.10072936486778
0.414703351711383	-0.227901360586019	1.17554518991196	0.662326595018521	1.36119278459034
-1.4108174326384	-0.977690357972548	1.73968879337915	0.757754214715496	-0.267044555236433
-2.2847985809066	0.0501203617674976	-0.147034772646702	-0.552663270017517	1.10499803819208
0.688492572707022	-0.573991039322846	1.19016658941109	0.129743899846396	-0.791547234808726
-2.06605779434584	-1.66160742783587	0.519393097866484	0.764336678518218	1.05610041704817
0.451259971427939	-0.523572106200849	1.4344069325694	-1.56222992156908	-0.165842125443855
0.254291843107235	0.570314451765052	0.646084407131547	1.78104509075818	0.3720468346028
0.42890422931158	-0.859722682064455	-0.844139575756901	-2.19644053466613	1.25007866945085
-0.448199715669824	-0.914320461519757	-0.213773130875947	-0.469077167571498	-0.812671387351078
-0.202071324854251	-1.71106662574012	-0.879648213291794	0.422409878356233	0.0380773267226683
-0.270633180730937	-1.22140362869804	-0.779647493817969	-0.838043884088224	-0.238883033569146
0.217347754221424	-0.287039020742875	-1.95758642113787	1.73407459431722	0.146052559544455
-0.842720963717057	-0.656194434406542	0.597547142574217	-0.335898037032602	-0.0306975394035433
-0.996760387642136	-0.236398349872235	-0.00922864121321047	-0.604301172879317	-1.14979909212353
-1.58641160747801	-0.0201511041918966	0.255251206553605	-1.26265379275136	-1.9165919072912
0.572770713952662	2.9438771483179	-0.789548380470936	0.336811899413811	-1.30052829351533
-1.99379037538007	0.99673316993049	-0.0341357435927976	-0.87667883446624	1.48319248135878
0.0864400256835735	-0.703381342269726	1.03441498001906	-0.493051850349878	-0.303994327134482
0.834815630969495	1.06525039080645	-0.912333498695639	0.917232793375036	-0.584954585329214
1.49112268967704	-0.0295081129981111	0.293435120605844	-0.129933835711263	0.339226675772938
-1.10565181532959	-0.0173809321352818	1.02324148536525	-0.455494146401514	-0.836291510745808
-0.299303155388649	0.888568555372485	0.165182019425113	0.425828796337074	0.543804282979037
-0.353558025115814	-1.16154115140436	-0.370333551262516	-0.379529084490697	0.415894603952795
-2.18632465530209	0.523234462791075	-0.621953664121972	1.7671804370926	1.12766519808667
0.476374813101416	0.610469291667196	-0.384641089984478	0.00280700160174363	0.0399293801593049
0.3094272379245	-0.461288831723717	0.805900669001884	-1.23740685514473	0.448863721803323
1.12322440123505	0.593561158552189	-0.457103088383696	-0.793141650123454	0.307932824049048
0.472277691237057	-0.0252920146675276	0.842648759315692	0.0413510257042307	-0.25149310264375
0.900621325536885	1.33968123135834	1.20208386327684	-0.963932128165897	1.03619546254109
-0.320924398120498	-1.19835526230391	-1.38194200254849	-0.21095567945957	0.470787951221531
-0.38763276464848	-0.834132784210129	-1.64315546458862	-0.13050076282137	1.17222817853091
-0.357463034447079	2.37269459013119	0.947417726062975	0.979987638109142	1.25840286358489
-3.08667691544938	-0.151205658098495	0.259173025183555	-0.169797768293679	-0.541351942809303
-1.40755058068723	-2.44079291886091	0.442932429523056	-0.942657651663192	-0.436897320415629
0.588786597288491	-0.418168168160261	-0.990523852007041	-0.44721987691068	1.91320380331997
0.57007912109063	0.121951959366076	-0.275278497252717	0.781154773711178	2.43783954765777
-0.433925291657509	2.20374395257239	-1.24699006910516	-1.63434509779025	-0.364041306851555
1.53672420317054	0.192445720810569	1.11590422283939	0.191453135631996	-0.00894347118156891
-1.22270140062417	1.33366784184301	0.231190099120196	-0.896592246485381	0.783528045171398
0.708414274118843	-1.09605583220307	-0.140793226873161	-2.02643146594587	0.72481424647232
1.78863923187119	-0.65745969992962	0.380328660327446	0.820997274317773	-0.114496361345317
-0.610298282562699	-0.312117383584104	-2.23017256719034	-0.160091105536717	1.95612936173542
1.49839661745283	-0.357792671416343	0.0676219890179646	-0.70415443426665	-0.0651285230575423
-1.09930526197516	-1.21769694178687	-0.354990266543453	-0.46844515787535	3.41523390936392
-1.10585404348871	-1.85160777291171	1.20301667463095	1.52602588395485	0.527004602211166
0.0537070889381207	-1.14236004563801	-0.214431485155785	-0.31680732603367	-0.000246624090030647
0.115730298531136	-1.11760999907808	-0.409829525510848	0.375027990589087	0.685233996679495
0.798199146956418	-1.38889086302073	1.1231275512971	1.39440764549297	-0.228634331007093
1.36747467929762	1.62759354097512	0.125854926947361	0.537176109505599	0.652056427146463
-1.40889204527397	-1.03407016506701	0.793053830435143	1.24227990125374	-1.1890454258143
-1.41675052323493	1.14527768226604	-0.778891679229142	0.232620599232859	0.0196553418965824
-0.439891970162505	-0.794833617490939	-0.445732993775426	1.37877519942772	-0.298174578215185
-0.99238921728454	-0.708638535922123	-0.329062500408525	-1.34202218997713	0.684571439384714
0.810876617762884	1.69821131165181	1.24692770043868	-0.958429905770352	-0.750390713189721
2.03544294916535	-0.306686654012226	0.526599375003569	0.478672289752477	0.210007739285948
0.848937263208484	1.55477654709861	1.09990035464264	0.584920954159095	2.71629196481519
-0.213375366422441	-0.425757083202052	-0.140927456542067	-0.0990375123991889	2.90594589041452
-0.955573765308462	-0.0162291198704441	0.745475548922943	-0.300637776220599	-0.526691986633784
-0.818287226639124	-0.108562187880619	-0.892981886864749	0.16373216826901	-1.56835323418781
2.17362345601835	-0.998026468479326	-0.474337465590841	-0.0470427150193244	-0.255973083317559
-0.14648845346039	1.09205236105819	0.176119903685368	-1.20368205435255	0.804604988084541
2.02912340445675	1.41167536650626	-2.3294940908699	1.81015600155828	0.466285627782176
0.31867726996627	0.363188354563491	-1.31407814142078	1.49720273682327	-0.698428561384303
0.797443719068747	-0.0946735763337557	-0.498587369085326	0.274116658439789	-1.26488617358645
0.771794230772945	0.578758209768386	-2.00394705194655	0.996535714058918	-0.443152075660511
1.06980151791237	-0.148580879202736	1.11655533683413	0.118487944938544	0.576915755840224
0.67575392080361	-1.07207904856929	-0.972722767993315	-0.546033437601526	1.22815227939606
-1.21849206868095	-0.138433861988748	1.15843578874226	0.850130547469954	0.3598127339824
0.176848079553521	0.613140664140622	0.114312222943699	0.35511064798679	0.130437463573813
-1.74148658535945	0.77249856450454	0.711655508137352	0.406342620938431	-1.27549309032525
-1.17639704265786	1.91848721486205	-1.57690928512525	-0.632580281044588	-1.48420838371146
-0.313433722279305	0.987073596316632	0.503194760589056	-0.0827562072839698	1.38321677256591
-0.236153794625457	-0.306665847997326	0.350525251597086	0.831010423656511	-0.820927968248604
-0.0594215790787808	-1.65706724226099	0.853611140388548	-1.56826242053788	-0.610227864654483
0.104671729346774	0.230888358890563	-2.87616808140844	1.69340638838385	0.207120283524699
-0.261703390907964	0.295486280090046	0.155534080200841	0.469146368353282	0.812635726094947
-0.811282799462548	-1.16445591536731	0.665082947825054	-0.165083411905208	0.474856553421008
0.464339586877898	-0.24628218701344	-0.877589990734195	0.930546695584932	-0.327671950092379
0.142726133210445	1.64071052465891	0.171593468800523	-0.110225144492111	0.77295934545289
-0.178100018631263	1.96516575769004	-0.389036057492417	-0.559326283363571	1.94152252407632
0.283102398866947	1.31396436399287	0.0253819274814014	-1.34004394336745	-1.76212887462951
-0.560969311539964	0.505771598947264	0.571529326518983	0.604129313522213	-1.63314843841112
-0.10471964014229	-0.0242753574100929	-1.73058166839229	0.690853276232926	-0.259627376778175
-0.0161809972274341	0.323756031341359	0.406601861575137	-1.74306146269726	0.700715856845556
-0.566239523060891	-0.145448258051808	-1.18255665739909	-1.72156974297469	-0.0792261201327595
-0.160964333567574	0.0176437650201175	1.1042251164721	0.494238293984176	1.14593035410495
-1.73705278063275	0.177152883556267	-0.988355476793287	-4.18083214387059	1.46553543889218
-0.198139161587215	-0.441168001503151	0.133195445425141	-1.70272384020401	0.354582986935165
0.134825597940626	-0.576141844344095	-0.962251067570373	0.40088366265687	0.174172475862153
-0.322390133161528	-2.45619701893025	1.18186300139781	-0.667146443192515	-0.6121609451458
0.626655450790006	0.299064855287802	0.12817642470286	1.11307512623634	1.3824946909971
