-0.115278865732322	1.4180797375983	-0.0378948204683671	0.553112838019024	0.889267409011883
-0.545577831523907	-0.162130532444386	-0.235101512637055	-1.4627518560919	-1.03419715142882
0.960950551290253	1.08319609204822	-0.171959802233742	-0.385753360586026	0.915267875587249
1.47418453332004	1.55156938851083	-1.27863173197495	0.217143498981499	1.94905810083407
0.457115004033767	0.666490842745265	0.567683126486002	0.0431125967227379	-2.26545565523118
0.296572393838511	-0.989805792281187	-0.376062775064937	-0.831550750157435	0.917465431801685
0.491459001037012	0.438734151162753	-1.81524119077577	0.563781253631747	0.518914859971888
-0.855241511355676	-1.15298242727297	-0.47739780365825	0.146190017522975	-0.561967072830846
-0.565030545359857	-1.17269805831463	1.53578656330307	1.06755434257327	-0.349125780614129
-1.07376837940645	2.10580473868855	0.452771324520242	-0.98968479217534	0.431181341702447
-0.754536561190422	0.475351665811622	0.452271097396698	0.755111002904419	-0.245537377839312
0.398397928318568	0.370826064602937	1.43786262257115	0.360380170526991	0.0909491720502396
-2.08522746862455	0.736169855596775	0.859809599576675	-0.120547986175989	-1.07588038009446
0.286370048635943	-0.794254755989953	1.22890355906088	1.06013066675103	-0.102802187018617
0.481370431747642	-1.96639480385614	0.655136691731824	-1.3624378993785	-0.961782695178778
-0.54743216639618	-0.333056095319863	-2.41824221094058	0.0748717917640913	0.307448393504106
-0.89883848933824	1.37424152101114	1.27227087972894	-0.927931696494825	2.87472518399482
-0.509285373634075	0.471587859403248	0.975285794641412	0.679837259447809	-0.18622797411702
-1.50996662006022	-0.765069899259373	0.232173411087713	-1.25625718619781	0.163598054849449
-1.00339500183242	-1.49488107058829	-0.306501460225346	0.650738045602967	-0.647298786843307
-0.325689761628745	0.523264841929063	-0.307683575448169	0.375868674409702	-1.46368212250873
-0.423859946110725	-0.673831634914169	-1.32303119617627	1.27696192694183	-0.371251166285147
-1.70412711971498	-2.29230377786659	-0.745605250916706	-0.0392721628522886	-0.505326384747724
-0.331349973686716	-1.44741358952965	-0.418797019097291	0.594463290759366	-0.491631170444313
0.0688654329671211	1.32768598517565	2.27585562356864	1.41557598530431	1.14319132526939
-1.07631439205164	-0.105854563962577	0.577579734248533	0.412794498250675	-0.725896280412278
0.541464344779835	3.69791879986681	-0.792347986362871	-0.782405318066756	-0.640505910400175
2.25067820353429	0.684992337227639	1.12136872403111	-1.2885472913601	-0.5020042152324
0.385697337277637	0.277555477062887	-0.634304530395236	0.0919134161876542	0.0682466447453686
-0.0531618467224386	1.34332468441322	-0.135674369850674	-1.14288995240409	-0.749878215189631
-0.743595549528031	-0.245828789158387	-0.567471280511112	0.14822763939391	0.414613832508879
-2.54717108410955	-0.275274539257627	1.9816628865913	0.238170244468815	-1.41384700278658
1.01876041368448	-0.659016677840982	-0.0984897413464732	0.11307844322748	-0.0657237548810851
-0.485711404629702	0.52296159261619	1.16364211342637	-1.06784359546989	-0.142995577466312
0.10930367814349	-0.0557783346894886	1.42734800777781	-1.21399913961864	-1.31347701616357
-0.337068306007544	-1.63879085454086	-0.346982361187067	-1.05524634611343	-0.483736093726343
-0.423272057584089	-2.30942192511639	-0.950153497307787	-0.602611869271887	-1.58531503650156
-0.0703716759717345	-0.707404123831842	0.393912138194587	0.733998882221372	-0.169193621912732
0.0891908378576412	-0.115807004892525	-0.641937104153543	0.734750178790081	0.232486544453224
0.905763303171508	0.282429440918398	0.491577203615811	-1.07024015478567	0.119859991721445
-0.174779662951101	0.473351740891269	-1.38386860647483	0.12999047788784	-1.41472915973932
1.68446627761617	-0.480252769081349	-0.000552672468539692	-0.225338700265271	1.03087999130461
-0.967432880123563	1.33665324984889	-0.374229066493061	-0.311822284381073	-1.11964316912
-0.686962182056738	0.254847846205364	-0.605442958023354	-1.02698399205029	1.4202777005336
0.389657398756024	-1.58288598141827	-0.669393096393099	1.88806434209689	2.50706666566474
-0.22987056178679	-1.33508964999453	-1.73388763905252	0.891475475038855	-0.544648629384637
0.856179676285452	-0.567868919519494	0.366830158090322	0.0112219930485766	-0.342900025332819
1.12640917703939	1.06358202920549	-0.415884057399807	-0.341997264262999	-0.221096885655099
-1.17407759679514	-0.581436910438105	0.257965384030117	0.263926261955828	-0.724387956689339
0.813826275913377	-0.0881401143463407	0.34322202418212	0.90193935254384	1.32305111930821
1.11342185650994	-0.306242263026771	1.96377775934605	-0.121621481330226	0.736954731329139
0.590366253992453	-0.324011013930497	-1.46483293622879	1.00511959975503	0.530187892386919
-0.12450161025859	0.324882520544688	-0.175541922612627	-0.413310993680773	1.03352797515761
0.453743444374642	-0.170369844084325	-2.76872775318288	-1.06106146756121	-1.43933888050426
1.4056873123184	0.159500385834235	-1.06162676627931	-1.78482757961074	0.96893967170351
-0.681583833854481	0.823726144789953	1.37507792430793	-0.133907626676058	1.38949530231633
-0.647078655499316	-0.898842167503156	-0.0472868710623098	-1.17463405476028	-1.56488329339876
1.27394417156475	0.47737677909848	-0.162185382196369	0.562677588556737	-1.33946176720908
0.562829188939837	-0.441583720244018	0.722979981516592	1.66359800936295	-0.990993492691048
-1.19419794543818	-0.806114347820769	-0.437004419353379	0.881086791746636	0.0565690242292399
-1.18463377245208	-2.33234913445687	-0.995011128696121	-0.398110480899513	-0.63597403901213
0.0371889169547627	-0.192873691603595	-0.643266104580173	0.770064379080716	-0.427501939505783
-0.485057367798909	0.476508826469735	-1.66008144413446	1.02648891879512	-0.122811089201997
0.451561427445523	-0.0472238853884301	2.13169901554787	-0.111336175498552	-0.86601709999608
1.29488377250184	0.97172767951115	-0.0275135460695885	-0.522576339973639	1.59446872899635
-0.971583513657448	-1.90746108000308	0.413545802177839	0.948568852265449	-0.672230684691617
-0.754210643478459	0.701512301570841	0.828973745232986	0.690396504658017	-0.932444523319146
1.11208379016199	0.320881908018562	0.0934708958883663	-0.806643476519242	0.0638777927042548
0.119143840673713	-1.14170791318977	0.377720826248997	-0.352980131852119	-0.499301626952318
-2.37959836329344	0.889026911567887	-0.971393395377362	1.45632685160939	1.12754473415038
-0.187975450468535	-0.462088130721421	-0.619096609452172	0.44316804921135	-1.90732269328229
1.09430519069732	-0.217049626497908	-0.582925604758952	-0.351366269365809	-0.107285063069251
-0.0916814736087178	-0.403935901204794	-1.66061401649893	1.64589749872339	1.28635515640223
0.0490637591285653	2.13196494249222	-0.0151961790154338	-0.149160886400559	-0.656298969168757
-0.577107578231104	-0.118008295370234	-0.107079223594498	-0.966732701622285	0.929337364483126
0.210012605272874	0.616463802008393	0.896491554964449	-1.6180244070655	-0.0697371227884173
0.0929679685365749	0.66962192018711	-1.86235107668056	-0.763283961875351	0.114223331244028
0.186184045478172	-0.710775255032079	0.292423978409521	-0.788861543159201	-0.374038053315405
0.552265159239083	-0.0816657939062729	0.184356557482041	1.21664807084518	-0.82159121722625
-0.487452074510508	-1.37184871869279	0.236265944569009	1.54445246124943	0.0573410520897219
0.880200038992192	1.00331093085492	-0.639320793966855	0.154741491509773	-0.135479691452771
-0.413948430026794	0.573439757716156	0.312325837492303	-0.907091999391063	-0.847509521597284
0.252927873554927	-1.09148914893311	1.0052935012468	0.432891876764787	0.180090674312053
0.12672735883951	-0.526720097611666	0.13847686258619	1.3022054561408	-0.214686655858319
-0.899909797688014	0.354150103667492	-0.82189140980794	-1.79873060963171	0.24635663857029
0.0927995999875438	-0.0422582795433202	-0.175699396034303	-0.826141345142718	0.282131236332189
-0.964827297953946	1.93995579570225	-0.327364015243331	-1.72880860630252	-1.59575456902223
-0.383022438515855	1.71283136825251	-0.143432687675645	0.610735257162569	-0.417901498379574
-0.097395325837597	-0.0935291527381928	0.388325985001751	2.1386421212011	0.906087723252928
0.10070323786704	-0.383636272185063	-1.70953774120159	-0.192375559490197	0.300615988074675
2.22546824642798	-0.260444816215486	1.22668071340807	-1.2341891184045	-0.333936556487924
-0.453087509734902	-0.3318555740054	0.812671942121336	-0.25776013833673	-2.33825759591899
-0.549795068801423	-2.42215129219548	-0.134486535327685	-0.0502013491158566	-0.142037326470271
-0.528335677631168	1.06039604540729	0.663245711118555	0.207085425533509	-0.00485718832290515
-0.426882755367362	-0.195401069977235	-0.513581371458943	-0.401739747099432	1.38606589209577
-0.0335438412015359	-1.19053125687001	0.211468890914882	-0.455456387654766	0.497578377535408
-0.503633904490536	-1.70363601214439	-0.0970524567011097	0.804791812370118	-0.262896722522568
-0.219191492149087	-0.158115497145035	0.5319753698466	-0.0707098816910771	1.06631530506394
0.513692092688459	1.2243074144123	-0.518980475508529	-0.595292342062474	-0.168509083886774
0.790134367296039	-0.0550143438938619	-0.881052422943916	-0.151295859340932	-0.623315980132395
-0.00784684414274855	-0.0136188094310868	1.17804511788499	-0.830703538570686	-1.63266104935606
-0.214620041848742	1.08010910924007	1.21069089271229	0.606412047076411	0.913752478197442
-0.447623804679172	0.351257971841945	0.658601622576538	-1.14955154863804	-0.322011591817175
-0.216577295807397	-0.0187947032643678	0.494232273167397	1.21902460527314	-0.921967313514308
0.0234247022551786	-0.462809248081079	-0.797393309038113	-0.205789803207511	1.25561436415393
0.826093935824837	0.571340250324161	1.93301448870095	-0.586915754461632	1.1675760556528
0.288729491355912	0.705590927633711	-0.0782692911565557	-1.20521987417222	-0.182834220934407
-0.922365795769057	-0.603831987572296	-0.815871451236931	0.113341257357373	-0.190601379269175
-0.991149692542385	1.31247379810779	-0.0348283895102112	0.464820573802768	-0.156448592463869
1.45191611312585	-0.40857355314017	1.21565066246351	1.96803262022846	0.134956386043189
0.271506757984187	-0.525249065203914	0.174885673798182	-0.0740207552139816	0.430951775887949
-0.436656323625325	1.89629196020886	-1.21036111062576	1.51383255463882	2.11544942635652
-1.33539389243042	-1.23762374505627	-0.2456648445449	1.51331751691428	-0.0319368858534587
-0.557185951602011	-0.573607178260195	1.01326655439592	0.551368084956932	-0.128151857675945
-0.672003413327359	-0.756012815198633	-0.376970031183705	0.857603066361619	0.504506226331588
1.66744197067668	0.727857884055342	0.919800195340708	-0.196694407156492	0.7551768122491
-2.3347240109453	2.27236522785856	-0.625146925416141	1.10115396624911	0.191965008572645
0.184357365904959	0.306338293512082	0.658570626942073	-1.5534102123684	1.17729811883719
-0.595256177539178	-0.0694145564110841	1.2608565710847	0.409693637027782	1.86817952374614
-2.07463427912889	-0.80615838583979	-0.1594500244932	-0.112182910072355	-1.05033074162951
0.776151581892226	-0.317457719265322	0.126825696766737	2.07623708883875	1.41372279563389
0.363438600992136	0.182870748488714	-0.992898917730867	0.00514413534898397	-0.722410563102942
-1.8859910614662	-0.223588905676654	-1.62516239638713	-0.000580650569091984	-2.16612717597143
-1.1700824435815	0.494170586893481	-0.694849626968982	0.199028846736587	-0.582574222386515
-0.521719850688761	0.375095725026165	0.669551378323874	2.28658127759847	0.235620065195622
-0.106196569089033	0.188499380933769	0.321904086972496	0.100606613300213	-1.766394972444
-2.83047770862147	1.07536716626902	-0.579507204589963	-2.09470024033285	0.523343208410815
-1.09428962240921	-0.994025415875546	0.96957661233184	-0.597675274380924	0.666094331888151
-1.00011805900169	-0.926382416830956	0.0954078176619717	1.65080741777177	0.36114406974694
-0.0691043370533902	0.229892722977495	-0.0961968485142926	-1.26543826091477	1.12482264908342
1.27317475369574	0.175130556185813	0.130072977143433	0.763809670000735	-0.173854974516892
0.399175716607367	-0.120037932554441	1.13018355347526	-0.493006780323132	-0.152558781842104
-0.400134105914993	1.28645094268464	0.671220425764103	0.697819938028496	-0.448876091361672
-0.788677484591323	-1.22289808082255	0.366264034004185	1.24307601730604	-0.167199131787075
-0.991311982973664	1.93053216378835	0.693404231105965	0.704063975822585	-0.269471670699534
0.4809217599819	1.13784308688593	-0.424620998723048	0.666561536397621	0.920467694144697
0.549446831440088	-0.0453299527234614	-0.766934686803638	-0.202547917037372	1.21007247409692
1.9009653656627	-0.337146913940766	0.0481674214935354	-0.725943405154419	0.0300496816550893
0.00639355714751226	-0.449999515060555	0.0802229380210426	0.669292086224614	-0.33288911081538
0.318671434711166	0.855686521555945	0.125097938151097	0.195665073488168	-1.60832575616071
-0.64623264157006	-0.10828195271377	-1.5260492208994	0.29499140808719	1.98049954466794
1.02087593913697	-0.552578086282573	1.19685611435965	0.624138419079343	-0.506052593551168
1.57651877052143	-1.21603125034548	0.552188533440397	0.396288935726288	0.325458249383495
-0.643126344479924	-0.142399215026444	0.331312109910509	0.580242967510435	0.703657954642381
0.500495929356368	-0.0244227279424055	0.0636627896306027	0.675859721910625	-0.299918986129979
0.909906512887506	-0.633414825543222	-1.68164257249589	0.95269877912145	1.52884838245728
1.22112817150141	-1.18483012562487	-0.176489492235418	-0.103221648122604	0.697228912977816
0.965943969284085	-0.413476218821053	2.45509005372245	-0.928713055101035	-0.187703343177169
-0.268299633543352	-0.443092739320199	-0.689164671598844	0.374627275149408	-0.375082780434043
0.680730508961478	0.0845171555041779	-0.223415786821468	-0.361891729981481	-0.394133511901096
0.184655690420548	-0.81080997597573	0.605078820239535	-0.451443224921482	-0.0260281649452132
0.351119120146221	0.78716636146431	-1.16750995932498	-0.858864564483406	-1.37675662497092
-1.03626835559844	1.16939533932523	0.786168537058687	-0.940755463392404	0.703741690068988
-0.950484680191668	0.48395398618498	0.0486166465710786	-0.113080796102955	1.59102750105534
-1.16180817757003	0.387023929549476	0.949855260891563	-1.09811071333299	1.35075166571477
-0.355377684251334	1.07013564173658	-0.57488794211913	-0.424661087718252	-0.236909953798615
1.8801907881176	0.821310426158877	-1.59291840977794	-0.597338264536835	0.831941099224263
-1.02026035931555	0.374660064713127	-1.57808206850501	1.30052713559755	-0.309866573943537
-0.573199496204185	0.925373129290186	-0.0441311709503983	0.538111504533316	0.79709254955216
-1.96874579453014	0.720683172490721	-0.512091866506116	0.174216299266173	-0.317487800776793
0.847532452679233	-0.517382589003636	0.116098603269016	0.838798728897068	0.977700171789665
-0.404489393319027	-0.183923981236896	0.420457969128548	0.745876966401139	0.627023489378357
2.12158902226698	-0.791457445018451	-0.758797931107453	-0.552724943495426	-0.0170622982713202
-0.664153380584504	1.48748115147723	1.20297205618487	-1.14621460127378	-1.52686696579075
-1.29706649957318	0.229258567881749	1.25853307026266	-0.387448242312498	1.02547904053131
0.793288953921113	-1.09851032085346	-1.47858947392158	1.82497760379605	-1.01075798388396
1.05282442214645	0.237615565321714	-2.40262473487719	0.469064356574668	1.4479545001131
-1.96935723774914	-1.1949119871974	-1.09276643509724	-0.867666140492152	-0.249635937027805
2.35001775964792	2.15819950531629	-0.0741496380294663	1.2412039491667	-1.70364993378721
0.61929475685213	-2.11625172333273	-1.60319265805405	-0.437530191071153	0.198953888971297
-2.20673028414557	-0.705513475320507	-0.612301855361334	0.80263317843343	-0.808968278775272
-0.710476003159257	0.609808510603342	0.54146151500834	-0.207889698038557	0.691437206374405
-1.34991712221438	-0.873138957681519	0.914431901131514	0.352747382231991	0.732184505085001
-0.054231430378948	1.20760641811215	-1.5772599878151	-1.6575202517729	-0.886119434252775
1.14552471446186	-1.41942173540809	-0.666006436488262	0.266042935653668	0.297486576596198
-1.26316452379745	-1.53381247178524	-0.244331966649701	0.775914764914736	0.303950397177009
0.104949390036913	1.09707929086305	1.37818342686339	-0.611772499676744	-0.554884882518635
2.02674324553896	0.518797504464681	0.573890279458638	-0.341045128062934	-0.352001329246233
-0.593204857072434	-0.689754272500614	2.52423039576637	-0.713043961857693	0.763040319149514
0.720603665568254	-2.04676685506717	-0.749894248541367	-1.09918866570191	0.159942845948575
0.268999133932665	1.86154614238594	0.0906866561197422	-1.40360208185603	0.577008211319637
-0.944433711373335	0.420415379699805	-0.930161576957615	-1.13005175679007	0.3596089204963
-0.864229352984353	0.252420860556245	0.735093685994148	1.72011595203817	-0.706018937443524
-0.743222275326473	0.565153496600726	-2.35616418619526	0.25066604119464	-1.2020417731695
-0.0113771566933599	0.943832248382556	-2.69488235690679	-0.532801783803582	-0.153142421157536
1.28774050444486	0.145064056092323	0.249097888238528	1.49628587335888	0.608449656296303
-1.69661316004229	-0.711301417799271	0.407749951325184	0.367818550163657	0.843516991947826
1.94967654189179	-0.327784586589749	1.333486711823	-1.55069996065995	0.587977733461256
-0.494459969803695	1.14638090927079	-0.288854585298556	0.595261041480782	0.402144445478216
-0.200459447309129	-1.41849023873863	1.20407680562788	1.05326981972797	-0.287086184582119
-0.787325344986255	0.571577248034917	0.439496335930353	-1.18346398948983	2.68597039478556
-0.356315147167973	-0.742312267964706	0.314351366669223	-1.05526056657599	-0.842701285710664
-2.2070817123465	2.36691396474688	0.13047596845393	-0.226945876897954	1.35771642149985
-0.677373916697725	-0.914887740196305	-1.01587627857376	0.315791515483703	-0.496424330309588
2.28377243761098	0.403921055813331	-0.201327692347305	-0.380686620958335	-0.625702728685714
2.17632814990105	0.833278815690796	0.159953746385302	-0.477514073551374	0.261718652204856
0.570564591617274	-0.502971180617018	0.0230756095172657	0.314777618968648	1.14085325421461
0.020603468864453	-0.698168090645123	-1.50048192445851	2.34007616859184	1.01658047865601
0.780598524496665	1.28141778207874	-0.949959065880912	-1.97103843087255	-0.213491742672429
1.27621171392951	0.725038933649583	-0.353404966871861	1.17987745982312	0.65248302403139
-0.498027019763399	-0.458361770870731	2.23640450190023	1.25499586885655	0.238533020753836
0.741201822038262	0.558172785673215	-0.155113995802333	0.996077741157497	-0.0872038860259349
-0.293863277522221	-1.46629013594361	-0.621749617315194	-0.871077850590394	0.677606795481545
1.65484990008068	-1.49815809365985	1.19533140397934	-0.894293379672177	0.663340432373593
0.621588415336846	-0.523796236203447	-1.70720245812597	-0.150106526401358	1.63672478050477
1.39868627509124	0.765840685811768	0.231712665081831	-1.55325895975479	0.492312356989069
1.74036918485147	0.826809376478984	0.358187343724527	0.55058846064168	1.06098139317278
-0.425638338906006	-0.929440140306098	-0.6504607178421	-0.422252243115012	-0.0639522911273821
1.32752174120086	-1.71814419368376	1.06616070083218	-0.83753138736127	2.04001621721307
0.759028211328537	0.862221040112654	-0.196566536897536	0.427955987591176	-1.04457447977974
0.229968634857285	-0.591382398926702	1.51639060454616	0.409618907090243	-0.0616496433850249
-1.39422622510855	-0.205407526344221	-0.409816754153962	0.177122051975595	0.346223233541116
-0.955775904000329	-0.109231257039625	1.43034530853554	-2.19917174463117	-0.551546130320208
1.03434720270487	1.2806324047404	1.01101197060498	-1.57316380191808	0.344362023196205
1.09495954696364	-0.605973161427901	1.16457337710351	-1.14389513813949	1.51624015971754
-0.448699386917855	-0.682296145702639	-1.00142780059161	1.40894586405962	0.688414947256873
-1.89548558215053	-1.84514765242386	-0.518176852201988	1.58155147231248	0.103103237033375
-0.0077261194112276	0.161239659162785	1.1390325607135	-0.789969040697306	-0.444342792295229
0.137888946522729	-1.33411186837556	-0.520627227768919	0.67426774166468	0.153337969602246
0.456684991418561	0.967957057953293	0.35744315879297	0.198555645184102	0.865836582077198
1.66298561904791	1.84254243707182	1.45518162558444	0.369921190105181	-0.10659073182151
-0.347226271740501	0.336806214542223	0.661022810322252	-0.921852681684064	1.61246793703764
-1.22039823069334	-0.197805862250363	1.45227970752426	0.108748513302046	-0.910259985934894
0.411487378155039	-0.520567552232004	0.767766296504932	-1.02082802661763	0.0880785915454706
-1.54264957058069	0.111342445442895	0.333950747379268	0.707280219038955	0.373303498023313
-0.308890165825197	0.724438904532724	0.219470253393292	0.427540466365642	0.924603906596789
0.136469713080552	-1.9935330904353	2.33746841781504	0.421754076008265	1.02724255171682
1.2620674954695	-1.36484379041446	-0.220434039774124	0.847396999713867	-0.420516034235501
-0.431033530609112	0.333979806912733	-1.05726066169809	0.57194366291006	-0.104757774896544
0.975159392099092	0.110952709647912	2.23874723472324	0.325482952959532	1.23396644618057
0.417729899607203	0.133771499420643	1.29492209864842	1.53098913726368	-2.3556434408594
0.0919040820250563	-1.07582195831857	0.374386627237888	0.812532473002057	0.20914896814871
0.561100899031365	-0.681744914159999	-0.448179265665697	0.510619810891998	-0.167701670973897
-0.751181585115833	-0.376162211832846	0.409305927458761	0.731387763997887	0.627407945698708
-1.25146684847415	1.90348202544222	-1.21606905353676	-0.749425212997609	0.178278673458814
1.70749669849649	-1.13384965201515	-2.07680163619985	-0.187060543116114	1.26140541065855
-1.14865126955727	0.683323108319668	1.18834316436215	-0.367063458103735	-0.0175135030935122
-0.989187518372617	1.13742835180362	-0.724922071131873	-0.167375247135086	0.158489669894202
-1.0960801116308	-0.272077570200639	0.713601301728657	0.0175737321992364	1.00898760252925
-1.08807424474628	0.645586767807417	-0.431112557659477	0.658970520863844	1.26787400883894
0.211734458789919	1.08258394472975	-1.58374641799632	-0.432740521271482	0.912192121248858
0.488128780217458	0.531463552211081	0.0185435533281386	1.01742568542736	-0.0388119094676297
-0.748457133618746	-0.886282727260753	-1.47921289362835	-0.0540001426915206	0.11841027058027
1.31568791666755	-1.02788067334633	-0.198021848202183	0.443288675123045	-0.318730879793844
0.16874420316875	-0.793860026153459	0.137655289583517	-1.02142210701178	0.501503947782053
0.472207047531167	1.35128747248992	-0.163510326920406	-0.946541059448193	-1.499777740199
-0.16225815671282	0.987194910364894	0.946054641441651	1.02582334359115	1.78732199602256
-0.0629039376061706	-0.38138286000248	-0.791204322444259	0.111961010288998	-0.608066440873339
0.964425901915909	0.713583216183689	1.90643995152955	0.216134030418764	-0.544500411980022
-1.27306577405478	1.4666846927562	1.17022669918932	0.363447795796515	-0.524040479071767
-0.0172721362258875	0.27389665625599	-0.0611813622958464	0.31131582047621	0.283346442060984
0.173234082236043	-0.938829810898342	1.58668736293951	-0.342584792352558	0.752386941572599
-0.72823182392022	0.91081909020228	2.25124381191845	2.00088670050052	0.0248608368850498
0.406325253404614	1.67916964962824	-0.209665963279273	1.80940694708969	0.573647287588628
0.459472173860084	0.0992695689203019	0.225157669194418	0.436573628750475	-0.428956250378449
0.727158508768326	-0.680953643365106	-0.706415518320182	0.805746896325864	-0.507326196095373
1.1675898106577	-0.234819822179211	1.49628205636125	1.54416181536872	1.22915445289327
0.466673004980411	-1.53003481077208	0.161667111518748	1.11310293279523	-0.992447787699664
0.136035516707625	0.043434808660072	-0.0782496660993775	-0.336954580978168	-0.797254070827923
1.71481435701758	1.77924831376028	0.169655530635034	0.359407777074457	-0.0909186913198946
-1.15722299736221	-0.743990682765601	1.09515594395895	-0.458966706826015	-0.502774189074836
0.619471715292804	-0.521878089314069	-0.193075258108513	-0.309809907234204	0.546351957799762
1.14563009736258	0.61103960489162	-0.671113161751626	0.926287882014751	-0.665502791870168
-1.75496560265988	-0.782594974516159	-0.363778920459585	-0.814672188373847	-0.444355093136172
-1.40654697864446	0.423385077580761	-1.74713411275196	-0.21070196546242	-1.18018778586793
-0.121432714264542	2.04766284523166	-0.692269118742523	-0.344964830397192	0.197301034455892
-0.0379245904882054	1.75422100096325	-0.19222639328609	-0.0462012333561458	-0.271628322117727
2.12501627789812	-0.836704197849206	0.198013492185116	-2.76347654945845	0.0136274727789902
-0.105491917318554	-0.303992283442769	2.4846220617262	0.707230514255587	0.250982171424135
-0.808885400885516	-0.484165846693451	0.950469597368052	0.59628624287614	1.3580380648408
-1.33468624000734	-0.812856072949352	0.318542431184215	2.68593548291041	1.12521618596175
0.791431971368108	0.455950189504301	0.841515993921295	-0.854166463923682	0.936680695851983
0.29739944508686	0.249410828931531	-0.221639237600516	0.625036539620992	-0.177877491366099
-1.1522722714964	2.19508477654107	0.814304201997262	0.445219030269137	1.5806980996424
0.28315634416894	-1.28877079586499	1.34855097116127	-0.0202179984596246	-1.94169783251602
-0.00367148543342925	1.55270577332989	-0.455144208847571	-0.995555050271792	0.638452758031402
-1.43641747681493	0.962746012741703	-0.140773432640963	-1.63846118802886	-0.102490369991908
1.49530531362024	0.789151719203241	0.643976401241451	0.619932690431457	1.57961780796387
-0.834305018244782	1.97434886518865	1.55498493805379	-0.488730635205111	0.907990782667871
0.782480616375826	-1.34848174632326	-0.57623428548208	-0.958390102942192	1.17620452178883
0.681966836117332	0.0364998241867575	-0.6253020349961	-2.03589597689978	-1.08738267690099
-1.11126589836435	-0.443781045518236	0.679926931844692	0.226476352882438	-0.634589678342967
-0.130940942600106	-0.0644078821570769	-0.906209456448995	-1.00665150328329	-0.334599854624488
0.378087851735532	-0.0431638689347338	-1.27729053941557	-0.0127423390787362	-0.461001023620741
0.207589213171004	0.818576723469625	0.640294994995317	-0.303690364118796	0.750588955117032
-2.69512288297305	0.252201803834495	0.117926335909059	0.0131627128660581	-0.554592828557886
0.933105111048826	1.69008100731626	0.476508366292803	1.27669543387291	-0.317482027510283
1.04611622956166	0.534664070421623	-0.143577692592682	1.79175452918091	0.706792544110946
0.695978288101268	-0.927218533798464	-0.797550747546872	0.604823608487532	-0.147599257511148
0.259087319845371	0.150832944824456	-1.1215093457994	-0.972982846471169	-0.802748717525517
0.515831463981016	0.899537959965854	-0.322280645550826	1.01062315756445	-0.0343611177989206
-0.551821714224704	-0.102400604841879	-0.318395971207185	-0.798701571547463	0.426644893181138
-0.445157505360155	-0.16666387979251	-1.62289378447582	-0.292120620486506	-0.203295844581221
-0.704248832143623	-1.22647131716828	-0.321695358863155	0.575654447025095	-0.402912860307453
1.62838626141368	0.456245631053189	1.78004548624526	0.888294942684341	0.801533460329577
-0.480976330475103	0.295037424195027	0.235654235320059	-0.395838838973512	1.78654323948202
-0.35622559100518	0.207673922482731	0.952245625714468	-0.934961479732876	0.637441336862094
1.91406599766752	0.469629768154848	-0.395655684118056	-1.65833476279798	1.07064893065192
-0.84906924359317	0.565322498359149	0.768663365337126	0.837788099341295	0.201364353923217
0.684742998012462	1.00601000026032	-0.291247049283491	-1.18668987666959	1.40305002112815
0.13057375894764	-0.417275112095804	-2.40103374382618	0.424837254603633	0.151705294656358
-0.174640150772788	0.522786770810133	2.53752312701544	-1.11832325992301	1.46963800724734
0.110058049973468	-1.08025500598539	1.52231577645918	-1.08180654972752	0.361487781491025
-1.41534331813736	-0.104646682375226	-0.522834941037298	0.381163943988657	0.0364910792729432
0.289450075708516	0.389066068068866	0.710029803909827	-1.83324030413371	-0.369655376590341
-0.507185271205892	1.43202689290033	-0.941943734922522	-3.02542072764858	0.822043531776149
-0.540660867438719	1.62275959550495	0.753390343688988	-0.457164617926192	-0.205794231066803
-0.186751635871415	-0.345616832044159	0.264406689353337	-0.906982065088543	0.563245801216433
-0.57114203639129	-1.07539121780647	1.13198530357465	1.44628557895039	-0.187773464939562
-0.792531720435564	-0.605552002661113	0.0732727666276138	-0.443045838902763	-0.869116744453425
2.30790390285957	0.694212661644103	0.601036594156724	0.0972241080511901	0.570750131195321
-0.156388499571548	-0.853985969518794	0.514823340946397	-1.57295262227069	-0.882742833256196
1.6189382578579	-1.50777823988791	1.01827175776093	-0.385230721437728	-0.912720332898014
0.622968271315994	-1.29987884326655	-1.19421355929766	-0.300734833909423	0.606264819591404
-1.03545494311007	0.14964168105269	0.59630501353648	0.867902385536612	1.86803201956547
0.221573914735375	-1.08004166773688	0.417286774388449	1.38094423878453	0.469930372147527
-0.947107402822951	-0.105430851415477	0.599371995108439	-1.73285297639165	-0.296414119946883
-0.473280965232745	-0.135862034951327	-0.103722527050005	1.21327211661013	-0.625706874906326
-0.939669853919217	-2.00572903039675	-0.133917905812698	-0.970294001644176	0.713200400680547
-0.0975345141915003	0.726511750217557	0.0128850983139078	-0.882748706381673	-0.241486403446199
-2.02812770584238	0.186220515545103	-1.04363382669	-2.38768254209919	-1.23432011450345
-0.394224082314148	0.499508132839268	-0.089706854958202	0.441920483050856	0.523267376199132
0.437876421845433	-0.377980994112077	1.03257315912505	-0.153374517997916	-1.2313612747032
1.12540954510909	-0.0360767587282073	0.238005627561977	0.195982734074963	-0.588854109241827
-0.0777336346171178	0.363965074480575	-0.314868835645696	0.936525252855245	0.595679349947339
-0.63058959291434	-1.11013416045097	0.387497027579025	0.179112746317161	-1.14037988957128
-0.107519847426485	1.20661126977643	0.315963137605829	1.30757903322938	0.345747136148678
1.3373455990597	0.689850429722298	-0.446206087186872	-2.41020488837647	1.81232791996371
0.0730288252409969	0.51177633099552	0.0384189875636907	-0.316509263248409	0.910760992120948
-0.524242926436147	0.64622490550934	-1.13890710462232	-0.526566215052539	1.19089243022936
-0.306127038116022	-2.31621079140761	-0.139088586552074	0.205506151945766	0.0824817431644408
-2.08084009746837	-1.00843492745831	-1.39843411288609	-0.49840045974875	-0.208866406147499
0.199995864061553	-0.566145954670638	1.43109217062997	-0.559571685883646	-1.45873877096193
-0.907814357121721	0.982384885646928	0.761668294326549	0.50502655527517	-0.304399136936897
0.728502114968424	0.314303845748334	-1.97515425317353	1.70368957043183	-0.071661015455206
0.214959788965932	0.410360021629978	0.822238720878674	0.754834469788558	1.0346940040746
0.514982699651112	0.394552184633291	0.163585519584107	1.10414961917857	-0.999557957032318
-0.972328294539784	0.598696991563879	-1.93742733430948	0.242711906934492	-1.84291704831783
-1.18793040366944	0.683673210336676	-1.53632732416685	-1.05032765424436	-0.092644637476136
-1.78012900722015	2.73748303457455	0.0972099327701189	0.688236989374305	-0.995104673277188
0.331954376582408	0.389346855537751	0.291791188357542	-0.0471244370455142	0.29831113155783
0.610901749468813	2.02816330176621	0.905852009537557	0.714696020677503	0.655015137226489
-0.673177592773546	0.1668994069383	-0.995540981873828	0.592816253693738	0.657625129490319
1.69231899505541	-0.944369794185031	0.134870545964774	2.10727527281792	-2.32911401326098
1.27059664931661	-2.60176176374525	1.80090448423709	-0.151516933494416	0.481204166159189
-1.59655229240108	-0.398248437154116	-1.10589847150892	0.416113367886759	1.46883991580261
-0.443856822411093	-0.492075297556789	-1.70759757699455	-0.511000714086214	-0.127954062840012
-0.876052092212107	-0.596563697308449	-0.454776198322562	-1.92720596407613	0.0950431004482725
1.2932927523997	0.243518870801224	0.844556484630446	-0.671725921909197	-0.162834886743558
0.521652946564754	-1.12564929950778	0.41648769787963	1.5915356827627	-0.211515325740332
-1.40551949254654	-0.994955028663732	1.04059902404794	-0.436272833939224	-0.0816989745308012
0.0765555506326979	-0.108971823545318	0.598994688750042	0.30259152990517	2.45006574371625
-0.370532292239923	0.14299694901199	0.130418724711309	1.17355474501832	-0.27519596909925
0.0775103916714381	0.0188418788725988	0.79680631014576	-0.728901184584154	-2.27152002286143
0.858276809683368	-0.364616226974613	1.83314916912684	2.35224830834518	-0.0659337929860848
-0.648182374474514	0.475127652444034	-0.358426725439669	1.46403485902274	0.0738681733073088
0.576530938055163	1.19285796167182	0.0797107658819089	1.00611158284402	-2.05262338708331
0.441879334097568	1.82222006668811	-1.06981750243497	-0.639260154739761	1.22720932493208
-0.0997365747472793	0.210564922322861	-0.89795273583966	-0.0823156400717782	0.178126624025389
-0.400401172709188	-0.670025993301842	0.839281404364913	0.818881722940055	-1.145908852844
-0.332548885211068	-0.189467700721542	-0.0429050005568432	-0.39338285241877	-0.135515083249539
-1.44285223731545	1.56484118082436	-1.63170711222563	0.0620491403520015	1.42055099063947
-2.12884120827164	0.421373030231569	0.290113159125086	0.00812412442844895	0.60725706732447
1.11340088993233	0.785845967575922	-0.564852936840046	-0.620964718694387	-1.08111127076052
-0.189725015671033	0.189620380306848	0.270214353628821	0.482935097732236	0.77247192808693
0.628851736887414	-1.14122441863882	-0.983551403469913	-1.20396580636439	-0.182615514677079
0.224654537114829	0.410801686835301	0.309281334628066	0.56830916915959	-0.622777921253873
-0.454274782052133	-0.954486836925908	0.80434217986882	0.106296197596348	0.228361592299715
-1.56179595913185	-0.117383780120458	0.0692868771613308	-0.16231341472397	1.33382345613948
-0.874457833745319	-0.45503015620698	0.746432891509707	0.879036233200709	0.173722390923275
0.0161454239097904	0.186477136865702	0.0266066711301882	-0.996862840689274	-1.02316189961494
0.32737637858687	-0.222204767092078	-0.179389316132423	0.245493984642613	-0.0262198337240538
0.572831618360791	-0.311430404802659	1.10562232680767	0.708011854065026	0.745514632565934
0.815345276767212	-1.69254221310317	0.402446641853305	1.3181668088216	-0.495375954446322
-1.14466431104433	-1.21281949613032	0.748954376510264	-0.140797127722338	-2.14717903559288
1.32176683071573	-0.564535363664492	0.0476323004578815	0.920727969508253	-1.87496086639009
-0.616808904927817	0.467040271680625	0.484041301648511	1.01702934656254	-0.0851430533799128
1.552110449209	-0.561243729545685	2.45511462283147	1.24676424386749	0.357396715255756
-0.934846598237788	-0.0692168311834644	-0.383471706569664	-0.94969225329538	-0.188618481859119
2.15436316691263	-0.327492202053011	1.55735265104571	-0.421745782577059	0.121876178649984
0.470037862682718	-1.12387155476507	0.105227297698571	0.00493216202698665	-0.834957950531581
0.0578116942523488	-0.327661823758365	0.0234881635911237	1.7149462216812	-1.01802931522687
0.883782057803186	1.67549595956688	0.189367954662183	2.47300233410464	-1.22910935066311
1.24419982325888	-1.71791832276485	-0.276065400184306	0.589182793183414	0.773721051716039
1.21150689457411	0.0948218775772423	-0.0658155312840518	0.984244707941003	1.46112767014327
-0.251134633965893	-0.148998470297344	-0.597799645190524	-0.156461566385911	0.791585497623159
0.584943400452032	-0.107398638191584	0.724043012184247	1.99150889585598	-0.595475659176633
0.609980653066803	-0.577566714364574	-0.138076913428312	0.790012917318466	-0.0819954385252183
-1.63658047735797	-0.841024950667087	-1.46983173406945	0.548809719623501	0.131367657829673
0.53274389969638	0.798828303660562	0.157166669232891	0.353461736837354	2.12576514462589
-1.09739347128314	0.248985764590478	0.395576487847347	-2.38924825855521	-0.899124181094294
0.386542896831193	1.07591435044189	-0.559344178240056	0.815522756359393	0.957802766825186
-0.352450496453502	-1.21857117061257	-2.57718663978127	0.0781128604328334	0.660451398462234
-1.03757874058822	0.0556574966036384	-2.46147567172837	-1.7822371623226	0.372834392115985
0.654891548110963	-0.656203295395306	0.174962359050494	0.251389864946265	-0.396596673445654
0.544589295681719	-0.346188399553001	-3.2984745000312	0.0449951833955266	-0.0351496272410396
0.614408951119617	0.034895412172625	-1.15074078029741	0.52111099519007	-2.61741541771427
-0.781613974608411	-1.15351958484264	-1.04700529584976	0.118171896368475	1.36503703775987
-0.668443772062365	-1.92714634626655	-0.68326419372677	1.15593230090356	-1.53630382372794
2.21673255376944	0.696881029046672	-0.0282416074935179	-1.32809028926757	-0.97604983176349
0.334328959489307	-0.474775079416306	0.283302884802506	-2.36026820394536	-0.194258648556415
0.156983891354285	0.541934005140609	0.711198032347583	0.261319265636681	-0.239944377531289
1.56222752289447	1.25832038268314	1.89186830464396	0.363093527618948	0.0306842899558633
-0.680077058148232	0.152924789633605	0.641729232105126	-0.118182529458806	0.469673046501182
1.07835001307355	-1.33516862001792	-0.0455708760340359	0.197932763543194	-0.445143404620274
-1.761454390376	-0.219042906530407	-0.285060937348602	1.18499839649834	-0.442339475251768
-0.970696145743744	-1.14403215152827	-1.28570215969058	-1.00467565364191	0.787909802797863
0.164053706816221	1.28917312544229	1.27566478373373	-0.603502570328817	1.38288710618821
-0.452425267719537	-1.14741256973075	-0.442723983056225	0.613500490027845	-1.19271758945775
-0.365168431404549	-0.888599861088791	-0.945635154762444	-2.0110552168342	-0.503712524630329
0.0442242974402918	-0.020768445734251	-1.37432507159555	-0.0447221590574884	-1.26209321823673
0.627532991425436	-0.48491606242062	-0.293424022191644	-1.20889530865148	-0.277721403966189
-0.732267747320158	-0.815340630126133	0.0807303956646094	1.21214282666368	-1.93873673161727
0.927749122788045	3.07673611974037	-0.140965640928794	-1.25685758252526	0.832750212839073
0.62181561204545	-0.47766735392717	-1.52664284125696	-0.378546537979349	0.485032462133796
-0.306660923134789	-1.21462314011849	1.26131979346006	-0.292497076119523	0.619436838442346
0.117253458999054	-1.69138236726911	-1.18183490130878	-1.1536821498977	-0.0309147185650927
0.417931234608512	0.773068880706709	0.340726642437589	1.66121618409364	1.61462277855847
1.3063830211388	0.985396483633328	-0.849969886304042	0.0810802234721898	-0.857764792627289
-0.0381489938069152	0.418419192963404	-0.0914797011866476	-0.080634064275222	-0.265697085333882
0.185946858017314	0.370497796446688	0.116158710651515	-1.3789363588761	-1.04203023454683
-0.676484142282825	-0.743234497544086	0.319471564369595	-0.22225532275666	0.185432017601617
0.538545354376885	0.429356858498466	-0.318599815344714	-0.547820139299745	-0.248721204320835
0.401380295835232	-0.130253587054147	0.257553316676547	-0.108408157392473	0.585354715361984
0.266909245371085	-0.831752266999552	-0.913581209658025	-0.430863655566237	0.596880876284971
-0.173521695441168	-1.14788842648502	1.23957941476451	2.47049271472997	1.61678385876788
0.462989493334149	0.574331922675226	-0.0559563129502736	0.378076962024669	0.574522845499066
1.77039543419621	-0.878712645028806	0.425933711772106	-0.83929717335748	-0.547951705815365
1.81606803738377	-0.125979044691163	-0.458560269172521	-0.11126838138476	-0.914202362621647
-1.06565477481557	1.60278250296221	-0.599977678473186	0.581216572535797	-0.905518007385664
-0.0908779050405823	-0.652982020888069	-1.33925196511419	-1.73220809987157	1.49194217733729
-0.367851577528252	-0.467285520420179	-0.272480362791134	1.90051467797824	0.734039556025019
1.36345328356121	0.174745914594431	-0.65540542133524	0.0400011436915868	1.67160911281996
-0.81348811512831	0.796928555410249	-1.17721994811376	0.596457848840816	0.528270475022963
-0.289659581102583	-0.125388391469766	-0.0713874305691525	0.718471719955404	2.64765159094744
-1.84296966628499	-0.753563252331387	-0.453335005675451	-1.16505068274087	-1.39092898579941
-0.0437042795875324	0.455030420106445	0.272772592333209	-1.60126148475592	-1.15544036344254
-0.010810627382066	0.538727504001153	0.0622928464136104	1.9345124959884	-1.55602047953078
1.13224635492747	1.26672699353309	1.47905002456023	1.09365927153422	0.283833125339042
-0.292291589299713	-0.412960414928467	2.6914521442165	0.753095226458741	-0.0562240599030718
2.17489706449106	-0.439173840733936	-0.226373436355808	0.577243717768409	0.511652565245421
0.724612250703106	-0.798371674558778	-0.794125730587985	-0.190737889430525	0.328734385224786
-1.104154467943	1.252434866105	-1.36963754144582	0.239875945946863	0.55670200984887
1.25698793225098	-0.635118004348268	-1.11204963467324	0.591181788533187	1.49208617875986
1.58127356010378	-3.60212095399387	-1.38302889318905	-0.348716323109762	-2.04264169012599
1.47974715544075	-2.12939397121455	0.950884657505096	0.0964667059397038	0.00742480177483564
-0.169074109528162	-1.08578982133658	-0.766115055632052	-0.516121927097681	-1.23211757824102
0.0907531210223987	-0.118464079958691	0.164405154342716	-0.166961969818127	-0.152333613449881
0.054149513274881	0.773494578016841	0.919707033116906	-0.182731548082973	0.231438656600158
0.126376781120495	0.453816710110727	-0.0728459825423954	1.32878901085168	1.37071651903642
0.227201905370731	-0.858882658229308	-0.309218458380419	1.65297307378776	0.48368897720174
1.911924717549	-0.0769835469709875	-0.159688414206744	-0.656103719791035	0.82890792432071
0.364229496262012	1.25732379136673	0.427756061898721	-0.336340042466728	1.54532097090311
-0.968760804312383	-1.0192977241865	0.409553962161224	0.75425127657678	-0.362802008189518
-1.92290839969397	-1.26240467224269	2.1757107810214	-2.06030381861133	-0.641919516610676
-0.855620143004884	-1.61723825310585	-1.87540800939062	-0.33625296832018	-1.45732513707007
1.50072840869201	-0.750218155545782	0.309857133757051	-0.778172207989743	-1.55375852617453
-0.720491090580457	-1.86261564629248	-0.120839188152579	0.926525183796564	1.52531876442112
0.0516363844848217	1.45085222997322	0.729844635200474	-0.609490610043565	-1.63437133787662
-1.17977314859367	3.08312189531123	-0.679264966899672	-0.077275861946157	2.17627872601574
0.328236145326346	-0.16827906847477	0.279635446092649	-1.21664469023076	0.0332327911963078
0.787449384565682	1.91851881202222	-2.50072972853796	-0.398136636729071	-1.84724724283314
-0.0200652810365795	0.907863693898238	0.55207485597075	-2.30336851038175	-0.065049413651743
0.533965037882543	-0.00226020535771717	-0.984750782743542	-0.661309757439586	2.16527810503182
1.19084871968901	0.748862404717142	0.30510522230714	1.31958859922848	1.10970970997543
-0.0820661376656013	0.951604839143337	0.511226154329426	0.809166130030924	-0.862421146031858
-1.30280543903226	-1.25344152675949	-0.638250515062723	-0.0500376885318334	0.991648965294126
0.0391276531441868	-0.968637832224895	-1.00625011785629	-1.63297584540872	1.03687259518393
0.327985592461012	-0.651317950335349	0.724834627706792	-0.12579755914251	-0.276970780397621
0.0465999517654731	-1.72937727013137	-0.747800705143225	0.0355930559026253	1.20673752069987
1.30389055202303	0.840558204486503	-1.26351182588863	-1.45111468540208	-1.59150075989019
0.554007008594216	-1.20131774270806	-0.617022021425682	0.0877307352867493	0.32978641646221
-2.3426435831949	0.868233850062752	-2.27438634824124	0.0209131562183263	0.458068162995783
0.527674826235069	1.26773168977982	-0.674621121819535	-0.290699640892627	-0.669993789258043
1.52337662240997	-0.782883478582737	-0.169157402886095	0.721582726158541	-0.0333285012538091
-0.602982418120147	-0.322692609165844	1.49498087968462	0.655949075871221	0.631662167131296
1.92535830796797	-0.104270233205951	-0.0679454249135738	-0.360831615768818	-1.61998934253684
0.0984906526690607	-0.572422108194578	-0.81766039083707	1.28790036828779	0.175097075009479
-0.358214625993166	-0.489795694482366	0.192899300080234	-0.969458147461429	-0.681031421996909
-0.0839158425098237	-1.98097210000698	0.669496809821139	-0.218350807756808	-0.406632282224039
0.0539978273368644	0.253693917476605	-1.30728737539803	-0.588470308528669	-0.713642631385399
-1.07247834850845	-0.312141624949598	-0.190671324203659	1.50586448123775	-1.80038413550599
0.193232778072963	-0.88144733482598	-0.474490491372145	-0.229738051108249	1.03495194849908
-1.95362784337493	0.226723004566076	0.34550745470087	1.64071576988434	-1.33449472029216
0.585296755355706	-0.794246097481247	-0.243140798152098	-0.461606594715917	-0.954222798586282
-0.0139108491647817	0.853448644692098	0.9410299437195	1.09188486572634	-0.194031193979664
-0.237068087144038	-0.491734084006378	0.0706442652440813	0.680582954763519	-2.22735613406147
0.987591878814185	0.153746397463923	0.915613772824705	-0.614868119155547	-0.0768987321842775
-0.69903042387938	2.04237565750829	-0.290529630037557	1.32864653784294	1.31903128622705
0.0202546265640919	-0.960305814063701	0.240680508531359	-0.366080592125336	0.370952947567019
-0.237671995681744	-0.0136851013376636	2.01908317096984	-1.6624335757006	-0.137566301165991
0.414909991547869	0.520235397554433	1.61026075676809	-0.618557446778644	1.88073146398131
-0.675662649583367	-1.27694769430803	1.2423377198306	-0.552431859161582	-1.04250619877188
0.436060752080698	-0.366361165328357	-0.764260321320358	0.766011459149099	-0.269175814080055
-0.704265725217887	-0.847431416524521	1.08178465876726	-0.176872880638925	-0.489116593892502
0.777783992966039	-0.513782062452008	-1.49677359161977	0.592145232253199	-0.918260676780739
1.93791944759508	1.34249169324	0.0680791622547981	0.520811879463676	0.097483206562618
-0.742432819032718	-0.587873641346895	-1.20034051332165	1.48643621379339	-0.950122720800812
1.53871950264024	-1.20965237966335	-0.293735418109688	0.422534321941347	0.527455858254146
0.198633297768129	-0.558426535725062	0.45911551476886	0.465630002852585	0.309128280413878
0.171307855214287	-1.09678350459241	-0.720776515256936	-1.9294970614719	1.05458577638495
0.909386421618636	-0.410477909266984	-1.26519434413193	-0.220340745903722	0.502388853371559
0.596354045898889	0.428356497770337	-1.63704167588865	-1.37737425248767	-0.28471529974991
0.401451270513721	-1.6458697688802	0.583764807171667	-1.60396887882785	-0.177681692126316
0.471003120231076	-0.228606707515911	1.13057643077658	-0.409149271423533	0.0449469969009272
-1.31222737320022	-0.333163619515042	-0.654738865270718	-0.119590062423015	0.139605788376567
0.465748808627069	-1.25635286618891	0.199287719815083	2.57147894804665	-1.95791579354107
2.62075953047011	2.58371724048684	-0.5653285788765	0.335091235552462	-0.330848390507317
-0.637463783461295	0.723952710304496	1.43390427651868	0.765459312900625	-1.26235958345519
0.287484632451954	0.0430436066163451	-0.236355097183582	-1.22167659776421	-0.174899997803484
0.223765117384835	0.473457510581647	1.54798685216729	0.583108646918541	-1.59534256718035
-0.974332145053929	0.278384749166816	1.24993457689089	-1.21777556969571	0.62336969081308
-1.07518614865942	0.543309524748591	-0.559650300953903	0.326485455144747	-1.08922513300675
-1.15756847976324	-1.16009410021407	0.447209990816725	-0.234089564035356	0.325096503334124
-0.163830715189157	1.24915333282237	-1.7265419741251	1.20584975816973	-0.537043395595349
1.98249486622732	1.7996343526749	-0.708094376701309	0.627728443231099	1.93751312514074
0.102969668009978	-0.961319453612534	-0.737131491660485	0.989269369001617	-0.704228727490641
0.966379919773227	0.457699245450415	-0.244310680292144	-0.236001797243693	-0.464009915227109
-0.659055159682483	-1.13087131356626	-2.02322790032795	-0.895826232665582	0.408527115319289
0.623459498438901	-0.215819907346606	-0.97542934004644	0.638435015780192	-1.29089247104082
2.23366754568023	-0.345820767766307	-1.81113209048014	0.366362936697865	1.28956800760169
-1.10753214375438	-0.247453944616938	-0.693298751994068	0.837379785341493	-0.21984398543156
-0.106669374881739	1.24047223056276	0.00915526447423112	-1.21016166155697	-1.27353948931826
-0.670216795858621	1.88456554602087	0.802029497354873	0.4990062347163	-0.100711754584672
-1.66678665211724	0.0965332859452403	0.668289348538271	-0.799550968171337	-0.203582773912189
0.226959012272916	-0.104463963628815	-0.301151373913412	1.48894484705146	0.171672750107797
-0.774656677924003	-0.623081440838259	0.275638199893003	-0.50505631033695	-1.23306749828438
-0.589313401938082	-0.00196564336989187	0.0166993276855568	-0.630636114280835	-0.44864681079012
-0.271577388949119	0.353840960351085	0.231191937179014	0.428247380081644	0.646220776655473
-0.144391322034939	0.688813248588422	0.446680507024454	0.253550751654417	-2.32112520487256
0.138189325088459	-2.35350217478266	0.295012822594374	-0.318202662329854	0.792854013711717
1.61022650077539	0.970362803212387	-0.341510347787387	0.553864982221587	0.387851160065424
-2.07995810851931	-0.0912551138624302	-0.861658810497607	0.989673605070316	0.20799821046765
1.13923491508514	0.450449357197387	0.823812439713434	-0.185127309531743	-1.10631881366341
-0.0731119856287873	-0.510961389843567	-1.18668353265224	1.65685544682448	0.133034515917638
0.683583670978247	0.738695508164084	0.509254995280958	-0.438862434056055	-0.493852842208899
0.648937788666423	-1.2829023201191	0.14037719100789	-0.351168184814575	-0.336407997693828
0.764970880076849	0.165812447498233	-0.971621933395755	-0.269346939662837	0.893492870144848
1.18858763132985	0.102853299631259	-0.558743167833308	0.309393864571784	0.615801941454595
-0.845152183789763	-1.35219649916836	0.260165095876131	-0.0721965689864082	-1.02986637582961
-0.696862663118856	-0.710198634423687	-0.606879456018419	0.711002593924447	0.894283890456773
-0.411127637479748	0.538846870256503	0.0234451870827562	-0.473553392556238	-1.53020840389049
0.129377069457736	-0.687956110946723	1.38345612185318	0.718367683120438	0.157799986648307
0.140173045064179	0.608747284688049	2.44968621693527	-0.149918617128623	2.21144884004271
-1.78084340293762	-0.654116220382851	-0.0364527296381199	0.712702891530093	-1.14251265290296
2.78322482792955	-0.602155778806293	0.585294962135809	-0.862829753637883	0.851137494644759
2.53730445607517	1.34112025884031	-0.0222711735294132	1.43317903358869	-0.134148685828695
0.581413124152249	-0.506094007363186	-0.0980985745704656	0.61293451610271	0.611210066651766
0.194679232435125	0.178261442716089	-0.885879647967568	0.14785165053639	-0.296315900773955
0.502655987312645	-2.94561754583402	-0.481208625911731	1.21178728843607	-0.383550129660286
-1.06376387442504	0.134822247876459	0.0900071028687387	-0.947964313303296	0.20714333082263
-2.53778040632489	-0.402340292726853	-1.5546622790807	-1.75759365226774	-1.60109213290323
0.119617913209795	0.265480273839101	0.147922060568745	0.501029926096789	-0.483341253000021
-0.652069453317269	1.15920631012759	-0.214298805326967	-0.814755736801909	0.350821314875258
0.16609755075579	0.20938512845299	-0.12398829550723	0.152454434287949	-0.155558178316884
0.482537789456271	-0.758859115845227	0.0825971945005531	-1.59687075371611	0.990705423730519
-0.227813469074903	-1.04682110485462	0.0147507500497368	0.10324602579087	1.54990142579532
-0.489310526419585	2.01603844174721	1.74420021880016	0.755213697617263	-0.573588950701031
1.19447472802979	0.151742591794299	-1.30532692699186	0.638098432378437	0.646298051244178
0.104160217855627	-0.113554772343593	1.68040349987756	0.159820455278595	0.112727710705406
-0.877052187830415	-1.39853188617069	-1.19300214682023	1.1882019590936	-0.342215990845515
1.26107305129888	0.210655287523809	0.277436404672218	0.497471526821592	0.590057724477264
0.623561302437433	0.729082694251335	-0.487294284105839	-0.340274317515561	-2.45189032898072
-0.625132468141593	1.09291522869806	-0.420237329227391	-0.341635677313374	-1.06368056165377
1.05921862922677	-0.150617428914723	-1.11084167698447	0.552514279776046	-1.99714637704684
1.41714064278633	-1.49782375461795	-1.30291294909148	-0.537868879146008	0.272895823065411
0.0126785954642026	-1.66573439801673	-1.9730589993325	0.984673801468903	-0.247619046149239
0.271144110101613	-0.180100199935547	-0.641066418892476	-0.800151671951874	0.0456830550433307
-0.594253807601535	-0.641177161913171	-0.747589278350389	-1.60625299969989	-0.198077659973906
0.650049317806516	-0.513307567352495	0.108996429714402	-0.380793374376374	0.172770422176782
0.596285234750608	-0.587516187356366	0.64474417628716	0.618632131123849	-1.19734262154021
-1.96765768176998	-0.656389904107515	1.18635890573307	-1.21951651446259	-0.0409174095470342
-0.656922314874831	-0.19304182053987	-0.891366403763504	0.912269170868776	1.81500671010025
-0.336531565991155	-1.98239833333685	0.30090388630657	0.725108821317383	0.143935613465241
0.239634843205213	0.638840012096115	0.65782997504509	-2.58294473957951	-1.92095126442718
0.792058162126702	-0.293878566213856	0.303331787777933	1.41219242010213	0.479602730555826
-0.55264910614763	-0.563377068512455	-0.0832568456770093	-1.38247472737896	1.54707244244253
0.932563621126846	-0.7031626050996	-1.21419010189867	0.559250264745784	0.635407425082108
0.628969577669254	0.727565519504588	-1.27689162549002	-3.28347509699512	-1.55258276540207
-0.696089958806049	0.710556296130683	-0.21326810206082	1.52992077601621	1.33019606604417
-0.172638410984833	-0.983514029377711	1.10970308808995	-1.05309811969917	0.996265448924964
0.365212561700256	-0.464901536283946	2.07535908097724	0.223612174482718	-0.927132369283348
-0.604380469145582	0.0425587897959818	-0.0612254301410822	-0.983076225530329	1.36465388124329
-1.84902331616847	0.256919872856634	-0.93138805580595	-0.0567681056422645	-1.14997745132028
0.544169495517112	1.36259724309775	-1.5667476444616	-1.6018119433171	0.633041006895751
1.87832066833654	-1.16977814614009	0.0728054177498903	1.6697766994588	-0.557866896703511
-1.59728819716376	-1.07328827468022	-1.0600420864783	0.812645440356166	1.16724172171677
1.03899060784561	0.307598650521427	2.1399702005302	-0.968920275009234	-2.12876081377316
-0.426905136148267	0.385411812835135	0.406075230141285	-0.0914332338812076	0.0204152821203037
-1.95711744046034	1.02017388677136	0.297944776755572	0.397999304150757	1.55701632103101
-0.289838983755754	0.427282744854812	-0.934152679208082	-3.27846001225989	-1.0312830363731
-1.1211767708862	-0.634284966137745	1.86684403410173	0.1496285494881	1.00288566572486
0.419687763171429	3.4692267817845	-1.72292705189331	-0.460730161320733	-0.0501993197198438
1.25834287648174	-1.65113733272658	1.45370493727929	-0.670603992481975	-0.029290529106773
0.819338761502084	0.4312164397243	0.864590648791991	-0.438445833660196	2.27506321520908
0.101067656574775	0.956362156851879	0.72620585030608	-0.371771763704798	-1.97930371552325
-0.309761058652224	-2.60386269596668	0.932850207975553	-1.76013121838102	0.278875061512999
0.795683302405826	0.900446331269601	0.116275938908623	0.791254084200173	0.262148241680016
0.00171033068766436	-0.405670339814051	-0.105905825543621	0.347711532221254	0.230953388057176
0.100889765464304	-0.488049470935993	1.54532509159449	-1.15926354314101	-1.11150607961552
-1.36505895367086	-0.239814253106149	-0.0394388774497239	-1.59481093720996	-1.49031992760546
1.32816976276102	1.6580952333104	-0.579056241069795	-0.290364367294347	0.651300815808957
-0.148412271451313	1.01389338303787	-2.16511126989798	0.844705430431183	-0.413243205393026
2.09214627246554	0.665563697867984	-0.0809693318637735	-1.33288629811679	0.653214386373813
0.505833782694999	-0.709275168951979	1.03023348114599	0.0930691628204051	-1.32096744292279
1.12884630758039	-0.596465657030935	1.59746107826681	-0.863259334150186	0.729926890107899
0.775434065489325	0.635263650139313	0.539931646276819	0.361104079965595	-0.26523563073462
0.657202449234431	-0.558677836446783	0.128187135260259	-0.0437631079017512	0.169909049431438
1.13331231390603	-0.0516216090451152	2.11856072462756	-0.307141395233385	1.44269331416117
0.557958531928461	0.885146677707762	-1.66116074339548	1.27712261070288	-1.68337077549005
0.835592679989362	-1.64460404867288	0.176697742275404	0.885855056759949	0.108395077492555
0.302865711126644	0.882560937930012	0.377391123591035	0.991778002109595	-1.68891516210686
0.131146589528629	0.0897791789017964	-0.408163137936885	-0.256698707761208	-0.977959800024393
-0.859549980612851	1.44951501271648	-1.35556948778619	2.05782613757368	-0.614626367675967
1.17044252250836	-1.01088305124526	0.442928835992026	0.219692209194555	-0.119170827454914
0.810825772718567	-0.91531112626675	-2.06804809349324	-1.22407294014354	-0.59046675358285
-0.313664801289452	-0.926805754644672	-0.108001068059693	-0.879811968494572	-0.319831823739659
0.409546780946378	-0.365741350228338	1.30453568652967	2.81440086842255	-0.342050594278328
-0.68717991255474	-0.303721218769216	0.570483858472792	-0.343320838963585	1.50241911532176
1.58073977083733	0.216398604358148	-0.828278400556117	-1.11019150211218	-0.744934902170022
-0.607809680161572	0.259221027690872	0.731240002102124	-1.65092808432076	-0.527066257423344
-0.622032948282486	-0.0988971831969306	-0.829322732045348	-1.12552132672879	0.155776869509675
0.684526374430707	-0.810574386484597	-0.305564705748391	-0.224315941648644	1.73648285340446
1.08664617436504	-1.53365283048317	0.745198282404795	-0.456390624630821	0.0813349838729698
1.51619720968064	0.144643627510536	-0.782098122039243	0.540931850244471	-0.550586356099968
-0.540257059786723	-0.700120195836542	0.290156081493246	1.04757024286712	0.598344616834625
0.188745753702611	1.63598709543098	1.65758362528053	0.50236876393333	0.0134757926657249
0.36704896923012	-3.349899899877	-1.21702597970372	0.583149620203078	0.278248306998457
0.286177101713649	-0.58631097072774	-0.594546487978883	0.0522972965839669	0.110200427912125
1.12454768830195	-0.299195343514689	-0.842966114576207	-1.51790082344833	-1.1531763124102
-0.560641870831074	-1.48195355416457	-1.33300359821158	-0.932838998469684	-0.0614479741000384
-0.387528814831559	-0.48754819079557	1.65758989215435	1.27086841089471	-0.62384815095639
-0.0348401382388375	1.78895820101701	-0.656794956757345	-0.186785644332021	0.10774422407197
0.0120324461174698	1.65262855572185	0.00357868592741033	0.409875680370974	-0.561889182253202
0.335305141646249	-0.84346542033852	0.81820664267895	0.00537184380749741	1.527807595961
-1.13379518136688	0.747475538009438	0.930162152324795	-0.02767490342417	1.49751894119143
0.558811355962865	-0.37411081769119	-0.570823319107551	-0.358963864122372	-0.999697276830915
-0.63054904505138	2.45744866739158	-1.67817865395822	1.22164828353817	0.701589842057131
0.22164116501394	-0.131170952924503	-1.49772479395824	-0.516774687352924	-0.637915096272327
0.0191091101160877	0.587286408002116	0.257002921081997	-0.822403852468958	2.06333643001514
1.21221222186711	2.22406207095811	-0.431277688977959	0.0732084377466725	0.771314607622155
-0.690396708412274	-0.538909073304779	-0.721954886106351	1.06133469626876	1.39746847951159
-1.39404914956688	0.510377146110522	0.705583440611214	2.04058654689808	-0.384485309548135
1.71394186369322	-1.0785200139127	0.205223799311225	-0.803935012057691	-2.07377072317871
0.393778146234078	0.870006946689745	1.48597470329619	-0.380269302959087	-0.406771825803351
1.26591698085781	-0.511555969027605	1.01262033723859	-0.536325685662003	-1.90716794826761
-1.36880439278284	1.19420262796163	-0.515827693304907	-1.23770932054963	0.117648960468417
-0.978190661200023	0.202518893953286	-1.1977609855444	0.607993961091544	-0.299889208902626
0.238472526133046	-0.439079544357599	0.0766552731817357	1.22159651496031	-1.83942100192809
-0.685947018169915	2.54131909224057	0.0746974189830514	0.160103297555826	-0.527077654304016
-1.0544549671022	1.41029705421151	0.352847403668728	1.5450109924814	0.81287622706571
-0.273437425479029	1.96864784487153	0.816196398827711	-0.481175057310546	-1.98462369453858
0.266880345582721	-0.160778784137728	0.943305479894892	-0.085716080505577	-1.33433604572664
-1.06329037093724	1.20832556357061	-1.60923575031809	-0.6567789232835	-2.10000704883127
0.525132972438988	0.550108011386457	0.309144358170561	0.136008843880385	-0.357382695466528
-0.736520907002029	-0.0717774930076201	0.557828115425751	1.50282076709482	0.570290805284935
-0.0276399875491914	2.64388712421438	-1.26599729746327	1.94739078041721	0.706578867486353
-0.525635992774843	0.501956326926258	0.710886539095161	-0.641723446864291	0.89284763011995
0.00203695510683554	0.336145386788518	0.756020370447701	-0.894532241525047	-0.321723143116778
-1.94581654153682	-0.138292552102035	-0.398883271503524	1.73121602587581	-1.46788468243305
0.162996564500297	0.0242600783103802	0.465126601601548	1.46418845354972	-1.37068655144974
1.44617828410793	0.994091029947833	-1.34277149645504	0.345933959237396	1.3274090048205
-0.438598042621134	-0.902472085133802	-0.76415251355109	0.217077114837458	-2.07311915956105
0.326710011895473	1.44713469659784	0.352066123388477	1.24599532247577	-1.10166798236867
-0.354020137089115	-1.02702562989779	0.350605757772722	-0.205465464426347	0.22433895963753
1.38413037241727	-1.02443834795355	-1.54001932755623	0.62982000573871	-0.083770858130559
1.04614311670589	-0.0151141600908744	0.533383637636897	0.518339949586229	0.292911301314125
-1.39755809238378	0.685536896922801	-1.91412602604827	-2.99528132493964	-0.171655059474847
-1.15834722975132	-0.131125654550397	-0.689057328193555	0.129805524374993	-2.18236058521812
-1.31320478650973	-0.798663263963846	-1.13095038584658	-0.312396172144506	-1.87001113944673
0.406666625168727	1.25267268471394	-0.295760680724461	-0.852997254996928	0.761574670647608
1.00459026834334	1.18036900333411	-0.438906385701823	-0.151738788325226	0.572292026963054
1.29793185484878	1.77217399697103	-0.537346116915444	1.39953670466104	1.75032496899674
1.44549396104244	0.57559362390191	-0.908426266544332	0.310264209098827	0.440950202695688
0.418325784913766	-0.470969151794702	0.782775895972758	0.695939641503606	-0.912500598439161
-0.474481632063571	-1.43582379160785	0.3017164752735	-0.169114501823653	-0.004711096990533
-1.00554768704973	-0.377308905189875	-0.0709492685792556	-1.6752449485282	-0.430036110917415
0.313227197502562	-0.382475992704417	0.188944751497403	-0.305030925773662	-0.856150149729522
0.196366555216595	0.727164686842565	1.04061734579586	0.348699968761372	-1.72597690975656
-0.769624405428143	0.541910992063234	0.418081765145856	0.385380494251654	0.779996071616984
-1.29907390723167	0.28067789002072	0.773265113520035	0.641403709553084	0.885781023157363
1.82587444530056	0.617187496565386	2.35339023766524	-2.037265322006	0.807029493739434
-1.0190954121659	0.0623984188531649	-0.120009778109137	-1.57448828901075	2.02194562155459
0.82959098006138	0.902774799290523	0.111338623467284	0.482875766257694	-1.71517485859885
-1.51875863736253	-0.0112437957177271	-1.27818726861502	-1.07840213067409	0.567678305602984
-0.700198320934267	0.439805211420298	1.09237070995137	-0.968326040632138	-1.2143701349818
0.366581176428486	-0.736294020373861	1.21059994790877	0.256052501821062	0.123630680903424
-1.59865639388238	-0.217632358154124	-0.0977189524744137	-0.193320984158248	-0.0702864599880465
-1.62364682114699	0.0487157630859864	0.390289058594002	0.0948190435029104	0.31867016797087
0.366963403242622	0.393795841139091	0.995702091107281	0.369918127846155	-0.971703408665543
1.56287463498241	0.0719694393117137	0.743341498845949	-1.48265166574677	0.360007287885096
1.29630091231405	1.14430377858657	-0.568402853157561	0.379040597745657	-0.957712767494737
0.948181820648101	1.74220329865292	-0.536405325129884	1.00464684207277	0.907714920012644
-0.033946565503241	0.244878286723873	0.874218006927269	0.44249677487702	1.39223383413096
0.761415430602128	-1.7556820844679	0.600788435141738	0.951996792648714	-1.25842881517569
0.604621464072125	1.43645913744673	-0.769635257911453	-1.5137952201743	0.039408626231728
-1.13124560776373	0.541172438738244	0.633749287797408	-0.849535550394624	-0.452291293095764
0.0687726389172344	0.844210328712525	1.47634227502766	-0.468250477900952	-0.337206532904097
1.07041759413597	-2.60537100796118	0.304638476981807	0.460387700583325	0.375082207065964
-0.513885122047107	-1.23383764849993	0.0184189883278663	1.14420452069801	0.0220268578348963
0.42736367016656	-1.04460343028736	0.909208913292151	-0.32841156034445	0.232667553721604
-0.317823587178593	-0.0119018923644463	0.893442983958698	-0.172696331564906	0.489406246577901
-1.70955660788345	1.65350415453414	-0.194293115223099	-0.522460308516011	-0.673950210889225
-1.36052811673598	0.216019688176048	-0.0061129956770164	0.31860362085191	0.00462721457714997
1.34872174336449	1.47855803287996	-0.117761589186778	-0.336380792076732	-1.0070817746947
-2.83666915820921	0.724538117567287	-0.188295389294218	-0.978760954759228	-0.385404681875757
-0.833121026221331	0.953770164614257	0.042235431954656	-0.143521362697818	0.196913241683207
-0.478107148127762	0.191443418671513	-0.18465365556083	1.40323871865449	0.407855367557414
0.056649707929217	0.535654552594288	0.675909644639572	-0.761090692875672	1.94362181368817
0.551131475991649	-0.0747424084795066	0.220780622095035	0.763703654953074	-0.77977680466754
-0.0203382339915965	0.277335488314029	-0.670956910131959	-0.103316314719668	0.354429034234689
0.371128888377588	0.142785954634208	-0.809915378736989	-0.583019058425823	-0.910373840746225
0.423748066903557	-0.274347033715454	2.27815151696924	-0.833292575962692	0.505863738266632
0.619434691164481	0.879773453568901	-0.576379316510882	-0.475735526265585	-0.261979378093815
-0.134850157013566	-0.0309891623719578	0.341776258840123	-0.672396207730464	0.954364410657285
0.488837388502515	-0.0476960995340578	0.260800219520364	0.188547170737276	-0.756087232275514
0.874681507112193	0.49976795598192	1.31950555852992	-0.110993591268774	1.55882106240384
1.58991821909599	0.837331566730191	0.144210447071071	1.18232134862903	-1.18850987297616
-1.62935191084804	-0.85253268288872	0.390939693757535	-0.776806922921014	-0.69465437941098
-0.590994278671596	1.2175510628159	-1.89075948449321	-0.0216557290221136	1.84237931884777
-0.475570083355859	-0.523311940761562	-0.0852851776168183	-1.08363286509995	-0.759040462214343
-0.627665300408639	-0.38713794773437	-1.56207256874891	0.102668507273318	-0.414719967987988
-0.57555228965388	0.121129818315187	-0.611157461060348	-0.754221400889448	-1.38052639939418
-0.894644277879276	-0.252548510130706	-1.53438771180793	-1.05039709864623	0.0490185101284746
-1.00578968459115	0.869504941417754	1.27645430710998	-1.24312196481695	1.02539476558491
0.897876225969822	-0.565642000343659	-0.868827778012774	-0.0552960568181623	-0.357321814489523
-1.29967838849254	0.481873764398424	-0.378519788641559	-1.53708636799873	-0.922275861139738
-1.22157598117625	1.33912559546841	1.45292759623166	0.216377308413479	0.479414153973475
1.0326314731613	0.675081967822383	0.553296159004476	0.679241300488481	-0.0859146571794576
0.62554473100532	2.08871306309093	-0.670308283739059	-0.231143799173748	0.409378533151301
-1.28683024954145	1.53060168270165	0.470060038520386	-0.523027828534882	-0.969820198560196
-0.0900428965304828	0.94841449885396	0.385163550498418	1.47099897751911	-0.228168693688259
0.283449884255592	1.97322960840237	0.832157124460587	1.52602484011958	0.915768369744843
-0.415332671029755	1.55396079607253	-1.65078121889222	-1.99573350800254	0.191614406724326
-0.0859558236421637	0.505159192615255	-0.118853001523038	-0.963545427072081	-0.908558379273281
0.619958872401449	1.41475333851717	0.20225776644449	0.517809263789509	-1.48172133895919
-0.0582427335071244	-0.605647279589557	0.418022804594354	1.70654122020404	-1.5074172994398
0.408819044221712	-0.51275282919386	-0.0977507563963036	-0.286034490104743	-2.34290322627563
-1.23792348705921	1.29489335078289	-1.7438739490554	-1.41008214753037	0.364041128340588
-1.5897794121767	-0.117876459572092	-0.433928317098415	0.0485362934765218	-0.574761618728313
-1.11554003966183	0.525926921758701	0.1829947062825	-0.141572803263884	0.785778303576513
1.6453367317831	-0.0180994915277829	0.772042215319812	1.29116999140088	-0.303744529907461
-0.662459808333479	0.176339497551804	0.0628053223361055	-0.138001587885079	-0.765904169579878
-0.0937749327423957	-0.81328855199575	-2.15604881497519	1.07973089754192	-0.931068609319599
0.0806804022547455	0.746403314744325	-1.37895456765137	0.528849746628128	-0.804799550953201
-0.244779889591712	-0.168140985896634	0.38125702298306	1.06190586337178	-0.753105953395054
0.60072806167328	-0.455096651746651	0.220543962758156	-0.575764355597324	1.06283858356039
1.39943006337127	-0.290625026068224	0.0963458801393444	0.628969891087563	0.459330648200394
-0.0728621475388303	0.462383929576675	-0.174576326246487	0.672991287058885	1.70114860500656
-0.341260643155982	0.320257667054164	-0.322455327929488	0.113416950585164	0.150014922433623
-0.563216810246646	-0.594358088109464	0.211113321402532	0.172764974278485	-1.15761918803004
-1.04541139607408	0.853848971405316	-0.0805811559624581	-0.03719573059675	0.844385124113439
-0.897134385765614	1.61031008866361	-0.584165678710324	-0.87733245754674	1.27952489096014
-0.0111228014242201	0.0182346069070068	-0.685447858397808	0.215788464198418	-1.34951032172392
-0.447538785631724	-0.312205334659846	-0.0820231994734443	0.239157772755663	0.163079182811567
0.227451686138635	-1.19931787663971	0.244503973773197	-2.10229381955635	-0.922987891942211
-0.622411975727522	-0.184918669673198	-0.1493918762427	2.09168763433561	0.477928724519946
-0.556750215284699	1.05733986949849	0.804993774433334	-0.0435669298986315	-0.85572876197077
0.610993279729297	-1.20633874741973	-0.653081752952702	-1.0737687995675	-0.127712882322422
-1.29241738472889	0.823214707567529	-0.982980131127826	-0.969606618518025	-1.84225380977298
-0.542054237241016	1.00053066984687	-0.665514120809924	1.31603391169972	-1.03033803353406
1.22268642855072	-0.806603573402476	0.246000045408187	0.152852780525226	-0.234583961027395
-0.0956838209980459	2.10733404465938	0.877595394797362	1.08979860912275	-0.266194961972466
0.315553561039947	0.180412467405652	-0.214893845794312	2.33012884847471	0.844952919872826
0.0594696523750406	-0.886218904943703	0.136936145453841	-0.522057214994584	-1.12328936602442
-1.53194396197048	-1.53251785871987	-0.822095710377832	0.400023568061548	-0.667655701027744
1.0129414688432	0.545057532846906	-2.06164113222992	0.763180272067987	0.72788702225758
-0.667610957566489	-0.0740876039318667	-0.671681830671172	0.900960063517495	0.711370812775426
-1.23046147554828	1.51969538014048	0.933679912420953	-0.476066139778598	-1.09936253639049
1.06176758964289	1.64839763208108	-0.329975747897377	0.589105253984263	0.721658941429976
-1.26793355275397	0.0168629528499825	0.396744145306364	-1.61396468731004	0.253996816470582
0.91733146053122	1.989838649862	-0.759398662036024	-0.343185811911564	0.750654520399007
-0.430937864184279	-0.0874029218299656	0.354088344001779	-0.406657623591208	-1.01620768025318
-2.05282042981284	1.90368751026244	-0.8386247030154	1.06114137989828	0.362417594383003
0.184829946611628	-1.39245924210284	-0.845627205141934	-0.0614533817430622	-0.106180598300435
-0.370095214957496	-0.479111535273895	-1.31556660814205	1.0725469958751	1.82271778590093
0.0681704874502924	-0.0742475250420834	0.458739523095758	0.160923170075798	0.321038206313302
0.156124740612639	-0.404618812957137	1.45878622256043	1.32063505596149	1.2429120135998
0.757137440908173	0.0693765112819951	0.0568010273547825	1.18994968114601	0.139574594915864
-0.885253540386355	-0.0672171280178345	0.91753940155295	-0.121332489120315	-2.25561590554223
-0.59890816127338	0.610711006434655	1.78904531104145	-0.48689653262125	-0.00437643109423902
0.251240969110898	-0.413973596888781	-0.48066898175129	-1.25540525745204	0.727297528986482
-2.22113428362385	-0.725729767339013	-0.270924438397702	-1.47238565804007	-0.878578538704303
-1.9263971370293	-0.709125440929699	1.80577343687912	0.990876461272063	0.0406163805503153
0.750573697063021	-1.97007536225297	0.201404633048254	1.1323313162726	-1.35674911406723
-0.957070218468213	0.308330741456672	-1.29978600517954	0.470495142699812	0.0631843910168191
1.61271718680279	0.37948336476649	-1.03412100751523	-1.61229786933302	-0.224377979539831
-2.17386366094247	0.0673285027430293	0.589746887152659	-0.35450094900524	1.75429110098499
0.211124510581546	-1.32363113235613	0.630583454579074	0.123651861229274	1.48716387376166
0.232241190483686	-0.802501574569159	-0.884834330886968	0.451355336864748	-0.482895734362765
0.740084660834421	-0.459262531931812	0.275025011963959	1.28567042816183	-0.180493858952865
-0.519197503418266	-1.02197404299239	-0.255949519255772	-1.63682941445971	-0.406273692325682
2.12116698987783	0.796745952514041	-0.676059441453104	-0.158238745090336	0.0767587739990922
-0.36243442569906	0.475069956450476	-1.29536756261275	1.73615642349992	0.666266516317874
-1.02151787888912	-0.213671284076281	-0.76633768455859	-0.855662334048616	-0.0040842698831769
0.495797443509833	-0.768316479314804	-0.0232128713333308	0.207016869272459	-2.32064009090848
-0.155634240634668	-1.38655684020729	0.312917592167426	-0.798090724957749	-0.0129637564116014
-1.68301949201485	-2.12223553116667	2.03800718682022	0.574150449750045	-0.153147598230316
-0.329722685664768	0.419540101861206	-1.13653884487968	-0.46529773299108	2.45685786705452
-2.16668051125373	0.157280761344892	1.1854844963473	0.338594014327858	1.14984383250574
-0.824892905760887	-1.12450470711341	1.56910150299568	-2.15669222215369	0.485541355854472
-0.0410307877454856	-0.619861036550365	0.0236054930795379	0.937913014861147	0.207318902716023
-1.60667969966466	0.0976317655063983	1.921832803278	0.0015441194431581	1.23942692962218
0.308861067437703	-0.679263931336679	0.187409373567927	0.709004567546178	0.93156221530515
0.884963100899306	0.117535118746351	-1.81142315633879	-0.373566138209649	1.03084512396604
-1.12782981048422	-0.532493766720473	-0.101307966054613	0.384595075612002	-0.450413262654763
-2.35518885116908	-0.332179797158889	0.563513395512491	-2.28085160019097	1.07909952925413
-0.962676073947113	0.267648657505802	0.0469514062530488	-0.0756065787145273	1.19468430319682
-1.61587767182131	-0.530111738836918	0.00182779498289001	0.053807825042301	-1.02874646211602
-0.902400330315093	-2.57739980336018	2.07011837203828	0.881587456128513	0.391365131738726
1.705222659946	-1.42323016015526	-0.161905997239013	-1.21057027610348	-0.0282700510599113
0.237719540951022	-0.526843966590426	0.709971861792203	0.0454640694264495	-1.24744181339391
-0.970895342344155	-1.78394724223573	-0.406590810784183	-0.894495118912935	0.250358838452442
-0.285323776781234	0.994921580115258	-1.18077249856377	-0.826410913089986	-0.210460610918138
0.883206913021238	1.62773950940152	0.151293795170536	0.681621566226785	0.574228273338565
-0.440671767796195	-2.02120725431592	0.644257603748074	-0.928718935637086	0.0475451274100182
-0.769765466858821	-0.742431210084777	-0.995436657729325	0.65841372810034	-2.04053812048403
0.239966650571529	-0.0542753538314385	-0.212746867651988	-0.594440480470477	-1.23567663763215
-0.121680225550508	1.36182359679262	1.83989209411095	-0.804031869754071	0.52551216600103
-0.562397516755159	0.150109366057363	-0.294962983227322	0.660424045106289	0.204189126179383
0.0636038928710805	1.28479785051225	0.370033785056954	0.468363987407296	-0.40167329831042
0.405426494954826	-2.01808556175581	-0.297323748783224	0.437289956720214	1.57056241383579
-0.491962446379019	0.063409783699013	-0.197018464311251	1.08184659788053	-1.30765201963873
0.202228523762002	-1.16043675922375	-0.0533903294205746	-0.266772419423337	1.52101850734919
-0.98044366161317	-0.98458696849457	0.0689195685456051	-1.15626726986935	0.930295090554714
-1.101608565463	-0.493883116662859	0.0638899328349682	0.0846257800356586	1.40728530556255
0.331548285858554	-1.28381638432731	0.305156175491471	0.181009560637925	-1.01371010859427
-0.372118641518044	-0.382203306462444	1.21565041998072	-0.195495508409688	2.21851108017289
0.417171408382263	-1.87792871623757	-0.246914761603061	-0.996972403840196	-0.202788604861011
0.502768046743374	-0.389497982350047	1.95672638221045	1.87455786160192	-0.16031318293865
1.93492953628137	-0.95628475049826	-0.313296829739167	1.95714706613544	-1.50691807926586
-0.322980895797499	-1.15513338513909	-0.0134054622050281	1.19890207999338	0.911654997018505
-1.1928400250506	1.99402903031243	-0.589898258638193	-0.574535580208823	0.268530705097997
-0.301106466453357	0.463769880839077	1.87713381102515	-0.729212011272909	0.0115461282756457
1.40645064212053	-1.04001827275352	-0.13282694145829	1.80058206113109	0.68244092005236
-0.806003113961852	-1.13271696469492	1.29308860111887	-0.343735147213576	0.144430170646495
-0.368049096268599	0.519102224528858	-0.0248163096870035	0.619232011120266	1.76048503402171
0.335774899418788	-0.633177926444263	-0.589283003804429	1.90335248010285	0.489230641742958
0.340197710538898	-0.343884018835431	-2.15296950259737	-0.492034888849812	-1.07806910204457
0.859015416346226	0.825322339627915	0.360728819035339	-0.764580352072475	-1.38366714088184
0.327199946505517	-0.177653310442388	0.805035635993647	-0.383925353700677	-0.47305074175865
0.385174176385522	1.38082185841665	-0.068122455793415	0.0348111519845623	1.13376035832974
-1.06646010036191	1.75823664183083	-0.394657678219228	1.88689724572646	2.00167869768953
0.447431452998913	1.17827922064689	0.644975048328812	0.25174838442176	-0.451688484599475
-0.676383962033229	-0.394057225369219	0.472215327553513	-0.82856436798894	0.384691000055763
0.655281970384137	-0.533015692904682	1.21402134711081	-0.165040112704075	1.17827107070744
-0.798907552513406	-0.485761797509576	1.60529255067854	-0.311785260592766	0.227212735043169
-0.716788069116615	-0.994820953764975	1.62570838754918	-1.30031308374799	-0.188373645643901
-1.07910261707199	-0.128542145762556	-0.815441028034768	0.741733491469231	0.127434170008264
-1.03068235455809	0.72234077150109	0.163540927597439	-0.962404580670274	0.682282329864252
0.192063499657128	-0.677825234397445	0.626767067611142	-0.229764411519185	0.899620224252655
-1.35435122602444	1.71409899279487	-1.65648220544572	-0.342211441453494	0.170451918222687
0.840010270409399	1.62463278618522	-0.622052294908479	0.29229083247207	1.20950438367321
1.12206372833491	0.941413877153064	-0.281632624522628	0.230036721521239	-0.528721369865595
0.662338109371224	1.40325356157208	-0.611624648368763	0.106078961844248	-0.131559930125383
-1.01419330995187	-0.503317010830364	1.14046818823947	1.2475829264514	-0.643285099125514
-0.274555837829819	-0.921575101375441	0.243481875515719	1.41687848685522	2.0401833274635
-0.20510024581213	-0.992702088089958	0.267481310862268	0.308680494741909	-1.05702351641898
0.279921521856786	-0.747869874948021	-0.486864585629184	0.361820095232347	0.0282593595834172
-0.705185425926168	-0.268200999138179	1.06270254837056	-1.16244281230874	1.11769720450047
-1.99080840262137	-0.536819744390401	1.04645250503169	2.17155196409678	-1.82699070219993
-0.513433345864089	1.08556898078301	-0.623778062000076	-1.19318470562048	-0.456139818823917
-0.189741022756303	0.377860435095298	1.88733698408804	0.249316450421275	0.423261070301108
0.315651836472243	0.056704072261386	1.05119770131038	-1.23114825758069	0.612613869608474
0.466314347256753	-0.205893164995249	-1.12635689554742	2.00257850665989	0.610356341482553
0.831920334210506	-0.300447359864328	-0.0834801707017033	-0.246514393248632	0.785832188811181
-0.940573976239299	-0.255747265785463	-0.365790072729718	-0.357431729893642	-1.01415251825552
-1.1066352913783	-0.0343062127030938	-0.489887037593478	-0.0214051984257929	-0.282621580405395
-1.03004333648457	-0.401373808769162	1.6325904198687	2.1253413034959	0.751120719689499
0.793177419174353	1.37329422856263	1.47872418502076	0.421202370136078	0.0611892557563901
1.71613845907379	-1.55041064012631	-0.438746014717159	-1.1125266174411	-1.5288600163329
-1.54602412316389	-0.750610116413962	-0.416790752902872	-0.539805165651988	-1.3216640156605
1.69309448989204	-1.29722969498715	-1.57728889150738	-0.56242459780009	-0.0221265547703399
0.125947590693327	-0.938625399254953	0.782507392144765	-0.652157788555325	2.17082889582521
0.408034760415421	0.100539707963611	-2.07231038233531	-0.344844395725983	0.0462119235293812
-0.382559987656789	0.567803552702326	0.514085693042596	-0.277243362873885	1.02547259746595
-0.054208189074831	-1.09675444512655	-1.14938931192498	0.507873157763506	-0.124779723427243
0.659331352795288	-1.51160783008417	-0.62174465902068	0.785502426120711	-0.455134632863591
0.228647312908023	0.855894765564207	-0.378042615067331	-0.279881465243788	1.62809421977581
-1.14326091319573	-1.17498861564272	0.757196926528576	-1.9258390379731	-0.772700462321686
0.0796822115522817	0.187162801526538	0.810410480352181	0.0130111530448678	1.4051032275695
-1.66903624899205	0.066844698082829	0.61005329131152	-0.79324785740162	-1.21535563210699
1.86068945133325	0.00268384195928953	1.36122228086944	0.336607415703034	0.684193132066664
-0.191027831923333	-1.98089104587992	-0.33699115733308	0.864059476597487	-1.33529606104554
0.553120988006976	0.477479029383443	0.726994383827748	-0.487231522686	0.210957736359232
1.70457446696098	-0.708231150503722	0.989847905178979	-1.03303140638495	-2.2159953958482
-0.348587402909637	0.308260689445869	0.189135018886648	-1.23182393592648	-0.200158914540507
1.24075816288843	0.00619518055274672	0.785201019753137	0.828240664949363	-0.82469144256469
1.43742765540051	0.969326341877524	-2.37370064724794	-0.110936173239353	-0.0401809904323982
0.627314993663693	0.173907528583385	-0.973792798901601	-1.91742025916229	1.62905953234741
-0.0170306179544532	-0.0865313948086872	-0.723793736730974	-0.294300791411244	0.155722619403895
-2.12403785824807	1.06274076776633	-2.47314604074107	0.448842361672351	0.0027865899829094
0.251016506854419	1.17532476527845	-1.00238960060028	-0.716488840046177	0.892525210199547
0.350637109532757	-0.419374952808649	-0.280390716894758	0.450133518706724	0.158643236290933
1.63096154829212	0.440314596007055	-0.36485848325	1.42479504930798	2.09027178656316
0.700308116948641	-0.0310196887137269	0.0796988729922668	1.13122976341895	-1.10356089117081
0.00692505314788187	-0.345477256421703	-1.83367282550841	0.573497537555802	0.0649136211737576
-0.876899108773523	-0.316531546990229	0.697855757410521	0.595974515488282	-0.527898192175299
0.195882124539621	0.205140581958992	-1.64540562339035	0.411322703123843	-0.862327679848005
1.33093292253745	-0.231338383929165	1.10164400859049	1.34121693462213	0.0562253564042369
-0.412774531436463	1.06449335979065	0.38253670635078	-0.611890398505115	-0.0825201033972023
0.493414660342172	1.16391488305575	-0.492308971609645	-0.381017228069623	0.544875062499338
-0.692986951506517	-1.81326565725991	-0.447966994208959	-1.23555676937277	0.0905369673399839
1.05473213954571	1.1983721752154	-1.05775874944989	-0.117737786306066	-1.60935075137434
-0.994289146106737	0.747824487621693	-1.40476794705599	-2.2163823533079	1.04308414679499
0.0779240708214926	0.985847954486491	-2.41479798958879	-1.62475290741608	1.00828951292492
0.948221661079825	-0.148981220921336	0.876996453570037	-1.04038503280017	0.56479394364888
2.21393716768978	-0.746861140409148	1.23125240243361	1.32977628097064	-0.581990822664275
-0.253975506257887	1.0110190754295	-0.653972715881955	1.69119213563208	-0.68281551751383
-1.62874421372306	0.446316957925792	-0.955401969778365	0.140277585015086	-0.342242245968374
1.94328653218536	-1.08352949592819	-0.0661958446621052	0.21924211117702	-0.00513200117927421
-1.99277777283989	0.603581465102139	1.7398903346475	0.172392002417786	2.73642830616876
-0.358941584286021	-1.1294179817098	-0.939903746758061	-0.666662263922828	-0.370350273999495
-1.54209139832763	-1.09685564024569	0.0985643537088344	0.672362690191536	-0.148527307084486
-1.22465153947529	0.150778813570266	0.915777454881472	-1.86382159517327	0.942932768759051
0.33764405105873	-1.01597386222735	-1.04024043551508	-0.291152341268712	-0.619497348531939
1.56609822131242	-0.123759397076004	0.824346859505026	-0.0571616301355825	1.15108601721386
0.0577492089627424	1.30143569696069	0.419374029162053	-0.136532243706666	0.687000946977473
-0.259521041298886	-1.96477842868038	0.27158058633685	1.26562292241289	2.13397871787052
-0.236425843234298	-0.838901997505835	1.45459478084759	0.657092402320435	-2.28654240578498
0.439860715467807	0.798605837943537	0.850772245757865	-0.884069404589871	-0.959233539385168
-0.392066150155207	-0.62500161104521	-0.182905272925385	0.913080699840117	0.279891770084979
-1.24692481657319	0.352164826104048	1.17210378007381	1.62341856920852	0.528392383016058
1.97006459167678	0.420160439329766	0.880217812525685	-1.10983522011743	1.23705209011568
1.6038223600722	1.79036835639315	-1.65191883081466	-1.42925252768912	0.918336978444421
0.201672883877088	-1.19410593184061	0.343486280196041	-1.45716903127438	0.208035716544487
-0.652229137355785	0.172984260908936	-0.229580431461349	0.743441880199437	1.18884402511536
0.0869697250823659	-0.837111828412504	-0.570960171864243	0.877480053605859	1.1384202414494
0.638230983183095	-1.52558268174802	1.3712627562475	0.380836181193287	0.0322118490973235
0.0153998979584176	0.879167989711901	-0.746384257637189	-0.158147025333029	-2.25635722072159
-0.603930860954329	-0.0155000001440999	-1.48617212669209	-0.581206918033842	-0.436731472024638
0.335984878571264	-0.974234501896604	0.0539178778510071	-0.422771496100706	-0.62193914957125
0.370444492622703	-1.04188363821292	-0.83449653798866	0.53535667067873	0.0595112594342142
-2.29514472303917	0.223628872455026	-0.623509257200026	1.25715106307679	-1.36561937849416
0.493304581277472	-0.319391938634019	-0.0059342747316189	0.19704407340614	-0.437541222323334
1.50212412247483	-0.537677229981047	2.09452049414186	0.596480143986135	1.16665126736191
0.919840906407634	-2.27753173772561	-0.84248925148103	1.1356584690179	0.146355363285371
-0.187646992588709	0.832942230338907	0.41667132418125	0.325810826337385	0.86326817500867
-0.659421350033075	0.00759838211489106	0.464910476515253	0.702482118682763	0.291093571282976
-0.342068885268082	1.23042159795052	0.0856052897476067	-1.12946007124654	0.160739309695786
-1.5296574462163	-0.344369823375859	0.586864871302465	-1.71159641426907	-1.07746721435923
-0.589778934527242	1.10879224475988	-0.342961562071312	-0.177899396378533	0.581346718152898
0.839425731739995	0.0450507940766241	0.490937014991452	-0.707525050731664	0.997483902716339
-0.73990422506406	0.731854964995699	0.45347270166994	-1.50970208046535	0.712991955880798
-0.235331048462771	0.154407346148483	0.184438427668967	0.253401550853445	0.897317001317786
-0.1011240260468	2.17607976268496	0.763884462188083	1.9048412594286	1.54369527499264
-0.15071325943451	0.345149941922975	-0.30885912025107	1.66083155881902	0.793786902311675
-0.368154095432142	1.71746280200672	-0.164405370023324	-0.228281514120949	-1.55678901022082
-2.45017791314366	-1.79009463123939	-0.313012559067885	1.5685084108731	0.983259601521203
0.0604284195394481	0.878499143270157	-0.48155487678408	1.22042259500446	0.325733817690767
1.63304865346201	-0.194958191003163	-1.67660211016447	0.499475385210024	0.522175095068613
1.2351365747309	0.21752528331837	-1.27866998306247	-1.10748705389639	0.743727731457044
-0.827603163278864	0.246533408686051	1.39590765273781	-0.144354185418582	-2.25124372254749
0.688954230571876	1.83951197269195	-1.7416062776731	0.173009082630318	-0.963081448847639
-0.800134018338451	0.029153676295481	-0.272676485963791	1.27793605342936	-1.55729590484622
-0.0309756172568569	0.0413550073875322	1.63825747812519	1.40739352888892	0.913057066614493
-1.36899404207615	-1.36659813784005	0.887767861080283	0.749369098014169	0.301070613686943
-0.595018906689696	-1.70667316759638	-1.13593273139239	0.587241806407289	-0.228018412042293
1.46687108441316	-1.33434816278241	1.06527433283053	-1.03950188889265	0.365742954378379
0.590897150334986	0.0899980936079273	-0.445408439873885	0.00800075212533258	-0.468088866856915
0.503235789738874	-0.204181014015748	0.0633471392774813	-0.484102772611076	0.983806521308163
-0.613230965495214	0.920026945370814	0.9798833628979	0.493946992469954	-1.58329009922581
-0.873307080766365	2.67543297479909	0.330195526260515	0.159743838297734	-0.996333856620149
1.02901178260115	-0.363065564768425	0.378132582430442	2.07657900702589	0.989750875535025
0.0524204566126184	-0.19246521696559	-1.39090788187966	-2.53245991799433	-0.568815238126706
1.57630295655265	-0.651748928378454	-1.20586563858001	-0.467645378757191	-0.505176854231315
-0.305566152473238	0.497440837019094	0.799138465731296	1.43005798643496	0.484165523270815
-1.02610669393257	0.471135936559992	-0.264135959432147	-1.32647058772068	-0.174194773129614
0.721765356033377	0.148364362614096	0.375054015024753	1.83699651182837	-1.23978803914007
-0.299688233666222	-1.05552387038162	0.450027006323094	-1.54754930976855	0.704654745556246
-1.32882557515399	-0.728334202861174	-0.598834515359845	-0.895263287430746	-0.75700382963354
-1.81120706038937	-0.985846456486712	-0.184012766043525	0.674935367574116	1.31609266931359
-0.252216656475868	0.781563990047163	-0.485299095359023	-0.0887293034843512	0.190361723454673
-1.28876618981643	1.37092617068082	-1.08298551872574	-1.88743944380494	-0.591834471584008
-0.993194444003737	-0.647473671739327	0.0969728973489819	-1.31341791429223	3.22847738601399
1.93423130612105	-0.717145656066485	-1.20898058750002	-1.05197102719814	0.0866686714736701
-0.69440378493267	1.10851806175384	2.01161732913249	0.0938563768345327	0.979478378350378
0.957449045671592	0.770893212445915	0.684295517272163	-0.327651923314454	-1.09536419135978
1.29134161847576	0.0290434903164065	-0.222479480259645	-1.38512110626284	0.34373370435055
0.950636191115435	1.30735053294219	0.832292021309108	-0.528044212772144	0.762640680056473
0.3625541765878	0.494338540986181	-0.19856624567547	0.350365694272865	-0.270621179461102
-0.536869989770659	1.32311247481866	1.63482956082642	-0.188032529057715	-0.108342534126381
-0.207094487379748	0.790542520286011	-1.46428759281673	-0.607291865283384	1.09809409997985
1.20823725938474	0.761417597128323	1.62298823460539	1.30928134283923	2.01775995953688
0.926253407480529	0.00409978665348709	1.92586100745149	0.234028439854585	0.401328115763545
0.790360566106985	-0.239344784103527	-0.216270316516074	0.434520530970171	2.44101967737444
0.214357431513207	-0.330497193910222	-1.01054167516822	-0.559690404000282	0.199907840174176
-0.276219817563249	-0.952739410249425	-0.592003350847798	-1.37316948967668	-0.629344033562635
1.79981552000122	0.27167105857837	0.75914868560454	1.09886050155233	-1.14783958656047
0.925526531595218	1.41339896692302	0.639011604083071	0.164042824958768	0.570918336223433
0.681896376023113	0.643432506018687	0.885941223063927	1.77632224109086	0.115524706325319
1.06645955176811	-0.203628033755328	0.882545133287408	-1.06972607205989	-0.984167682534305
-0.169310985282919	-1.50935317488879	-0.499701566075414	-1.12953903027423	-0.00567302631713493
0.960892015298979	0.926808571127678	-0.387689986298703	0.496879618243337	0.00103936200990288
-1.4153713579002	-1.24906535259139	-0.337076240584839	0.86018020538522	-0.650963280898625
0.229721633772362	-0.636383402937023	-1.30992250633667	1.66845902099244	0.686480318119541
-1.49196463013795	0.3748810533954	0.628580173846253	-0.987591060528185	0.0172021912214037
-0.0338549008329821	0.0549869394908786	-0.0481031768062971	-0.988969231067498	-0.584714124876732
-1.29359442934256	1.16434479275008	0.411928198912136	2.33077098732463	1.60298719588252
-0.641234344921319	1.25970907408376	-0.0910712677666121	-1.58784250489443	0.497748342564009
-0.283849670339563	-1.36289921644793	-1.53417451684957	-0.815029828852686	0.486646917247991
0.201566904067544	-1.57360478970466	-0.44391227467439	-0.0343495688409723	-0.053976068582389
0.291626527128232	0.562587008438789	0.780574041631159	-0.465239987640786	0.695049636039723
-0.50729639125518	1.40116803115722	-0.764976751188056	2.66711641163497	1.54082140501443
1.12019753309655	1.13820832805616	0.614227643062235	-0.482526494408794	-0.0920058141397561
0.372567719672089	0.474699451007756	0.865755735863091	0.512354062064214	-1.25544380096214
0.0513859258165839	-0.828747934172799	-0.83112563676568	-1.15344496533419	-1.53377901394006
-0.204727405607829	0.685628684447856	0.102356455887795	-0.176154477393253	-1.23681477552732
-1.29704708529133	-0.879355548116601	0.437009944266449	-1.66975254765787	0.304034118242574
-0.426705127762355	-0.352056133905306	-1.17856677679129	-0.910525877273975	1.1836940529706
-0.384942470781555	1.44110735118076	0.113751637872231	1.22341356522552	0.801608966316374
-0.960706568628847	2.32559668767908	0.427839931787302	0.113456465829399	0.72968596649175
0.669529252078026	-0.170281839392116	-1.95594660314817	1.23633238683681	-1.55012840273266
0.932126745715784	-1.34471347543573	1.42885929066248	0.106724104411573	-1.09019122109404
0.834448735096293	1.02025682462489	-0.38258600671261	-0.145008021347789	-2.33642140031684
-0.347092758485981	-0.156607736627955	0.635900270944477	-1.45043951415447	-2.48317724016492
-1.76371525630325	-0.345506094472751	0.301457516884444	0.291329136635099	1.27949858609242
-0.423667336472238	0.69882243385378	-1.26507097691118	1.10981710661732	-0.447819604733445
1.09686208737627	-0.0103235618665659	-0.589825563953625	1.50793695304847	-0.0617812889231534
0.0684033629530241	0.343152463912929	-0.652869683035506	-0.216780671179592	-0.357864439693567
-1.79233475470302	0.163566115318315	-0.630889144754709	-1.43989656221944	-0.689322843689837
0.00322105482498606	-0.0366555711063249	-0.824188084972161	-0.370552523093726	1.17359623174471
-0.98452912826278	0.582912462155868	-0.021880151809636	-1.21942851548266	-0.640804088533824
-0.871381637703898	-1.80399876783646	-1.11670006114564	0.0257960243964329	0.362135253957739
1.68926624480685	-0.746618217708847	0.193486663833114	0.167387688570586	0.844619586219595
-0.134107586899341	-1.00301765706908	1.11538425778379	0.520528183478857	-1.14112555993764
0.644377987241741	0.496623615942178	0.0131343151967527	-1.40266275566547	-0.597527992298964
-0.201821994631617	-0.464502888279907	-0.755797121491671	0.382295192616583	-0.653106974691015
2.36828236384202	0.894987964303855	1.87085652587267	-0.633258691841451	1.13908857856053
-0.311364681425621	2.39741886279892	0.107403392328946	-0.221431520390673	0.298916754287295
-0.462244736738639	0.648305420031743	-0.422653832562829	2.04296758084897	0.568342164781754
0.366560648911162	0.504265927823463	1.37411865320007	-1.40862219754554	0.362034679984503
-0.871795619245284	1.35760078380394	-1.28400226814551	0.721144399408404	0.0679303016838906
-0.326238314449701	0.401111592658414	-0.291982148489424	-1.22607399953804	0.899677304169586
1.39576165187489	-0.52230541101936	1.03357313332076	-0.605703410248227	-0.823656681634515
-0.196860697547502	-0.540948520409161	-0.442119804480745	0.867063654169713	-1.48378040967116
1.14231489479283	-0.439743917778804	-0.261390008044186	-0.576287759155553	-0.93551748259011
0.101410810443615	-1.27282917338511	1.60847625042316	1.70668197909453	-0.922226841365162
-2.52106745858956	0.36573547605888	-0.523379422947018	0.364603305302532	-2.01517549688218
1.59205889258627	0.0476281149960251	0.458855317717985	-2.25674059538396	1.01082340936198
0.242484599147052	-0.125595338262541	0.279745441743964	0.206782787459154	1.19054117695513
2.10639661909967	-0.29122919488564	-0.19255445592557	-0.304442455171413	-0.613311247144637
1.12624380385411	0.898011934226402	1.58626287188371	1.85230551841277	-1.50617851211123
0.650327162141047	-0.999669583461685	-0.590974766480876	0.891062824572635	-2.65123419926537
1.09315123812592	-1.94790860761637	1.5186355200919	2.29032826459738	-0.288282248214771
0.454995295581121	-0.991449201454523	0.942840763003675	0.079102487384557	1.15776156916123
-0.746325185179964	-1.0601812608692	1.06531129326652	-1.134813019575	-0.806349238697609
-0.0898437716336397	-3.02537297448739	-0.37936666743204	0.49302637439235	0.390042741042863
-0.775492958340968	0.0292692465489549	-2.36132062555186	-1.14812530323602	0.244958879024477
0.453781762224926	0.415814113447876	-0.58082350706241	0.419180418966129	-0.645486955016525
0.812554371191355	0.12206369786501	-1.57774661493468	-2.18812734625339	0.32978676632684
-0.660353327685468	0.305069542625598	2.06938390359206	0.618194413349008	0.338244718572915
-0.217308053843611	1.98684235692219	-0.0613140740247547	1.61335082395461	0.356936276745525
0.951852520860129	0.300136706644102	-0.565878865829097	-0.504163981529714	-0.425397042034307
1.44146187151791	-0.440230534623979	-0.487997128179303	0.551303778854734	-0.0539455514706792
0.324588911731371	0.181773071337266	-0.326190916587223	1.36745320628816	0.862538575871259
0.850165601407761	-0.323353167313683	0.297668856490664	-1.53221202989653	1.53278998757247
0.356243226058734	-1.64128386325145	1.05748427684008	-0.733066689999615	0.381855138415318
0.506050519980301	0.485939947063237	-1.92659099958612	-1.36130015452061	1.34254554060874
1.16955299096849	-1.35539404314477	-0.665874194500828	-0.691851186782305	-0.75221636201593
-1.4977686924743	0.253421798070572	-0.777491667818173	0.24611354424934	-0.976115322519822
-1.40185493568484	-1.09261233097334	1.48008962094895	-1.10752896891536	2.09456582261244
-0.280802611978757	1.44649151425878	1.41845022947147	1.79602071139199	-0.00545737791588594
-0.538630950821023	1.00739046373219	0.266049884978727	-1.8737072293949	-0.634559854117962
0.476589320188867	0.625257050505212	-0.266395106688078	1.90642102503782	1.43809196902815
1.40750638224539	1.8683470292972	0.867753139535538	0.72778741081294	-0.252828597397162
-0.69188152695713	1.02546424574329	-1.14076868150346	0.728868073969988	0.757767068069854
0.872526874436707	-0.232547661683993	0.177214439056463	0.132743327797241	0.327186602614145
-0.243412574453564	1.45521891294828	-0.28975304550986	1.60088188376955	-0.234700070437791
-0.258281604499372	-0.786907920378564	2.50336419234199	0.819853337297095	-0.0681434237673326
-0.799223675721783	-0.625418368587941	-1.01163027928727	-0.12606029027491	0.00712066654542396
-0.439687676427589	1.12581664138423	-1.82059755561414	-0.247319534493792	-0.637924644203007
-1.08146859062815	0.686162069546798	-1.43263544664225	1.34310000887964	-0.195137352075054
0.404381354519375	-0.260399993371622	-1.57573499995123	0.664592872688469	0.703834426237263
0.784572644985816	-1.30651407353973	0.0479345185151799	1.29905918596276	-0.270625484606619
-1.35563141875167	1.13902346101882	0.0837242217797993	0.783590847531774	0.783656018936319
1.02777923761859	0.624181210388228	0.0105708715802853	-1.09531874171962	0.212688801544055
-0.877234686056628	0.692440120074532	0.261256808673457	1.64589014363779	1.34834920909366
0.47103808822932	-0.913581732219252	-0.897104857090057	-0.363896158776556	-0.878143707551991
-0.625772067889613	-0.646962035199543	-0.176670099472266	0.163361080795407	0.655151495810585
-0.0942862453825689	-1.3658463037259	0.191556127585834	-1.06398057210924	-0.871921155111869
1.19024202590533	0.949423201431186	0.336916406586837	-0.736604651334227	-0.438463124920803
0.122884652458539	0.124056933234042	0.103401931285763	1.28842034785	0.163379425324088
0.474992655329784	0.492510551174393	1.83130994873696	2.02666060954561	1.10065041388145
-1.22016952816601	1.22380413023128	-0.132601937991279	-0.0566304038297094	-1.30772911211555
-0.220812084292849	1.09749568907475	-0.103058156036566	-0.759236844446581	0.128418935140839
0.323163697544847	0.4074939285336	0.557813326370746	-0.514925270106111	1.18416903789456
0.701802490648862	0.938338485412024	0.290850906168732	0.131418988419359	-0.537225307776889
1.90951342786248	0.979143695141265	-0.320994198676429	0.810218707414771	-0.519772024963982
-0.953370858737406	-0.423070559784972	-0.523324493433199	0.57995459089221	1.81382769030602
-0.260553617973802	1.98111820785015	0.665901643994225	-0.306986109523237	0.627482256307736
0.153579927516048	-0.0485184928905444	1.09960510147986	0.877355603824612	-0.817670732029683
-0.271235505088457	-2.09003546081924	1.96057376912906	0.402470794057546	-0.188343383612656
-1.11176824481229	-2.87587843829901	0.998708600766011	1.91310861789822	1.13353665967421
0.480325876800668	2.63318320771038	0.327238066390074	1.52291150736034	2.4908105689209
0.323076961690239	0.504959812335947	-1.51242703148921	0.0158690217599742	1.03678195451633
-0.884340267015407	0.275365811447811	0.665694109153735	1.08527734538051	2.06258561341767
-0.609116779781113	1.32139036793314	-0.497131544564481	-1.01950065208586	0.185785223568308
-0.0037073064675361	0.530097500802173	-0.968051373714816	-0.155282851610778	-1.01046564649297
-0.65413589121618	-0.0909605300722061	-0.173058643074395	-0.451462383770589	0.507440767623364
-1.77072071711092	0.395338763144012	-1.30333793751619	-0.376017077555089	-0.354695551210048
0.662223455236692	-1.36134536931777	-0.929497552386289	0.375325897750295	0.770297442832851
-0.0258285063695537	-1.79157205687799	-0.670120983689374	-2.16381523644409	1.18489305333409
0.202848453465783	-0.315162260387557	-1.54829492475947	0.925920145844116	0.167128319704419
-0.629212380273489	0.969612720651633	-0.0964863327001301	-0.0561588014752577	-0.355225330489552
-0.136534390751327	1.55382287647905	-0.862144785597748	-0.066729182179114	1.87148513479971
0.938009251380174	-1.15674694969504	-1.35333740267414	-0.280768545908172	-0.0370852593478981
-1.03872913250619	0.519351970698892	0.857305872933788	0.106207683400523	-0.178321930729087
-0.49998101364965	0.130212998245446	-0.312019871204365	0.105657908477802	1.35988437643721
-0.486274988261959	0.13443522343546	-0.15463281077971	1.65510299658981	-0.517967249376079
0.898163765959712	-0.174276846975757	0.534625501772628	0.142366217129537	1.70581462013489
-0.175324562809395	0.848624141636192	1.49759650044555	0.586910707003244	0.362596117342696
0.836524260278004	-0.573250330214584	-0.790807341252539	-0.398128873919988	-0.314615894744114
0.0859183769039361	-1.66880841605944	-1.12095591352958	0.182695177629305	0.0359736485636909
0.677604104727423	1.89622972358079	-0.396411866415909	0.0786830071469666	-0.187445818180613
1.35306276119336	0.966895554624451	-0.239661526607986	0.718935167068907	-0.371635340388294
0.156936312621634	-1.84482122479667	0.402319405129512	1.44328591389941	0.668757176034999
-0.469621244997282	-0.137870255614799	0.0120889791825539	0.386360912264201	-0.971411417623708
-0.159679453545029	-0.258801293975516	-0.773170995562399	3.45602389537717	-0.20980298709954
0.855857375243442	0.0219429383124534	0.0950178801726939	1.22017974674629	-0.198937348073361
-0.961009320752121	2.05120552156292	1.97827768317527	0.578962979373114	-2.05909312810902
0.55233920040967	-0.970303184403629	1.1167520331455	-0.700761856017839	0.166989001569426
1.57226986528972	0.150436292716885	-0.643845891803491	-0.285365181126392	0.630462554605847
1.63861356256981	1.03871357928757	-0.689024489576158	-2.54933839187529	-0.188209356029744
0.613567982083855	-2.58857605047562	2.2566346939685	-1.00712289672425	0.0974553791311839
0.405200800959923	1.68110380623293	0.393682968010162	-1.43303158517085	-0.787030856749705
0.552170480538359	-0.252607411161674	-0.703966863541759	-1.23851353963388	0.0729123325393731
0.357257782977349	-1.38334372634024	-0.261488525181823	1.31911845029806	1.0641479499893
0.102397005088115	-0.32429530372455	0.958106462781515	0.390285258634588	0.429686253868512
0.868527332521659	-1.17831741280324	0.391306903146963	-1.7400918651144	0.54111398835933
-0.347408419573213	1.65985146697627	-1.74978243724201	1.02930579629507	-0.264735423999081
0.99212770950299	0.212512564717835	-0.279376985779049	0.269220856600646	1.12612254391384
-0.776733951100784	0.840894298173196	0.746390754539579	-1.0608948295341	0.183870304832207
0.37238484302029	0.780165365509494	-1.21594632117179	0.448117900486725	-0.834102475455642
2.75608224831114	-0.263842857564783	-1.4736640843491	1.81029078101688	1.60144235032704
-0.340711068842495	-0.6002654361574	0.671764005849863	1.61619285300428	-1.15530974942312
-0.337649195260543	0.576849798839243	-0.968688545375029	-0.0042058077657871	0.812439618077231
1.95861269168054	1.51881602195391	0.0135128868577779	0.38922111862976	0.835296905875158
0.878085712706383	1.27462452976239	1.64210387657661	-0.317313268424661	-1.54617266290849
0.603892588382411	-0.120749977742742	-1.21995792805844	-1.59198664755423	-1.57949479523733
-1.47565241101118	-0.695318914362991	-0.113893675503732	1.66594853821412	-0.366523914142101
-0.214370094641691	0.687143583057783	-0.163792323662841	0.776829849211956	-0.677551671825169
-0.401006578911634	-0.909552535450414	-0.455770068006233	-0.798884471973005	-0.407676900012757
0.479983403772905	0.891015721331332	0.0204201280249556	2.40311429264674	-2.03908134688625
-2.78222687319004	-1.25916713731835	0.580388884447807	-1.753127156817	0.164711175038234
-0.556764743424256	-0.519938275296274	-0.501872569813821	1.07613566390806	-1.56412517149171
-0.974948118210381	-1.06937676915357	-0.948318379825355	-0.924155975960833	-0.924280861757716
-0.103634138664399	0.62835565273019	0.0795325257552338	-0.235347433110963	-1.56544684429656
-0.198336103899766	0.129682877156189	0.254541248881776	0.970345924042204	-0.202457246787336
0.964926132895395	1.35229452686626	0.859226797328281	-0.436843260457682	-0.812236378978381
0.901753686717071	0.116701741224956	1.02172944751347	0.739382198813383	0.552353687192082
0.0715685497757787	0.381764879585674	-0.822768798339652	0.497719501520298	0.472999204672998
1.39420072353076	-1.22135797281653	-0.401350331110741	0.897712298347882	-0.290567031240554
0.319376426522122	-0.188152885225979	-0.321483260766312	0.960914937476043	0.195456931534941
-0.55403434297457	-2.19678748212594	-1.23246399451387	1.54347894084306	-0.933050725834042
-0.586459486572512	0.242444635252213	0.609021254862325	0.322589225435297	0.988617375711328
0.464098578441195	1.11788053795987	-1.90461094581565	-0.981948945813326	2.30292513587267
0.378240312403875	0.561150897819979	-1.17584678076559	-1.42583342357633	-0.0754047922751208
0.953377694168443	-0.907642657176751	1.25002943527199	0.218940744879653	0.0156837897051273
1.08617154983692	0.00367511497954202	0.743294953764935	-1.17863236097956	-0.597256895620842
-0.75765932136554	-2.0009287512991	0.904317483193455	-0.627130498984297	-1.1245151264511
0.977816550157242	-1.03319003556363	0.294668640390286	0.136987000317205	2.06608931957443
-0.789720648967432	-2.13940763023889	0.529231952409158	-1.12752225403188	-0.148218431368917
0.200256727599552	0.703060642022711	0.604108868997891	0.677923138782504	1.82449538857833
0.451333678146194	-1.13616271856741	-1.57621430100589	1.34180154455799	-0.187979287361701
0.0676410531277518	-0.0383604539520991	1.65045767556541	0.632420711498254	0.425438447396662
-0.0125905765233398	0.00589044192698909	-1.41620420049185	-0.744357602845287	0.659108202869277
-0.240634279546387	1.35564875770905	0.35130070059327	3.83019882188344	0.383552503781272
0.960268955274118	0.870887156017736	-0.17974225873018	0.270842936783885	-0.417819849267565
0.249144552051799	-0.23235021475959	0.375748317237909	-2.04185876748161	1.38824452768562
-0.220275654504216	-0.389863815605003	-0.982747911772742	-0.0931711622407462	0.274827850278201
-0.295229919273478	1.49393509298563	-0.0655899889065965	1.4107375210845	-0.0302465870414323
0.2660308774095	-2.07261519642945	0.529365199739403	-0.686921064798554	-0.761528167777117
-1.17333843524597	-0.738637073160835	-1.27110730371524	-1.57057411066964	0.43243131552388
0.0121227213708114	-0.468656447847125	0.942969091605674	-1.20822842450876	-0.917917777059182
-0.813039880328104	-0.78268069783826	1.56512189095026	0.0428114745976591	-0.453575147240836
-1.66308071199126	0.479315098855931	-1.19380740894352	1.3857598589948	-0.105006168729049
1.33269345688294	0.00941703186480131	0.30568654927701	-0.330751087971519	1.7648455292942
0.0254183170062778	2.45554204141642	0.258157505224232	0.60472018951508	-2.19830156403939
0.144194941232201	-0.206273951183415	0.318090966947675	-0.459760171318801	0.1464546548591
2.1039944113276	-1.35400777566377	0.671256125959676	-0.252071458546208	-0.211990826144412
0.318131126775062	0.634538044338518	-1.11922931283685	0.56282326012019	-0.132060278861328
0.192580347886008	0.300397955221803	-0.995237304190714	0.774843523610466	0.163405330602349
-2.15068378598137	-0.870183062194352	0.45198967009431	-0.948911962055727	-0.0955712294334184
-0.223503818709376	1.09625104547992	-2.24108362889845	0.631192235802125	0.866972952622478
-0.911476933044187	-0.715403956030827	0.0984548412413347	-0.763710722039718	-0.365058560254282
0.755591003971498	0.877485637185778	1.50901876150706	-0.845170882660915	-0.635753360848892
0.563994765891788	2.1040142237977	-0.69232944136938	0.181363374053895	1.11224450502209
-1.22951848321457	1.10255144286233	1.11997164939814	1.13440438370823	1.3405809337381
1.54746930630218	0.656463651458478	-0.894614183222034	0.733432846309062	0.573305182726674
2.52528045713772	-0.138772337631986	0.71809916444049	0.653548287305788	0.227594755550071
2.61620668512934	-0.297895298827196	0.0823020447769319	-0.463031890847048	1.6811401810044
1.96992225726347	-1.26250812330433	1.04792668671878	-0.994922988043011	-0.692636012132169
0.550992694841851	1.63299200909233	0.158786282135678	0.846915794271624	-1.20123697600245
0.102128719373285	0.84536914825492	-0.106790753834787	-0.018376183414699	-0.0314744156709017
1.23213796146474	-0.497194380420622	0.573347628816992	0.534383308351667	0.665054687165102
0.547664587338839	0.331530666630459	-0.756729974598757	-0.812573863343994	0.736487384560431
-0.453094333803926	-0.803618749233925	0.0648455401870547	0.760345586961514	-2.99113123893538
-0.553238085975503	0.84256136601329	-0.184269386774016	-0.995145317309634	0.602367037983487
-0.143452903206802	0.427135340034151	-0.849317790272795	-0.133868947186609	0.0907599446477934
-1.10313263069475	-0.867517475990001	-0.0389953258095826	-0.496736001678659	0.462487912371683
0.0829405366690635	-0.372989164181491	-0.544481565159387	-0.56825158426631	1.11730522101058
-0.691972004135791	0.734889531158365	-0.0238244136039577	0.00492692125793798	-0.203820989776398
0.779629355696601	0.440303814778909	0.626173328204756	-0.580015530585041	2.17951252424707
-0.513174954642734	0.0447181138410018	-0.0756198608256696	-1.57486154702515	-1.03318829661928
-0.569801461329868	0.668273554265367	0.459553542579094	1.07631998142754	-2.06073685480946
-1.33337640998388	0.89950135702007	1.87754798117766	1.27483657414487	0.349441429818103
0.291577942748388	-0.207294582765299	1.47590921025071	0.545839800032763	-1.45595163558017
-0.621074806968859	1.01875466132142	0.582298516571003	-1.36564915519596	-0.723593363162769
0.780029368561375	-0.846309908631262	1.50995575206519	-0.172999044867295	0.0379663035483692
-1.37553917469699	1.3979184484942	0.254574654463235	1.11832477535517	0.106491651888846
-0.945188978142857	1.14187719456498	-0.711236071022795	-0.200528653620071	0.924311499730898
0.747190168329916	0.728302050781975	0.19855497680312	1.35827759524173	1.4878980242682
-0.963100431319405	-0.417161569739705	0.644753847847282	-0.191927950219505	-0.0625546971233483
-0.970863824086216	-0.0770267503189948	1.59793106028135	0.747898966763203	0.67292553383171
-2.03614015633909	0.40240320132284	-0.101256775488815	-1.49985565936586	0.101833268829753
1.57773098124073	0.636241277069384	-0.815670053227408	-1.5271107526526	0.434660469507607
1.20095429916999	0.578019597588807	-0.888397201730869	0.880008394756171	-0.39702627030886
0.0772867167791882	1.32383857174612	-1.87293742877821	-0.311690937423237	0.837541703100516
0.394699353406792	-1.06094868767089	0.0763275771984889	1.11733674669778	0.832781942157429
-1.07171316353571	-2.70534363039374	0.455602653321616	-0.843331816617046	0.332534528625828
-0.744185010857752	-3.00316203529188	-0.105579960171207	0.199317281445729	0.00524211228137976
0.52613951899868	2.47103852707381	0.550928778791985	0.252283128828299	0.324957839427771
-0.591387035986467	0.49901885825275	0.0814831471743031	-0.373596194503959	-0.364952536475691
1.0168156986791	-0.481156125820394	-0.348457423378734	-0.376046251383847	0.291025041301386
-1.11034839635988	-0.210259358207042	-1.33809846266466	0.762386501736657	-1.79900191863991
-2.717236250145	-0.157643819043423	1.03221618066718	0.392352360327025	-1.60136700145412
-0.475035703881181	0.561963935908684	-0.411823660311561	-1.05955794175667	-0.569137872849293
1.09257758925331	0.785255540652478	-1.27645295974353	-0.213529699541927	-0.0351817273488904
-1.39207879557866	0.0133564996302434	0.513896146484374	-0.0566290300441121	0.509967866274188
-1.15839147742234	1.35748098734541	0.413045974798033	0.596434449243641	-0.677022303117943
-0.570849859966465	-0.546645752902941	0.656171379166193	-0.665745931923856	-1.04548846006502
-0.77578436314861	-0.905275336964978	-0.039099350898587	-0.903851689649595	0.332740832179209
-0.823810510907251	1.00259548093151	1.97442623381805	-1.39267408884561	1.35627780668459
-1.96874267110671	1.34867191178433	-0.0738129124015457	1.09779943586395	1.24705942763573
-0.102481614757247	1.65131206300164	0.947450259223407	-0.241658787877937	1.87204024656015
1.64338774983932	-0.0896356925940328	-0.880160638721606	1.08164546332065	-0.476607726477759
2.12694555660215	-1.15045197570348	-1.20599128703953	-2.64220325341677	0.269200226407445
-0.59626694138876	0.292073588716669	2.07314671003804	3.59229587164238	1.05019456693361
-0.952065874455126	0.288015932511133	1.1728589876864	0.6060652413359	-0.536078198483912
0.124044069725647	0.383685992132084	0.374486694330362	2.69872638666137	-0.783341329963049
0.80478195088078	0.459206993794945	-1.64180231156211	-2.28939167567928	-0.538579076176444
0.244489299820023	0.713383359085895	-0.39673229056823	-0.822911820484583	1.51794355510223
1.17427521421885	-0.508219551680286	-1.71908998981749	-1.40673487502031	0.719385114677838
-0.780037019796064	-0.680604888753354	0.761025253783408	-1.79665271035792	0.00440971128090476
1.57655999383409	1.08138052366362	0.953500283375347	-1.33208602705462	1.12352253713173
-0.541325887952329	0.738662625866474	-1.11277970213791	-1.08091891896614	-1.1110871934704
-0.0299836825489995	0.211898269689599	1.76624726375062	-0.0410662754091705	1.54327644879102
0.499806464443792	-0.416405481057013	0.0119048570241887	1.3979420113051	1.74319310961483
-1.12492030014243	1.46823118589592	0.0428172253672996	0.604864525121135	2.4576182907195
0.906155966146451	-0.524799646229702	0.0270178891550075	0.883897702283656	-0.0886891789499911
-0.218457771064486	-1.40411193450015	-0.539901499651705	-0.99259563195785	-0.081475768813507
-1.36894077775071	1.17062121681169	-0.263511938919884	-0.599392821542976	-0.305615290831873
-0.281685341630039	-0.0762724481560354	-0.564314194629771	1.1415945556245	1.99753454347087
-0.613316084595545	0.50967170005029	0.716699488650276	-0.284620805734648	0.876433285906693
-0.237572576031555	0.730902234021354	-1.37254204367651	-1.15544334830591	-0.685532062409652
1.37410976826818	-1.49062851434305	-0.529569388591981	0.328191725719609	0.387650558049024
-0.398145840227841	-2.89052833591736	1.09290124374723	0.625130697009215	-0.652507061415028
1.27158698027451	1.86068918059497	1.80765042942102	0.342247829964045	1.57629208902206
1.37666157593884	-0.0753904268365766	-0.492844004340279	0.495292157848383	-0.816550766852753
0.0738876179837299	0.414487302379554	1.08663237452919	-1.61380960093789	-0.916144230568294
1.09240042237643	0.00247917587499687	-1.54432466747904	0.395338170815391	0.178819773189168
-0.878204010117064	1.15135132739067	-0.389869612280685	1.35329175846051	0.902231301461962
0.824640175159297	-0.0998326838078174	-0.715190213540979	-0.689846114356467	0.0543895280765902
1.204268568862	-1.41880670475578	-1.00623953104802	-0.597153010093974	0.239740251264708
1.40289428805052	-0.455266347553815	1.35082360604658	2.36771493128403	2.11782061880502
0.679253708389914	0.383131659379097	-0.0729138624202022	0.640167447475909	0.65879604419887
-0.643042220597409	0.388975888212956	-1.29713372311837	0.71420569455322	0.559488173704748
-0.0974777936685015	-0.173568643123849	-0.226715598728858	0.481212435705913	-0.120166650405571
-1.19637446561876	-0.0810942557191515	0.0919399201747352	-0.957643998261609	-0.269792049763914
-0.302606438764154	0.841779855950339	0.587520509966208	-0.334623013262815	-0.189288930245881
-1.47154647943962	-0.462903645750994	-0.557863473261901	-0.402669500321206	-0.929503082413177
1.0631116960544	0.101773746235829	-0.728528632517325	-0.105524548049562	0.146698456187157
-0.567615687427457	-2.18845725437278	0.452314645399769	-0.0943959401773718	-0.079802426507848
-1.20008226066874	-0.897287785044322	1.48402260867519	0.746880587707693	0.386494901688206
0.920861018969761	0.659038825208853	-2.90650890989162	-0.470954331057213	-0.772099777235651
0.394968130371112	-1.25749565082005	0.648597617168025	0.498215887682657	0.220711472130173
-0.47688960443933	-0.991464994168582	-0.7325572960703	-0.518014320216841	-1.53897915689194
-0.545383670633916	0.482557648200091	0.257796243277264	1.40324337381413	1.56269687608437
-1.06033849784252	1.29980276456774	1.24562334435379	-0.0473404859461442	-0.424309982765572
-0.272239464967346	0.994539082735956	-0.887179748083234	-0.81119917344854	0.745536628505028
-1.62426001701862	-0.935976285059594	0.560178050700438	0.95913862338082	-0.0819378977662712
-2.17663936897526	0.411754085478929	0.0181460450325052	1.21795585958772	0.100095808620154
-1.2142233828664	-0.510345591610758	1.32858263676095	1.37636816863707	-0.992488097239959
0.00783438319460969	-0.106002822284997	1.48461273531338	-0.715394130797831	0.233461532070665
-0.743704058323415	-0.453393010925202	0.777688711948879	-1.3760451359914	-1.58389307713175
0.497542902954768	1.28628469224313	-0.107975802601142	-0.443485273431505	-1.93289698119914
-0.731426874083635	-0.277118432460603	-1.75883317167931	0.873041297000775	-0.0935599748002018
0.0521965723794605	-1.40081169999374	-0.0517185505703584	-0.632731369393331	0.159423139085084
-1.77439493575098	0.440531115850394	0.784412006754972	0.334113867817005	-0.262244994320536
0.797578270048964	0.361696745024432	1.1958046959545	-1.16923570775444	1.61209587931539
0.952710343198526	1.86032090900552	-0.371229144289295	-0.00139576221085989	0.260181973743152
1.02034621841276	-0.986176172491247	-0.872844605648073	0.880764004620811	0.00329915165324628
0.992626031292226	0.526638842477049	1.08078561134353	-0.0491889373569934	-0.0904143900405266
-1.37387605899374	-0.265132515720487	0.612287845084584	0.140411712028483	-0.739717262579324
0.935295773698382	1.53199864361918	2.54659100353526	-0.318676002695551	-0.447115323398303
-0.620981207155755	-0.679764294792176	-0.319892330644278	0.978238566218258	0.423854781631737
2.52265817695139	2.15058963547206	-0.680089909462324	0.713932319914605	-0.0427158940712443
0.394866843634776	-0.443280043242387	1.920356705373	0.31867431650437	1.69941006327051
0.296045992734743	1.49681450511394	-0.563992110665832	-0.912773059431126	-1.54424774799892
0.0590723075252255	-0.401843234048833	0.656796598045346	0.377783125742509	-2.65825029302896
1.21990537733854	-1.21829913962769	-0.300968601744002	0.44832822821564	-2.02187733596836
0.41938861160344	-1.15477934201202	-0.811388049721203	0.657962926821586	0.299910669420617
0.124413904526642	0.144004012763774	-0.580628530051487	-0.738491100780053	-0.947439943165702
-0.473306964818967	0.660340897508963	1.24499480948543	-0.118696500423971	-1.49663471397595
-0.905453980188441	0.489694940452971	-0.185840441021399	0.22335197551644	-1.69756897476679
-0.0703543949799235	0.0469325190927847	0.254027977014398	0.0298503883016737	1.51977046591026
1.41337453433856	-1.67806909320099	1.76478004014071	-0.381634404374118	1.7251213547176
1.07794218043606	-1.68363034741854	1.47711155750263	-0.728161037751107	0.415349589342405
-1.11797592115287	0.0609012798208919	2.10193419947631	0.140611644211003	1.35798322859313
1.31893847892869	-0.600828660732007	-0.185493157360858	-0.652904216545696	-0.47936337252981
0.237091720562052	0.952389372172404	-0.742862262024957	-0.191022403550672	0.470348034592641
-1.72418678080817	0.286381234172745	-1.17826669767734	-2.04385277303206	-0.170589515147219
1.73955997766809	1.6781416000913	0.248772915777495	-1.03521966645998	0.143095360802709
0.36377826194478	-0.554937089815838	0.0382623132801232	-0.122526374016486	-1.4271574492652
0.703860937783672	0.713180844632881	-0.453140663122973	1.33858200996229	1.42944080509487
-0.190161603959729	1.27429487310216	-0.988025955018015	0.878091587149616	2.12383223407277
-0.856884882212306	-0.259727108884766	0.37079636916177	1.30772695407367	0.909163492267574
-1.00730808246984	-0.0537472902601241	-0.88305016899615	-0.264884952923365	0.746795529852015
0.113814846579366	0.158853050627874	-0.534140325167202	-0.381481796239048	-0.38674188334437
1.55992966377901	-0.202001883190123	-1.34567302686305	1.23162154624033	2.35212168687973
0.375992727163169	-0.354480471410092	0.231946566471124	0.939464665197962	-1.23794139891697
0.265578364858525	-1.77677703962863	-0.598140508013633	0.76927377645924	1.47619130698533
1.11828498685385	0.062201742152162	1.04165361498527	-0.691912990854069	0.850956490362479
0.71629752259434	0.32634812298531	-0.0489169622806218	0.679385944304839	0.0674359401053545
0.918855786147219	-1.20451888379796	-0.248914418409397	1.60582545848689	0.733277024004752
-1.07225057492774	-2.07972236149835	1.66274185999411	0.346797448119432	0.190804888929657
-0.304874229359349	-0.517191404038626	1.72110502214142	1.62654386854793	-0.423571695298201
-1.06073263408956	1.31041356136914	-0.21340127049547	2.32442483405252	1.6634276992215
1.39395002611479	-0.4329423615581	-2.01555888207803	0.0834576803662327	-0.86484789713844
0.653162059474405	0.67139932943971	-0.664417734576105	0.281689433091017	-0.267212196417878
-0.933781629342147	-0.312354589593455	-0.857132295114158	0.906664995662079	1.93699829097079
0.442993685789102	1.9507657129155	-1.36267452330895	0.959099863875976	0.199306108244185
0.633319494993017	-0.407936298617576	-0.0765007408578371	-2.36599642022191	0.264232394472029
1.01769648679505	-0.56641532047726	0.46752409327166	0.254575827245059	-0.330898194246606
-0.820730172458174	1.92812179630401	2.8635782015714	-0.0525870528333135	0.560204427405553
1.19249509952192	-0.630740957120193	0.655453924740743	2.08762510842972	-0.980657175649984
-0.523904058864329	0.0123558388044451	-0.0332587572777305	-0.0722002603317793	0.236993872781572
0.00367739025749116	1.70339834110279	1.00103191852833	-1.69592435160181	-0.642473773604184
-0.578610628057183	0.272545123172974	-0.282150750356869	-1.23465728542053	0.437647783536336
-0.561099200109909	1.05265474850191	1.24201404035567	0.0752438951195643	0.216578520405585
-0.813874764633232	1.53694540178857	-0.832622753765918	0.664230058729175	0.279923566502462
-0.959944327203365	-0.402159094211416	-0.722332926547723	0.818191759466236	0.160014526818698
-0.541149084753577	-0.523691681273412	-3.05504854143597	-1.33670409485603	0.536989027745199
-0.920506648105147	0.110673888518496	-0.979103102096122	-0.990178036714365	-1.37220618763631
0.840240149927512	2.40846626259448	-0.0252559545508811	-0.720325512229287	0.251187232161896
0.206813417869723	-0.305535262219542	-0.184800447819455	-0.909445582188567	0.288978610831766
0.770420354720953	-0.351369323879023	-0.717853542800767	0.248646813477252	-2.50218619289321
-0.35856508117422	0.239082336534637	0.84644001386431	-0.771027495267623	-0.465900049969956
0.0386703011978299	1.1623062668787	-0.893501161522454	-0.112041132875163	-0.0261130579576126
-0.300121109037335	-0.738426192722635	1.10115596368919	0.601232888028799	0.120860838445409
-1.22425596261784	0.327645958786524	-0.54074372664551	1.16550233388521	-0.497143599915336
-1.73435008908198	1.85228826459034	-0.0505257837404057	-0.0567920392997684	0.271391069343876
-0.455385264885201	-1.67519480711106	-1.23005306575223	0.63255501332228	0.623347435273192
1.56907275456275	-0.0745489947205466	-1.9776801668589	0.568929609160677	0.407646567111583
-1.04322733308589	-0.941130914266533	-0.236206936913763	0.135671080571884	-1.24534353071903
0.124461646014058	0.309884261286501	-0.825235542645961	1.43409479648971	-2.84393297024723
1.33294921536446	1.56476538613606	-1.82893265809139	0.18933931917945	-1.36146065798119
1.80650951736813	0.262762205300337	-0.987168337290172	1.2411282729875	-0.284734300463207
0.769844002101936	-0.07505290748557	0.22348973949138	3.40852414675069	-0.29469934980033
0.249430688458593	0.20412837972543	0.368616503297735	-0.546770002603269	0.774618263127936
-2.92375656178196	-0.466114938853991	-0.708885752821717	-1.00683962808425	0.663446972977454
-0.376303488885936	0.990145931716321	-0.98287894436378	-0.177610786245021	0.168882582829153
0.359562044676154	0.135100671746852	0.0548219589221842	0.90935631583073	-2.00246995707523
1.52249791786001	-0.457209485999839	-0.486977513655347	-1.95035003835738	0.780845129298029
0.480700654609063	-2.03704696626454	-0.233309792868563	-0.391169508018557	-1.21240418377999
-0.184062475276107	1.23287554963171	-0.731654490209177	-0.961901327670594	0.464342238344635
0.251768059606801	1.07858598050778	0.801161970018594	-0.337048285614166	-0.598644422987144
-0.684579850032188	1.81115659713627	-0.176637497671062	-0.219885278792519	0.729949639051027
0.242081473168317	0.603882975617698	-0.610291320959935	0.119804742242226	0.659924282844045
0.560837151853976	1.88165540923632	1.67775724452597	-0.47995191662548	-0.357023431569028
-0.0524036317022952	-0.400828704998875	0.309699296838102	-0.261598608096443	-0.477147877254247
-0.619936164554101	-0.320506117814138	2.06301507323853	2.36193226578489	-1.19336919710672
-0.670144032142525	1.5074868580964	-1.14736143522089	-0.404123293684095	-0.11710405359676
-1.019125706681	1.07115754592606	-0.876571148907333	0.653898226659497	-2.19598672638179
1.75443154308015	-0.473248902467475	0.30437132344338	-1.21409637239356	-0.611375844744294
-1.01621182669646	1.02465780360975	2.38413003544599	-0.122897758905192	0.616624287286945
0.111008270543881	0.368359862163658	1.79249780620015	2.63090029778115	-1.07144892427838
-0.164762399136527	-0.422556193773213	-0.268996832074469	0.254165576139667	-1.73336239651824
-0.331648447841205	0.568024722909725	-1.22022532295986	0.579061665083716	0.83718219000484
0.132388522418207	0.0105686662768673	-1.02150893655738	1.42227668353545	-0.411034394527376
1.33645366638293	-0.193758131143474	0.190352288237288	-0.0232125688153043	-0.203471535585176
0.255281052651705	-1.26673769567236	-0.0433568830229386	-0.71146079975622	-1.88753828293695
1.22053961406371	0.642009686800021	0.506314884376758	-0.78820350129499	-1.29023922923383
-0.0508387470149871	2.14185787242191	-0.609074877338552	-0.00980912157954705	1.05209502040571
0.331483447494796	0.77068348857373	2.50087680780548	0.503533198839898	1.44257057020457
1.6873242768903	-0.539749530421033	-0.3084776953961	0.874068221545872	-2.08380331971557
-1.23392761398623	0.855636411891453	0.72861715616693	-1.57825839320615	0.900434002556846
-0.997218666757123	-1.29459489893776	0.00127087433131117	-1.54519301865828	0.367284534950289
1.30682395991359	0.743743833711898	0.69159387309962	0.397041881255779	-0.0594812482155217
0.468867802338793	-1.3001272364884	0.781656915918956	1.31003514141536	-1.95196979919148
0.279089593264998	-0.72941997365408	0.779027346572246	0.0529529796779785	-1.52293028941683
0.244691208209872	0.199787631541208	-0.597183442539127	0.942027589922096	-0.148336512638185
1.76772961306965	-1.59383049260989	-0.812583605038768	-1.16594942865313	-0.950881138944739
0.363589444659282	0.800900557242921	-0.887099310624726	-0.827772897889483	-0.631991967595306
0.320115489237382	1.09661715538083	1.39195457996353	0.525761796933392	-0.240486905146554
1.17858293407007	-0.733047893777354	-0.443139621628493	2.16672984688806	-1.52447241377801
0.191582590604104	-0.073018779767653	0.178793656318105	0.103858959183396	0.197652273965094
-0.440107442482957	-0.0197213081443044	-1.06697985132439	2.28794744034785	0.663880317906572
-0.00661637908602843	-0.340106717063649	1.82305334718861	1.36019506520569	0.0660892135955185
-2.15784798497599	-1.60876513209089	0.560737827116201	-0.285862400381368	-0.960771244633549
-0.136763376851692	0.290126080884019	1.13947749307007	-0.297015444734947	-0.800072077684093
0.0179020417537888	1.05218108496635	0.2463438973284	0.317954206441071	0.0687128713649062
0.195833235622896	-0.593638306504333	-0.655121951061852	-0.297535127351	0.276255585256679
-0.35204822357556	-2.2066301040554	0.0454242489491389	0.798768965179191	1.03210541757606
-0.466583231508907	0.159830794457026	0.0614886592308146	1.6173238535128	0.229297687033408
1.53159642595887	1.27429924458876	-0.31211438892177	-1.24179676855915	0.510273614179659
-1.04230141129419	-0.375562625688825	-0.245937004849013	0.343281032232065	0.303797114502271
-0.242814787451131	-0.210305909456901	0.734498703366742	-0.274119983684719	1.63016096400395
0.404034813851545	-0.659929809202901	0.910814530560948	-0.0931876818738379	0.225212966078527
1.47221800282736	-0.00987753010697303	-0.524575930488291	-0.137145664087268	-0.202528825247945
0.0653340773158698	0.114717427790359	-0.697035333274844	0.350433414325316	-0.842977160247237
0.12680863857682	-0.786968419315443	-1.81613725995494	0.071772828516861	-0.021394913186507
0.782048406342586	-0.755032023644298	-0.331061845346961	-0.723668151814965	1.02548905492121
1.47550340247821	-0.788158733818923	-0.663912307282393	1.97855030164279	1.13767551482614
-0.00325410315343732	-1.01484486256097	0.97342381330548	0.326694655662561	-0.577335443741823
0.742404051273945	0.194736795343088	-1.11429771180009	1.67354679875722	0.685784228720436
1.46127783152225	-0.113953940849694	1.00035806099299	-1.01554341016557	-0.557549874103787
-0.903158837796699	0.549168663205241	-1.61010210598121	1.41500975404974	-0.53286149441736
-2.60284927893387	-0.598061825489399	-1.13095267545064	0.294685026794524	0.131287532343755
0.733810594751381	1.06757082843933	0.501984152851984	-1.21770661163252	0.912355693489375
0.680171426531768	1.38598608587887	1.05350744899529	-1.30356577366374	0.122380733687522
0.0348678838526105	0.768422930671221	-0.120328636282379	0.195544784629647	0.50405549113645
0.913359930655132	1.1011431736074	1.18164927882587	0.558369720486756	-0.634656377191497
0.989272753352106	0.679403465647551	-1.38823076035753	0.965037454240175	1.31588492301602
-0.101242608885839	1.28604796912363	1.43669022341153	-0.262224706740502	0.763413251235174
-0.668270126736703	0.726106345195496	1.59638519737595	0.917981919509848	-0.623364860876741
-0.264475081145595	-0.653210813331937	2.44345750054198	0.817028836061649	-0.480386876393981
0.224521805323813	-1.01930358435554	-0.128184287018795	0.636073853103033	-0.420350824968958
-0.293740760379693	1.75418075334939	-0.471295883285294	-1.08846710811059	-0.163176015116395
0.716169571354888	1.12708551247656	0.882548590818989	-1.95006599461931	0.543257655372781
0.845059858051452	0.14800370072195	1.14581348866831	1.29985056216281	2.59144930131273
0.81246959700876	-1.74547398462099	-0.052687598898595	-0.0874887144317115	0.521699117276932
1.16476311343237	0.414782799389397	-0.685378821340535	0.410208151204376	0.960370231330213
-0.785778118007704	-0.30826561592459	0.650249062462492	-0.957040164782151	0.781313188235433
-0.55984383530657	-0.0166520718951786	1.18105281716524	-1.28857538150996	-0.782126782776705
0.414830831467812	1.06708742363179	-0.857931963708744	-0.651289544707831	0.327852827909973
0.62127234437722	0.0858800378050706	0.143856847125031	-0.235515976583692	0.562103305562525
-0.709530630157546	-1.51890309199201	0.388080594389472	0.555883785617552	-0.524079707350879
1.08039599495818	-0.137771927054857	0.164745816315715	1.28960832788196	-0.00621531000734111
0.761174253068093	-1.40806788237729	-1.59542973767718	0.813916753176096	-0.152988119093101
0.766571870249161	0.562386814401238	0.226148999323287	-1.88648891736542	-1.58577878151522
-0.791396221271141	1.97266102560128	1.03967751148185	0.564994036128663	0.711192997220667
-1.60965232025931	0.349316606621865	0.429166521616602	0.117384874223504	-0.740197202307335
-0.902900022420303	-0.379438408693814	-0.814430489046156	0.92062318846098	0.513269802795202
-0.286921668284003	1.29874805276176	1.62850032288522	0.996488963581269	0.826643933343825
-1.89234313326975	0.625533464671749	0.0969899077276917	0.196120841884033	1.32097857940307
1.73759850058553	0.670221875937265	-0.277455643333475	0.169262876043198	-1.30010092605668
1.2999452287475	0.0058357658082535	-0.0377426644966896	1.12864836480196	-0.434040826285784
2.03827127574267	-0.84915297714924	-1.42576577204103	-0.774582872840666	1.34737087650219
-0.601800613073892	-0.975488332625117	-0.765313991273449	-0.60407993045403	-0.339738114042049
-0.239504931656376	-1.56764988670449	0.980891647247844	0.544838727806773	-0.0726382616117299
-1.51011448375455	0.562194428513136	1.91085406372284	0.550637154942387	-1.24514053463555
-0.0227731438867009	1.97815583821916	-0.300291812498808	-0.909668968838087	-0.264377198598039
0.483475193290532	-0.271136545529706	1.25689781760066	1.74608452036009	-0.088110363728117
-1.18069131262541	1.46114731108874	0.244970289452162	-0.816871687873841	-0.899968724932858
-1.52301670157651	0.458352710683099	1.55768499844282	-2.33914179927325	0.0360733230977883
-1.1486251980722	-0.322404838650866	-1.3058406838	-0.459633234383494	0.299873775868462
1.30102517936888	-0.212323531881816	0.215361421785896	0.697718628138328	0.161720823123401
-1.25616779914375	0.145821887495306	-0.0273139855704462	0.00621052627242368	0.469550040990036
0.820333466218295	0.803629447247693	1.0512026302983	0.157364303429616	1.20586132055148
1.93246994588002	1.52614947253441	0.402133477657857	-0.0149530932657522	2.29982967195751
0.497079216404069	-0.148658585763773	0.512951852299741	-0.221382803880058	1.57904858401151
0.998141648999696	0.328811255669167	-2.53242878501659	-0.223911937061725	1.14942732555682
0.720004024783787	-0.298623463753781	-0.450848436752158	0.871123839257945	0.872680226492483
0.816692493022706	-0.962966448499936	-0.971050816451665	0.676106985142929	-0.58172665939278
0.325780649027402	0.0100122094289265	1.08295659924265	-0.838437070616112	-0.486833399107228
-0.294694055787663	0.863737417112334	-0.791313269288395	0.0791212538534427	0.273909049080298
0.94979741900219	1.7197253520862	-1.10205618195484	-0.0411485945325637	-0.985331312776167
-0.986253894902777	-1.40480099361873	-1.11830492254441	-0.502731652205387	0.98135023925663
0.722348408690619	-0.392934700314608	-0.439457323446387	-0.505027761563718	0.240319094839111
1.56170730687101	1.13480094181677	-0.321621312419933	1.53054595276152	-0.22711684105842
-0.0880553452643672	-1.27777391970671	-0.883392744422546	-0.144269967122152	-0.371486147656383
-0.368854904944412	0.138077759178044	-0.258738295930894	0.868364457412127	0.151881101539958
-0.218279953474232	0.0981659557110802	1.65429782293666	-1.19237241636656	-0.177194062029203
0.664564038202879	0.64689325379468	-0.383199889859471	0.229520874022168	1.18680119584868
-1.20291766406303	-1.28176125957282	-0.183314067921295	0.983754494948407	-0.370668101597901
2.24544139597899	-0.200206777553583	1.13973912540924	0.721809368048158	0.805846319138421
-1.73709189538601	1.25411456742555	0.160757175459641	-0.556359480667948	-0.807218894258039
-0.648259952550147	-0.175714538294231	2.28935772766435	-0.827920072777407	-0.300332334443212
1.14891679266309	0.591670582173929	0.0337722031678571	-0.487643259564695	0.749415130149147
1.20013375352891	0.639291028079033	0.071739056759097	-0.16261093032026	0.406871948875001
0.693774370994868	0.113954337583369	0.454274631089772	0.207344956147668	0.620737017909965
-1.04858714816524	0.226884270699656	-0.499970223066388	0.507839871964312	-0.0510521725727005
0.3781925383187	0.496874646339273	-0.244449046010248	0.418567798555355	0.653805080720993
-0.95010842625545	1.28238604686005	-0.839482579513291	0.121828305467053	-0.90134664708152
-1.86944039443871	1.36009460576637	1.49674988954601	0.13081409930716	-0.372047731639676
1.55609645332208	0.704138512519572	1.70681105826103	-0.687450139573066	0.914314768549484
-0.53913367230615	0.873154154318651	-0.299856434470348	-0.166129039108285	-0.199170514705713
-0.336820406233582	-0.103347118554057	1.46272584915199	-0.114775787781927	-0.654362773274853
1.86995133312989	-0.0464361007973714	1.60090571357347	0.704993584191584	-1.19292058520502
-0.677141345752588	0.938304842371294	-1.0362393493364	0.499978246680243	-0.119210703554139
-0.664678810325411	0.032443410275189	-0.39686672823283	-0.0854583693875675	1.54912009719931
-2.43919556963161	-0.594714375942062	-0.088717628926209	-0.379486867934966	0.862988766676245
-0.122155393571166	-0.408265869293889	0.454562851790823	-0.667308411591526	-0.686990388525641
0.265688938902233	-0.758380484093844	-0.0269971386521141	1.14702383994629	-0.386488162241566
-1.40821007220179	-0.365223094060026	-1.46240149452186	-0.104988699789501	-0.510413693560035
1.14433992054501	-0.405305757617755	0.668146132830102	0.157332600679044	1.31717116266287
0.51315370761099	1.71587472566289	-0.436458648457873	0.523296294586551	0.302607798115573
0.407856470927649	-0.256383037599872	-0.743715742520087	0.103064057033855	1.27953524413045
0.705784708972335	0.618457890702021	-0.228343642907399	0.496866182000922	-0.230821569312129
-1.41388501915403	0.759792964206883	-1.75117208432295	-1.1355348842476	-1.01401310454804
-0.36543973889245	1.28097947541097	-1.89541958718677	1.07698115267539	0.815225239748952
-0.525763597997528	-0.942883813324477	-0.373471908643462	-0.533789532149359	-0.70746938249325
0.513517258757463	0.797854730008271	0.208313796154178	-0.597516598410665	1.07667941686351
-0.437602484905324	-0.336080525930198	2.45148734231499	1.06634523483846	-0.206962762153294
-0.602419488222402	0.202145241587825	-0.324241956373484	0.766734838709021	-0.544401146410467
0.367885830272076	-1.36809068522494	-1.98570371468155	0.416560061726164	-0.695724952029096
-1.60082062077064	1.35885723426026	-0.934164957970039	-0.137022632863125	-1.30666694140772
0.0593775127683433	1.03283390737904	1.45108772884192	0.978616177480397	1.03957253704888
-0.511307511412655	1.82874738122619	-1.1641583757695	0.881841335837067	0.743702871780253
-0.605778415350144	0.200059987149557	0.923570456536938	-1.84243699014922	1.68402559489162
-0.737796588963803	-1.99371706434948	-0.0611267502329109	-0.936333601830699	-0.474728333506719
-1.42763008653282	-0.11331167980766	-2.35405535405187	0.628202360607808	0.62807752068274
-1.54507154396226	1.77000208369663	0.313738915971577	1.16308614234731	0.093256480104137
0.342248636031552	1.42102223624972	1.07800751133206	-2.17172058343205	0.248684455334509
-0.307283893090065	0.862585660931562	-0.485194158454002	-1.05052359322666	0.48574605607994
0.0244738371160437	-0.598376562002805	0.363428009168122	-0.56255918196433	-0.762189525770707
0.533915374624887	-0.350370306870271	0.826635535605467	0.174887178658685	0.684662789807807
-1.29990604797168	-0.164197877508462	-0.0789054019431694	-0.332180107348098	-0.0317668865702271
-0.795280250003874	-1.36423894326624	-0.234134091367348	-2.25370817077905	0.186156438115686
-0.897385013993693	-0.790550517167748	-0.679759431752376	0.739218597904631	0.731278354245308
0.933339155680729	-0.32902016087911	0.297985013128951	-0.228801195406724	0.380188091799586
-0.825784375596756	-0.965543397455174	-0.559524109963585	0.109495788348938	-0.646078014056618
0.472772352733812	-0.81789489820325	-0.150803034245955	0.0179920685198604	-0.23055460591026
-1.95895410961037	0.429571431067494	0.0408244881678171	-0.371721789739683	0.287105079998412
2.19953549300698	-0.0828318857525226	0.971317803919106	-0.253553891526424	-1.62295790371086
2.16153727066281	-0.528554156657254	-1.45041239650534	-1.1951464316407	0.72013309767486
1.31356375050559	0.498869519390269	1.30473427673469	0.0194485746662367	-1.06415014769009
0.15116423999616	1.19113837728214	-0.683650259627269	-1.24770773640338	-0.0776467938075137
-1.02496457340389	-0.0590442224133691	-0.363948646924865	0.147559698886851	-1.02205379716695
0.580246301748567	0.749772111143533	1.04611703690333	0.375138059339427	-1.04182014794517
-1.22459828601235	0.880551861387588	-0.385652200903613	-0.127660172559391	0.160753314711236
0.305667273287433	0.576296304153336	0.638346800863988	-0.499861478738147	0.169704649182234
1.60215227449384	-0.821877578155705	-0.227379249935451	0.346181163321854	-0.538268167341226
-1.09052573919334	0.678732170017047	-0.889368226546902	0.513652624877313	1.83329492611656
0.56336819598745	-0.455603691879841	1.30770183426943	-0.0472714794294069	0.355920088824199
-0.426086464103221	-0.414306987333665	1.31461965745509	-0.743037064921591	-1.79898539379882
-1.49113617959698	-1.59679828948891	-0.357743071638022	-2.07880422550105	1.57161815449644
-0.659856205179881	0.140126358139385	0.131141199095592	1.61692096162014	-0.124426326185736
0.0154741801061498	2.92560843824063	-0.0220602365689018	0.488177951865645	2.2922060321395
-0.481915644919724	-0.0055502329288151	1.60490239216364	1.19454876563406	0.487998823883481
-1.65801207568697	-0.231277377549004	-0.915695372585833	0.744165473369906	1.47153274849443
0.18274816373293	1.53546372626324	-1.16843196712509	0.983689541898352	-0.610986747268067
0.534048351369415	2.13650696593416	-1.12526220822949	0.171634054532155	0.722874962944274
0.093848867856604	-0.625524140716886	0.467619850618262	1.50683518348044	2.43771121783552
0.582066488446251	-0.12521640877601	-0.0796021278021281	-1.26436728195653	0.632029337258641
-2.72503510638578	-0.665232520793857	1.37704779857812	-1.77658846402429	0.0703575219995841
-0.460607636087213	0.398445570465727	0.398958761490479	0.301236058755918	-0.654122213749975
-0.770590911089297	-0.287835656849155	-0.631722513579544	0.848035112859362	0.705749786404109
-0.875015076648002	-1.30326322137521	-0.565474243310473	1.01878972971594	-1.2714031926645
-1.31137149169016	0.800519230411739	-0.124800210465097	1.07981495557357	-1.19193087847233
-0.795564413958243	-0.993403091285849	-1.56918541934148	0.817698189721939	-0.150216811746567
0.788365555133693	-0.488754346835201	-1.72015171388435	0.872769307841491	-0.270615702045924
-1.81270524124798	-1.66986217164701	-0.562888120675573	-0.523275296812628	-2.73348637321433
2.32631393225547	-2.05401044004931	1.18853959923816	-0.193046485860259	-0.786752554555745
-0.162224346029816	-1.18278201189764	-0.568026675200625	0.684037520570455	1.63619957452908
-0.869712213637919	-0.309227055689843	-0.465830505332089	-1.67505342251326	-0.861833547418166
-2.15366380772192	0.0415331287714601	2.38720065145865	0.609343007553873	-1.1346691661099
-0.13623778390404	0.0260988643426683	0.708201771118545	-0.800858803193071	0.65900897682351
-2.39810145932048	-1.1784297958346	0.355634478393952	0.0570745642931206	-1.08076785093993
-0.733123292842565	-0.154014073196678	-0.391974051601767	-0.0495644211178822	1.53651243499326
0.360987631027513	0.195522387303665	0.578362447990511	-0.266235808638541	-1.01508435297146
1.10936598580373	0.00919350737609222	-0.945162437737047	-0.400640978471397	-0.50635603628773
0.586295170935271	1.00881262658786	-0.00525742212585861	-0.687766741684197	1.12095211303201
0.228867870097408	-0.61173908904952	-1.27282519910074	-1.67510805504402	0.414055857662488
0.0755530579951567	-0.811193668445856	-0.00116356053201077	1.21251296731932	-1.37249225630497
-0.157292674978846	-0.290660150448978	-0.791589128012358	0.467920300979527	-0.678406184987905
2.05426410524274	-1.02187392648173	1.63018597492936	-0.490591781983897	1.26220932131514
-1.21960987952782	-0.0948350560259223	-1.17725477304195	0.275164749535391	-0.346972663082971
0.440514369323994	-0.903253790142035	-0.432724577125	0.501122590191862	0.861110341042097
-1.28352148601535	0.0118165547582194	-1.79417673821202	-0.058745579212617	-0.687557697484738
1.12347937336107	0.993488963952495	0.423522717436047	-1.62415676263924	0.301325562950592
-1.12490923284826	0.439040837440024	-1.40782132613492	-0.245257557017134	-0.685188641834627
-1.07177320346461	1.01856076387429	0.465132915579968	0.295792296456211	-0.381658517917851
-0.597874044733659	0.541001373522973	-0.499300770520645	1.81438908846065	0.573034755498929
-1.39588463245579	1.81562664742822	-1.74819996674284	0.155098066342739	0.396096982085767
0.613040790316028	-0.3643882206314	-0.868003015757923	-0.547971513115933	-0.392956606970441
-1.19423325526619	-0.285032325963514	-0.694033859623545	0.0897129312275366	-0.155912570438765
-0.370207065513962	-0.485552034825283	-2.28690505765438	0.325314211982783	1.39520344844292
0.0210614917722092	-0.841011234600366	-1.82723546365329	-0.384510943114691	1.43985410116012
0.229691627887209	0.197047235681033	0.20088479633281	-0.146610786668485	-0.833713168766462
-0.741506089660018	0.554057857305063	-0.85296249701892	-2.36911692773424	-1.23588165635111
2.36402991194372	-0.466568153744795	-0.429697565581109	-0.0409094321507096	-0.593184326864775
-0.0245289142877946	2.37166377913292	-0.941481067029705	-1.22923034564618	0.70415311781547
-1.93179595953923	1.83259691431301	0.557623335723605	-0.326730357052347	0.853720402228624
0.338815972727346	-0.585263480038555	0.390560132398815	1.69873830790729	-1.29306442585853
0.231827040091257	-1.12387126307474	1.12042644640255	-0.9262125073683	-0.357782326906905
0.173870820752406	0.529541238064587	1.58923282697034	0.598938636882699	1.82391155095454
-0.323257193470438	-0.40591034673058	0.885133766241219	1.57554654966712	-0.875613337160446
0.272506163905565	0.454701097151365	0.685935862624034	-2.3437560530198	-0.623057251908447
-1.21968909897556	-0.235671030343521	1.6506677101908	1.47248778329055	0.141017921342852
-2.95686443090626	0.605222998159402	2.66361417152333	0.436982943589791	-1.53435241956923
-0.163640634181229	0.178169043311479	-1.42041273291756	0.104324819228039	-1.34230128970128
-0.0348647452885944	-0.964470384133264	-0.340612455598337	-0.792673365477878	0.363310957802731
-0.291056048993216	-0.169718991392173	-1.17162991974591	-1.35354878051335	-0.279540710685853
-0.86269117666101	-0.0173530511928563	-0.394597889132196	-0.37064142818031	1.19973490542737
-0.845290947661284	0.822642790244746	0.0204051887782087	-0.651928950543689	-1.27409280827417
-0.980914230637156	-0.853828213927187	0.743242053736578	-0.00847932099177313	-1.65556678106171
0.729980294709439	1.90114160495544	-0.0253076667781281	0.351426090191328	-1.10361787608136
-1.49193403252079	-0.186396103235603	-1.27182522785818	-1.14654194834201	-0.201778034293861
0.040798656620334	0.192982391095907	-0.800406582484076	-1.24712581732019	-0.788286247949419
0.465090188568342	-0.546117735198509	0.393894913275314	1.31339070831291	-0.236127004135603
0.965290429830596	-0.372415360576811	0.189165739227927	-0.379770615393142	-0.256718357380041
-0.623461599744991	0.248272846291465	1.3613502345921	2.13695067592868	1.45509992130888
-0.162832513010791	1.36234370245625	1.21423823672934	0.111030170439464	-0.172355352425549
-0.927599639840549	-0.408408758907283	-0.24655863813208	0.371887379476573	-2.37168158140043
-1.21379837883569	-0.194366484129384	-0.372018085651456	-0.748616854752455	1.34382830432167
1.98334842767996	0.338475732666653	-0.212126386365266	1.04916246298925	1.02674525732348
2.38527098806593	-0.583370512202205	0.977281286524659	0.409133327281233	-0.757725059154283
0.361869831580916	0.141343576621063	-3.38837367475797	-1.20389625281762	0.151245914386468
1.49491598715261	-0.481491233203752	-0.607561931431071	-0.59864332015087	-1.01413267762914
-2.09768675098856	-0.299339237961644	-0.162796933663266	0.175339810203705	-1.84824767534083
-0.238529759563475	2.03333435153964	0.816274861929264	0.069975099980584	1.32480555535473
0.247513137786276	0.294709242070829	-1.01179708418462	-0.100206979239557	0.276542654873999
-1.37200885729934	0.72093396381936	-0.649525454702269	0.922902290395513	-0.182564160104992
0.807965040412842	-0.492204078910633	-0.612315428621788	-0.108332327246429	-0.537764801567659
1.21391801546907	2.81663895869412	0.0615740628284427	-0.177065185139058	0.896682537811563
-0.384708709551975	1.22004192510174	-0.176927349164048	-0.195743720026664	0.13217135428147
-2.12511004702369	-0.0647884447551888	-0.621386287055321	-1.81535370041705	-0.71129065443253
-0.821401103798443	-0.301759378792313	0.417842377050138	-0.544770986286357	-0.668667940718074
0.359902638122111	-0.322875376173659	-0.194445182916286	-3.157453599679	-0.580677869729017
0.194659054929002	0.0016543640036878	-0.64794926758601	1.41246415958687	0.566764919717492
-1.91839580248537	0.360149241979197	-1.32548781015642	0.56458689023364	0.215056941232634
0.148180590227576	0.234755128725144	-0.972296741115126	1.14963288430999	0.327869532714198
0.246494815644129	-0.140749253984855	0.787031486115883	0.61347612213005	-0.567232606134134
-2.12242494160464	0.0554183981683201	-0.583530700984715	-0.67907705632354	-0.653448398934606
1.70454389451778	-1.40106476823028	0.901156220879514	-0.516424351134141	0.268883532414021
0.318882372609397	0.821229093170988	0.439666640427318	0.70827980014235	1.31317531839864
-1.23587794480474	-1.50169361220777	1.25162031152078	0.341074615893227	1.38437034399724
0.416763240952842	-1.42040476658631	0.352558870643979	-0.737063997600119	-0.854112670494399
1.04683471327002	0.638670897416892	-2.44805901725349	-1.13832813005672	-0.600687260449046
-1.80662680563103	-0.293359695824522	-0.00252136851878732	0.174811185366402	-0.379904650805023
-0.29226988954036	-0.749484967822816	-0.65543243809306	-0.846115397368505	-0.731018742920738
1.57762805480848	-0.280062390209099	-2.62038100598025	-1.89823317601383	2.25229952217193
-0.912950176838916	-1.27824241541638	-0.534986762410453	-1.75917627779399	-1.12677278485214
-0.167917414759368	-0.0690015340304587	-1.05420256516624	-0.140805866280972	1.80981529684571
-0.183193863427689	0.470046309181461	-0.0470108276457725	1.16770665878088	2.80001345689883
2.0423220345292	0.713339158239514	2.34079645920552	0.301038297756274	0.836561657603274
-0.597305697831693	-0.86673098287215	0.172216239717226	-0.839384712288174	-0.445505752625385
-0.490829729420035	1.45809623755315	1.0268553068872	-0.558421294219564	0.676980037314656
0.213585449296839	1.35010607364364	0.381723711814538	-0.193359452856819	-0.911377842759094
0.638439392952001	0.513776709917101	-0.922159467724893	1.20175320938421	-1.01672124770241
1.64973303936617	-0.12655153373554	-0.717397801764081	-1.47527221470852	-0.649802339440109
0.186257859792557	-0.875219358173466	-0.688096968256597	0.870159390411182	0.547189028191973
0.155186833231663	0.188422306608073	-0.00214518702648132	1.38880315934615	-0.081840516602796
0.171163190620611	-0.517432093372344	-1.20481274548056	-0.169535865645404	-0.996987520231012
-1.77177137224098	-0.963165770789333	0.855775485632635	-0.342220844638326	-1.49858945223424
-1.16770601232319	0.509646836762457	-1.51170617739322	0.156314753658996	-0.201420718900276
-1.07669924234619	1.39155352016119	1.37859329563811	-0.885211609577367	-0.637864520389589
-0.555218334001934	-1.6075108307721	-0.549126204676393	-0.257562719182036	2.04048631944134
-0.161637957819243	2.16841086307193	0.0767211916541226	-1.22956365977955	-1.68902484481956
0.40276357480587	-0.568066034364865	0.150280196492241	2.00423403834132	1.2892556085821
-1.11848276723064	-0.437999179033205	-1.02278692884747	1.04066157348818	0.524543500552956
0.401740717174055	0.241309423084597	-0.772352884291693	0.000648846550692624	-0.872323641535375
-0.319621118787909	1.86219474601503	-0.645951224830443	-0.533567484151348	0.408039650744953
0.908863964886492	2.80073487394802	0.745012651087718	-1.58863691900706	1.68386437908953
-0.220330804668242	0.828536121752246	-0.0146355287860813	0.133754171249883	2.22691175769307
0.535240234756102	-0.280682299382597	-0.345327823563795	-0.64282957922419	0.225397784454431
-0.293273557626383	-0.316877242204011	-1.06943150155218	-0.913227480386002	-0.262201050550834
1.94587316348545	1.5851841002917	1.50320807900112	-0.619823661440473	-0.113772494458904
1.92163686171638	-0.655369370748073	-1.82878187609105	0.472149557069775	0.204655090220422
0.239277010537005	-1.10866830579101	-0.4899235368733	-0.146668275438493	2.50763128927358
1.33027860797604	-3.25208013791755	0.0443333777459016	-0.342385831275573	-0.0693766440598887
0.144229533065788	0.067169672564929	0.532908911413897	0.0884604722973763	0.341867327260163
0.83719942928908	-1.89096754097232	-0.444252291757154	0.687436854949922	0.141278705875231
-1.23380844210934	0.68591878335144	0.495901477391453	0.108706876888749	-0.99873507587733
0.801136363869027	0.564041144523689	-0.805407607821252	1.2619548087512	-0.717505962891793
0.97375392811865	-0.834905306487961	1.95319735503343	-1.78445829193969	-0.0907402140950778
0.325226546708157	1.01797945768958	-0.76369195604957	-0.552461665806052	-1.07430192579101
-0.806961621477086	1.94560732737566	0.15560719732921	-1.05610890805801	-0.193695045980143
-0.958833402335341	-1.04761926554459	-1.14488465634326	-0.805855692745517	0.99294530893316
0.0700996459574988	-1.04974785488377	-0.150466654033253	-0.169055978472132	0.00409728608597127
0.173475463205986	2.34078559908792	-1.68225446973087	0.199262041093546	-0.40026540665291
-0.601007108088875	-0.773703712936123	-0.698189369855177	1.78951537183717	-1.00484765293557
1.07446988610745	0.443114411887622	-1.51676176436295	0.326673883693312	0.408229741318462
1.41431544115634	-0.339513126514294	0.259456025379537	0.187716010773966	1.42298512017538
0.352491745461354	1.82364777926301	1.03528679434096	-0.270408393217304	-1.49146913378304
-0.490670507222266	-0.782779060091834	-0.729488050557637	0.279428838075478	-1.47194587903589
1.23025794155021	-0.314264317995135	1.91372564915717	-0.312780116596557	-0.30473143797628
-0.272877885063924	0.373798466672137	0.860760219473351	-0.676946205997019	0.447391403267117
-0.62363163579361	1.11945801433939	-0.757106710328022	-0.210287438141126	0.781205051993246
-2.64523839436234	-0.834687084503619	-0.970263062061652	1.28601728270713	1.35259701418283
0.573259007025224	0.505178007859104	-0.279252113510062	-0.0930699331603922	1.92169540772876
0.39920147819268	-2.24347698124623	-0.299356881507306	-0.796078002216814	-1.1750679396894
1.52835939675026	-0.875106232155731	-1.79118191978399	-0.968056683637716	-1.2054214118486
0.700101367992558	-0.029788584469413	1.50797950087071	1.5535023641545	0.268606581448317
-0.647396054997183	-0.200375208642683	-1.84364715965617	0.587270153184305	0.604393952272854
0.527137690472847	-2.58530366479944	-1.20594749253379	-0.282452417732768	-0.428200262029609
0.0382671169168007	-0.0934579880107819	0.529394053046875	0.632560412783371	0.0994733138518062
0.842636937453895	0.0463543132434718	-0.780811412914966	-0.972498713354104	-1.24067892648764
-0.669534256500697	0.154945950357235	0.28986465945394	-0.66194889058615	-0.068416163119463
-0.0221073432629564	-0.155537270228108	-1.28465533309381	-0.405268399765136	-1.56813434614319
-0.0758971246577893	0.807662168965289	-1.0525854441726	1.12628325436235	0.355061987290726
-0.527287302453165	-0.501274856325216	-2.48135016492358	-0.161048337575409	1.57469413235107
0.219681681377272	-0.313957461198819	-0.690054040190656	-0.390761675642659	1.88925116127724
-0.332544461682688	0.61916803530032	1.26956692625409	-1.26704262459526	0.000777635448496222
0.977935475888635	0.360072658808764	2.15664606509016	-0.181727560044801	0.305310135057885
-0.401130338896936	-2.00262543243491	1.22046920788542	-0.199563996574874	-0.818914594151723
0.17831969533168	0.439706841727107	0.340599817245904	0.725654044221677	-0.52795219219792
-1.60415113112329	-0.978909780911223	1.07242781358823	0.540131384396174	1.22539670185814
1.5770006571596	1.16656990639142	-1.43374836107811	0.539057607696125	0.862450845910655
0.254190173981316	-0.485105540217295	0.654752926369292	0.163725782424218	0.476203834062588
0.468217828324644	-0.4039116193168	0.436275562602031	-0.0104356897229619	-0.869246318235072
1.29705538572228	0.986662200696584	0.249532658625253	1.3536780431964	0.779483736955714
-0.366983823258945	-0.812890927665612	-1.84414978190781	-0.715138175595759	-1.49941525573434
0.622775795024044	0.951870757610619	0.640521207879574	0.819859929000334	-0.337106751230551
-1.90789724202575	1.38711982098362	0.965097463909392	-0.990114620481142	0.414652271359272
0.567312765103278	0.320775541584206	-0.0769451299147362	1.93796817766687	0.315373145311502
-0.661136288495993	0.808770064578914	-0.0463606227271326	1.4160564590084	1.22479814203433
0.0563841962396463	-0.269406134185045	0.771672618602762	-0.76436273058858	-3.13772847051858
-0.800453388775401	0.475720281856661	1.38602284080391	-0.435607571331059	1.05883218883568
-0.77344064543645	-0.853403829086841	1.09421086725383	-1.53700689153274	0.259412205555778
1.27763739754776	1.66665668210987	0.887454086725689	0.914734968487989	1.78700205897071
0.534808976416597	-0.1972308855488	-0.0145201899663937	0.193599237386702	0.668486898828133
-2.49033308254826	0.422951438461855	-0.197086302181052	0.277020761089755	-0.146376072523167
-0.117469121668055	0.682018327183816	-0.785900031003092	0.111615359718367	-0.246103075040432
-0.492819902461376	-0.26442469537532	2.47987283192403	1.54706608446918	0.0117081101441226
2.85565782331898	-0.957125652429868	0.797694524414398	2.57632646144058	-0.759308921964624
0.253988195093476	-0.972629503398884	-0.447765081569382	-0.0365491043627912	1.46435202496663
-0.903370283279569	-1.20732067320358	0.661356493025285	-0.418749542824086	-0.616297177066025
0.598823862769267	0.0258542061979438	-1.98904609598556	-0.667113478253044	-0.223828836620016
0.801308855727919	-0.775125821341325	0.992169209877062	0.153731917003125	-0.796355439573122
-0.700172969395781	1.22347121454438	0.982781487138618	0.0138178771051042	1.73728100548188
-0.669582407728966	-0.770747002959103	-0.418821242020793	0.164825108125237	-0.504157050192766
-0.548656233904943	0.968731468511299	-0.729974384429589	1.076941636058	-0.841610224784815
0.560955664215708	-1.02623957753408	0.833503792514043	2.06565642194485	-0.182732161187331
-0.736082094623479	0.769423233450652	1.65487318090414	-0.714561861615544	-1.4234312764849
-0.462938160655845	-0.735724124160555	-0.508808557481169	0.501927936087073	1.7165195598434
-0.724386875124488	-0.178785764446655	0.198399663452854	-1.69392061431741	0.778417335165234
0.726023617209146	-2.20194731681094	-0.147807556963743	-0.0637058254233805	0.324830453181372
0.0344873503087936	0.696982571747953	0.319580792064848	1.81800787585447	1.14257003305054
0.980889285889749	0.415933924561015	1.24138314363646	0.447641890130735	-2.42021265166531
0.453343602107271	2.09949915528035	-1.82798355142084	-0.506820557987606	1.53067330938426
2.35291236799098	0.816022658144673	2.66888439648317	-0.901801372117483	-1.01134556104737
-0.391264567799437	0.51513704566437	1.92890554714721	0.519517923238825	1.21491094135691
0.992368971347284	2.11238444343395	1.04376175173534	-0.844631076654445	-1.36954096209977
0.0742407691838322	-0.981540926034502	-0.0894329217176018	0.781614615512845	-0.22286801606924
0.222998075978227	-0.646555786938756	1.30779799095272	0.377771731231358	0.0972981118764292
0.820883061570589	0.033727725100414	0.214571610573699	1.77429288222063	1.8692199447606
0.161179471630536	0.566090760433103	0.846953420365593	-0.226598747933626	0.794229125396761
-1.04693441767196	1.56120522407648	1.56970930608087	-0.0504483014624933	0.98442792771417
1.28840403250147	-0.244504929468406	-0.157062073857422	1.19895805499976	0.323982066568341
-0.935456239274699	-0.686614991910056	1.19206305800002	0.319979975400252	0.645603481661824
1.52781742711938	0.270531066128387	0.197265182950431	0.86541453935122	0.386804474813606
-1.469634131335	1.42421009653739	0.074533501205161	0.57107427253907	1.96747846826414
-1.56288063857126	-1.76813427505926	0.154410546362533	-0.0288435498717248	-0.682723291176195
0.983177376694958	-0.0857479762789874	-0.134427131034924	0.907083631065919	1.63400669971978
0.185997249382478	-0.452220426092152	0.547078398510932	0.456149011471036	-0.717723223709525
-1.95083703521292	-1.17890111234823	-1.71751862675425	-0.152078027863651	0.0756493025498766
0.602167460682068	-1.99650033008132	-0.266954917423028	-1.1755390838388	-1.93423132469774
1.16269911844675	-0.412688867221738	0.0866867872061857	1.45393582567794	-1.35858953793037
-1.52155638533739	0.224658253068	0.69400156972519	-0.336629065570313	-0.114983027209854
-0.836173220057759	-0.395340844665883	-1.89743605529282	-0.858583215199838	1.02451959962242
0.956702217725861	0.641904130191094	-0.83038470355854	-0.94719682520524	0.183057001098019
-0.301784310102609	-1.39585692218739	0.894277383298139	0.973062808351537	-0.414461500742562
-0.178204372752173	-0.953486853752169	-1.16221409079205	0.82979145685394	-0.490209152852503
-0.329675091349713	0.337679397370554	-0.634981778644039	-0.388140607733608	-1.61773955431723
-1.45640359206843	1.00315846339196	0.696939281005045	0.975629739018512	0.679931741248271
-0.291444614474942	0.451540491156978	-1.15321325181609	1.03975314540767	0.0745252740843354
0.850767532390418	-0.12701068669871	1.08001501108904	-1.79674029017539	1.30964482386412
-0.765579834502114	0.0723525270213773	0.0671507801441449	0.654463355603983	-0.541281339545618
-0.254396516922393	-0.188961316960916	-0.108610631659276	-0.988851013623771	-0.454123807387584
1.03073431520816	0.796672716088351	-1.41072526145736	0.6750608168588	0.259215154819475
0.623044949735981	0.107600985101134	0.036421135919658	-1.18523194767397	-0.335176545493133
-0.0400149709751714	-0.135538742416138	-0.471036150369412	0.38408935698907	-0.0625177155231335
0.0152641136662355	2.05226537548756	0.728814297462895	-0.367880676932729	-0.390514728069996
2.34620027322448	-0.647168781171948	0.965469476461396	1.929992077946	1.25078056901758
0.941170909362485	0.918543724385765	0.202766748475068	-1.33277848686331	-0.397873228162616
0.190297998831783	0.808862207727703	0.117150400408682	0.141223615135847	1.07350865530856
1.08900475629297	-0.55411056877888	0.758612190670969	-1.17962039830902	-0.642218638426865
-1.30760535863894	0.854641920100085	-0.141340995538813	1.76413893615708	-0.297273926812579
0.475122714151645	-0.589146176923552	1.5633932741537	0.751449599841625	0.829737937114568
1.45639299873304	-1.32860494644291	0.243333752818323	-0.610354338747809	-0.440254795322756
-1.24060365302468	-0.404512824995548	0.440023134285928	-0.787248873266789	-0.627326297858298
-1.24754510205396	0.887864511161021	-0.102943027922288	-0.0583084230020718	1.08173225363367
0.154237169475735	-0.988940337819292	1.0020195350763	0.516554764888359	-0.155333764842238
-0.111569454769956	0.101048934669628	1.48804631146789	0.448750556278278	0.618458249409275
0.0610411793253111	0.60863878706447	-0.606244387604771	0.176177607466622	-1.33115789359016
-1.02065006567811	-0.424141064295103	-0.52875800175596	0.631921743088521	-1.243405622568
-0.463516389999712	0.297762827609736	0.562176435222258	-1.54482412211428	0.595209493835677
1.22819533020594	-0.553432920338094	0.191762427232683	-1.04972851461923	1.11368820690535
-0.0741143842794483	0.916389144443922	-0.637355056802583	0.494387244864315	-2.10714319725999
-0.923513214755035	-1.1840851029404	1.30626735164866	0.80701720169146	-1.99767997981415
0.522114084182719	0.149439841684309	0.182415290679332	-0.13587379484997	-1.12612140183078
-0.166693343613454	-0.552088074930135	-0.0145864373276789	0.522389980963635	-0.620667131237823
2.02513622109951	-0.332226383651956	1.45100248714438	0.869227867349086	0.00254039497703057
0.674474080352304	0.0449404757857387	0.382450909360709	-0.0364376001256724	0.619710574708455
-1.42492689298056	-1.94951217168244	0.560415065002256	3.00989060038726	-0.469139103106881
-0.102173290432766	0.261346044545159	-0.14969161850626	-0.940264971802243	-0.0989868453400914
1.6875562542363	-1.58841881794633	1.17524092918552	0.252087763602967	-2.03730703348229
-1.44229827903975	-0.581305617553918	0.263845270927473	0.845303990292953	-0.977680932210808
2.24599852807362	-0.460340091312035	-0.217518576112098	1.58507136740202	0.325785121924871
-0.201113239870938	0.232754844403992	-1.18407871699113	0.260827270012638	0.678925946046444
-1.56373218931544	0.629363040208622	0.775715986040567	0.261932500006106	-2.07533462608219
0.310853919305488	-0.740536693127669	1.73704663813639	1.71915174222054	0.414724979282855
-0.713312234297108	0.884251496665586	-0.93561326072927	0.350127341283525	-0.910432531018642
0.745231437896393	-0.963285303062399	1.11713594912337	-0.129699529655078	2.03244299185264
0.75498313235868	-0.422923760433724	-0.819196180169713	-0.774607934240025	1.06482137257347
-0.591678001333967	1.15590904027885	-0.771250106846778	-0.666224607740463	-1.9096092215844
-0.198847709550528	-0.0237716318776007	-2.62289035820656	0.287709470787827	0.273994357440137
0.557319735769377	0.0744015445702158	-0.466337347459416	0.711511503521638	0.12986163355026
-0.472094586014626	0.0447422658029641	0.727395299309706	0.0523523212868645	-1.21350846171157
0.70220756788915	-0.0389225218747539	-1.55822448194636	0.230985743901528	0.577234358398194
-0.130729750638222	2.00475091415659	0.265274093186907	1.07339539585823	-0.139194850266364
-1.05821183401937	-1.09205314710924	0.813472317670764	-0.0931769582476173	-0.353535307567073
0.00272777733187149	1.51892948512244	-0.397006195645143	1.44700891153614	0.394402313531879
-0.179479754630024	0.961117636791556	-0.59255607928845	-1.50467826828562	-0.0812277608933078
-1.94284678797943	-1.25298701032267	-0.359111076080317	1.33733433477747	-1.59389958554969
-0.550157864316556	-0.00424487567290851	1.49751210070646	1.46724072405638	-1.56439992186887
-0.580154905057241	1.92542640981415	1.45560985659627	1.69552090014917	-2.50762703817312
-0.195465112432541	1.11608303354243	-0.0440762378918205	-1.29314712410605	-1.00004043227151
-1.62264844002796	0.679074221173231	0.421007971119393	0.109074911530307	2.07655317252562
0.443792507566826	0.8302108455008	3.69209420709788	1.39675201652243	-0.245852095422482
-0.441776537888979	2.57258688553523	-1.5187533530813	1.74991423525762	-0.876344449733999
-0.549422000974856	0.534028236734202	0.109148372790848	1.48233631883889	0.165189780061716
1.22737669190301	1.43691383933347	-0.54583955499363	-0.20292890084196	-0.837370259456265
2.07175129167938	-0.453360405830743	0.484893058185009	-1.50407506441615	-0.853166277357413
0.259703273538148	-1.35628048676136	0.268475282070667	0.338115088038042	-1.32937103462545
-0.125720824302367	1.52601369976152	-0.159396834098403	1.06626801013266	-2.10214597731325
-1.24812445012186	0.0603500518465736	-0.56794763841278	-1.01517135882165	0.104638234303067
-0.953316873390276	0.138395509102687	2.13925199020559	0.00488200602401091	-0.895690839725987
1.94579083683037	-1.22519142547201	-1.17272238136495	0.641149948433272	0.491716680996916
-0.714229525728602	-0.871246215592221	1.40023320069939	-0.394284244182226	1.95705876519965
0.384521834317692	-0.134128067215011	-0.0487711111522029	-0.61910000579424	0.782360099942146
0.606473884645316	1.06772316641161	2.91783068980829	0.692376674642249	-0.749778923372519
-1.10525300583765	0.637503044087035	0.4058984889223	0.444526684854296	-0.659597439952494
0.730960973955246	-0.862460951078874	0.717865646712241	1.16587965797109	-0.217360991411175
-0.263838017145327	1.21773944829411	-0.016065420821378	-1.09700267267642	0.950509877045755
1.59531972351409	0.385098034777418	-1.72236585970896	-0.48142159198378	2.47699645687315
0.231446356778227	1.02875192685354	0.5263276904049	2.10930489749985	0.164555295616351
0.982873534853249	0.69087780047801	-1.0312575046234	-1.47410966520552	0.261637796417918
0.812245721307507	-0.41333677017139	0.946655275445796	0.857927565727255	-0.0292796756831463
-1.3619274906382	0.379660804620556	-1.66964357519192	-0.160379384227246	-2.15487243137797
0.459342665898447	0.620845231769796	1.11994089224733	-1.29419681246941	1.5369639817779
0.032496503858153	0.375457115144379	-0.108670821349065	-0.306353380944311	-1.04990499856571
1.24216683949933	-0.714228240274678	-0.0256107031610197	-1.31219048738456	-0.683935003999265
0.281463702704944	-0.0105490523318345	1.62037507057858	0.346071894628867	-0.803603204203217
-1.85163870713625	-0.761221317362596	0.368811110353398	0.174435489590477	-0.495709166700239
0.890056142824236	-0.0130485228619551	-1.1323852547693	-0.417155887045952	-1.27653714832593
-1.81492513562598	-0.651818473071191	0.983755420015	0.563057814719934	0.137717700609365
-0.850258436820954	0.339261316842296	0.311966350652486	1.16689618542548	-0.940406633481797
0.325879827453153	0.978197416190295	1.31155677859562	1.38696478885957	0.137610682944335
1.12415481009989	0.36608702082006	-1.01383157619555	0.247080641632667	1.31044588704385
0.0350534177684742	-1.64257079618898	-0.0180042035966745	0.599859557590904	-0.768014339956448
-1.5994158161635	0.456493344018977	1.24158462347919	-0.0733425692303085	-0.366315697857269
-0.590360603261219	1.59164163252169	2.0428226505249	-1.11851094541687	-0.583697910788991
0.344275403817993	-0.26855315978099	2.24206981238265	-0.192188511290296	-0.39326050111924
-1.08032527821693	0.429360612462888	0.966585013954344	1.25576911294975	1.15766952931252
0.503261968711978	0.405441305926522	-0.00664638417974302	1.54733585858677	0.867557501324887
0.742208175993583	-0.0633327739769696	-0.485693286127172	0.907097002346868	0.643799363481711
0.59126788427382	0.52561248503967	-1.69927624504106	-1.11087927706795	1.22549035894225
-1.49217034198218	0.708561206307867	0.960184230743262	0.857728394740072	-0.639522031268352
-1.1132040408404	1.32911120413885	-2.343953865908	-1.41010159176144	-1.42610330377259
1.27660638105732	-2.20585711885756	0.752915573351785	-0.177217963422038	-0.505609352047978
-0.640925748377556	-0.95745530088546	-1.54991014712675	-0.575247577009173	-0.40043691292305
-0.26470418264504	0.537261069558093	-1.00582561663648	-0.0121768565693801	-0.783592845715464
0.718079664766868	1.13404958476621	-1.87813728032105	0.731616567400017	-0.5087628852859
-0.245996745605473	0.963995128821967	1.49470745842331	-1.85291398113436	-0.645547915203326
0.727361954330596	-0.602767677071305	-0.458808452184858	1.53607593724059	-0.988705415026017
1.01593609073811	-0.0964651214287015	1.0611140265308	-1.17269990118722	0.334216163417786
-0.564061033572123	-0.119188306502098	0.616614117688359	-1.14312601234077	-1.3413593188409
1.18508828381878	1.37742194546002	0.256489835323811	0.433034073481066	0.829176639809155
0.59745758884316	-0.0598131304368618	-0.77897605457309	0.469361970592259	0.117193912156815
-0.13117311967674	0.691220493617589	1.41729414815345	-0.235961991759174	1.17004538208881
-2.4613361809277	0.247701750616328	-0.682130254876107	-1.43961143398446	0.419782352389549
-1.05404109854249	0.112281385851736	0.313077490089559	0.126448943618503	0.954227465338779
-0.0518954726525286	0.941736000322408	0.963037868305477	1.09841158147246	0.556103717930819
0.562330614809434	0.429334693008982	-0.46069385547792	0.713900628464435	-0.342448744109005
0.402524180141218	-0.216492461970642	0.043254978677352	-0.122909851468507	-0.34767118482786
-0.244107165063903	0.787079066666392	1.59164057376213	-1.28906573442406	-1.62629189605308
-0.359540287626619	-0.55906862284168	-0.384123403198397	-0.966389598829175	-1.05032007734198
0.905359068654763	-0.0512141011829987	-1.33572668634401	0.0846710242553311	2.04794571999881
0.783838104626161	0.704972490010029	-1.67796781004038	-0.697880568030817	1.24325277291167
-1.88232239887536	-0.255908203734929	-0.0252265497843974	-1.04840688565008	0.535675023639349
-1.38860001698629	1.1255812622933	-2.10131625118929	-0.379040188114679	0.841151476859302
-2.30064419677717	-0.101375852734085	-0.620494235825513	-1.25054942136966	-0.153639597274039
-0.0959897954395876	0.683669473676168	-0.285150011231785	0.883224226497803	0.100581838436814
-1.34742652799617	0.255937786151905	-0.663445632753407	-0.430497383279286	-1.18677317927107
-0.126909346520622	1.108077761382	0.497755693883561	-0.101199920473983	-0.450088986596083
-0.523159167880423	-0.0536043763663259	-0.233030716003775	0.122580167446775	1.9711425110624
1.14649324895289	0.914331976704389	-0.141476710787444	-2.07653749076399	-0.718546829577385
0.545577512035731	-1.11040935520975	0.90743093026251	-0.954031972868537	-0.449988264374839
-2.74178298187212	-0.0920087740561998	-0.196115147387451	-2.70176071764783	-1.26212101581781
-2.66053688836377	-0.807912701862292	0.629264458095636	1.44271363509292	-1.51359369357768
-0.904928945347108	0.0817194649628319	1.59348430696054	0.0409143056421429	1.62212543108258
-1.51134083860363	0.560797864224056	-1.91574964932463	-1.8105784527618	-0.601159711558092
1.06643325768994	-1.53959024647745	-0.807130851392716	0.532135293458772	0.302264706826339
1.36921938438979	0.138853151682491	0.425788612456023	0.0624645711513189	-0.410018959527542
2.64601589620908	1.02019994255163	-1.35412647584495	-0.304614335322274	0.18341740898407
-0.249118541851186	-0.947439060035312	0.327960119160984	0.885997038897453	0.858827324448216
-0.468727157261323	1.46398108247367	1.07213229630332	0.637539321292007	-0.149343897368186
0.478106209159543	1.33743137577505	1.62463079965741	0.291533578503271	2.1080231078884
0.131272007345656	-2.19150599211774	0.818779103070457	-1.10019779948826	-0.739587423447603
0.353344859613939	-0.677628446129452	1.40628535651312	-1.83937761818347	0.572442853362033
-0.941390959401255	0.621794724600287	1.43086213229415	0.558527524415887	1.4839259749656
2.12874288215779	0.0386665091169594	0.21763500178285	0.202885036724046	-0.0471740557381023
-0.267889211021928	1.58818538018394	-1.18151688094239	-0.501402430981634	-0.131649113760907
0.180975552975853	0.241898420986421	-0.255398672406349	-1.44090905708742	-0.180678999265762
0.275218971489695	0.886626349858232	-1.60258241190339	0.249426631046098	0.924977818606717
1.22127819561298	1.40571835893688	-0.504509920205095	-1.07367783839458	-0.831605834454831
1.19281948323077	0.0125459088406842	-0.170700655291188	-1.79142360538917	-0.136691784060223
0.605035060210489	1.30699764805432	2.05006413887649	0.413076593650233	-0.693053515491113
0.858000434235842	0.199965699052201	-0.0185517594701056	-3.04344240496811	0.333192423441811
-0.255157861573504	-1.43237149470966	-0.241045998551607	-0.0801012428874252	-1.00730676058923
0.804929124612352	-0.672226413319821	0.111763491038091	-0.897528076997724	-2.14682330323026
1.18223069654266	-0.539900770212171	-0.305917368753532	0.734573418795641	-0.38029685026218
1.60174657141275	1.93998206818744	-0.590127982570309	-0.224007330840819	-0.341421808026278
1.564252215998	-1.55790668101902	0.570690485404069	1.26246067714687	-0.909472558606632
0.685577416577487	0.0177810099958113	-1.41474275981442	1.95154263608638	0.782566221075204
-1.57898607675491	0.231546109710409	-0.664620780979342	1.84391321573771	-0.150166152857364
0.881577062407587	0.0733729394800389	-1.21086620943562	1.32217304861371	0.886643365361267
0.466710076465257	-0.740649752114744	0.116681054615178	-1.475658200645	-0.941231529515573
2.33143813995889	0.463844699079094	1.21268639642583	-0.573935865327754	-0.594611806278228
0.413222899202397	-0.506597534853196	-0.937812913586289	1.13792210438098	0.576425705414176
-1.71326983145345	0.400027709216746	-0.888172242447194	0.0722729214332644	0.540338168396304
-1.09791472196397	0.880803490284668	0.0765706809106466	0.471110061990414	0.335639129066697
0.37972779602196	0.0164262528295717	0.960336777659752	-1.26269642917553	0.165455819927603
-1.25242743532999	1.00295542779703	1.7387358697593	-1.26062718599972	-1.26595525767632
0.563352373834414	0.646668393325151	-0.352452096505482	0.498948605757294	-0.587364240462433
-0.768397078638065	-0.643670283583963	1.1509690601549	-0.139601706003267	0.32780690230343
-0.892467638162499	-1.210469205132	0.497434864106887	0.484585669663731	-0.518245788285919
-0.378001541371636	-1.73545703148872	0.904315306551954	0.0178912765522246	-0.334454098395602
-1.49201053316307	0.205150309330363	0.29906916260702	0.244555223301968	-0.635588120195982
-0.450084901487835	1.16252119865834	0.16344008193518	-2.07624835465757	0.769032280556912
0.390412511421448	0.938042453367923	0.563161486260702	-0.520003041952412	1.7550649653452
-1.36808107024057	-0.357354306665804	-0.498286698907174	-1.66475968787276	0.233076313286801
-1.5995337989038	-1.42390374061125	1.33326389082217	0.469117420275453	0.79013086195116
0.497983296605425	-0.886388483120766	1.02264091894128	0.575374467448025	0.579604662582966
0.375904364782759	0.816328280199678	-0.526405971048215	-0.617505957188808	0.35511488104996
-0.746713749797558	0.513250565675231	-0.200497121467192	-0.884682310550341	-0.542726709711336
0.994243747696744	-0.125892763570375	-0.892801447439668	-1.24219236551326	-1.43240860303893
-0.365908849979853	-0.0562525656158935	-1.0149557514782	-0.280101740775479	-0.891961913251092
0.247242449554237	-1.09879591632267	-1.12002989681929	1.2854484988317	-1.32185444267904
-0.352070011911492	-0.495349048153316	0.86122051107095	-0.244374890291814	-1.14222791101348
-0.219750929434807	1.7114558357806	2.27194616925482	-0.445311608586701	0.792418220707131
-0.128276176606871	-1.07367577312989	-1.32549570718482	-0.0230660220450549	1.98703422224101
0.40072878662702	0.544861531686119	-0.756895455229744	1.0499600884577	-0.58871280479721
0.90107390180599	0.118591172057568	0.730321807558955	1.25424042117951	0.259445489887738
-0.665323623579645	-0.51738062537415	-0.220146657436913	-0.0701393430295059	0.849889961186409
1.33011261293686	-0.210578485751977	0.703144326461979	0.813062299495101	-0.469582982662074
0.902818989090566	-1.48443964052129	-0.454995725175863	-1.75256626579345	1.25156294617408
-0.483050932539405	0.0312752719249252	1.82350466734744	1.36525278689105	0.357092808183826
1.19031965493316	0.61091126962655	-0.629892156646017	-1.05415427675536	-2.49184631884405
1.30002153594868	-1.48230486318776	-0.6222386639434	1.37147497900583	-0.33862694967356
0.163938618427135	0.564737401044989	1.43582729209306	0.742175957428943	-1.10593659038229
0.511589512589328	0.467750724977682	-0.0145694294033503	0.67217374730272	1.07331769540871
0.821824615787096	-0.937794784777278	0.540069234450157	0.863924677027986	0.124263482735699
0.752298554800757	-0.676784319304814	0.162209417773075	0.348084976712221	0.0998976161527119
-0.399442097226231	-3.54535468802719	-2.10054043795029	1.20796696429059	-1.42523661179274
0.972046888587546	-1.62589423725096	0.943033342078527	-0.284257142953717	0.104847194658262
-0.864702673304199	-0.763496311310759	-1.95083581804167	0.288087941985099	1.19461098215796
0.995990013992747	-1.61405530859079	0.800204924656028	0.335752804982708	-0.98774016883563
-1.21007083702072	-0.193724824400625	-1.88335275603561	-0.383946068386875	0.147498799447665
-0.722000455160318	-0.361468935892412	1.77297275064953	0.955605024363513	1.74391521403609
-0.384907339088847	0.0509000950972431	0.062335014703774	1.09171332266479	-0.609183296754856
-0.641599847608312	1.18321244979379	-0.327981331003081	-0.293411052809033	-0.577198724459228
-1.57879952571876	-0.153273206338872	-1.08421461140426	0.217306865457104	-0.00026924468777528
-0.353912243787916	-1.33587415417496	-0.158681343022191	-0.174104075173103	-1.37249933299625
-0.606173073186656	1.23268877398671	-1.28232088915269	-0.638473408747355	0.743627862608271
0.57710732550184	-0.871097764564161	-0.0391287719112281	-0.442618911572272	0.428408734474005
1.4541679486067	0.16798213285088	0.587611655783066	-0.817212851450162	-0.445515452078206
1.1382803944708	-0.477875884912031	0.258188738742277	-1.91010004449981	-0.170424316120683
-0.168218983056343	0.242302650631602	0.0863920997065952	0.34684261913469	-0.657025338087659
-1.06134773018203	-0.684853188417715	0.330355526423657	-0.345060848068611	-1.02021380435447
-0.493136335880611	-1.00107476852825	0.203589042770091	-0.153917104480224	-0.0300837616006263
0.702933343066513	1.23452989114035	0.613874195908799	-0.387057204514	1.00076578890074
-1.87137125876293	-0.0263520706176163	2.1856162505654	-2.5102833420719	-1.40867947676047
-0.451367846592746	1.72804374632603	0.602433508655068	0.0482534785946922	0.933539893902521
-0.254067523097586	-0.0421241897460158	1.8531610562956	0.361505925385993	-1.50620499243581
-0.538196904722293	1.53393098549199	-1.8050064317998	0.393064018593776	0.883322562623309
0.49398211277219	-0.907505994636039	0.677699890428189	-0.94552077919796	1.02962633849284
-0.23125666140462	0.401130238324591	0.03393264376708	0.383629127347782	-0.480193087570048
0.0654130395057513	-0.80584739103973	0.234877575382728	0.921910802776941	-0.359464183581492
-0.888410180682734	0.982687618495795	0.0319020821821581	2.10171932496938	0.757779348928233
0.406896467026328	0.0408095404808945	0.847671549979852	0.556402768183896	2.93407034350287
1.29075946548754	-0.494365500848346	-1.07342554133968	1.01779451133872	-0.57528005067383
0.285836510101566	-0.114628819626118	-0.214984412374778	-0.114010237544952	0.980206786899638
-0.100173209452045	-1.50029810695437	-0.2890611115266	2.08937257967471	-0.101462674240692
-1.77806616146052	2.65374601483802	0.952299190169401	-1.12562932003599	-0.251422929456595
-0.148370469336424	-1.06344593616418	0.388251455589372	-0.161429284632412	1.59828684241806
0.928100026397021	1.68937319765028	-0.0263333967480072	-1.65567198239198	0.269569024049856
-0.34394917787123	-1.47293467249206	1.70013453601268	0.256705035234249	-0.986225089570891
-1.72449419736753	-1.14553283204023	-0.0279751790617409	-1.72446747799263	-0.0378953514492456
-0.324379466356556	0.00438063635778091	1.44477276324767	1.12039874600166	-0.196744903217901
-0.848872511788799	0.710092423304138	-1.36536875313631	-0.906378963741434	0.0461707992489423
1.54921174452125	-0.782765934976202	0.00469976574716859	-0.245868669005402	0.0699030256311662
1.8431255869735	-1.23442634000195	-0.061349234052867	0.231148143866285	0.58831724485148
-1.07368112998718	0.828731477773342	0.160030448726018	-1.41498263139584	0.476077610791996
1.90564297547225	0.0317407697029817	0.836938226299048	0.328520346379316	0.141241634679988
1.86312485055247	-0.273252553198303	-0.977111746861806	0.0972485858390163	-0.0254696896894503
1.75059698714136	0.619663595393549	-0.29152685614787	-1.26076077810114	-0.7340330970765
0.194330783235804	0.433140883920904	0.534584540216014	0.459253136807825	-0.142333743642161
0.383185963157604	-3.12098573779302	-0.749275598014589	0.67528550058685	0.710465113406358
0.738829297448861	0.586148964459346	-1.54459178679257	0.128014896392711	-0.095720087074128
0.48243953677706	-0.059968271346885	-1.53439598565328	0.346705670275576	1.47702043509008
1.33062434242752	0.350975070225238	-0.533202432586452	-0.0357940777291767	-0.912267896786417
-1.01827526101591	1.29223974123156	-1.92165837213265	0.0521351755984726	0.710101604717966
-1.03231744851784	0.17123755000968	-0.355907217431	-0.284910976972872	0.0697713063084114
0.662306717168491	1.46185021997963	-0.273176694022787	-1.52077338822033	-1.66009476831264
-0.425062774371175	-1.52703652955611	2.59390941921719	1.31478733908267	0.340810708535091
0.424939438711771	-1.41686805118673	-0.590313576368335	-1.2962817638394	-0.368240566149834
-0.703058829274091	-0.834029654907713	-2.2516256982579	0.626079785166877	1.05826609868923
1.12231217528349	-0.341041548770066	0.251007556514463	2.31152104733585	0.0952410646845308
-0.685327738876954	0.226487181431737	-0.726190317061373	1.05699198830211	-0.677180223676353
-0.0383431673436326	-0.570427874100162	-0.975944476379151	-0.616036292648012	0.430351093570221
0.0751999972488632	1.62551649704885	-1.05482528521502	1.2098778703955	0.147891760326531
0.531723973231723	0.447652763603069	-1.1056924903174	-0.529902820982221	0.0277009028700393
-0.993790777404236	0.400472416515614	-0.848343208793923	-0.307258762749763	0.744281352512732
0.134988518468679	-0.659636614084299	-1.31024816933534	0.250656959156776	-0.904403758308746
-0.040115923755853	-0.298751244532425	0.456270755218445	-0.0252490450445452	1.69556207784616
0.666926227622387	-1.61375558601546	-2.05016936672609	0.788791329617838	-1.50251294701659
2.20050737314078	1.90784933208443	1.156918426827	0.081724188157667	1.56903116161868
-1.43232457878761	-0.274328876871343	1.03818755816938	-1.63574863880401	0.621401110322584
1.02356060518583	-0.251576113556887	-0.127777373693559	0.33761926176093	-0.584563611862514
0.42358191627122	0.192532654356239	0.953294085349912	0.522812062743255	1.48557299985452
0.214634778292299	-0.53048135421718	-0.255815807897684	0.8714275898409	1.37950661067747
0.766155884499734	-0.941276310658799	-0.221997451346222	-0.467558899065817	-0.342595644846127
-2.38472877088419	-0.680160960226313	0.5612083098966	0.395290581717849	-1.2856439197429
-0.264410063041671	1.2433926176105	0.877572181006134	1.6941257757576	-1.89886680782903
-1.07613533229945	-0.398755400646017	0.958495979251145	-0.242658461566142	0.573628735029927
1.84444411613106	-0.118961815337605	0.510289527783764	-1.16421804067296	-0.32951904290361
-0.476304450451242	-0.83371884882172	1.01792616058403	0.957740026008553	0.30535037837178
1.63264466097132	0.834998289115824	0.601670233976426	-0.418245426283246	-0.0237696784254254
2.47547881589857	1.00830104489475	0.413382457634812	-0.541403602115684	0.757517088212313
-0.774304239524327	0.395751317346537	1.80214889919441	-0.0682908905075876	-1.23002206562339
-0.265196863829855	-1.7561418767801	1.87317868963154	-2.22907115444401	3.72636301780021
1.23522298557617	-2.42809883913702	-0.782732735206085	-0.424519758633085	1.3549595845078
0.468144619167004	-1.42961259563116	0.985646394267402	0.124405361855784	-0.00199682107524361
-1.6406402648864	0.427444550620205	0.0435161349710902	-0.648680704266096	-0.337193823638835
0.572927783792177	-0.612043650796369	0.425645673523845	-0.435518500286824	-0.117720375733516
-1.72958374417087	0.103342305978581	-0.0129516299195353	0.28467318764501	0.780607477624087
0.986398766274318	0.918034111260226	-1.78528236792584	0.904292205311738	0.0901238981513936
-0.1994233366294	-0.354019748309265	0.261904673254495	-0.945097755462942	-0.460928773769025
-0.877133611704091	0.0279232871892122	1.89020537281031	-0.459058939003254	-0.814451902484992
0.453479875881001	1.55915032959124	0.516857748512882	0.812721971525045	-0.600988692063045
0.220540016182777	0.970957972581744	-0.209997627230562	-0.440356482421185	-0.723855588027827
-0.63679940526801	-0.0960735255738659	0.976279333865237	0.602101188340878	0.889384242852704
1.21774176694053	-1.43736003068845	0.70829183057204	-0.175971450716748	-0.338326197149867
0.9787219428234	1.61661381532868	0.856554860471512	0.197310280344125	-1.4306022015476
-0.188834014143279	-0.821979684391398	0.0532211604596735	-0.0285210100367242	-1.92696845403732
-0.108393714652357	-0.326166178772533	-0.861232507242707	-0.136195488821154	-0.0264071667686996
0.219843978748593	2.2364189488689	0.993539778059677	1.95134541362246	-0.883528901584737
-0.15062357012263	-0.3032715815208	0.36846731622276	0.323552598412509	0.175080770308682
-1.34693042722602	1.97751780814535	-0.28187301778062	-1.6268773057152	0.929292319318587
-1.96527722027369	0.720072854291532	-1.76309245184296	-0.52269252222633	-0.45223189057697
-0.895287152950453	-0.0206112771008016	0.785440019845072	1.2152617822828	-0.606607296406552
-1.96614090240838	0.809212330350311	-0.511002511237422	-0.326002184005269	0.0303637843473079
-0.646757036227438	1.0590448512048	1.34329684193404	-0.146114688429662	-0.303377989565762
-0.0651583845965868	1.24951918682424	1.14520102558618	-0.63809869566201	-2.46249888367225
-0.612760503492029	-0.37537943608366	-1.66573811697507	0.0609858890622496	0.342457715886828
0.554382891979606	-2.28987861721848	-0.855975129239964	-1.42962671069936	-1.45606380101175
1.7599093049092	0.626017556449398	1.20577006645792	0.109625458090456	-0.150383182952364
-0.800002344687436	-0.638997296982679	-1.15853105295856	2.24735221207446	-1.12332479774391
1.49252405857442	-0.187520576169633	-0.22049754733626	-0.605026004046552	-0.918011425063497
3.14093098703418	-0.989360066906123	-0.378088069888456	0.218912095506425	-1.301682329518
-1.34758776951338	0.942337109784878	-0.180653300358374	-1.22663983080205	0.604524196336394
-1.06171247636381	0.240027636791452	-0.0265039672594503	-0.206757816872732	0.43400661385422
1.60443483282173	0.683821745480007	1.06546194471062	-0.841720134636798	-1.51429947597045
0.10187512729397	1.62264902848316	-0.689492483792648	1.46845154152352	-0.055455674751064
0.72830901727223	0.810802045537485	0.499394963751289	-1.11810129770887	-1.3249898939759
-1.53974559770632	-0.283858214760576	1.18318762208304	0.719850229878728	-0.143721496777067
1.32049253689174	0.864412053986978	0.410354913252663	1.63785436612574	1.60084464750383
0.203767128806298	-0.842145050889883	0.805130834299158	0.853985303825286	-0.578879532276148
0.011174663877009	0.179904791685809	1.01751756145976	-0.624868995705298	0.0292477851777461
-1.4224727280763	-0.425366855332396	-1.18302030050498	0.773930005848006	-0.314514211954434
0.142672876189652	0.284766316674884	-1.83516099330886	0.128772216457938	-0.194324588986971
0.729751388872673	1.57844139794106	0.406608287027624	-1.41928219707218	-0.124179810178067
-1.52386090808164	1.18880148005679	-0.405281764948649	0.748379297869527	1.54577636820953
0.510473988813274	0.00459744302873026	-1.4025273759173	1.42648529265593	0.174958302447068
-0.9727398666483	0.111408953183618	2.27934898833274	-0.576154511509229	-1.35273525214104
-0.14358779098517	-1.65393540215455	0.448455254445647	-0.130067728813083	0.794031319857341
-0.310999575626004	-0.249451175963365	-0.353624372554836	-0.681828117618988	-1.06742112636442
1.16534161174909	-0.648071619406948	0.332084023630448	-0.984162363054997	1.62584868618207
-0.0277797001130442	-0.162813689856	-0.691324353675756	0.546712989442515	1.00563451926433
-0.942066701511223	-1.14659842900929	-1.15438912546872	0.430453780403098	0.487436363996191
-0.25611968843626	0.35624130007906	0.25754568887288	-1.18396000617401	-1.08687879836766
-0.601134204152526	0.0106546781159189	0.487481465584783	-0.0375462663072737	0.219572681181058
-1.44780300304785	-0.14683061231645	-0.215308762529035	-0.135495836608292	-2.00327204917702
-0.477885051513788	0.454307483769517	0.976205354997672	0.697090325902337	-1.74160229306462
0.700553112032959	1.62976123792105	-0.761086282470461	1.33261996652887	0.0709546137209221
0.466297628849085	0.29525319074668	1.10514756738579	-0.625408558859883	1.01680406052225
-0.418140361572027	0.119550357529872	-0.525329885937319	-0.944455027173219	1.28145256950379
0.40412121555102	-0.605633549243438	0.802935856599025	-2.10381702317878	1.87459789798558
0.512711186049476	0.151047833657232	-0.163641562244179	0.418417362681749	0.186837486306119
2.82254761036147	-0.870382097880836	0.353604853884753	-1.38038225656995	0.889762448924985
-1.0126382543447	-1.23386100127658	0.270390007883495	-0.0510470773668056	1.76793867540381
1.43038301013891	0.327278141444314	-1.43235716306265	1.45754476632243	1.12021901072071
-0.184710341346706	-0.0735085861972497	1.0770402415996	-0.013821641111793	0.625266633114427
0.361699732649677	0.00631790954834488	-1.19836183125136	-0.982659484265772	-1.05705642056526
-0.344439881623907	-0.144577739751028	1.96899579411499	0.171448791179507	-0.659524781313536
0.0291242280826359	0.606960188374645	-2.94882100873605	-1.0586635937296	0.88985687685655
-1.66601555725528	-0.26486677159401	0.357700649448971	0.295331197476458	2.25381697618827
0.411482733322886	-0.866276682000023	-0.130009718690427	0.310284470868995	0.036380436043058
1.42935971098071	-0.49745682692026	0.895139253010071	0.945405964405616	0.504854077124596
0.0351707267536201	-0.0301138100643093	-0.430666040883317	-0.195026307837911	0.0989227237439864
0.441426790475388	-0.330139207943985	-0.372583982772701	0.0348309013576974	-0.793349436680012
-0.825190637487519	0.421990222184925	-0.632066500784691	-0.624086865034386	-0.168653565180123
1.47879647669233	0.596687518915888	-0.0861641236639597	-0.134366576209569	-0.232281981507649
0.724985113237801	-0.450135716354876	-0.0156485692292657	0.910781180595519	0.783068210636209
1.20208729473186	-0.0844181028924605	1.53292439241446	0.606745084036294	-2.28726385911704
-1.33421768246716	-0.619966856469945	-1.55584196792394	0.679077443298504	-0.744416950220843
1.22991754513688	1.25371594556738	1.16015703190435	-0.99386654886047	1.1347196216456
2.17844106609952	0.0253650165079257	1.53249706158617	0.78961954472392	0.305385587461424
-0.908277017448354	1.04108532013621	-0.227345065757426	0.385212596148016	1.19984231632056
0.0301424533102405	-1.02711520686312	-2.15425083841109	-0.124744068043188	-0.173496358541347
0.580408367464098	-0.369234533181088	0.609521376890516	1.0428592543178	1.64660767579307
-1.05458165309832	0.645756456280267	0.565774217371755	-0.242243423582899	0.0162796838078886
1.12348477043923	0.741824178650722	-0.341342753280909	-0.211389088427866	-0.805087703937392
-0.567699273736821	-0.261581167193716	0.375330132318964	-0.124420193281939	2.09221947012955
-1.20902219602182	1.16786240038074	-0.356008476783448	1.36172770831364	1.22569241954243
0.767066631628471	0.0537657166331584	1.66925208919956	0.600143397642593	0.0779623389223627
1.24014894477396	1.48195155428576	-0.482094650898692	-0.994456277176685	1.392793555855
-0.664389032417669	-0.39390529194941	-0.0245175806531243	-0.0420667639556303	-0.96520324975224
0.776905974402591	0.935586289409637	-0.451027403857895	-0.466360976312973	1.40298064654666
-0.35352817757311	-0.0664266293294426	0.528528563219966	0.528908058547809	1.49214834447342
0.125811609901838	0.377564300584122	-1.18547228735203	-0.141454030568398	-0.0978865503253147
-0.635487182345333	1.02713385270663	-0.285150174577044	-0.521501165210269	-0.0441393386995278
0.247179546940615	1.64972219143026	-0.263450746103082	-0.420742732897346	-1.15904693129599
-0.780664865408247	0.658185680023371	0.831922615927089	-0.392807811139247	-2.34965139491145
-0.246946547809875	-1.17772070122854	-1.47939610282296	-0.443524622531579	-0.16105208467157
-0.402534366613324	-0.20626157627735	-2.2398000824119	-0.993486190833443	-0.181154824224811
0.719109562732678	0.637122660598499	0.131665614994492	-0.159092994895864	0.630980177606819
-0.77256663934921	0.943231793365523	0.972890661108922	-1.82055902267127	0.902422552104937
-0.832056273734562	-1.39361901925103	-0.730856282165692	0.184916596209561	0.562523485262339
-0.161234509904535	-0.226581974126262	0.493598652951163	-0.647508243604458	0.31772786629426
0.616627533633878	-0.595375437764312	1.41361428582042	0.148866489755807	0.453154293180571
-0.980294391619252	-0.201075062335899	-0.947675857972698	-0.743244723296188	1.40058841918
-0.0909269249684118	-0.494248654051583	1.61225161725449	-0.106630659919161	0.548189987482359
0.57009696959885	-0.682431894914393	0.414258521327523	0.617573545263479	-1.39754121397797
-2.68729503457521	-0.0813730602597423	-0.335769819652972	1.08978222117183	-1.04438866907193
-1.36372569390684	-0.231909436853266	-0.896076208087736	-0.342343724811227	0.508645668774706
-0.0716288759433438	-0.682248811657167	2.60178333824237	1.27827741647108	0.550564746420266
0.626463423476261	-0.53402356657982	-0.193495213157994	-0.69323994999089	-1.63353066680712
1.02186043925497	0.265289939384201	0.253762193722745	0.825923925207354	-0.844115575634487
0.741432941390326	-0.0400356893066225	1.19285988626049	2.12023467199425	2.26285189346699
-0.13459778577704	1.65581329302384	0.0537431697478151	0.0974845687738982	-0.615965970947025
0.816192625239521	0.572171574108771	1.42290830675422	1.12666488214665	-1.28881921102699
1.33451992395768	1.22963195527292	0.668586152371188	1.33277057707117	-0.298482857898467
0.413446632928625	1.17932817938944	0.997048385810418	-0.142704132781618	0.554891519930591
-0.425764098669319	0.872540403965843	-3.21287398283473	0.530559810399033	-0.663910374537849
0.298662038736139	0.688691093043618	-0.164038925860857	0.899194770385636	0.26062693424292
0.665665660171315	-0.238515173830288	0.27070910727089	-0.368399687757869	1.18429484260231
0.790488339901669	0.440227072732301	-0.786761938880567	-0.338127426734402	-0.0750198574917541
-1.01634723908701	-1.18654476230773	0.197190813748411	-0.165709564558199	1.25531965871798
0.308854471020563	-0.70947436602837	-0.239084579955024	-1.68440764200585	0.298102996740347
-2.10072266591219	0.879936631273962	0.762495275808759	0.10279074203358	0.270596499018991
0.17818822424738	-1.78527688638845	0.368436914012068	0.0933527805199074	1.19028471084151
1.52342262248133	1.64564107999232	-0.735541603423862	1.35677433127138	-1.08968470819388
-0.741783166189376	-0.573414240138815	-0.86753676972342	0.928674133760283	-0.040214721085528
0.025163685421201	0.995617265873562	-1.54925772372965	0.386580999186726	0.662572072544636
0.594395710771439	0.884503895823134	0.537030926950559	-0.184802590532712	-0.0150304198081467
0.19781826904491	0.764680321671534	1.01961008530553	-0.402923061257823	-0.373965857943581
-0.853932261975387	-0.663348386828352	-0.0395437482161214	1.0864925795628	-2.10287931391485
0.943756291631948	-1.67398589177571	-0.318185482152218	0.515159830327934	1.37289323469306
1.67832377183193	1.90528302510145	-1.24619622197177	-1.73390258841007	-0.569769750648973
-0.896146584204892	0.532182468080602	-3.29308086658582	-0.0428077219769057	0.011678201321491
-0.781681459230107	-1.40843389331611	-0.661469264950894	-0.661575767869788	-0.495201702205379
0.310881507664527	1.52198019684092	2.3434286326996	-0.509655434118787	1.23562926802079
1.4292249734822	-0.655376699921906	1.16340068272002	0.923952902938423	-0.637430691786119
-0.58222041229807	-0.468048817353471	-1.02718767436379	-1.16017523522018	-0.328813294459639
-1.41362851639575	-2.71485466094601	0.44678239784592	-0.451576953164008	-0.392089802638588
1.90772215398916	-1.11871113243903	-3.33187974211913	1.07505880776856	0.594987371043154
0.934499317019385	0.356199210049146	-0.418133269645469	-1.57331059960413	-2.26766453208234
-0.501440456839351	0.891921016325027	1.31256939788952	-0.0358499155983316	0.116877121840291
-0.633914208881962	0.400883739912492	0.333425481629934	-2.4692188493237	0.0359910025621599
-1.55390931764281	-0.457476384733728	2.21812688591235	-0.683910829160208	1.72874034180407
0.22034944242199	-0.572632717147924	0.176420148887255	0.625860689873129	0.6631176086898
0.925762683572566	0.227590348350717	0.463279603514109	-0.629997404466652	-0.0463585594159669
-0.583243860151861	-1.39365497199146	-0.877453560162561	-0.329431638624124	-0.00817979015219551
0.998505214185422	1.36604785803232	-1.48634220892952	0.6829106674463	0.375256039154126
0.965746895594118	-0.281329834970682	-1.22058853271577	-0.709803345953711	0.575218285805783
-0.413351053686296	-0.96103704161972	-1.38093094484435	-0.640970591202774	-1.65274861947232
0.494677452640002	-0.689598968216633	0.115027209786799	-0.97216989882347	0.224701885126376
0.0395811347012963	0.259896797644982	1.67077634280749	-2.21388733447417	-0.981482904445749
0.627755193989681	-0.438142710255639	-0.149242644201522	0.0481963485627908	0.0966553849931603
0.923991280727499	0.917345426060425	-0.307676379402115	-0.847613196115976	-1.54000249919152
1.37657916442881	-0.58881246579689	-0.524484365943901	-1.63120141265292	0.66775689335477
0.482629516008025	0.910648979328231	-0.0285857438365362	1.02501052392533	1.90132914594602
0.0585171485302864	-0.357725113741119	1.33701820937524	-2.24465241535678	-0.547985182772209
1.129957699208	-0.112421171308802	-0.323349190287688	0.677302591202443	0.0791114446304761
0.523558551242929	-0.864889975048432	-0.716527603144702	0.245511531246544	-0.422447081680331
-1.80162547533711	-0.376345868218669	1.71551628676255	-1.39623506624402	-0.98191830434679
0.770508516598913	-0.784683711059015	0.550652565094602	-0.255399398315366	-0.103986825954268
-1.37869037050853	-0.699941815053552	0.627551045457969	-0.852620362975713	-0.14501575612992
-1.15858041828349	0.66090495333186	-1.55908520991135	1.21492815148189	1.49326377407958
-0.73126398719688	-1.4713413787622	-0.39433083677745	-1.82228427001692	-0.335871372056478
-1.3386324355639	-0.683042648918171	1.28969486101713	-1.11623062301519	0.60706494917999
0.756771710317441	-0.945166621056991	-1.44918325304365	0.42657210258226	1.36346049354506
0.497596383612865	0.341991315387631	1.19864913655409	0.821911845434859	0.642272864233838
0.364988978390287	-1.07125939395189	-1.35028821909811	-0.742678470039333	0.0598433340748556
1.29645536759416	0.507703077727845	-1.05342824033194	-0.83937085850589	1.39750014565432
-0.330040090063449	0.376522638509868	1.96843060012204	-1.02981022204867	0.766283863884707
-0.554207497005087	1.16532824478469	-0.0539112408783731	2.32984249143684	0.0436099056299695
-1.15628334691856	2.18478705225589	0.29971562471509	-1.02693703807033	-1.13220805959887
-1.21412757657306	1.171746853705	-1.69992392424717	1.1794108637774	-0.236876372649071
-2.1465963833538	0.202492065428467	2.19845847784733	0.582121770697998	1.92020293937566
0.533448513802336	-0.00690403725174289	-1.77985398610165	-1.43682438008204	-0.630448623738786
0.291988090615067	-1.16096437357896	-0.87230002244615	-0.270133120935679	0.0263323214319407
-0.0650074628126977	1.70531432614856	-1.68749264335676	-0.462245738692778	0.745338192766408
0.220919184131028	0.0257239356660186	1.54100841924138	0.0486502827618458	-1.24500142788132
-0.00887061547195008	-0.424201617005393	1.03463989536544	-1.31256829490898	-1.58548961558988
-0.045817921530511	0.0918630628403239	1.56548232659559	-0.40505774406842	-0.200133393836891
1.32387831693313	-0.138693429250961	0.46778344160071	-0.801334234500646	1.94160577221939
1.53254696860698	0.352317034153506	1.00493559421521	-1.08036179024115	-1.53154293493904
0.441932061424125	-1.30030753698597	0.76416604934295	0.25042575844759	1.13180114352391
-0.794505278744574	-1.45228892668456	0.887461190389221	-0.20406328954894	0.541195013376475
0.613621307237933	0.337931783044844	-0.580341941719917	0.428535384572686	-1.20350186302509
1.0818924751705	-0.155512361780936	-0.00866287404971251	-0.377716620798609	-1.45050956093702
0.338657562453067	-0.559646107884005	-0.21646496062863	-0.223528876470159	0.0010598992454259
1.32743589604517	0.74211626132982	-2.07896878361976	-0.601961872499178	1.15111330745032
0.385006293261857	-1.00120062043975	0.679840483933134	-0.324201099190767	-0.213277513904887
0.327922089052266	0.999541400956951	0.17078396189373	-0.242046653236426	-0.00311100366268581
-0.879330315348292	-1.67382709429581	2.23246331391007	0.0706342615394419	-0.751423680525034
-0.517981801340036	-0.0286597918986515	0.989062661421209	-0.557995098090908	-0.900967955428839
0.607263390513442	-0.607542293887278	-0.816240130198985	-0.868711134320389	-1.11645341251338
-0.162598390912298	0.81432178736271	-0.810773752641749	-0.0238229887656221	1.7885737051183
1.61586531231094	0.826461278209342	-2.15028282352879	-0.855625722728209	-0.0180472025390626
-0.123176423611623	0.0483643374848441	-0.292899822480068	1.16497466065384	1.20973873588804
0.396250953683603	-0.576533483448338	-1.40512797294353	1.25441082104954	0.176305474144751
0.189976648425839	-0.166313480947461	-1.24518475904538	-0.0609515483167812	0.356163867202654
-0.861750528357725	0.637339732664743	-0.219658723573868	1.40504962229079	0.0492499376738917
0.365955013412621	0.258160689332795	-1.15378442118523	0.442806934869794	0.382535501888925
0.950724962897693	-1.41138616732301	-0.33023966193149	1.92454603251985	-0.112415768121573
0.629952132211347	-1.31764757051479	1.03990618411191	-0.17321060174271	-1.58833405853421
0.292065689136773	1.17161751544834	-0.146498539496515	-0.718490012948782	0.340059305708558
-0.0645399695678485	0.269557265253365	1.82009620549102	-0.362660976700688	-0.828582619523467
0.907015216661612	0.218928719042234	-0.240210340267326	0.437202551868412	-0.664139893988957
2.20410798397758	0.095303700903703	0.639023478007762	-3.34390589507309	-0.381188585190638
1.41978110953653	1.28869426520134	-1.0293147497487	1.33491091401265	0.330246155537354
-0.939407210812872	1.67692359880316	1.25052497927942	-0.454472049015474	-1.42027208705238
-1.06475215416146	-1.95398996179797	-0.817121448452065	0.48160593004397	-0.353396402402658
-0.145597050869968	-0.590848170803493	-0.597687594075976	0.785225279027607	-0.223686204650553
0.434620616444182	0.0140472647794788	-0.0227762811324918	1.90553172239925	0.295241289758184
-1.60707455669077	0.149676003632306	0.244993314127171	0.102390770463178	-0.961232366624854
-0.25746866280325	-0.203154933215018	0.38832744578851	1.39255973213828	-0.461309774296149
1.85298709472617	-1.09058218799707	1.32517443514795	-0.111109565720068	0.365198937210825
-3.16905449441524	-0.665471483038714	0.962420828451279	-1.841211083392	-0.03343356460652
-0.208177219855419	-0.765579244202381	0.270933494953031	0.628338194220805	0.0370902789859203
0.915265275371194	-0.569860891708506	1.55015888335915	-0.404093420293165	1.71222053134468
0.31905567228581	-0.371224109536627	0.501605397292377	-0.156337869332848	0.169881429388001
-0.0807497290268888	0.449021415667432	-0.503215803584356	0.0568895780329458	-0.446841294160027
1.3622884170475	0.43499066415703	1.1110582323542	-1.28598819910685	-0.664002838957895
-2.53031779115281	0.580047409756772	-1.49316795501963	0.948342411780345	-0.81849414131972
0.0847125583055151	-0.602700064555168	-1.81747448911296	0.931948766308835	1.21264894453787
0.590213670357349	-0.623744268237984	-0.333625680410837	1.04647323078042	-0.407270398559821
0.0812947978909713	0.363289074957542	-0.245204240228901	0.433119422188355	-2.03789026971719
-1.52470805443252	0.402823970343943	0.714733515962538	0.195745849373157	0.515091633748648
-0.857437138705169	-1.08125587194734	0.419956322086719	0.1916432412953	0.14696679891474
-0.771429413682697	-2.29777164872628	2.12356820968619	-0.579685745377707	1.60605512796552
1.34657583173386	-0.786388753312808	0.525260807684475	0.715167769977799	-1.51482380088801
0.322714987249371	0.537127142886169	1.03738087270518	-0.766597285780492	0.537628065040913
1.18023188276589	-0.215873890910226	0.676994317868885	-0.86861962955986	0.491610829520568
-0.965226606482725	-0.141993937661935	-0.307705117443217	0.626585333956417	0.151307178454477
0.966024035541787	-0.834530756936447	0.129607477033327	-0.121241681133774	0.0693660195446715
2.97016206284159	-0.190256760083568	-0.216322785803107	1.52317165152182	1.5924169473978
-0.655014229746238	-1.89676701688183	1.7679654089794	-1.13286964169913	-1.58762734570814
-0.746320018748084	-0.545354716910792	-1.41204803059577	0.818232843162329	-1.87238019714173
-0.660942825597023	0.448855025881246	0.007847856818751	0.764388000064453	-0.806349322362965
0.779810181618814	-0.443047542198411	0.470972730339632	1.45540645736037	0.637533677438324
0.468510390242586	-0.663107616115929	-0.028155921513445	-0.0467321757083519	-0.462909136408268
0.409618204696081	0.476922802249767	0.253214184827287	0.0333387417289557	0.983989833055698
1.12519032686496	2.44989496374735	1.92806784218955	-0.280253163515695	0.262852325391801
0.837103420333384	1.01122412757696	-0.889760531712468	1.05026630355977	0.301236961830591
0.481726583631161	1.40613410759143	-0.518821764797324	0.313278884967158	-0.562689887948057
1.92045689487179	-1.0206743080902	-3.04893294605229	-0.0807228312841431	1.2718282594889
-1.08120093223399	0.871098313764637	-1.1013898262524	1.39855224478121	0.505062073490851
-0.733556930588238	0.408556535758513	2.07450403075018	0.268172653676881	-0.0180838175940174
0.896766372047975	0.535223240425836	-1.16872092153774	0.90080079052848	-1.12703956167224
0.123978560582526	0.975493537155516	1.02254314274556	-0.305011672365222	-0.246952616272148
1.09483745863235	0.232419810436746	0.609901834086297	-0.233095621519797	0.788726979142632
-1.90509860320923	-1.20086741408031	-0.312717915240825	-0.853076169354258	-1.37938645850866
-0.917456583796871	-0.101350202232977	-1.56739561419139	-0.453433490361252	-0.410053672204575
-0.0878517885692206	0.278571470126089	1.08068252768978	0.00700305709770801	-0.945181324639003
0.111314199416311	0.326413688989459	-0.427774506394199	-0.0884249325643813	1.36342212997305
1.09245518105077	0.183391480001716	1.1299868670464	1.88733995947864	-1.56504505429904
0.421046534227582	-1.31190736016783	1.01725622235973	0.240315125080035	1.07611910800981
0.369472748885846	-1.31668212571222	1.11680922253901	0.372451287449022	-0.646536220568751
-0.433677814422877	-0.330354714170769	-1.31217768165487	0.734639889298266	-0.344331316040537
-0.063204376970803	1.1565763087459	-1.59164447205538	1.13714065654622	0.945539586150471
-0.698046420389475	0.588806733735452	0.315361580722491	0.0951444166158703	-1.44971095679784
2.21224302786054	0.379258261401854	0.438506694285018	2.14551102354687	-0.607070595146544
0.530672097470213	-1.60004689628802	0.164726184538416	-2.17221086920825	1.06268868164933
-0.132092092891238	-1.44447284835166	-1.20471562282698	-1.10424057093137	-0.0539247364959105
1.45995512138727	0.858311773906705	1.25923408485251	0.509299753405374	0.183018410786048
0.139627421161113	0.220906471909468	0.840075572829217	-0.282534093610956	-0.626978720660559
-1.09061934013929	-1.08086905692181	-0.373717724941603	0.983336769081085	0.483277471303302
-1.10180843427573	-0.480584562137691	-0.969635170009191	-0.0502134816497205	-2.23345917454767
-1.13463512171562	1.15664888029771	-2.22418327727472	-0.497694469180336	-1.28584846590013
-2.11635327151823	0.802639244187364	0.979431770530629	2.40475199395551	0.180437789042169
-0.297451193004495	0.185934803614896	-0.390904164842458	-0.219335855978569	-0.842785573389735
0.0669453568901998	0.349191951172157	1.33450987378512	-0.0965140151485104	-1.21831281775379
0.582463830098426	-0.37634180849273	0.995607484081471	-0.475277876602116	1.71490215665347
0.198471947156868	1.29755601606557	1.17960836439522	-1.14309716105339	0.0228811056951764
0.910994195571451	-0.980717709315948	0.0580099154615256	0.478574868732746	-0.111316168869148
-1.58773985201371	2.97214295450994	-0.374330617292963	-0.247903038580297	-0.120556924721419
-0.283727758379025	0.791293362888151	1.50437116239019	-0.195793013408476	1.74582364147145
0.23842308444897	1.02942789542961	-0.470393483067027	0.1595936593757	0.0918185488696729
-0.486864846548481	-0.7175682324593	-1.33674155163246	1.01743701968612	-0.491009915317486
-1.09865789843837	2.00838806373333	-1.22241985577429	1.32639538128677	-0.0844964457051177
1.46752257599918	-1.99678102618816	-0.765067969406752	0.781429208007422	0.520950956008258
0.167421173799917	0.627803729718182	-0.871281200998408	-1.93228600825682	0.792751801814342
-1.33170862564651	1.21160904897763	0.416412936789817	-0.96354742371644	1.34247901582236
-0.202779359479354	0.475247714970269	-0.904138235238263	-0.582953649485989	-0.615005579055255
-0.960951051938871	1.44109884182532	1.34198378659984	-0.653822378453514	-0.0979208416401639
-1.19446967566307	-0.668140525054136	-0.502448877235397	-0.524298042539362	0.977703143907727
-1.17128762493101	2.55698770644159	0.907748973935737	-0.610378025316795	-0.609405296546099
-0.81871940500834	0.137479109947085	-1.20946421362562	-0.282995483384025	0.0575183882543699
0.0652365917911751	-1.44816982418033	-0.885678265095734	1.79173892373512	-0.468595356992053
0.0879562450432474	-0.949465665963036	0.696980450343255	-0.132636937216675	-1.01811416462287
