-1.25105844303037	1.88866250879519	-1.46310943688695	0.238340505225807	-1.19018193333651
-0.270836241073094	0.554269901379138	-2.57595122692236	0.209566473444495	0.437497561884046
0.386650897343166	0.725299815181664	1.48688281423804	-1.05784622558494	0.605201262885395
0.492123566644875	-1.76902299090975	1.79590917261233	0.867968906715332	1.07509035235628
1.6409187118915	1.43818575743794	-0.278697134820729	-0.543515825724039	-1.31242342732598
-0.195822702825742	0.973395049223517	0.657573409348677	-0.244990822157871	1.00673090512956
0.145873667883618	0.400235348936328	1.77902919555592	-1.33103196552667	-0.896594048716093
0.0268667560559604	1.5178517849306	0.293763528983847	0.119827597192384	0.0377955921301081
1.15361782888027	0.634072447037684	0.428771225134113	-0.492006205833759	1.46476116407331
-0.382322968557589	0.103169428490341	0.534536756023757	0.0320142688342423	-1.80563628909292
0.159645195490515	2.43918878141655	0.623473655394942	1.16513149037152	-0.117837525209771
0.255748592911916	0.877488530599991	-0.500178686453441	1.15812511420732	0.741474348911667
-1.77735133995567	-0.0871663302260552	-0.0458135878462995	-0.0597612725182049	0.896819728062666
0.754827016570641	-0.65830779469153	-0.563907826826516	-0.0472156950962	-0.760285453974182
-0.0913381676833549	0.140267033839457	-0.317643800705851	-1.14805313540281	-1.2697027464661
-0.884890961321664	1.70384577727856	0.409748482437648	1.36998611208867	0.784996277099588
0.0431886080228724	-0.581032726661744	-2.18428423168726	0.591589665276327	0.16332238963817
-0.632016774373061	2.04433833280677	0.82554376974616	1.54264909868103	-0.716752233036343
1.26757157330266	-0.798976310593495	1.24509923313958	-0.327088336192379	-1.72707547602906
-0.0537150020544846	1.02252054497108	0.570425228138726	-0.727027339647159	0.232436382949557
1.14666750579878	1.22177853740939	0.666466448262845	-0.605896230992226	-1.58406475074391
-0.549618585162838	0.810365574805261	0.559984485201881	-0.71655920549179	0.780035455728739
0.227003809376236	1.33243224655641	-0.946972947073085	-0.175586021980282	1.32601135356933
-0.754565705440993	-0.683931885040397	-0.0349002800471862	-0.0832421419738541	-0.502584765554983
1.40526296807432	-1.55514639148107	-0.992557935072711	-0.895811830892884	1.38024276273175
-0.777096267648437	-1.75416110971895	-1.53940465186518	0.331295149578144	-0.179382281497382
-0.376878945728713	-1.50364950364626	0.448884136747332	1.2736353327058	0.915499506468444
1.23636409670741	1.38422080444696	1.28786159678331	0.294846354559481	0.459126908547071
-0.884820593739925	0.894388836295815	-1.00134323928446	-1.3636410479408	-0.751109710087879
0.394648445939928	1.0440295461017	-0.647146534899672	-1.63536030350076	0.148402012749427
-0.937082654529731	-0.951788211345194	1.15568347342953	-0.145498062158602	-1.2853792143713
-0.360453510915032	-0.107772436817727	-1.05248616008203	3.37522295367215	1.87027431241225
1.67958388937569	1.49960074948203	0.653727113071549	2.97043709451772	0.353983760313565
-1.68129284703312	-2.15858257023766	-1.10640791998846	1.6973326498466	0.412927364288679
-0.488255135003119	0.170303261739671	0.898914276510172	1.50478926781039	2.6727257198462
0.198846966482341	-1.26961012224846	0.935387361221029	1.28505001075912	0.225741554162185
0.045331755222941	0.0587214571049347	0.723292883346162	-0.634643676697711	-0.81363200878447
-0.562592971707032	-2.90248017258327	0.0399061692847196	-0.112031403462744	0.736106268940744
0.507908297740196	-1.1449602240878	-0.765215094503003	1.45820139124401	1.52201639945707
0.664898037039155	0.0484745545373123	1.20032160459316	-0.816626742150875	1.74596668865362
0.221340939629642	-1.25051455493259	1.29195251711549	1.54192810837614	2.59187701570046
1.02215911392528	0.791508735684952	-0.372213847458657	2.15760315658375	-0.558034474192039
-0.0865213467257408	-0.0280771308024915	-0.176783749474737	2.52982952933564	1.49914520815014
0.373260477840138	-0.298170157124974	0.132332621493833	0.132759518468526	-0.405737655333175
-0.484906081209877	-0.716667251904666	-0.304828112526491	1.11785967634521	-0.398896427371441
1.59298427098896	2.21621572982663	-0.609324335457186	-1.27165673417088	0.225839154160605
-0.901433588954385	0.738537997835788	2.37274067835188	1.37787291780473	1.15278698985447
0.312223318811792	0.360065516859241	-0.0145311676747336	0.500870555514683	-1.84437243818078
1.59056635608514	-1.24222422759135	-0.297925922868027	-0.511475518421648	0.0958688764750774
-0.64427878573466	-0.0576412481830792	1.84341622556421	1.54792834912892	-1.90629806433569
-0.999793572904458	-1.94103367761745	1.84804316671501	1.17756134215131	-0.00111608808850122
-0.277284954880189	-1.52347809303936	0.344449624140541	0.105078378766438	1.63215702870423
-1.16692758514293	0.726387690646229	-0.301465331805129	0.0632278687555639	0.94656174106813
0.898958174160984	-0.978013796042454	-1.04058540751377	-0.293460428162482	-0.413696821670854
1.19317087266088	0.36818616012158	0.886465452210096	-0.400115815732356	1.08424840518102
-2.28754843822539	-0.159540359575098	1.53187031264777	1.77173260933806	-1.29294480176107
-0.672840198546195	0.579716971707572	-0.365690482196273	-1.25791138339014	-0.885637355022078
-0.359084282760003	-0.250019006008327	-1.44966778840069	0.0477057593543436	2.06853200844474
-0.551283003218375	0.112581295874549	-0.597867899585901	-1.69380650232657	-0.0941633078996976
0.131619032122878	1.14743061274761	-0.185598770075814	0.451707357792789	1.06531998382831
0.300700479050363	-0.487604219793586	0.772239671463099	0.573437807398304	-0.363830000118944
0.072674607669516	-1.24095232005934	-0.477113166880206	0.463083851857985	0.63441813278815
-1.01119128573681	-0.319846736477317	-0.052166051980756	2.29554049261645	-0.0430237083325253
-0.0983235246616042	-1.62358282792909	1.33458183384452	-0.564284674016789	-1.16835366932838
1.08541038232167	-0.383237539698639	-0.213667169810914	1.58527741646485	-1.09246425110358
-1.02215182772788	0.599093870665444	1.27813847559648	-0.33551622254338	-0.831131177053972
-0.0620541309150219	0.253861761458068	0.456372197585989	0.231299855329899	-0.263696633730475
1.43285000999462	-0.0210198339491702	0.412371401185289	-1.4674930890849	-0.741391501454703
0.57679013315921	-0.72220896437298	-0.103455236878022	1.77469632375428	-2.81001094815909
0.433735563094409	0.330592927234134	1.70081669980824	-0.632404249235355	-0.694362689672593
0.789064840031668	0.026982964073605	0.297605267215736	0.833010128329104	0.980343566384301
-1.4621793882112	-0.197584913754714	0.278106907065953	0.932326158554999	-0.702591331161951
0.122246702930556	0.886967494955085	2.26322459747798	-0.110310559537803	1.39832915599182
1.23714346042528	-0.400560412133958	-1.72786466048897	-0.619021979033245	0.625069001383249
-0.560721288112971	-0.837075900840389	0.174141653767469	0.241844346611874	-0.132675995858629
0.667781062320395	-0.294271208145397	0.196842330058313	-0.909572097053627	-0.862499331866563
-0.267922931339068	0.300766083680062	-0.505828740544788	-0.206043339787178	2.05027512037129
-1.08535128235522	-1.32076839661661	-0.167987869777819	0.40757310253106	0.215473762267951
-1.17405537771184	-0.0336026791924651	0.540676708398853	-0.427419743847977	-0.837382984282775
0.51567587945254	0.620687783995078	0.473134252351641	-0.103067738420861	0.418639813391087
-0.876325771609712	-1.05516302623747	2.50233401295033	-0.299092452647288	-0.267312781027038
-0.3809443579465	0.0987553911309762	-0.920104045097908	-0.55186027698071	-0.204575790712279
1.05264915770155	-0.195263137957224	0.692243044759919	-0.61183345067918	0.303969106701958
0.604091647405869	-0.0655239365816865	0.0804418558672522	0.939565399989818	1.0388470507598
0.255589803579317	1.64987778884769	0.214204007950982	-0.199282413448773	1.81671729630088
-0.594145950614509	-0.697685892065003	0.83562398523599	-0.825473669487777	1.30069584891306
0.232311303299837	-1.0857121128463	0.516736301205038	-0.027366326713487	1.65946909925356
-1.40615410893176	0.600527849122222	-0.660202578344934	-0.784524791285663	1.39272699891517
0.052224723289092	0.385135030769578	-0.536945862022745	1.97221375084661	0.248555480739461
-0.271342742769467	-0.176607289525062	0.51146733066148	-0.291356339477105	-0.415765526579262
-0.168258309062637	-1.84621313707094	1.12218074704305	0.592742715486181	0.208473331622234
-0.635337035953779	2.15985921628397	0.31624030282489	3.19846521736454	0.250731850433632
1.26308003124471	0.602521663671777	2.17062522030443	0.241382508726607	-3.17799789590956
0.206695403091143	1.70252493677121	0.815421791635402	1.31520636035527	0.55852330160443
0.0845219643484626	-0.0622195323464805	0.752847896198831	0.454617721138004	-1.89399697562452
-1.67815727661166	-0.126751814800593	-0.405127595606912	1.63486292198174	1.59417295167882
0.127656507102214	-0.718558607521599	1.93535453604569	0.95498476342381	-1.83518029517097
-0.0103514445323452	0.961667116271027	0.252646103620277	-0.160670345689783	-2.01133874917632
-0.0647377123836869	-0.550515001559512	1.49705480004124	0.874754634325458	-0.504183585900824
1.98661641045059	0.734075285258984	-0.670215806910424	0.833735124423061	-0.198507017667985
0.0880791240833796	1.11061658437199	0.230470463337335	-1.72414155093279	-0.521138104092124
0.564281332415021	1.18998332647717	-0.0970890481111012	0.879851796911512	0.157786889116592
0.427590692193315	0.253480202386413	0.587488530847193	0.190887759451256	-0.0162401284410961
2.00862914663403	0.156472715986074	1.35158064550621	1.04017990727285	0.0665553718151942
-0.299626250955118	-1.13416801504768	0.915787437144743	0.112008436163631	-2.27116653653048
-0.443328587491035	-0.489108139563611	1.24396269940522	-0.722298910729443	2.44964673388913
1.00496499492089	1.42324923895178	0.737785540667343	0.0971818225038606	2.00410590847571
0.469898758220166	-1.35583121909816	-0.0512113875270058	-1.87279152942845	-0.893198161642152
0.0302060055468235	-0.816794308149927	-0.631273261921608	0.234859749671621	-0.754723587342992
1.19851796210239	0.913497230384443	1.15166593311414	-0.983003723480108	0.749742207925516
-0.242999803677521	1.1420092002352	-0.56744234908326	0.999677527538963	-0.813817631891351
-0.791881158047605	0.5369248749035	1.1217788347589	-1.2917057473932	0.736676801215196
-0.163968810469943	0.151993484431423	-0.614293163135945	0.282744971446218	0.922149259164253
-0.39414884568059	1.48455422227229	1.54335847570638	0.39479764516795	-0.27865762494324
0.574928171996895	-0.388742942503405	0.665576763250654	1.08673298839345	0.506238751065477
0.0282235445162438	-0.0826128492314181	-0.990961042356523	0.0135064294096023	0.121591532921428
1.29801504864492	0.408708856522006	1.42965719821875	0.716790163586657	-0.472197494806603
1.07131797977115	-0.540442101380492	-1.62302193974042	-1.3645361805763	1.48816724630849
0.0324523847006905	0.574182591994587	-0.664433770402403	0.658766516741898	0.977919817763854
-1.13141237525438	-1.26681266815838	0.270272940267605	0.330810496543241	-0.520402109505856
-0.163668331813336	1.11822852246435	-0.726158495467551	1.33615094463763	0.21848537686838
-0.537954363595598	0.452109473343488	-1.24555602287061	-0.212482682458067	-0.216000493289961
-0.644028938258405	0.253841006829568	-0.868652467564766	-1.24929831196073	0.30757342631516
-1.24936486877667	-0.892805993917529	-1.36686461026864	-0.653027137180818	-0.914456513266912
-1.57112839934631	0.191931765197889	-0.403766114339971	0.447833788136105	-0.496627726870084
0.462740809607914	-1.84810446631396	-0.828975995727805	0.257655942275327	-1.23070849261992
0.546750814619522	-0.518567832325661	-0.685404571331189	-0.719458120608156	1.2800133656062
-1.74251066613138	-0.68444682969406	0.23912997677993	-0.766983637960992	-0.787375281391169
-2.03126586191935	1.25375183574454	-0.658421444391491	2.02552260314344	-1.08657901922555
-0.565611205108191	-1.36299676678607	-0.966158573810497	0.148145179054513	0.673705586298688
-1.09056295050542	-0.17044844859723	-0.855426620176989	0.152385603674625	0.320862008374117
0.0185886249856844	-0.751137200748446	0.716572652668793	0.843617298797915	-1.40174940561679
0.229704413748092	-1.18655834622313	1.21133793214724	1.32728174247084	-1.45560919668857
1.76026249160296	1.56577845188103	1.73507829735614	0.112751148300702	0.334806022023486
0.763664330043198	1.9484623222367	1.22906740891037	0.187895665844348	1.3338008794721
-0.433638008250328	0.893223986903855	0.268654652085561	1.27982074385027	-0.959258339764265
0.876929568626751	-0.225682401125099	-1.37074693042641	0.843465454581929	-1.21795849852187
0.122896476401095	-0.545501981582636	-1.83796921982074	-0.0768489579660267	1.0841512967562
1.13264075352926	-0.411087785702155	-0.027430234792621	0.0745532353682694	0.270077552072374
0.727528606877682	0.911846847741016	-1.34323028319755	-2.38745119101803	-0.516782751107204
0.49757991806199	-0.726800522664932	0.937747148225769	-1.08261491880203	0.139042434382197
1.71369572078304	0.988975114114271	1.72114412082712	0.120089090488344	1.20853182534458
-0.266162475676549	-1.2932354874352	-0.0330460297159304	1.05086919173571	-0.318292958404776
-0.739261428833254	-0.518355159016319	0.751689888060353	0.323297053384437	-0.116989006690971
-0.893155009106168	-1.66519985831635	0.718494812341423	0.0352066258431259	-0.139396751810228
-0.371661924392673	-2.8494380235941	-0.0829452855379121	-1.84484889805273	-0.490020322258113
-0.44781764797695	-0.650375798757104	-1.04576359741395	1.20447508325519	2.22802696410905
0.507625655339335	0.971110474180623	-0.0327566246579884	1.29956644196115	0.473708818672136
-0.0786656985476247	-1.06069113112113	0.934897347003748	0.584567856097674	-0.345563189002847
0.229233117488783	-1.64082752508525	1.66784220739393	-0.896271378922654	-0.12899278129054
-0.96173411224105	-0.268380197584854	1.47056847866044	0.928488487525211	0.731557261468013
-0.492954221552362	-1.85714424303934	0.287993287404337	1.34544888952184	2.67514697904528
-1.7699367946173	1.50936343584107	1.31986221515126	-1.14350399304235	-0.493828971864596
2.34527638163659	0.45265441785757	-1.45779694194724	-1.67168532036046	-0.100965988310163
-2.73544163848742	-0.139069659602432	-0.570157721512727	-0.145381533210891	-0.372156064606998
-1.75279372194291	-1.14542798913142	1.45041109361929	-0.298220757930511	1.42070673653253
0.336874818686642	-0.1187918174267	0.31686985903659	0.608433215206194	-0.431850342382543
-0.353969054496095	0.731079839565659	-1.17356398783924	-0.390689235213825	-0.604398986037022
0.971018367200297	1.51838890586491	1.08525100180484	0.222084679024962	-0.00913770782146891
0.97690235581187	0.224057944408504	1.48112397002221	-0.260419831737435	-0.202900209802271
-1.80210037780462	-0.957359514679162	1.80404375199829	1.2504700192163	-0.513625662821124
0.980416759983437	-0.272933647705428	0.247618718407597	0.172385010750617	0.0590903378326751
-0.0674146911870494	-0.520194542556814	-0.96331826920751	1.07038365657552	0.0456281909490344
1.11270603539249	0.426927224247025	2.41576203402166	0.424396210407028	1.06726435382759
0.35468578617639	-0.0970520951078725	-0.418489324784407	0.999127296733779	0.801842947002036
-0.56899992194367	1.44851114170628	1.15948655577739	-0.629667272776379	0.309367648874906
0.855003104863554	-1.70120685457757	-2.80993098462907	-0.251038937749719	0.428687515302308
0.323761638858439	1.4048517953581	-0.46603616596091	1.16236190924481	-0.452226013154933
0.620981355019171	0.0571413711964527	0.939719569444401	1.95801954894356	2.30930491256059
-1.16442754632694	0.586540876554165	-0.614024240832199	0.0701719446429055	-0.48691311497925
1.21569149279882	0.520733571111511	-0.629348393324898	1.92091255145281	-0.548295372483059
-1.60320046282861	-1.77730953408754	-0.492749618431709	-0.0808229484756674	-1.06093069043655
-0.440737582873235	-0.706211641421247	-0.203073832700912	-1.04345670114884	1.8496668701587
1.51629046119668	0.216358577598598	0.498485751833737	2.34605211599847	-0.126310360190334
0.162554828658054	1.7070626464328	1.33992377862739	0.330098910589252	-2.32665728462123
1.5605162155131	0.195010458520119	-1.72614835496588	-0.455370768642954	-0.969237340806208
-1.07461233836365	1.0311683733689	-1.13946161754424	-0.611737593722715	-0.0608111904198859
-0.586693539846037	0.626774009695496	-0.685788365143009	-0.923478440940283	-0.434262886633769
-0.266064460082063	-0.158555876039015	-3.39262682682989	0.713945013932951	1.37313351685624
0.317032003224115	-1.58672934713974	-0.679492748311339	-0.558863097740406	-1.73614012715922
0.852811422012349	-0.217526161090169	0.302163542540446	-0.887924429480676	-1.40205041740325
-2.18547235133557	-2.26316173842116	1.31995496836097	-0.636576201244681	-0.75235794447513
0.193249428985819	-0.76839512814008	1.5295589971522	1.59496186811609	0.95492851032115
1.80728187076743	-0.438378019243282	-0.315878659186674	0.970626771649256	0.485842280188735
-0.120991362020664	-0.295096200497872	-1.99705523655146	-1.86726992023436	1.1848146028454
0.300357585247553	-0.757734044386473	1.54751357076316	0.943597056834822	-0.558249310846012
-0.260020178449351	-0.7863619378137	-0.155047095798392	-0.701180443370577	-1.02932513275009
0.0706692662254401	-1.41349866289895	0.467466322779637	0.516249381128816	-1.32440713562642
-0.356041400348729	-1.97506059187116	1.50125336527268	-0.225177002779774	-0.336408361373029
0.595932589241003	-2.4089387288769	-0.933067855726093	0.0854605310223998	-0.265152694516605
0.924313789428505	1.68188017661323	1.52494476815344	0.483708395546926	0.615425552631494
0.962100096868832	-0.289644689542674	-0.0357529837258144	0.257114374739806	1.82341669918566
0.499543722991599	-1.08402843896483	-0.0968017629378574	0.697813897289103	-1.87340813041746
1.21031521244294	-1.07454148563185	-0.413254901886695	1.1472272096447	-1.17958032946959
-0.574565509842131	-1.26989008619843	0.856415047231955	-0.571884375834655	-0.444525497595013
0.0173166962731911	-0.494017843367581	0.24400836093428	-0.427075259273809	1.97487360424934
-0.0764390733964206	-0.634783691051378	0.187974772615271	-2.81075479985493	0.0973780332467361
1.56297789008633	-1.34167887156851	0.96800462392382	1.25884709682548	1.36265778110482
1.1416053195573	1.3664259082885	-0.75105764956921	-0.702504647985887	0.586880888242299
0.258377080750393	-0.45364244769383	0.104667256261677	-0.070357393500673	-0.760308758515446
0.545719176806078	-1.35444110675547	-0.515922776693018	1.22452957036176	0.631868560112348
0.994973278144796	0.328471514230943	0.0982851393447842	1.99727434201977	1.02554026193826
2.09005470422996	0.781290115689137	1.38467941290565	-0.553629180843973	0.333135766444202
-0.00467645202980426	1.5776654049784	0.296790590874741	1.37282518112369	-2.31922252974118
-1.3157032948048	-0.433520944321929	1.13257174107665	0.648061420519129	-0.301516205443915
-0.500369241213724	0.490457380316387	-0.474648584850208	-1.81875069400438	-2.24730938519236
1.16999373806188	0.705475935152102	-1.06293930151819	-0.598478249954748	-0.185149383258626
-1.50282519897899	-1.00452405554051	0.824802730341324	-1.32383891929263	1.85095149432017
1.02785222861095	0.859675187153749	-0.935389619597581	-0.567659879343131	-0.96780815453953
-1.58007301813216	-0.287728848665735	-0.690418776723386	1.5624400668263	0.0041662952237932
0.224132526408682	0.654484910526591	1.75300751829931	-0.244552313572225	-0.10914228827216
-1.5847289602494	0.256759651496266	0.316869376516575	-1.15503851807677	0.582085939634191
-0.602348884282316	-0.946015098392934	0.530846105017532	1.00784315400333	-1.14541778393862
0.283519766607487	0.340929265969044	-0.86539193707529	0.281384152940774	-0.289334108817784
0.959962209415904	0.0349449636730104	0.543248973065352	-1.99367863091219	0.127454680507626
0.628932906076322	0.417081531625559	1.38010768605303	-0.383514171196434	0.0188030129057534
-0.757414924713322	1.93549704433271	-0.23121272482344	-0.85461491583568	-0.932074995340496
0.778415403915978	0.863897605825195	-1.0774310268184	-0.849410576116276	0.186179497267683
0.451923925377705	-1.55731297875582	0.168743089101869	0.224912874657042	-0.69106127602101
-0.545363536107265	-0.705488748011402	0.994378060297017	-0.279802789655507	0.97473008171607
0.362394825110026	0.0168368725649408	0.0879199635226488	1.33175073243535	-0.191162326341807
0.55554049476231	-1.39897974227488	1.45167061362832	0.284791588742128	-0.289420373814935
0.195745991550107	0.515456785260886	-0.160906805001361	-1.98328606143172	-0.0147557984179417
0.575493527958066	0.310755690717552	0.444799507261278	-0.185373871947001	-0.412929575318283
0.216368703587074	-0.116733833381159	0.838240411489879	-1.58171389673793	0.884917578284591
-1.13715962701125	0.291261550712409	1.71751667247508	-0.101979743983857	0.646595960278668
0.484819932281883	1.13480680789157	-0.00947685236846112	1.89944701106956	-0.0790725717952573
0.663662164545018	-0.506007270875257	0.431588251782793	1.6748948640807	-0.95481279008686
1.73074383109029	-0.727873596142272	-0.669913398548703	-0.0233167021348763	0.808505670020263
0.174775935984052	1.57116567937862	-1.14701275861515	1.09863205130629	1.00967655981261
0.0611096218875765	2.40028742332041	-1.16432256695017	-0.184152616439821	0.0766260146567485
-2.64314372960658	-0.569204297724234	-2.12883028997476	-0.0251605352238032	-1.76643747904082
0.495650375960105	-0.684770591022542	-0.166587556423235	0.159812744640461	-0.643739759880902
1.4531328583991	-0.364919246261876	-1.11935439443441	-0.00576465661856288	-0.849044331591499
0.934404885931002	-0.709099626637996	-0.71848109774864	1.97049292280436	-1.1204454500777
-1.43423264842752	-1.67537304129535	0.294596648975069	1.15475572751749	0.509310381309818
1.33996496647799	-0.790599889472949	0.0486442928948493	-0.777855138148224	1.03462247602983
0.384050500911759	-0.830156636764113	1.13654454016147	2.15081977815021	0.694427240555778
-0.616359937822951	0.0316387501633571	-1.24438375272557	0.298176708512347	1.32140758830939
-1.03490620928624	-0.739375034895405	0.505466504071212	-0.441529626937376	1.10278238970261
0.913134383481438	1.26546635224842	0.612520754465589	0.103919724574072	-0.230173172254986
0.112047610675005	-0.577694456097508	-1.75709619132518	-1.0173895058583	-0.794973772056063
-0.666507013900441	0.337428162490999	1.10452405325686	-0.505930667791774	-0.0893803455820273
-0.0910603481949604	-1.09342938241014	-1.32113844340255	-0.837390381147347	-0.620264776008317
0.222228081806566	-0.926676857213424	0.851145231300893	-1.42333957165444	0.626512271463057
-0.262510969501397	-0.860481447164695	-0.14246508926642	-0.70533103078874	1.03855316768035
0.0947649751832411	-0.971109432438076	0.715772712969983	1.60454722548972	1.53164949354401
-1.90267518826008	-0.468921762131116	1.21716460947105	0.676779682554433	-1.00312196149606
-0.951299530526986	-0.346388456868024	0.945690128898849	0.237230474650168	-1.66298124605525
-2.15623850262591	-1.64692538100328	-0.12881982363688	0.342226682888321	-1.03299564989705
-0.558704034844818	1.72283349764938	0.134775976807108	0.815776929159258	0.335452641824067
0.0289964217789968	-1.28927630706609	0.525826028495835	0.271385108673482	1.13601716971271
0.659522462163562	0.0304689176018452	-0.0707757702031419	-1.05921632352977	-0.736570451353399
1.11703759312165	0.166857718811464	-1.42535522797494	0.049285611228788	1.59247546319628
0.72415884477918	-0.500736382535429	-0.873472098912044	-0.413368169493249	0.623506135686065
0.685894292182192	1.44017355192819	-0.0955179313444825	0.294162103798682	-0.356187105613782
-0.243219349366952	-0.220139737663877	0.680749667352847	1.83258409176689	-1.70794373614714
-0.575417555720024	0.750821113748499	0.52691454860924	-1.36494011974583	0.299842372714565
0.128358779532811	-0.33817425976092	2.14682056653544	1.88106836368408	1.18083719863795
1.46349371287418	0.52569923199538	-1.09672059422164	0.528794344633556	2.38324216593863
1.91195261661861	-0.810713027522233	0.409244168140505	-0.775951850917001	0.012681132270538
2.7727771141646	-0.116053728494625	-1.40731813110408	-1.28159060644212	0.46104608376976
0.464812752973665	-0.49537091274675	-0.961766563580655	-0.629399463751957	0.748849702552091
1.30567370230463	0.461093039027433	0.578472867029017	1.10021963376372	-1.29339024682518
1.47992943329791	-1.31696741009224	0.782836568259539	0.0394137905995381	1.10723700914273
0.816410458951342	-0.662695155930302	-0.644400996433556	0.637986178686653	1.33149231843654
-0.275734499521788	1.34149979256659	0.634862503028071	0.521096342006994	-0.726425460501443
1.53809375477493	-1.39248489715275	1.22319962109936	-0.834238333912477	1.23983605581355
1.793782946405	0.626317476785702	0.822142879177971	0.386285195570789	-1.06857683588735
0.019014765562818	0.848284038748767	-0.400866949903589	0.52733721074139	0.286968719555109
3.59528153159303	1.13818991959949	-0.444364554844562	0.424740602751794	1.19781277496398
1.35683755569197	-1.02094601372803	-0.100322688748804	0.43930671214505	-0.885400184413436
0.372526678475362	1.69895974855283	-0.384445744949474	-0.462820147375755	0.405307291936947
1.09750451761275	0.057361798948723	-0.142063729818961	-1.08385697842049	1.72531846112589
-0.520467914600918	-1.07030791134705	-0.328651281398101	0.661123026169173	-1.86263812725521
1.21936611726454	0.298491658629995	0.696983675186389	1.49958343844198	0.479609340309702
-0.863998870188692	-0.315507011097539	0.0312470259351279	-0.302616829337402	-0.0265563140924453
-0.657045057223437	1.61619478674144	0.949676218414965	1.55478476915849	-0.147416979559863
0.290284185733806	-0.85622530824189	-1.58911042801136	-2.19719203939639	-2.9160214015596
-0.562604594454018	-0.824362829491587	0.289223985591121	-0.167742893024963	0.325773570293545
1.3936693714518	1.86889800393881	-0.360793290030576	0.232471266405893	0.455553979555425
-0.278050832183772	1.00277967432617	1.11564510206034	0.477535185809645	-0.190802485546348
0.173937349031305	0.712098604936311	1.19957989695591	0.074016521020212	-0.887273128427318
-0.947137323812171	1.11838991625077	1.33427593604856	-1.28852331218925	-0.782014394905636
0.284922648364134	0.855994230822721	1.32038258293417	-0.549198426521927	0.59870279764371
-0.46075181740593	-0.407045853695383	1.30489007228583	-1.02958594224438	1.38903384506275
0.679444871010806	1.42041790551134	1.68352621445652	0.354873809376351	0.470923059834496
0.59686519408679	0.187921267796615	-1.60581036315627	-0.140320997088001	-1.27678622795961
-1.72556404755485	0.561495980266038	-0.0656186679735076	-0.943141649033614	-0.419181571687118
-0.421723724271124	-0.791494308508889	1.16081056895404	-0.2096694676941	-0.053677518644905
0.395333108927962	-1.5774716622063	-0.0290004416426449	1.63662267971738	0.801688744804156
0.700483474247527	-1.05805444996921	1.0617412603192	-1.61017484794205	-0.867451231733346
-0.241490155765435	-0.731277496238581	0.951254347167869	-0.80735748539385	-0.593640380399113
-1.62841611565883	-0.553282983734718	-1.51910620057127	-0.27373029282461	-1.59967222649199
-0.366488440154281	0.181499836928931	0.236714333069658	2.2549381446616	0.703968995202318
0.7364245114503	-1.48329358834476	-1.31751838399147	0.902039372862866	-0.663638056109999
0.238827822370839	-0.0837800665925788	0.353919894318858	-0.332790239739391	-0.342063594204045
0.645342334188418	0.206950187879026	0.828302126788266	-0.0542030410735498	0.820885808963366
-0.0288401805506397	0.574891308547573	-0.0863151334375233	-1.2083357003924	0.688895343952786
2.00010085133276	0.113456157935262	-0.40547504524465	1.12688565578511	-0.938864406853794
-1.97046127956863	2.60023970131358	0.275291906686648	-0.109425245747861	0.271076252189939
1.80281698868587	1.29749122933349	-0.578941935028899	0.535207407566395	-0.647784791275504
0.266934060859705	-0.588288431239662	0.462607251664102	-0.132934244857578	-0.106810230951943
-0.139418599002208	-1.62598732726157	-0.647324991333333	-0.356842929044633	-0.510803809181335
-1.435448852108	0.0919524124658907	-0.0782925496532175	1.44881354380265	0.0472353346033928
-0.593956424947299	1.1945850789597	0.136125005519495	1.21895518357593	-0.985710556517202
-1.06817610139889	-0.857847566359206	1.09496826084395	-0.526694959614673	-1.58630510530178
0.822415762255969	1.36005150628456	-0.365806103167256	0.0715841390173398	-1.0673301178246
-0.427360981297308	-0.726292806140977	-0.097542809964381	-0.632389468746295	1.15127482579454
0.77583257430274	-1.96983037718655	1.37350634167959	-0.471213420105076	-2.63690913847581
0.198320793184889	-0.817300182052417	-0.924961346667083	0.197541880696832	0.128603021568359
-0.890560102037566	-1.14861349366393	0.289989629373071	1.50951069151746	2.13993310218125
2.043695181765	-0.22698552239517	-0.362424165821674	0.890036776683804	1.4482475621394
0.825252480245906	-0.903677011488017	0.643929661620234	1.97586411112154	1.42158565974184
0.684168672769909	2.19024468763378	-0.710666483745051	-0.635479456623965	-0.540511559843532
-0.538250812756596	0.881101334945782	-0.240187605117205	-1.25926560225344	0.113816468924346
1.25359472968361	0.436700294065797	0.628003803138166	0.0929947153151339	-0.474093054668436
-0.0608510619750709	1.86000046382357	0.277366803056726	0.75690741347864	-0.369526185263207
-1.60409886676213	-0.890231622040363	0.383474895300695	-0.00974194610047072	-0.105413900015406
-0.835151844990309	0.971127505232852	-0.319899900165126	0.0321957335156303	0.10054649417464
0.078941676131482	-1.48902702521165	1.09865813410317	0.766862660100373	-1.00578225487149
0.335277370567096	0.61435509942671	-2.6610999245893	-0.506289187712697	0.0508450125306361
-0.800980422692796	-1.2814928093388	0.101993386109722	-0.252322168186965	-0.893043699417364
-0.88404277018627	-1.51300712170377	0.70974990269373	0.177517235695805	0.893144797538456
-0.965153774709184	0.610831212685074	-1.15069986388403	0.121054009887317	0.862764605930552
0.624408870992716	-0.0565718548945517	1.4709023159644	2.08115789756045	-0.613812850207582
0.0529989613132003	-0.31971684852046	1.47053991630065	-2.35987032325943	-0.864378945055003
1.27139671316618	-0.0894708562469294	0.843350664227876	-0.349061722678954	-1.1157323617643
0.19009926748311	-0.745134691755947	0.986220987101354	-0.0697315758004727	-0.0763113124880842
0.127840097265072	-0.577859234044833	1.75443765642586	-0.978475085606278	1.50432932095033
-0.256055524934147	-0.623629727412397	1.341537039066	0.13186204765338	-0.713528627430011
0.588349634954542	0.856784138377624	-1.81388853662499	2.13689698233364	-1.11918041100514
2.23603563151233	-1.24860216475105	-1.13387113525227	-0.314068280826782	0.902260503084293
-0.142143742135479	0.0421496104126464	-0.721698896605907	0.844590873533366	-0.00992025713310216
0.235541418918021	-0.402718129169583	1.67310954600911	0.487904575509098	-0.517839800706859
-0.649160124390023	1.07454684892264	-0.630513792134657	-2.38133948078175	2.22250969117227
-1.42116493720491	0.437097962587488	-0.101157332849256	-0.383114477125399	-0.247710833882381
0.567150528671709	1.25321796045779	-0.193962443003117	-0.947067372245352	-1.46376687313247
-1.80471877900704	0.0457165032356059	-0.215813538416742	2.87115352035445	-0.797171086147556
-0.511702389703088	-1.27455150841864	-1.84051760294784	-0.238480960801502	0.692237637154916
0.259884228591861	0.0910917514498368	1.5171360000258	-0.540244415005038	0.0704153146293091
0.234114203907385	-0.0933439824927506	0.522670074134254	-0.406465614127975	0.676558482688946
0.475001731615163	-0.215279893407312	-0.31459775560459	0.0580458095374857	1.99485565672397
0.893102023993203	0.446632763274402	0.810961551996586	-0.930226388885613	-1.11454174963043
0.754794743094426	-0.391405101392475	-0.270165322630504	0.995897146159112	-1.12346512827841
2.23473345494348	1.04902719887722	0.343263615303334	-1.44727898011218	1.51557804146399
0.164049031608251	-0.382797515976496	0.0114769517474779	-1.19577329448372	0.408276730998101
0.942131590011832	-1.65082676716435	-0.364950621862335	0.0297225656497362	-0.195165511880808
0.887384562856442	-2.13597162798149	0.393064492369197	0.770794072552122	-1.71877746546037
1.31972600990458	0.714668453091446	0.614803594199881	1.14975545342227	-1.08727357776273
-0.416752174403623	-0.36711148667369	0.52361993321788	-1.08462731438508	-0.432642268372182
0.976267264308737	-0.660086379760117	0.388409532930613	-0.484924553338086	0.636489919399706
0.336434758124173	-1.37859890668394	-1.22225899699739	-1.39447148490294	-0.0278887395723831
-0.661661277077462	0.24323056784021	0.00764454354510749	0.0433196482541524	-0.473816284214969
-1.65774674773868	-1.08149910070082	-0.0132664130770749	-0.314707430480257	-0.0384662245186599
1.38208246417526	-0.0539370820496883	-0.399032138109776	-0.810259590760671	-0.557679453885209
0.0564385562310961	0.711807889324164	0.716184395445648	-0.487225433488191	0.20046265031928
-1.0253868771177	-0.521023519636644	-0.242749599905312	-0.755434410454771	1.45694043040748
-0.79259593418341	1.50817146595943	-1.06719354833459	1.80629461782894	-0.83308767864051
1.1389510298438	-0.254729766064678	0.989685613619693	1.28953991177585	-0.707820901324414
-0.392328250397056	0.662976088013089	1.69385133076006	-0.37947501836295	0.567652441277938
-0.591581457481314	1.5815523558481	1.9795593020279	-0.0996662567183686	-0.563308651422909
0.0938564403063835	-0.137428180992073	-1.25243243100336	-0.308875561504616	0.00746029245902982
-0.767301566323735	-0.0953008196713876	-0.314570111510136	-1.73061679533389	-0.00292301547097009
0.898873999145748	-0.680930676727917	0.0343344007649612	1.4051592045762	-1.2927718541404
0.215477554917765	0.0354852154529419	0.10900117166283	0.981549249069493	0.291370043137599
0.263274778748802	-1.27046830451124	-0.642467068074531	1.60430175161499	0.723497196676583
-0.931357781324963	0.0993884814599429	-1.5526098649301	0.60112561126716	-2.0617893848845
0.090380251158202	-0.294623926693664	-1.34554005542107	-0.394812447602208	-0.539101516482648
-0.675066893372782	1.7281969140385	-0.213372939893622	0.188351327579881	-0.0157525573618694
1.04114803948454	0.182722916931597	-2.3664750951543	-0.233869167583439	-1.33186171938576
-1.44471597304206	0.272886323084932	-0.0390270612270975	-1.72147812399147	1.34201913764078
1.07531982606176	-1.04406023711121	0.935929848003285	0.11227126248052	-2.98693349603181
1.85508763562571	-0.338787873708647	0.397152015026713	1.10074929481399	-0.290124540927411
0.233563331894378	-0.373909732683102	-0.409987378452323	0.512910012033097	0.894923136201107
0.594550335890191	-0.730848700179498	-0.103436664162346	0.510290295449714	-0.726171705000884
-0.43370980583114	-1.24644534300668	2.36205593144996	0.45549118976755	1.78921377154707
1.39535129562373	-0.137895861368164	-0.80953377344578	0.612713077727908	-0.0775132846967709
1.59586531425935	1.25987220918689	-0.957803698603296	0.282378769449125	-0.964398975723555
-0.877509630821958	-0.804290806256114	-1.24886764847862	0.449586513301071	-1.12240335546733
-0.314448137464508	0.843235488088628	0.27771995589104	-0.0244205183818252	0.665364028121559
0.730747865511211	-0.0691886960106676	0.120462775632529	-0.521534515544382	-1.01186548631156
1.31064826464593	-0.883966167128856	1.58151255069788	-0.625244655674569	0.0614113611496482
0.03244929127956	-0.218799231760078	-0.197043520446573	-0.908251393165651	-1.70757630343687
1.26343090038658	0.00148314106602416	0.779193078919113	-0.470461058406426	-1.45837968102688
-0.0841435334009096	-1.14351352252298	0.7089148048499	-1.51447113866288	-0.568722300326481
-2.0895186179055	-1.07058463832384	0.480171632760209	-0.662060907364239	-2.11689987283588
-1.05744602279446	-0.440511107707674	-1.49080195858892	-0.854661671755382	-1.1785770871678
0.936554256399961	1.42021031130503	-0.954960195387359	0.472010837520671	-0.18736892046048
0.915348514163164	0.412823437054488	0.187086654513244	-1.04343235479401	1.72175174948753
1.00069418360284	-0.672527405674796	0.245201651272861	-1.32711487180425	-0.739746698775193
-0.345756368773787	1.19000261802557	-1.10226694498691	1.10930218375411	-0.206142586863814
-0.446254680714926	0.0423527890776715	0.0917909954017749	-0.134811771541627	0.0939864093783846
0.276275323642876	2.19829498839787	-0.361384341022024	-0.985858481579834	-0.342529834171651
0.977110338934166	0.402686049586666	0.628952755331943	0.0322895979051793	-0.698941979137075
-0.665129620096284	1.4756711788605	-0.735586948164011	1.56126879173784	0.725438415597212
1.14920064526933	-1.37596526504223	-0.54580350591669	-0.772646280510179	-0.275888409301447
-0.769636384564176	-0.0866979589068849	-0.0138890964806673	1.47657190160218	0.632964188104129
-1.10733254653766	-1.61068250851895	-2.03735712960085	0.144882782962248	0.967516941385701
1.07511369238091	0.331821162043705	0.583260452381759	-0.952181190962304	0.993012015019004
-0.475836333678145	0.738480241602766	-0.994469020057811	-1.69371502976239	-0.23645114575708
-0.756062843069953	-0.139263312819523	0.828967881879845	-1.3662824272112	-0.178824655505699
1.65761315915884	-1.21532766098404	0.844236688418909	-1.13135484483251	0.181108610530229
0.43423793692579	-0.614588887601228	0.0174084405881216	-0.0460268791749483	-0.723555911241645
3.18657265443239	-1.06595603130497	-1.00816899770085	2.52359368469014	-1.04489920090258
0.378903171904478	-0.106345205340891	-0.274833534473228	0.811251144077659	-0.635246929460963
-0.228310847264071	-0.592485402173725	-0.614693805394382	-0.3311172417271	1.02646014745959
0.175059520665839	-0.501556690755454	-0.97159155111393	-0.143041185037405	0.566922350065278
-0.732595860340205	1.08619552665229	-0.985807306463201	1.9674507155433	-1.47647434976294
-0.366619052584314	-0.157452453178382	-0.328759149185523	-0.248309269653797	-0.615393284930502
0.799514014473687	0.64618912280088	-0.157927109844604	0.359968731254324	0.0241227447957511
-0.732883595672064	1.77115962282106	-1.05470047569026	-0.274354170830911	1.53324938479831
1.63130776811176	-0.664146745502901	-0.822191349510275	0.00970087383770533	-0.766761098776067
0.595923777048112	-1.51092536969449	-0.849383650284641	-1.29965338572504	-0.0556069604966644
-0.545851417104453	0.330014523070799	-0.404235936085058	0.408964543389066	1.67326624706779
-0.0711256088051057	-0.887264510542885	0.601317609599154	0.0544507161489869	-0.630909533961051
-0.909143253464245	0.351185020886988	0.349415470136052	-1.48050212068631	-0.106409101288734
0.897849930171582	-0.124688949456567	0.475873320658631	-1.33041596266469	0.835283820952039
-0.704489826858807	-0.277651677354472	0.052044484383573	-0.701984973646143	-0.217542885177016
-0.520351124013094	0.108069220629677	-0.272152202459857	0.510761132522445	0.153038059994858
0.373438459121262	-1.06574940636748	1.93700984032302	-0.421093046515694	-1.88324679081876
0.224945954531708	0.371089204052248	0.214959596272089	1.35471084673295	-1.27155881658653
-0.359083930524767	-0.127174368958169	0.421558805155218	-0.484502034788939	0.878909276215844
0.932659405496099	-1.90302286429324	-0.785093558406474	-0.0658184696093011	-1.26123617369166
-1.62435121245775	2.73976854070228	0.28284197678093	-0.418178214775362	0.0232375986359425
1.39921899009428	1.03468012819243	-2.31087254192964	-0.122636356410219	-1.94255522004203
-1.2164211911038	-0.893464437774844	0.244861972212568	0.654293196039006	-1.46423705336256
1.78772635959282	-0.438469644100063	-0.84468453143126	0.711900749916119	0.18680443654991
1.25256451774412	-0.219865133247943	-0.741819873129205	-0.179002647397169	0.223140021795204
0.833448469387753	1.28885818195856	-0.14141222043384	-1.49433149375826	-0.56154461460972
1.15060565297912	-0.618977324687042	-0.532853192262772	0.644922288429167	0.81050264368829
-1.15574165952526	-0.275287245498438	0.455057054105254	0.00980226207259818	-0.467054580986841
0.427433289095237	-0.763456712555852	1.55775070806968	-2.58388536238205	-0.524604726263396
0.0631513613134427	0.356876018425572	0.88153657826571	0.90582461658607	0.0100084824494887
2.00813046379112	0.221341038911223	-0.352728567603243	-0.0942295960371646	0.608052710931022
-0.359038184651879	-0.842705669373073	-1.36570443358012	-0.529001943507342	1.29616375644075
0.554440386334298	-0.546573055446944	-0.213890655394628	-0.578593350355015	0.729374735070041
-0.471570322112389	-2.04160533875822	-0.820708055808291	1.24967113923808	2.40076539981191
-0.866310412134184	-0.404138183352546	0.142743684214566	1.48480110310858	1.5127928178518
0.119479896714243	-0.790994405480364	-0.0264892032468963	0.461597967316823	1.26758721654345
-0.629691661393551	-0.128086053315742	-0.0225390438117891	0.292328467484033	-0.102950308274519
1.29311350054123	-0.952394743082389	-0.278679203390515	-0.231487835681401	0.760629691478976
-1.15485715715867	0.0248447546223645	0.134287485403142	2.10535761756663	0.295971905903309
-0.722377696880196	1.34314671448716	0.381129930851498	-0.775964757506287	-0.0606324425797599
-0.184981693223003	0.895427517893528	0.331766538472281	1.97473305498638	0.649606145747106
0.484838702386374	0.914125597951049	-0.107041704539795	1.41648063238113	1.24017624993903
1.16446506984411	0.317298593541519	-1.18162083989331	2.41452342745454	0.453864712507318
-0.93680689667376	0.479713856189503	-1.41252258557306	-0.564410475377388	-0.155667623317007
0.515836153983006	-0.612380251575393	0.0270214922968631	-0.654019818195663	-2.04615668053366
2.22799663950111	-1.38404323461968	0.193776020545051	-0.449615064477219	0.220499105607491
1.26190810620427	-0.995417087473348	-0.477512280324961	-1.59007219233246	-0.567784488685237
0.756665993850297	-0.236700962139072	1.75724795799674	0.582808976851419	0.0747457768492973
-1.77867787854256	-1.39274764888169	0.901294104770686	-0.362814793822926	-1.03405371874637
-1.51647503441783	-0.244223506807652	-0.606913489873775	1.21040751349056	0.834020051188808
-0.10916198800745	1.57387877500404	0.715111964668759	0.545976233247571	-1.95669609682565
0.616436700493778	0.968609298435735	-0.0373829955803937	-0.659088389960635	-0.613571812689024
0.074197682424421	1.0963694448845	2.04484904636243	0.249736287915424	1.28530049865885
-0.953452269595327	-0.53427365350247	0.371310100067971	-0.792749262980536	-1.26638412739244
2.26316306546427	-0.716897071711146	0.377975097988819	0.203274695634243	1.02227601906364
0.000261299854782296	-0.450825745449812	0.276490331600726	-0.900926524779554	-0.369196611328891
0.337883262683785	-1.25491453381065	-0.848093503105105	-0.353983848542888	-1.28461458911361
0.331463460528614	0.832304860888351	-0.680370504856827	-1.67449286635364	1.89617942983519
-0.161911124127015	1.28879322341842	-0.562811036840208	0.367979917274287	0.674670392354343
0.455487173760021	-0.648595283137415	1.47014650231619	0.748747841067435	-0.833065630258997
0.108395230408783	-0.594281332226041	-1.51934466098417	0.778806415407249	1.83619471808403
0.246993801164807	-1.83149474417574	1.08592671655222	-0.477252089490553	0.865897900007926
0.35236184893108	0.656002054663416	0.69368001132629	-0.878886690960245	-0.517822690471444
-2.57631293575345	1.47400720364311	-2.39719027562407	-0.375086723431555	2.35108009272625
2.06974403669972	3.65454269535351	0.771573492990023	-0.525156776676994	0.979717380806312
-0.00181877148282313	-0.558592318759012	-0.832538041261105	0.257547437561097	0.383513145017247
-0.21796269853505	-0.765767345711742	-0.0198437317242027	-0.751959726819343	0.488463051171758
1.02007395410915	0.63751051240774	-0.9057939095623	-1.46256931495113	1.00096972004279
0.321305000522834	0.150222852487834	0.316183050348683	0.83613186696565	0.831051752967739
-0.113270076753234	2.22707568656205	0.202834086158295	-0.122971883331349	-2.11957223143253
0.362258431665008	-0.093394443066112	0.764274157781701	0.778743965520447	0.0837711623158528
0.589755090897546	0.177265199084736	0.543404885292193	0.8340910467543	0.740443356027225
-0.864426201039883	0.119049083130372	0.246146901034719	-1.12452791813742	0.428033954542416
0.323890571280137	-0.293132089140285	-0.0658904684513441	-0.00746503538510507	-0.383412481926886
-0.197413623690137	0.525830937102634	-1.70948479816077	-0.60169780336221	1.05424315082319
-1.69443321278622	-0.754394478152235	0.0406928978988219	-2.42537590603924	0.680077459871387
-1.35247676411568	2.04730868453447	-1.65785447017236	0.709738989144822	-0.407080604352804
2.66682647786859	1.11688293403013	-1.49278354765501	0.561801686138153	-0.115293213712587
1.1431212306513	0.0250936838149342	-0.95515118305274	-0.960162498676668	-1.71444809967693
-0.988385479021526	0.944873303309715	0.0275072018116857	1.6446405268269	0.60930235632203
-0.683065180812003	-0.138833452248101	-1.0137096913352	1.44839197496546	0.21099846504199
0.252063454349609	0.612125643220398	-0.092571477745006	-0.0400089164085742	0.790381474674572
2.46368328835004	-0.19567729985824	-1.94362058289383	-1.40492954713952	-0.0656531587296575
-1.9259852019018	0.951984197913706	-0.0680049465030879	0.148700671348888	1.05717826396178
-1.30041643692849	-1.82657194774666	1.25982983549831	-0.908612695291919	-0.633986059194502
-0.238565573383641	1.24647783532326	-0.471880571528764	-0.272715683258795	-0.511029305756206
0.826837404919666	1.12670288476554	0.00853412408671331	0.397940932780774	-1.28274690436427
0.403016556082949	-0.3566906100202	-1.43220850910415	0.200509367078509	1.33932727569401
0.292778049084983	-1.61525592537437	-0.548487138805694	-0.480771239549273	-1.83799950068079
0.29200621885467	1.76449929392898	1.22492682335713	0.748107527126762	-2.02687849512592
1.14124731070911	0.0973176989524889	-0.926212570798502	1.37741368279382	-0.223971538922671
1.57806370678378	-0.804170042695942	0.0828481318277117	1.1188450905601	-0.32787425275602
0.073493062703769	0.535435686628436	0.661625870940336	-0.38724801232391	-0.213288140505419
0.0940480096164781	-0.00858469196663669	0.773031254678003	0.0529037737878837	-0.516512616190796
-1.60355256475631	-1.74085722970823	-0.304482770038015	-1.2843942914215	0.0488490315636008
-0.569434622758949	0.552203763690733	1.07986180976555	-0.916621805351878	-0.429125579116856
-1.47225982475488	0.36958509831169	0.257048232801366	0.265845819320463	2.27331599848235
-0.6250924191947	-0.659763548771257	-1.35661556173699	-0.0508439661797723	-1.03654828587365
0.980942963027877	-0.212379855578089	-0.883953697029952	1.55136645836899	0.976373624834464
0.407654106945079	1.86533197931246	0.169404580838948	0.850059616693401	0.31448587899427
-0.932851574416921	-0.635732491284576	0.531893996231945	-1.14530482732513	0.632209491583351
0.987754526770452	-0.477276019214039	-1.96156208755671	0.787433142716653	-0.212604075924012
0.00983277216061493	-0.648065762792674	-1.28500122950808	0.273482113743573	-0.814267036099141
1.16490661199373	-1.01734708298081	0.256137653060962	-1.22898701181546	-0.788936256282995
-0.02070531739878	-1.18174036226246	0.12732677505454	-1.95162619886573	-0.138754212265358
-0.106664697764878	1.45646305626705	-1.500658638235	-0.201383380906232	1.14019741754208
0.057554712630901	0.438241676950614	0.0222208031388695	0.301488239414102	-0.95621888557939
-1.035688978461	-0.428143185476471	0.523810740818229	0.687677383753242	-0.490747715878211
0.170692410890129	0.475975720499305	0.833718129342181	0.122945701910334	1.4724756151512
0.942197874168297	0.346656185358942	1.33687230766426	0.128835263617643	-1.00999668778775
0.800730230231978	1.5301415528626	0.288379128177901	-0.497042007328536	-0.611320827286507
0.119299887180051	-1.01292436480698	0.351606927773912	0.531791703058948	-0.129385614205047
1.1065927490954	0.116381025000548	-0.00436313888353871	-0.386395222819902	-2.05913868281745
-1.39966651170704	0.290414401757358	-0.904328620583805	-1.86140371999121	0.576390027741388
0.244982247942449	0.978334370357926	1.37896673838611	1.07981878518878	-1.13773489070286
0.765317295212931	-0.117029934307905	0.797668181696854	0.0863641032893421	-1.69211251168706
1.19723901558981	0.752227031447486	2.1431451271883	-0.761700592508129	0.00175350352867561
1.93195982991674	-1.64348501920997	-1.1696304427399	-0.232478409812847	1.96753421439159
-0.434576040176314	0.351324944914773	-0.948682331727554	1.73061659771242	-0.464682357436361
-0.464877018498683	-0.413260316185926	0.66067158480817	2.2853191257082	0.0186428235986287
-0.978178984240339	-0.447735149495327	-1.44669732610494	-1.41506388789695	1.95062118682131
-0.830351723910079	0.546898190651748	0.322193178275079	0.721918708955961	-0.948206075101969
0.29996311501418	-0.529636337350679	1.50676224799711	0.398981662309402	-1.38931030812463
-0.322206259401709	-1.10036388292706	0.146806563952086	1.12910078618729	0.804382721070676
0.280604399629862	-1.76078606590795	0.235798816370227	1.35817400165122	0.205756330379565
0.212231956379428	0.517643264042001	-1.06601793966509	0.284758897303041	1.2883872405924
-2.41916436366891	-0.149318788245576	-0.529344146980444	1.18795492205256	-0.0432528453160289
-0.243596402580993	1.25539118114398	0.0677467986167999	-1.85459804700723	-1.68757625826028
1.67739475342599	0.0394605796827839	-0.812146725880859	-0.974746631532539	-0.695768247982651
-0.342382396413828	-0.0252365649107445	1.01006509739964	-2.09951861092823	1.41498885919716
0.548772285057069	1.50884151853362	-0.561605944208484	0.186447989351863	-0.171719321635242
0.994662698841441	-0.0315694039450326	0.573417723861309	-0.469875573713478	-0.54648851324576
-0.275026536459198	0.261874643687031	-0.470980025611399	-0.753060024778262	-1.48524071554403
-1.18437387470739	0.0207485069702024	2.19655368086568	0.810571640405942	-1.55243226550801
0.27627572478712	-0.525277227923404	-1.93492485643733	-1.19278388575182	-1.36126240786164
1.61840741265532	-1.3845273981144	-0.861348213039414	1.99525391020436	2.89886288098932
-0.852252804663279	-1.10564024520412	2.10878407269903	1.63536494143169	-1.78282729748737
-0.679282081162793	-0.609797590164069	-0.28112205291801	0.0419141524133715	-0.82914734856361
2.36762714352554	1.78908476184144	0.528203605018525	-0.763101522604768	-0.64948562517178
0.643354010277521	-0.8524312745052	0.628605729320761	-0.356501890412985	0.144692777715239
0.822332657935089	0.427573318547192	0.713822735185782	-1.84625972682567	-1.6982831891396
0.609030020932396	-0.215461049434343	2.53666031662365	-1.57183266734396	-1.28824407412942
0.326528362925993	0.26187113337178	1.3149177481683	0.444397686284475	-0.667553963198245
-1.44001479052075	-0.603210926119192	-1.10465395789928	0.474690128341026	-0.38449484339608
-0.146383715209924	0.746855100500324	-2.04506513906959	2.49246777522937	1.45472249662621
-1.83336201539781	0.070348006799128	1.19588449245741	0.293757060736446	1.4747068729553
1.39118813806693	-0.134894159923027	-1.07401841619172	1.64904142569035	0.991238722115061
0.211118627479937	1.58341944866976	-0.435050208054592	-1.48914704458747	0.58915520477504
0.646145755428398	-1.66122860258	0.108959147215955	0.203986793011308	1.2301937463682
-0.0257565967706555	-0.46837092511182	-0.0462733838922656	0.397798304274639	0.166862936548447
-0.39686154825304	0.336106240811666	0.933947775680656	0.0271272523018063	0.681471070047163
-0.852567490068406	-1.2563135214745	0.759699161768197	0.861718339414617	0.491165528299377
-0.845160551755364	0.644675822417145	-0.432015885964284	1.20997837621175	0.0861169130618665
0.729705743283056	0.0110506140463284	0.561824864514817	-0.351359913528484	0.0921089260663156
1.31725125506994	-0.507465738933768	-1.6052219719191	1.03206067900128	-2.25178836909522
-0.595105121192224	0.872641943074908	-1.51964678509432	0.828779611972752	0.278813052220309
-0.685088054287279	1.44645432058531	0.401297854460065	-0.00780806762988584	3.04892464320829
0.238435711304985	0.969329288621122	0.951788977862231	0.0637672055032489	-0.328946462093304
0.933168721167412	-0.373969621874603	1.22120132281418	1.91472226423934	-0.122624734596336
-0.426728463309274	0.820715103500987	-1.26306600482678	-1.51394031137878	-1.3655116901006
0.757294903790051	0.51736326470959	1.94560738181283	1.50745932542609	0.285440529134506
1.08558588502973	-0.863188544786235	0.74027437679005	1.59646353548879	0.0189299076058824
0.31976304977845	-0.55708691193836	-0.565568296451804	0.099974133084958	-1.43379194323594
-0.249427867385863	-0.902850765151082	1.42946294200272	1.2798637818276	0.488783463230814
0.215358793564736	1.95223447023261	-0.969812447844203	0.268249564163881	-0.252179547641599
0.229687798046835	0.543045649261979	-0.867421770897626	1.68580514623365	0.0814795963314245
1.107560210651	-0.226777735629135	-2.37656030621809	-0.739462723600468	0.54736248156787
-1.02803581608828	-0.591862065343038	2.12936209949034	0.0767472523502762	0.325976153346423
0.270425733730288	0.0896296247561561	-0.123745359128464	-0.405913463067693	0.36029327060638
1.92762923734603	1.02831324813355	-0.392480922871479	0.858119099857888	0.126910381049225
0.87309117120554	0.131792621348699	-1.03453412637973	1.05942747663801	1.18641280760028
-0.00526709549167499	0.948604575657065	-0.729105173594199	0.0563734770458094	-0.525744299620517
-0.525221572962973	0.647690829396253	0.396344356027759	1.65575558178217	-1.57187309038735
-0.0669296094539127	-0.763672156817625	0.512039813592561	-0.954498900060638	0.0432414703374959
-1.70245417752643	-0.536703852095481	1.08148173579507	2.28211808213782	0.828517565887366
-1.04778673156702	-0.113730543684394	-0.666971300726642	0.578798993116923	-1.99044035809192
1.13469956006219	-1.50037578149505	0.485893381584768	-1.82848578595409	2.28100929341848
1.85740723218078	0.292760121544795	-0.524365570823961	0.190774571680336	-1.01487744430855
-1.0449600200109	-0.246961225347848	-2.27704446365592	0.622474252760214	-0.52544180701793
0.208435147348178	1.65059426087817	0.697941506778462	-0.487024688779806	-0.266941146503935
-2.02348702245152	-0.662035181502864	-2.22171062648343	-3.00642672625441	-1.54298071188447
-0.303479391415267	-1.21685510186368	0.419727286507469	-0.84524112943952	0.805158431326525
1.2874023916782	-0.337988543634162	-0.50063379401456	-0.125668875704672	0.130230645397154
-0.126098315010481	-0.467772144672563	-1.81831503797943	1.16781275080948	0.498605435675508
-0.218541568254407	0.526956344603956	-0.28156573282212	0.770252413020127	1.11212175635251
1.18219538041312	0.0297369221429311	-0.73261363242897	-1.88811276239336	-0.0116061676408078
0.79169430850976	-0.835312991338137	-0.982895867809807	-1.02189066244229	1.31167538168586
-1.45794016016802	1.13992831380412	0.904076723099072	-2.43625289189806	-0.736294382769226
-0.155081994467279	0.780253507418004	-2.15474826432248	1.25809819744772	0.238320038120927
-0.282675680302115	0.593690254062065	1.16910670920352	0.212528971112144	-1.73311622401581
1.28470511132097	0.0581148262509786	-0.660603188001508	0.748589034512834	1.88153196717645
-0.547177969671034	0.964765845748218	0.314051284911555	0.206125846684415	1.5388766589185
0.86633760706031	-1.04559149658614	-0.129510629310509	0.330695072918698	-1.40016728436198
-0.987376096474214	-0.00789929179926783	-0.39270974505334	-0.906634263116604	-1.35104297163235
-0.917988757421694	-0.922042379095699	1.09035598529814	-0.348856577558633	-1.55029530033969
0.571649364776015	0.829110568721482	-0.202087581773749	0.144770796298151	1.26473000109507
0.632743158371103	0.783867515260496	-0.257083307936398	-1.05971651399668	1.56183230114598
-1.23024001911709	0.754153075085176	-0.920840065976661	-1.7172957508179	-1.276586459195
1.44327947721231	-0.363098608390615	-0.93431213628951	-0.456042685269816	0.218469408316864
-0.809333347683186	-1.69457961701567	0.56155407437145	1.62822620093309	1.51448102498044
0.38960397800056	-0.0850910148251096	-0.348458033228538	-0.385151098698968	-0.727831609906789
-0.467786877408191	0.110354982961146	0.981102604156725	0.370910095074236	0.477318747010978
-0.134531422178368	-1.47353455984819	-0.247703967472776	0.739741604696149	0.227110627285196
-1.82600271197168	-1.65872135605637	-1.17602577958049	0.786382498123667	0.981277960809793
-0.996933673922279	0.145296313066538	0.618429480798436	-0.114032823666071	0.367644336681252
-0.279576486407682	-0.754922295676728	-1.23586247406974	-2.26987959662772	-0.244154362774228
-0.755746014426538	-0.4612072918954	0.665007337302738	0.406805628692863	1.53001491224931
-0.961386914537979	-0.628526583665576	-2.13828566881985	-0.0155476208540241	0.97327192179606
-0.0873124112670065	-0.20641576167694	-1.4063717349664	0.799883003298484	-1.4394400059336
0.646713073891193	0.185792990053426	0.0787849915310289	0.547264677909035	0.211143174754903
-1.48440051359432	-0.500755433033123	-1.69875519429054	0.236711702978147	-0.0327814512471227
0.748372188736926	0.0319483128919325	1.60994080761768	0.458288447958448	-0.801491738342753
-0.582910216208904	-0.626444795003046	1.19066355317609	-0.7246939716423	-0.797887090165434
0.277784343715469	0.650730833811938	-0.294455150440088	1.88752254299656	0.651873087850577
-0.582200362862143	-0.581418660033822	-1.71431920004882	-0.111112025762402	-1.10884299639263
0.822560278363963	-1.13786824288559	-1.47663975245389	0.782308033277407	1.31657907234305
0.171508473465877	0.385764475058904	-1.07943403180222	-1.05477923345066	1.5137302489657
-0.150052504308467	-0.737122190687186	-0.16075090555995	1.5663516119097	0.403319163664188
1.32485537848159	0.922330375623611	-0.686320798533609	0.782615268620997	-0.723852920139561
-1.5153523214138	1.39341394831778	1.26014709937605	-0.804378445916347	2.5976661797248
0.559023002306869	0.64912381097356	1.95686830055023	-0.781107006117129	-0.381372986066824
0.883947471603893	0.51327896020316	0.82494430182154	-0.655138210136313	-0.264381194068106
-0.0741636346661823	0.607362571030912	-1.33096631803841	1.39086475791848	1.93509611612071
-1.74493619279504	-0.919039666085991	-1.0325250842549	0.950161223804191	-1.27177932941018
-1.67735089573953	-1.51791232766265	1.26843132118086	-1.4904426656489	-1.70232887079331
0.40227959145189	0.929552222371314	1.5147074141563	1.01557733065911	0.339256062701906
0.185548791148744	2.16637157951671	1.7192804526974	-0.135279607845468	0.605888669946259
1.43824455377571	0.0471429261012231	0.311324318788029	0.335642359286575	0.305307550858334
0.683046604500843	-0.869630415353285	0.621800653214918	-0.572983568363828	1.90296508818727
0.949215927231601	-1.03251130278768	-0.582374009521802	1.34198585144102	-0.456762319843735
0.1761993765611	-1.94920356300925	-0.0294965179145202	-0.178750796793627	-0.24149764304097
0.36544668813825	2.17603521013785	1.97631757337769	1.33999209614721	0.451075389309025
0.521479338003559	0.241074749710154	-0.206100508614477	-0.636064512416219	-0.790347341021087
-1.61988398216628	0.755722844738966	-0.315950733844003	-0.189530417497559	1.58106820163487
0.140933695560155	-0.366799869666532	-0.661468598264986	0.336193812251301	-0.265771860486455
-0.0528875644039791	-2.14318988051203	-0.0613311706891556	-1.38083067539754	0.703230870372358
0.639451361007113	0.0241336370107096	0.207577308709045	-0.135916123132136	-1.31374852214726
-0.680487808269575	0.391876331574803	1.41203858200438	0.420219485449757	-0.249303168970615
-0.930725733585891	0.996241606329859	-0.718383724163152	-0.984008097435862	-0.437057267508025
-0.693228438767988	-1.15265682585453	0.872382314629712	-1.63157258742443	1.11638736002005
2.68536557464477	-1.18044881627056	-0.28196686073828	1.85888053852823	-0.189253059681593
-1.01221009301043	-1.40794019873353	0.788309758152202	-1.33488826328171	-1.34414263568555
-0.371024887590912	0.0404175332312907	0.42688150761985	-0.0468508296529814	0.543247869537002
0.512161119050986	0.589660916537221	-0.534639421158839	0.129982287844046	-1.22488480530487
0.190997881327244	0.446619665746384	0.823143375764958	2.69102876536121	-0.708243037315769
1.77993289040214	-0.472175560607418	-1.78225895412673	0.574849799203257	0.760876523520747
0.0204834151492728	-0.707515738041613	0.292230564345169	0.162504802449073	0.0385695330027111
0.769220987737872	1.19156853370343	-0.592964096872223	0.579846358292416	-0.893281699262626
-1.31120270979556	0.408106407411662	0.400799662256211	-0.452786675201449	-0.864220145364429
-0.283553731482138	-0.209800566790654	0.834600123512452	0.140090421839448	-0.358333123796304
0.314987218003445	0.409372787651463	-1.49798376510692	-0.00922035956343548	-0.189280403104825
1.75521611171368	-0.284517154266778	-0.332415602567008	-0.645619900022639	-1.62721562424078
2.38205651518479	0.532105112214347	-1.68050158714161	-1.51618961590776	0.712449143826332
1.45190108442729	0.510021119951098	0.932019591536725	-1.33245083855489	-0.195588182670004
1.58663989003131	0.72077258862273	0.662769753534863	-0.0727807105930977	-1.43058222252041
1.12042352757308	-0.556671850953163	1.08898657766496	-0.0328974159373995	-1.17092412265289
1.79353379759776	-0.41606854448823	-1.17329835418176	-0.692627673565357	1.06860804109044
-0.0321245833227712	0.0852169879052303	0.0396016309603203	0.312550005784371	0.651653568573023
0.209465533465513	-1.02988892566106	1.96171883602284	-0.262619095013861	1.11417415108463
-1.77187838261169	-1.71513934504637	0.316472918236035	0.785380756987586	-1.07519003695096
-0.451123261548956	1.26759137423129	-0.137369252221323	0.774119417325893	0.469849370508092
0.688008691620984	0.602008802438089	0.718474518350416	-0.134895788680717	-1.04469957672855
-0.331811873497636	0.528211981254944	1.00483870766523	1.96687134345915	0.508418354709163
-0.0952997879567058	-0.482255230202132	-0.461793048745918	-1.2633421488578	-0.314137775053032
-0.933422790153491	1.44298483488483	-1.65042565220436	-0.528081810180493	-1.5240382611701
1.48792837515544	0.340218617841585	-1.92740861059119	-0.549235900044586	-0.572087058386339
1.89892813850891	1.0382721930155	-0.756196939003953	0.600531591096636	1.8428798592233
0.626031160294796	1.47782636816217	0.801658165736437	0.268817449786982	0.867764087991518
0.467299789790936	-0.0390912403344865	-0.194714927897446	1.28017583053591	-0.264941363469964
0.209447104851384	0.739401253128415	2.0158643730709	-1.84560799495402	-1.93480711814459
-0.484665441263427	-0.791210067958002	-0.41105799117554	-0.449993421778573	-0.195063259782027
0.838281207048355	0.552330967254249	-0.00116042849520006	-0.792740061976073	0.106008411156825
0.337808283814873	-0.884230507426497	0.769972305878477	0.365433093844467	-0.575572591583771
-0.222199931781025	0.906308758582726	-0.53112904076166	-0.518293198766179	-1.38012480381466
-0.758564132861083	0.632651611889163	-1.44774143224424	0.442090836832894	-0.284828125569537
0.529951400016775	-0.386749264357627	1.35002915614308	-1.85867221197734	1.43428805755773
-0.882854240713307	0.103171782917914	0.418263560068036	0.315002505630725	-0.498227908388058
-0.987072809289305	-0.51864755741363	-1.69003884405445	2.02622920203945	-0.775178773451573
0.140490627435191	-0.337942575735214	1.22778628905487	0.957573962958706	1.935397141308
-0.918283287187471	-1.1705497182822	-0.272408655741303	1.21448804902043	-0.748144997668653
0.814151252715937	-0.157001898008636	-0.432945991754828	0.67655170408546	-2.31818241628965
0.425373399913795	0.449898129124203	-0.168304333963401	-2.15873929172333	2.35153516914471
-0.841968443643838	1.35410547033414	0.294741972660433	1.05537889140985	0.781436074334707
0.720314322702147	-0.708123500256883	-0.0502582002728534	-0.978598446546768	0.113862087208929
-0.897041275684058	-0.21795082588199	0.427554670323805	-1.41228083860692	-0.341468182473611
-1.22060331508674	1.86805512122962	0.329390140155002	1.91185430548999	-0.636230483534464
-0.721728683694917	0.196469738672686	1.92956397950998	-3.55019683544266	0.5789107805882
0.515190404045711	0.400110690460959	-0.157059509737948	-0.405280263431212	0.599486756971475
1.30623579450137	0.801298585071926	0.388042069966495	0.103352050145435	0.0686068763093524
0.862484002638753	-0.449095767869499	0.0366799290521767	0.201595370922923	-1.1228823498548
-0.565654675897134	1.27605050087796	-0.859671074214687	-0.18720483625677	-0.248313981512642
-0.466402995011957	-0.412259346173668	1.47958975063627	-1.8716420533521	0.339979915072199
0.172172844970672	-0.873067744478976	-0.432897161217923	0.0936341314066366	1.52620801496648
0.464073369129933	0.156034651395381	-0.990326526107527	0.805982550625305	1.06724553580117
0.0740506135436732	-0.178082277588703	0.415116739242032	-0.169093750788223	0.730180184747192
-0.00624029875275444	0.892306084938558	0.384149680195849	0.787837232434607	-0.047091859620705
0.690272421438088	-1.20633329039333	0.815342215630959	-0.180584806795972	0.560940885337594
0.926595935139372	-1.24583372017894	-0.171735203599755	-1.99946758793054	1.36281094836098
0.525635376176371	1.18859598945861	-0.624487570170138	-0.682420743578213	1.11691289910669
-0.69842228131353	0.332090105337299	0.823757942975472	0.284018940632685	-0.263093086149386
-0.669807383056786	-0.576162307506806	0.491149745031569	0.43097438838858	-0.784787888687626
0.752568356038896	-0.762614259326743	0.236720273914064	0.304187378736173	-0.286829057035574
-0.0771215591219045	0.907319794261133	-0.271794569122787	0.60889311185833	0.105473204772577
0.746923859911177	1.07891822964249	0.328720918935476	-0.494889726827605	-0.485349730368524
0.36114722992337	-1.65926073054605	-0.0174680731277281	-0.413488028228657	-0.478329165226599
0.736819851580735	0.681011121659015	-0.057080832352146	1.69595582116219	0.512980163142676
-0.0126223843767316	0.833780834089553	-1.64064662285109	-0.0537997730778922	2.12471758465417
-0.518217899779974	0.0350746841130738	-0.687097691614641	-0.212931597992623	-1.06225028531387
0.806297634982587	-1.79572099668925	1.54929245910383	1.22832992137623	0.73252591774988
0.690369024240443	-1.27293713583018	-0.362707198952537	1.21279775654516	-0.60868186232839
1.18174415475968	0.618807708595598	-1.31508964475573	0.776914050870881	-1.104917323652
0.276556059284378	-0.074306089114637	-0.242089496736887	1.09274639314351	1.92254053494789
0.0650261151390983	1.33543866686337	0.552557894635653	2.652857311968	0.119321341463945
0.656919050050441	0.177494043943961	0.183161982569565	-1.96913952615326	1.41220633013826
-1.10182606948008	-0.0737010734734552	0.404061336440992	-0.459189111885103	-1.06947685222372
-0.85115476479817	-0.436559064958665	1.01354786787444	0.669484470771833	0.818287789544603
-0.230182689547631	-0.0642276181123531	1.35610999709319	2.43098145426234	-0.0356017764955136
-1.14663596367966	-2.74366749935347	-0.456602478619363	2.11586605963011	0.525958037686823
0.139859920925239	-1.70144192365276	-0.591687584370601	-0.932681083531197	-0.236853403784044
-0.914908952163343	-1.07133265678464	1.42644336332359	0.919197510850815	-0.920493385832393
-0.8644594363239	-0.954555029541945	0.698230766804282	0.371817894773219	-0.00520920101452809
-0.4262674689759	0.981720267877742	-0.89552715001683	0.268881632653337	0.682134366295127
-0.959168181290273	1.74249855581577	-0.437567119779309	-0.24861433862998	1.13262388230488
0.238102113649624	0.631559626346747	-0.451891144213084	-1.62040402706307	0.172571274078642
-1.19454096569659	-0.647763685129081	-0.902555733900623	0.061197103685513	-1.1416414917997
0.268795169971028	-1.38874255059275	1.41700216190469	-0.819935984584942	-0.541965946441782
0.0381561403876645	-0.282246056178149	-1.34369115006054	-1.18102915914849	-1.29440089704089
-2.61419009911448	-0.31434237607852	0.485782827484373	0.342931259874008	-0.115590319687333
0.438029352275621	0.244029525096492	-1.85752493986136	2.36590589419258	-1.05559207461975
-0.959368675927271	0.730782215414946	-1.25777165586063	-0.0727026458381097	0.328657904268944
-0.537481481315326	0.460099310428476	-0.468546024804597	-0.697509461707156	0.090609712560383
1.30881905681313	-0.459234958996534	1.52743540359229	-0.180724703483263	-0.410727533555828
0.0591285652646094	0.1650295533828	0.0430892884960058	0.555578058100686	1.43232129301715
-0.00333758700146441	-0.620150587051545	1.85965762081747	1.3613284324596	-0.141048249628188
-0.28341669800369	0.407627979186359	1.20906543807418	-0.612316301542877	0.601400861003215
0.246335357024662	0.0535022130101471	-0.13335265243739	0.683763750835559	-0.171226332335353
1.16381925529949	1.22914746249706	0.801811489503078	-1.18533078618018	-0.318627552955785
-1.1241212488172	-1.9439177597702	0.874132670065143	1.40537238782394	-0.919707138767847
1.88791875200595	0.00804891290578853	0.899640842995675	1.37807608246058	0.576847969223579
3.20135849912686	0.690572676280454	-0.151335154344604	-0.965735560622078	0.866451708356158
0.562036671686623	2.01559436767198	-1.10452850697846	-0.0859645842651462	-0.836366966955979
0.396905616213271	0.0498945785687739	1.34894346318837	1.13295502193562	-0.233594080384892
0.96435712142927	1.21409260029131	0.0982938709328672	-1.80793406407912	0.720627009086453
-0.0225977467952715	1.60563604849112	-0.124054560387254	1.39963556238337	0.865748600444131
-0.214446937079445	-0.513514366154019	0.979139193146425	0.0545363053114171	0.707652988847217
-1.70433132576635	0.422494249630756	0.665017260846007	1.40861770162663	1.30985792037663
0.270855274375215	-1.80717716269881	-1.86162689116794	1.53821648338569	-0.57226629539333
-0.949138479835077	0.0567536243751749	0.696922289116371	2.06205512100664	-1.41016260033067
-1.29900548187992	-1.48824969319945	-0.910159790834249	2.10251879621145	-1.08444248281081
-1.27173864829827	1.48291479244549	0.414280333336253	1.42007488575724	1.72998543271497
-0.64488241444025	-0.150001817984142	-0.79230925473542	0.258412225628644	0.787701435066523
-0.950997247032508	1.02087879797143	0.147536153068256	-0.98967708940476	0.457685073417445
0.312245316358666	1.58163156378437	-1.25665570184749	1.50846567660721	-0.132848013105567
-1.63875200075502	0.305730704212156	-0.255286056741156	-0.220785026238996	-1.81702164225818
0.572608432520298	-1.27257694917279	0.356577396919468	-0.902302639373422	-0.337935958048524
0.347857017073084	-2.3115881753796	1.32896607663184	0.468071693332546	0.408822298906323
0.0829711307086675	0.767157847900832	-0.056482680938832	-1.82339627591594	-0.253093571517257
-0.41441255433081	-0.192791014415418	-1.18315278853659	-1.05298968618083	1.12928469220439
0.0228113810130803	-1.17032088009219	0.133258261584854	-0.861179615859805	0.74465607111379
0.359146345249079	1.14514672683464	1.19126797307782	1.08637616645584	-0.111873920799857
0.172282370514932	-0.0742867296705143	0.882686634696177	0.237428335612704	0.176158272067674
-0.0774256651460253	-0.505208311878069	0.556148298748696	0.524680591601951	0.10695238356284
-0.22678750891954	0.365164070790285	1.40426183454	0.381823562722233	0.820548400204693
1.41558711215463	-1.238887942968	-1.78614934139442	0.303562805299798	0.0428794739267344
0.450922779467351	-0.521849064156097	-0.715682169623101	-0.868732518648919	1.0111094136067
1.58584586679872	-1.46272220731496	2.69933561449927	0.748297251534403	-1.18972936244516
0.709597442700158	-1.2672405350525	0.0754595557296734	1.93240303571115	0.231840281065221
-0.165219461330499	0.870781489988344	2.52587806515404	0.279886335858176	1.02435801730048
-0.137752159252925	0.68661623277084	1.30779962163357	-0.0962725425807417	-0.0940545864109643
1.34653961916877	0.73664661990137	-0.503593821821875	0.160045835556117	2.60258289399541
0.0338825002565361	-0.922315620485646	-2.29205653867399	2.22712760609352	-0.257424506888693
-0.48287092996141	0.951523234463124	0.620923859047089	0.849030418921162	0.608790367647065
-0.319869828667754	-0.563529775123711	1.62251147985635	1.65653367932423	0.550005777215007
0.856357773775465	0.152461286524803	1.31865398161442	-1.18495557444128	0.7919946631015
-0.994211598246981	-0.910002761159384	-0.686065542837888	0.110651101443167	0.68902940952388
-0.535482709772345	-1.3805600885621	1.73915093499771	-1.62894573759111	-1.75116568003434
0.790049378759549	-2.20050791671002	-1.74881337495088	-0.421927560356825	0.35247159407148
-0.950159512264733	-0.243911363202381	-0.604974345865555	-0.602590395641195	-1.84199364225078
-0.142797724046513	0.071828431516261	-0.385405966863891	0.437381999812227	1.16857019597596
0.466222269132034	1.65006146642921	-0.494163944572595	-0.77458837143653	0.60549944610601
0.375003032108256	0.109067921973401	-0.0170343912343169	-0.275864927752047	0.587294695816891
0.59215676198254	0.743164668733329	0.10815899819146	-0.850775864538878	3.12484428962527
0.425706859144366	0.922691275814493	1.62326271411651	-0.205178262225536	0.483318452388987
-0.974360357165941	0.162857343966388	-0.377522363230769	0.743445589381516	0.574300780335988
0.0468933964361035	-0.777461769315437	-0.839652069453127	-0.816342093657745	-0.280036583782419
0.0820527473710784	-1.02509119725938	0.832839758434359	0.24256966181503	-0.496275083276302
-0.741595378733949	0.652729541495604	1.74500274460113	-0.510471262040077	0.0840632975563522
-1.3351626151099	-1.01243302973146	0.884242487357349	-0.655924930888267	1.09076490257624
0.0823485370395851	-0.269262454405449	-1.57723808942977	0.73689485224515	-1.6480489521885
-0.06120635470598	-0.62909255454527	0.502246820919085	-0.588857491286967	0.964372283515584
-0.227865993720659	0.0456892460495357	0.284383921000424	-1.57113793256061	-0.0888873866728101
0.430095985106132	-0.864017064330269	-0.20201972211799	0.526951105088079	1.22225335730319
0.705866743175836	-0.463907110530773	-0.296236186124452	0.608491640392837	0.684608198389743
0.181921629007331	-0.495423258376545	1.43262400684552	1.49640385981201	-2.81506047277037
-0.261761001423214	-0.347800895749354	-0.893946235775629	-0.121250232059007	1.18999929178035
-0.94337190054977	-0.669768120908385	-1.10691673713406	0.467165494015385	-0.514885491940747
-0.692956670852793	-0.810637002561828	-0.502942523229888	0.0952826334075238	0.731260992711024
1.26691331728337	-1.53819736656128	2.08633706714379	1.14070787400255	1.68105688106872
-0.0875023404297777	-2.19939463200901	-0.560429546931193	-0.678753249150248	-0.7976722597718
1.2109054597684	0.152943970286649	0.896072126910916	-1.30939889271828	-1.12628287077488
-1.09406355785891	-0.52178938635135	0.304271044534855	0.910712891194082	-0.712552348877013
0.0895649874281883	0.112349630446806	0.161410642605032	-1.81568257478493	-1.32376990366689
0.931975479256453	0.0264214673164974	0.501492607262235	0.543011128150875	1.83264395913318
-0.7761120193476	0.826001686915405	-1.97567888341429	0.0810352387980522	-1.21479475537333
-0.180516857888648	1.81018183206906	-0.858485421067109	1.36158846921629	-2.09145927953295
-0.573218282876609	-0.6955252370808	-0.300252513213989	0.615029744565014	1.66000039127063
1.32603109242659	0.892647091573195	-1.93010644380506	-0.514053501614191	-0.00243519927460678
-0.85567963915665	0.49791050216066	-0.783633786564663	0.00836579929336408	-2.77051051417051
0.0151025788443807	0.649625376931384	0.23567782841814	-0.282877228930982	-0.235673287588557
-0.865165012169756	-0.54105605488875	-1.07800984605095	1.04118802634438	0.801630028371587
-0.919480820079793	0.31982758850134	1.05222164842189	0.685532276503055	-0.604901585991003
1.34766855109371	0.70316850710227	1.15014297360533	0.164691573991064	-0.865446168441102
-1.34070298786438	1.08246260629594	0.0910532791278843	-2.08642882601009	-0.0799481255856389
1.30215295903978	0.357842478032603	0.21554788597566	-1.56997076549584	2.19110577064342
-0.148605072466819	0.782635650813641	-0.194380507376858	0.537237124284347	2.02304457143203
-0.59848639679228	0.384469906633902	-1.95799426429754	-0.642058076975672	-0.544844917633879
-0.220120110272198	1.18072039216639	-0.0837869023349287	0.522609099114211	1.52420624501085
1.3882597300109	-0.544677543390202	-0.565352262093244	-0.518970882040091	-0.0998169868727196
-1.34594726807932	0.357514940123043	0.804173902797833	-1.58157338110837	-0.870932337586549
0.182838158286195	0.148486540436762	0.924470752764336	-0.359883724609573	-0.121651156760795
1.47184728589355	0.560422603765788	-1.24185380639872	-0.770378167752286	-0.163679350166976
-1.68747870341319	1.84787681937981	0.226007703734708	-0.414166872123244	1.08280162820861
2.62753226107709	-2.41077509466006	-1.09892414674735	-1.48382379738556	0.829331342072468
0.858814393622931	-0.787256120871191	0.115800112514584	-1.10344958142121	0.426465572447189
0.562643565845088	-0.805214867838505	-1.1026636545116	-0.121827864732466	0.165514502007114
1.32537003896233	1.02595106720692	-0.75944992061045	-0.407197257324663	1.46520662287249
-0.0805678581270926	-0.1284743088379	-1.31700958787624	0.56239394685584	-0.467131814260979
0.404910529494361	-0.332035636794507	-0.450491313761435	-0.581754967548216	0.266628191214551
0.451972126324394	0.492298505026028	0.321623603568438	1.25338289796519	0.404861293337551
1.88782383948355	-0.555429878031893	-0.0517560640353801	0.223524311281043	0.80189860545579
1.66398861672884	0.363429793316084	0.402708922531881	-0.957351815941001	-1.21396949628731
0.496843317371334	0.561255364078017	0.683796159699095	-1.19511743492498	-0.35279149390588
-1.15561306289606	-0.727470906209565	-0.385028757523303	0.521787513165509	0.209106583392215
-1.15947777194196	0.536937528862009	-1.79460404883452	-0.170340150684671	0.913954084457225
-0.091048406351712	0.989012355070895	0.116978812383361	0.898811477393717	0.690688502241944
1.44108379202181	0.583442559197302	1.17987054504892	-0.286493099286619	-1.51350202780093
0.959313833771565	0.462314297848563	2.28899714629467	0.403800773792233	0.608014466585994
-0.337894847498305	-0.17172184264279	0.0518762260013554	-1.72776142587671	-0.162794979956173
1.86202779670332	-1.200874968832	1.35887336867763	-1.17278491427216	0.620075823747294
-1.08095603459651	-0.929085655906138	1.37768742554125	0.702842688103353	-0.570240016560347
-0.724598093763795	-0.177119348632882	-0.760651911822399	1.09571914781291	1.74481605511573
-1.77521982193387	1.20723113296421	0.453183464538725	-1.26208123688663	1.17760875446993
0.945462769563719	-0.545720879062542	0.105245680307188	-0.403109007315559	0.917689228574812
-1.29261064541007	-0.00329769521510061	-0.406946515558696	-1.20256825782087	0.0190862122058952
-0.0565563527516518	2.45907448273567	-1.2441760178394	-1.40677012958488	-0.840646414357411
0.36461862308899	-0.414230070319825	-0.0408921498207283	-0.331442702954851	-0.0569084203474179
-1.16539531879014	-1.99218809920757	-0.480976261815697	1.17578507983432	1.57419298525006
-0.754555135563906	0.0314629432458599	0.119826575357686	-0.465762533083972	-0.635201801811985
0.0632162659631193	-0.717427038334402	-1.03335589104623	0.286793784867449	1.78084526379694
-0.014691109989872	-0.118843992436892	-1.22008508432127	0.429797323614518	-0.929242729579772
-1.3860109683993	0.737259820584655	-1.65479161082699	-1.57300304653374	0.996940391879932
-0.0201885373443714	-0.193019288566632	0.0434187454058807	-2.01316706730797	1.61566730363625
1.45638823583606	2.5366195053971	0.706007637455923	1.07958381412139	0.927312764066298
-2.50405454166125	1.43435881584337	-2.5236469796845	-0.302053397623397	1.39631626788895
0.31525035584583	0.317054803259298	1.57418204022193	-0.390592246662504	1.04429548273027
-0.981337812974541	-1.50911769012917	-0.912728446324686	0.056375998268649	-1.34477512914831
1.15917594012463	-0.250139665810264	-0.267333040858154	0.106355540224193	-1.55538691623351
1.31119937521644	0.659877293805989	-0.628020531697663	-0.480338577120472	0.70644627533895
2.0630300804863	0.724661440685262	-0.326482784076592	-2.23994705293821	-2.34761082360223
-0.654265194448242	-0.750975056270385	0.822014124982018	-0.126357621356666	-1.9548133582506
2.20215606684684	-0.709089524990847	-0.481686062713483	1.83144098554445	-0.51471839208952
0.570653589417784	-0.441768583450058	-0.302293174871929	-0.726498114286021	0.0911248086167732
-0.387822653866309	-2.85548493110729	0.61486070349268	-0.405635807950577	1.49879490952505
-0.668876267982215	1.40364757027006	-0.539606316789129	1.94443918414697	-0.54911362514126
1.3151362195375	0.230870751219488	0.514712905352181	-0.30873218087597	-0.036667848644698
-0.153200473085854	0.58719647768059	0.601605985781198	-0.317906307594114	1.56630624752142
-1.17366094370726	-0.802967280288346	0.731765363047063	0.681555935976292	0.508902952618461
-0.333342762669673	1.73767420438537	-0.959509502515255	0.570164814565601	-1.55823269220243
-0.317535898632828	2.61932416250559	-0.558442267162987	-1.02052440251877	0.201591003215132
-0.27611013009768	0.460682376507568	0.490936241517683	0.353186291843459	-1.04249786681108
1.66843570374451	-0.36311380828835	-2.39696784038268	1.43768761353044	-0.261324822086408
-1.54000250892332	0.842689061478504	1.00825406993059	0.210234511856489	0.164210863658213
0.0602327256629983	-0.369673716081592	0.294659138124178	-0.259773252039448	0.239440302864922
-0.160521335732246	0.872141379289479	-0.28873244589953	-0.264147040919926	0.0572915636100459
-1.15628105535977	-1.24176501448743	-0.368682321937107	-0.563118903282537	-0.897682423237079
-0.611917890966644	0.622319353383174	-1.56098580430379	-0.991827450134915	-1.23768429805032
0.465405000639369	-0.569259775332194	-0.380305118001369	-0.2398606746494	0.665726384127163
-1.52831557027468	0.367368394379402	0.210845493710711	-0.213202118153032	-1.16860091868473
-0.408417416684928	0.948909776251319	-1.01020957457486	0.544398980613781	0.348233800072474
-0.615198714707214	0.360779075318158	0.131891491174134	-1.00251835250734	0.763163555285055
-0.724410812623568	-0.415725057300567	0.808300440907385	-0.984151545417987	-0.310652570496529
0.23201952971449	-1.72435931867463	-0.173799556897689	-0.724732010770837	1.4205784530518
1.12743678090437	-1.0100068282291	0.614708723967701	1.14673779830906	0.429854690783751
-0.630575536518253	-1.94711849250645	-0.487575252726448	1.16291274284258	-0.749229843741195
0.119564329123039	2.38544979230976	1.34258847137276	0.520387674251132	1.03688859986556
0.33213330920059	-0.266838765166052	-1.64767969576953	-0.760510007271544	0.796220337800397
0.0762846099970709	0.162144276853589	-2.38692609243459	-0.420009554898725	-0.0121704545968465
-0.338820688745252	0.711695563625116	-0.286469216463681	2.75297272473518	0.094256130049305
-0.133352531641971	-1.19355129451028	-0.533622979566018	0.742346287643365	-0.376197655608065
0.865916112051208	-0.877856886290849	1.95820928318408	0.185506447280442	-0.291284784012502
0.992822837880997	0.161376324874113	-0.60955349326283	0.392521725880065	0.733151828589788
-0.356095086039629	0.82423828583643	2.37331123175293	-1.13689758420319	0.0694251376935561
0.0856295743080333	0.470044961572236	0.298304975887938	1.13281285869807	0.424632911245604
-0.0369191614471923	1.7865242575026	-0.604964648279698	-0.104887673801425	0.191986170390338
-1.94108460157627	0.856152376303791	-1.0501173694936	-1.35302642299752	1.43978102997935
-1.59363075902296	-1.61641295080213	-0.131009209230803	-1.0563687730088	0.270554857806658
0.734124292867699	0.434567751024169	-0.738299359747061	-0.7206945442214	-0.198699172854029
-1.93108050247062	-0.834824927461979	1.38155368806651	-1.66320125977598	-1.00601514304927
-0.121530787428653	0.0464118038947952	-0.23083236065325	0.090862319139928	1.52144599428084
0.768816750335581	-0.258880715568234	-0.0439607510345602	0.293680131774132	-0.159255159384755
0.26267547732192	1.47206062136041	0.788577749303249	-0.31071200677145	1.77314203858922
0.173485989893604	-0.934868734959964	0.324136838933965	-0.480184643922417	-1.81575723606373
0.694933207791592	-0.813035879919917	1.44632712530772	2.20296800749548	0.357164332901201
1.24044978861016	0.594996719853694	0.610180303286261	0.69926214589892	1.09768702415376
0.47544671136714	-0.921286431229899	-1.49935457084211	-0.309854838890022	-0.466045345978398
0.977567529560514	0.176419297489758	0.410290170758615	0.87345348461376	0.196156942762197
0.62857466588132	1.4759920440373	-0.80995879931577	-1.06730669509514	0.664520601297694
0.385908612181838	-0.140712329116724	0.142517749863035	1.06276486418318	0.521546305383037
0.920558576716874	0.619793094504982	0.525041438257311	-1.01798461647791	-0.0472216622794839
-0.5049492704821	-0.639831027937738	-0.340601644009201	-0.629399725506745	0.00895474515009292
0.02295047841751	-2.15640398321306	-0.014710326504259	1.97968736831576	-1.79324943415522
1.26192905707434	0.893899841409325	0.452280537876746	-0.323027506439699	1.16543677355285
1.42153718508455	0.661055960952727	0.241713195480645	-0.503614892349994	-0.232310719416625
-0.297154338181703	-0.78819899062357	-0.680267914595688	0.0498769929977209	-1.22094066848673
-2.03946080229372	0.925727116164108	1.16006787971443	-0.77949679757581	0.469913799518954
0.281943446135891	0.0189426499686917	0.0656847731690224	0.502201974056705	1.9059015802338
1.82023291731136	1.48402021172712	-0.610239317003378	-1.42203542331798	0.0637810564591174
2.61526507207758	0.136912001527986	-0.625370176184507	2.05143731640881	-0.912394011053383
0.0970513607885259	0.361034436486504	-1.50071705579892	0.26386141274057	0.150991599512754
0.799676053348703	0.366757994270492	1.0669097209653	0.393323242440755	0.48212351344824
-1.24353521736683	-0.315536798086217	2.99055143276885	-0.814539533761163	-2.46426573121891
0.299191222674662	-0.112919996753486	-0.231026388417446	-0.325842263777408	0.260877357130978
0.976793643872908	-0.217750706415064	-0.00689143629326461	0.231206304596821	0.392681901439644
0.585080759341536	1.01113071534602	1.3544585215971	-1.45939143120394	-2.6788076423076
-0.0513837936351101	-0.60111962207494	0.736588882707849	-0.196909951015086	0.719220470984438
0.572284240528987	0.0796512580483508	-0.478588936247667	-1.45287507995916	-0.636623419257765
-0.0406764763500514	1.24892175765561	0.0254838428073336	1.64435895820794	-0.00159050019256188
-0.180820403864394	0.0643706978842959	1.25178912139683	0.36452596646394	0.580967669352012
0.86796216110683	-0.435435887553761	-1.58706178173035	0.773317523079337	-0.591970176236483
2.92186487160674	0.21300173894205	-0.772440411342387	-0.213846092924012	0.248544303519957
0.663151810588454	-1.28226519868269	0.571235237419789	1.42789584930592	0.669809974126077
-0.0430077558090508	-1.31976106139591	-0.204515547643119	-0.343425334964419	0.755994874546039
0.110179765880113	1.29434645710219	-0.554080390781379	0.738243227560834	-0.426369104992905
0.167722584797199	-0.780025291301794	0.820728575250018	-0.246017412287203	0.74377715106314
-0.332297745581173	0.383061677559995	-0.31490228640148	-1.21910307550044	-1.14642570018786
-0.410382296895242	-0.149621471666005	-0.116547992212285	-1.42513222544993	-0.882654428664868
-0.648955980526444	0.256095293699217	0.802766931402585	-0.517685401278793	-0.431278478743454
-0.682060204693201	1.5199315805194	1.42895932490285	-0.840364681290416	-1.3047886973172
-1.5562490196068	0.0391824927279359	-1.20913298190896	-0.288312892035284	0.35237276470757
-0.897982777974257	0.177752612995324	-0.0281686189113495	-0.772277003547586	0.51559251472895
0.214861852412721	1.2296662110605	1.23062632032968	0.923881755994389	0.147438172294003
-2.3287800654356	0.615664619361721	-0.888273430663312	0.83179977289642	-1.37282955705417
-1.70111662515033	-1.19271446124133	0.415531678194806	0.287202815849628	1.13407302190432
0.380073159518328	-0.203644358451297	0.144607721657	-2.13488561786083	-0.479640160970167
-1.04413379628585	-0.854750372728241	-2.37853676894527	1.58147389122749	0.24834885956222
-1.05943622520446	-0.970057353846598	1.80572139422628	1.83216645796795	0.352536323751989
-0.959223973521619	0.730289370783687	-0.856701856132313	-1.34078991370328	-1.62550205141447
2.25437254798239	0.234355920888057	0.943767286241623	0.258548825850513	0.821486647457503
-1.01548491985617	0.199722037972087	0.0973222768958635	0.614368605226332	1.46613849429167
1.40377831650932	-0.511120783587624	0.0144030163411597	0.448491656331359	0.0427867736023293
1.10189231303628	0.399215096035757	-1.32964030298379	-1.38902467079145	-0.158690265712208
-0.377995182122566	-0.63806814970163	-0.410048920607929	-1.44537092959865	0.446998955373768
-0.695691043917213	1.1046971710627	1.23231906705908	-0.371424223466872	-0.266902101837612
-0.312907077138109	1.93618754143926	-1.86610201195294	1.37007443664957	2.19098070466544
0.0095187541370295	-0.39524534601641	-1.93137959082188	0.0396821569062727	-0.398277474708797
0.782632241105798	-2.81577750170338	-0.771277249134868	-1.16583373098717	-2.23897111197561
-0.433207805752546	-1.22466192135557	-0.60533372443825	-0.63696703472754	1.1374517595788
-0.18225620348671	1.38891815695194	-0.596866512944162	1.26062687945154	0.263760110746422
-0.592926347466178	2.12181515568551	0.282904731887081	-1.16300838485443	-0.650423666526037
0.145296004033866	-1.36353623175584	-1.64348543649351	-0.420681431013811	-0.42670183254597
0.183030846335066	-0.384249209571485	0.730622382227144	-0.739211950600161	-0.628592502212847
-0.0273407274636704	-0.0778377139451097	0.707861900122792	-1.40086827161933	1.01131071174428
0.210400039216722	0.817757691054009	-0.225565500620207	-0.0256109072919412	0.599453420184581
0.864330915089096	-0.00476195679178461	1.36561483432569	0.199715036543408	-0.455355577481437
-0.546473497307914	-0.28754366338202	0.552444842547283	0.558725289471721	1.49463328923016
-0.162956800760429	-1.28043856058461	0.461807043408414	-0.431265839180942	-0.768274357153412
1.24701450123525	0.538127287342666	0.212933677611896	1.52717353077341	1.11478541209856
-0.472608208968798	0.352827095229514	-0.786365887771919	1.38598912619499	-0.591844511246329
0.679782627174719	-1.72657518264169	1.17329604354785	0.523488328860482	1.22246849293578
-1.56084422266945	-0.327492370341957	-0.444676650566461	-1.90469261918376	1.79686566238839
0.207383366164501	0.0499068872988637	-0.35844615284555	-1.87283394796818	-0.483148127925599
0.332680675463243	1.63360251863921	0.43596948211975	-1.44584423201859	-0.75991360501621
-0.113958013093066	-1.11490052062358	-0.128978877371631	-0.0768860587897412	-2.37969368407114
-0.834758051507157	0.903089577174452	0.443342524604904	0.47252320373761	1.39153583778325
-0.553920607995624	-0.960170319917455	0.102430504375183	-0.324876028435273	0.822513614817789
-0.0149630590127526	-0.857672371878065	0.183953870150959	-0.135526093488732	0.671251126769403
2.94971087669446	1.19210349211889	-0.433296153329242	0.915930339078451	-1.29914755276684
-0.52965200724614	-0.256390101828319	2.53582960100609	2.22440762527697	-1.31024070495573
-0.496553013364571	-1.8692649126183	0.97357167792167	-0.0936297074971577	-0.936428506644442
0.582079002932832	0.840600863661486	0.161666117358459	2.05812949872797	-0.018029542580115
-0.837181303938285	0.00436942983898902	-1.07599535029448	-1.60415596583473	-1.14496922215025
0.809444391222346	0.562387617313806	0.555799206839771	-0.531651804049619	0.953661446985095
-0.732307250301835	-0.313183586830932	1.00740381942516	1.34406378041734	-1.33650156955709
-2.10320628828486	0.618322304086327	0.102975564678467	-0.918749806346658	-0.861387877854519
-0.467255542187293	-1.39166127260344	0.75657252286512	0.187859487267811	-0.286983157347422
1.00233079628699	-0.248955320304684	0.789301866863615	0.594658307673374	-0.861545534721431
-0.591841310748937	-2.48721854944468	-0.461371741675414	0.81153079236321	0.0673092092389175
0.702176337166293	-0.195658791643547	-0.0792634978990289	-0.291081272742143	-1.24434655037186
-0.433192351007051	-2.0330696677524	-0.186264400520645	-1.46429345554765	-1.43706329637493
-0.95148271478543	1.91813270431155	1.5560977599247	0.110831265526981	-0.0136578535716321
-0.779857322757556	-1.10707983340114	-0.731814842438774	0.083126259503539	-0.759514805014393
-0.378576592527023	-0.381200930697126	0.179275310501422	-1.65571070600228	-1.50091100449064
0.148826297036965	0.908354716672335	0.545718858356786	1.02548947466392	1.28582005239765
0.873741098044636	0.929460176858076	-0.0454171774376552	1.88516232240125	0.934239740756612
1.66649823846317	-0.752690396111028	1.11576219334206	-2.03517218516638	-1.19071280987721
1.02185537650339	-0.894607960754206	-0.148729755705361	1.79554733672467	-0.127145717033566
0.171719479072215	0.812850054992094	2.98341328606473	0.473895380823994	0.370840974822194
-1.90174979404995	0.47172027001898	-1.11361930405474	-0.549380818960949	1.18098736729751
-2.15052426886464	-0.424073890337634	1.08557332255277	-0.842119333521925	0.421165028431996
1.4261661820729	-0.0346349051367721	-0.439297790418722	-0.86941933112924	-0.00267389900363022
1.14064429542062	-1.24284307451477	0.97484995327655	-0.274905321280497	0.5776055417913
-1.0989410719369	1.91225948609782	-0.467946030550673	-0.0578895494654355	-0.629596657921434
0.144173557695254	-0.230855113568983	0.0963472472139277	-1.88587346486756	-1.20816012971799
0.318388210842868	0.561957880984993	-2.05217496624903	-1.13173325573295	0.792679380155762
-0.343762608022385	-2.29797109280426	0.582307008106432	1.8905119745437	0.809327716344572
-0.441918630428374	1.16743803783519	0.176003683992636	-1.36512710321502	-0.930969982675331
0.91197364023726	1.84639329554221	-0.731782961775913	-0.125404231465474	-1.84684999729588
-1.37931481802546	-0.355195011623463	0.584328735082646	-1.05122859016125	-1.060892797055
0.617581582308985	0.545464875937706	0.143422083284563	0.25019241911689	-0.794789847744211
0.0870869579767421	-1.95704655354684	-1.05058828976592	-0.34573796736832	0.778241742280565
0.346450995657469	1.15457360174309	-1.29451630708122	-1.0441928511183	-1.7426915114629
0.490386036458296	-0.703008025305876	1.04872178075549	-0.660645175215332	-1.62202565996358
0.612495702761996	0.238630892773176	-0.341735671344444	2.522749799043	0.0261235869459875
0.40239029961992	0.251925736729912	0.970985481360328	1.86535115223659	1.36173027399717
-0.868772891949256	-1.55445839169856	0.622700919103446	-0.104549676609492	-0.674213617480724
0.84612410361685	0.246820529898426	-0.225169977559514	-0.739927246235458	-0.416195249050996
0.031922165843346	-0.397693781627463	-1.17174358625578	-0.988206348422678	0.0099602716717848
-0.26924612763413	0.684595781796124	-2.59915730824663	-0.813624687663266	0.515214509009673
0.645784171068902	-0.709443721016393	0.650490340058425	-2.14354556955283	0.196381903178009
-0.326407478366045	-2.00250074991274	-0.522133945614097	-1.71042899155388	0.99451041145853
-1.11223086675321	0.876175128820482	-2.06899560308193	2.20265785862273	0.596789135552136
-0.770032399308042	1.10277169068035	-0.239982441075551	-0.232474209587779	-0.473109291869524
-1.65658053348748	-0.734792874786732	0.18700063129246	-1.73072715654334	-0.236177996703607
1.36466081544086	-0.0466429392288126	-2.04884992267029	2.08125801662617	-0.701026184717393
2.04158721846435	-0.266574630584202	2.17454054266819	0.362874107392934	0.497190218046514
1.70976816401244	-0.389378450202795	-0.231897800878585	0.834564014321779	-0.385682612037134
-0.265676373800823	-0.0139752273443935	-0.332996924985938	-0.54808432501154	1.77956385371005
-0.753824980963521	-0.714129279241544	0.600525098591976	0.166622683379197	-2.31000293465508
0.253854911331825	0.277865961660888	0.687505757299826	0.644106812646638	0.999643583602556
0.320122452327514	1.82720356226916	0.304630042668389	0.316642229939099	-1.28855577253689
1.93683153947539	1.51901579055752	-0.334441761366491	-1.15148565778115	0.554422985562252
-0.529106485332331	0.25886804154974	-0.0435432664496211	0.350877999088138	-0.546892491458187
-0.508814320165998	1.77111460750316	-0.409973871877183	-0.925480375434254	-0.424001707771288
-0.811908144048249	-1.81708145266127	-0.451754974251212	-0.958675777296017	-1.30991629168933
-1.33342895503399	-0.814765164009186	-0.685496360320847	-0.652693823949064	0.98840996064604
0.990739450074875	0.757924281938946	-0.392512822273249	1.35613940078311	-0.716028709993249
1.01647132703299	-1.42163240620801	1.15723516988543	0.70972196807711	-0.424373679606071
-0.131341036783842	-1.24296584480347	0.795675778418946	0.31544032215	0.0490214782679302
-0.548722656702896	-0.697225237204864	3.71640040580596	-0.607567483225355	-1.01924733148663
0.0298398322224572	-1.40289989568408	1.90119893443204	-1.0126685273469	1.29478948199777
-0.413104446828101	-0.563495706866407	-0.711444165066624	1.01912471956778	1.05937849806895
1.17393224047487	0.198823382553769	1.96227367030241	-0.858731768089585	-0.448429492888445
1.46355460337904	-0.421561245267219	1.83067884039066	1.3973458415781	0.550829039091489
-0.533739181156103	-0.791728975153422	1.40408025047939	-0.359549046379172	-0.679055002038356
-1.71331796504509	0.16104939580919	0.661724183771044	-0.162701752735574	1.22351282226262
-0.888035259748012	1.62266994806488	-0.368209544577249	-0.323774488213214	0.275493219617473
0.864355063456992	-2.01569872255182	-0.368265341987093	0.50847832438985	1.05475457984576
1.39550911779602	0.328769271080264	-0.287746872465367	0.197207259074623	-1.86718820368328
1.93321851286446	-0.0655305581821826	0.494747388748755	1.01091297943528	-0.339362841361489
1.83479605348006	-1.47526536228091	0.183643871724019	-0.0648046951579826	-0.721145175063128
0.565004613476025	-0.236394002406547	1.9773473721443	-1.24023100674686	-0.831247508068869
-1.65165940458494	1.12427906714062	0.67931185265256	-0.978882167516056	0.0944212193179215
1.17292386134437	0.458462146642437	-1.06140164576188	1.34372144846519	0.55191158486968
-0.6438210664537	1.37902396503901	-2.77639606903407	1.34726059293259	-0.0270402568848852
2.29117295370002	0.639075287188149	0.25162197444617	-0.634859391794493	1.14236962117768
-1.77516645690844	-0.459556178438214	0.215142466880411	0.988793013876189	-0.632110420615451
0.0101575398334817	-0.237434080691233	-0.559215390790267	1.55177282862194	0.977556224894259
-0.900734661937957	0.406733242808437	0.513996526029162	-0.160641397975304	0.403567546103033
-0.116787343704705	-0.406896788346939	0.397787373630517	1.43715984475352	0.123074617001721
0.943134063255055	0.317139986801423	-0.281740999038836	-0.182492888539407	-0.805604208389186
0.953407516934306	-0.284942465432741	0.215641116440274	1.40956350090815	0.550493289788955
0.644510640198593	-0.476810008561212	0.662041061554966	-0.121168129344183	0.467850179640695
0.545513425715842	0.458744630400649	-0.41060036596826	0.0622917444326275	2.15828394533057
-0.591182452946362	-0.72868510433856	-0.797548912400876	-1.37955204483518	0.365155682220684
1.19479497090841	0.243886543245615	0.248735725302446	-1.11939564281019	-2.15179783766772
2.23404542817925	-1.16779684455773	-2.06971147121291	0.173843270572522	0.848666417863332
0.468530657787794	-0.396366811733866	0.373538708261499	0.480664531550565	1.68034081871233
-0.317907753622983	-0.5111675921107	-0.396219764537974	-1.18895794271299	1.6777045575823
0.072415300010078	1.45382812848297	-0.674816377411745	0.776323916669614	1.78269646253655
0.189852836615472	0.586703422755195	0.0868763263740434	-0.431286163751837	-0.362103110728167
-0.698873354397974	-0.744713458866532	0.964299819937459	1.13627760287026	-0.491361492636718
0.466729046513323	-0.956937811187934	0.95671611089072	-1.19634644039157	-0.00289798038799959
-0.485621978895359	-0.712522898796359	-0.149664339940722	-0.903095262315769	0.253425621791319
-2.25188628078575	0.329792334663814	0.124844654591309	0.139677824368145	1.15000421503236
1.19353553176496	0.986084384696769	-0.415463807658746	0.442710880386286	0.826317270116121
0.719158430330166	-1.07122451126482	0.91818418291184	1.14415470114845	-0.25710734625308
0.295277649830617	-0.994852216689332	0.859430600387409	0.866639311948988	-0.158383514451069
-1.47343316157088	0.993617152790017	-0.965568245669267	-0.736003919103492	0.509013825370529
-0.125615629157484	0.348586389890088	-0.949192585367917	-1.64255798910744	-2.2049327903255
-1.59393900744355	-0.621300297238748	0.271832772767745	1.27655394693374	-0.41775989517365
-0.244780922273158	1.25984371611177	-0.50976978133248	-0.714319439644128	1.11590373460412
-0.636474429734507	0.30453777499939	-1.02661839285417	1.95899165602646	2.29170679126046
0.969943548609281	-0.0609805664188025	0.0473833052778717	0.348340184106983	-0.73075594722791
-0.677733237223866	-1.4072880678948	0.119563881301157	0.0190703844766794	1.04503726967497
1.23424079518669	0.893327346916115	-0.0602209562996881	-2.2074687875138	-0.460429655549431
0.810022288131339	1.30692580898054	-0.501009358980579	0.2154129083404	0.00789191445938589
-0.388505108029913	-0.811145212466224	-0.633618939353633	0.0628585228533783	-1.82077558805525
1.00620468124341	-1.05573028510096	0.612580138930191	-1.83460689810693	-1.10294362593342
-0.492315891196048	-0.50726094722329	1.8036365327008	0.201682598656828	-0.138927864746413
-1.36849373884095	1.35376199168924	-1.03569052443896	-0.479544385910146	-1.10777752659064
1.54528521426286	0.0907042217678225	-0.979078467498337	-0.497485041060207	-0.395048365256587
-1.10891187253116	0.604759044618525	0.25155302718857	0.446663720770921	-0.145101694436408
-0.754910866462918	1.23533905329659	0.243894130513356	-1.28293894847856	0.768196059544246
0.894202446215312	0.192869398538599	-0.601009896531306	0.215765694737865	1.3493637242331
-1.31105383285804	0.134605244298189	0.398915985747456	0.334084746513521	-0.169754754017663
0.505154454874843	-0.263848191739986	0.926077812185396	0.21550664493578	1.7093067282879
0.895139308431041	0.582483340795871	-1.08856562580031	1.03943931929373	-1.43267344908382
0.337882290722402	-0.224930409287909	-0.298069702086219	-0.332708698961227	1.17705007502463
2.99257279454583	-0.703301145959702	1.01244618828022	-0.540156191626977	1.93485012358103
3.18575475666505	1.34324571829149	1.01196124016337	0.400917257445843	0.398842062224397
-0.213582663200934	1.56123697795012	0.686166781061084	0.23173283595211	-0.616039554776464
1.77452916899436	-0.261581719162363	0.536322605835279	-0.680222064524838	0.875073282979799
1.91426558851637	-0.586288684284745	0.342363791403873	-1.46440603321104	-2.6135504916121
0.259056961763771	1.7329318566761	-0.300637209362126	-0.138409529410868	0.523339658727514
-0.0856096149851039	1.30073865812688	-2.58685145801457	-1.11865032630939	-0.77112109353721
1.11812546527935	0.899437341300194	0.0809616642033965	0.854273806242749	-0.773724908807024
-0.0363094157568044	-1.01977442787578	-0.379196927831741	-0.687603258866778	0.152484739187879
-0.713525647880692	-0.796676354746825	0.131470821258328	-1.34181738696631	-0.38268976244802
0.142813579361741	1.43080427190864	1.25971844346705	-0.420161614484623	-0.385547531053212
0.120656483896951	-0.502244751406399	0.514553276325617	0.354381909684142	-0.732581098167772
0.437860070032698	0.0560541247579272	1.2399617105495	-1.97466770288229	-0.0553039639119072
-0.306895417769166	-1.12559832661821	0.835825820883162	-0.23740678819763	0.289585846661194
0.945501715015295	0.0676781806647768	0.993014085954902	-0.0542374938831092	-2.46341077071943
1.37874076467173	0.190238642910961	-0.559384576084688	0.919819887432708	0.444058598985445
-0.240520261264166	-0.813507040090905	0.29984852061337	-1.66649875341139	-0.936672952642741
0.147841682253512	0.0549396350871133	-0.90960765353618	-0.494250465918432	0.473104869391315
-0.171862817096913	0.147722268611006	0.979982075617409	-0.616517572089194	0.625694872744976
1.12231816566381	0.322506882071736	0.708139327210981	-0.247938979513344	-0.827056675345525
-0.538064148982709	-0.541701194983261	0.162213628424603	2.54788879503942	-0.139087807877453
-0.0579905090753687	-0.669611557324247	1.83462191210818	1.28159403386703	1.20846573719652
0.541122796521233	-0.618899943700161	-0.453218991522523	1.32462820654008	-0.589897069852141
1.93628185461075	-0.127693980194885	-0.0648234370087539	1.80340140063351	1.15700089358293
-1.76605291918657	1.22172216844655	-0.313562703288041	0.692629559803178	-0.163041423739835
0.148199135309536	0.438029580846924	-0.642320651660172	1.26631410833304	-0.0072322674580927
-0.863371115272537	-0.194348458812365	1.56929627804584	-0.194798435842104	-0.0547777676860224
-0.126279236701122	-0.393674044374035	-0.107789560356691	-1.34487360009343	-0.453371848214659
-0.295927004426093	1.18272032367832	-0.698266824453857	1.17109305761595	0.806520344508339
-0.949650024852795	0.521347868824396	0.876336383497179	-0.184391043679642	0.13937249298514
-0.423832490275302	0.838343770468195	1.74616822044417	0.227730554414572	-0.0202619988380766
-0.0369664438743502	-0.449825753517353	0.520095522197722	-0.743890518271997	0.463013089514452
-1.76646475715333	0.916048272242324	0.12263617189651	-1.04067957017468	-0.0147159526456995
-0.721929060193918	0.883972082597068	2.1342241373131	0.00259032832141319	-1.13235296491754
2.30365877241631	0.516673007136456	0.0533096511302916	-1.32095677564834	1.23430068401997
-0.30484243347914	0.602546189032818	1.23536056883272	-0.688731101335423	-0.726267070060265
0.807883841416623	-0.105618708644017	-1.62450023722196	-0.793527015970728	-1.68312651509949
-0.880050714702277	-1.55782418565375	-0.0582865627391371	0.530761138413998	1.02188058492025
-0.0890474363022522	1.19102400189953	-2.22405141674919	0.129211036775512	1.12768439993681
-0.246550251280697	1.01792016519448	0.386070328184828	0.520634703242413	0.79171844745284
0.139364598742158	0.422756930108938	0.448844611441491	-1.16485458646959	1.78459697610954
0.470573297971793	-1.75971067138411	-0.391105143751504	1.0556101855947	-0.208963534563463
-0.480456264032045	0.638184491443244	-0.577167272956418	-0.977194045442448	-0.673874116880805
0.404168951713346	1.38745984504527	-0.813069205042775	-0.314394328142818	-0.799877910672354
-0.260444964077789	-0.342338867705493	0.20114491490252	1.33042178263372	0.27428737304681
-0.302968234787705	0.807500113437874	-0.248692736808864	1.54598067532403	0.499572859722934
-0.796533344586263	-1.07512624742208	0.481224503639216	0.344232345702463	-1.76277075582335
0.306051844380328	0.787168215975463	-0.908623094014956	0.512457224872882	1.15427361670612
0.80631603311561	0.943582345965161	0.17861001751443	-0.644300441168128	0.311244312589134
-0.16301004967049	0.993514495866644	0.907503781358312	-1.90929345916749	-0.558302557131343
1.25578899558108	-0.224445026491144	-0.606805229266838	1.49066695473632	0.398046583218461
-0.429496696338339	1.16510307519288	-0.31669355553823	-1.11347847289587	-0.780229506404503
1.5167325582121	-1.54892835107347	-0.00183885013425452	-0.887684077017658	-0.610704948625083
-0.654372463420957	0.852496947337166	1.1217930726807	0.614666619851715	0.789373155854317
-0.364864621264427	1.55634222266444	-0.211010679483897	0.78008452546663	-1.05041073316742
-1.71496150519465	-0.357056991026552	-0.135577036895331	-0.644416769491076	0.63547642284873
-0.965435640711605	-0.0925580971553062	1.62197978196956	-0.528129323632927	-0.685398149516748
1.50855395494685	1.68201987735632	1.27413906503237	0.94818531327938	0.568340795785912
-0.767902455616454	-0.815860051802749	0.618047363495917	-1.99668140817435	0.373746658892032
-1.17639823552609	0.488816775867616	-0.04565317774737	-0.788647471727092	1.65483045096037
-1.53508209228404	-0.31651076087819	2.12460152711087	-0.317152115256356	0.242737892225941
-1.53877213237254	-1.23438960225067	-2.11379916614032	1.38280625708503	0.954355101795045
-0.11746846979738	-0.413876969198003	-1.35281409480977	-0.45235753998014	0.651254511225517
-0.364312806983079	-0.947440013605767	-1.10692216585783	-0.204719870447796	1.07264735918345
0.0638040143490655	1.52977061356446	-0.144597735977574	0.354941737852197	0.62687081384198
-0.193192410307557	-0.765641028281392	-0.283038567918695	0.0996480532122817	1.82184126411574
0.912056792006404	0.275971880416949	0.0682695851660904	0.00892348258338356	0.267644890269478
-1.20802205425679	-0.631054899669247	1.87518875219866	0.629865748013822	0.184798573846805
0.420557700077904	-0.164836947993235	2.58192648043631	-0.102761850281084	-0.170895366448818
-0.529639567551351	0.212652182075604	2.19971980459041	1.22632211129473	-1.21196795477809
0.0282489063470878	1.58628591190667	0.405263213069481	0.439264786613276	-0.135736929193335
-0.497605481253125	-0.741196047875675	-0.397838001434207	0.00132838829981692	-0.757037803712455
0.660092524402386	0.675685759375488	-0.226011327971586	1.15980785763731	0.0601877855679946
1.26957409535947	-0.239206696881623	-0.0412788641247794	-0.642694597559723	-0.161878548518237
-0.425923033411226	0.82674687756356	1.20511840725584	-0.158387331436454	-0.525654991976055
-0.024974882520033	0.449101395778258	-1.30519692441295	0.410574571055818	-0.182182471609854
-0.320482283247616	-0.73161087033527	-0.00587885324409496	-0.343214265253027	-0.481206271464521
-1.45270787993221	0.730419638664059	0.304466140584366	0.17413210658817	-0.277064860428285
1.81040571936871	1.41247651431755	0.220057893989312	0.766906200353455	-0.0443066880134988
-0.189550993250668	0.0642891086292273	-1.84249756491085	0.732495072991773	2.43246823090641
-1.1202456307176	0.202430418239805	0.168575574955079	0.0942449172986564	1.8259120124758
-0.952893961595637	1.56857319925791	-0.63000842551264	0.805275436813134	2.05034868528954
0.752943405680811	0.668127473079488	1.70453539212327	0.130273620523912	-0.300544548853564
2.06108191224593	-0.831322736911334	-0.915205291134292	0.016478010432687	0.758952261327908
-1.34380000563114	0.716947307855901	0.194807886557949	-0.17937990167881	1.67946578721948
-1.24067307219674	1.32890873714304	0.903004785126678	1.14798561509117	-0.478482501046458
0.792042417866716	-0.0331853422922188	-0.220530926730689	0.800529418507806	0.913670615557513
-1.09492193114186	-1.70485275992644	-1.26121379342616	1.13121059843021	-0.342741263533937
0.285317785343318	0.720617958904868	-1.00271353619029	-0.496963655593523	0.25108991137387
0.124681043292997	0.981723066362465	0.121425992614059	-1.31966307306887	-0.5257962105096
-0.0578727322656497	-0.693823894146073	-0.878170326395481	-2.00662472177854	0.284169341513514
-0.350885174837003	-1.36840697861984	0.262682938139539	0.623512896006092	1.10184885288217
-0.730401505507652	0.459895968273666	1.01277402111313	0.399952946647688	-0.166756039596195
-1.18404133176988	2.69465589614509	1.93906069544621	-1.05590755634391	-0.597758856972528
0.494279425993667	0.616284908955485	-1.15516401218431	0.608701015877389	-0.92010077262602
0.763811249017866	-1.02114858050402	-1.71305797421952	1.03691092388724	-0.593977546062975
-0.108851922909044	1.21156932525149	-0.165853612938204	2.28263097594529	-0.280158710186179
-0.765988818230955	0.429198157474767	0.0479620648459783	-1.38104671947682	-0.286058506468479
1.27879742867741	0.550729593960342	-0.276894036827027	0.481685658920184	0.422517280895623
1.03675464038899	0.967922307186699	-0.531318673286904	-1.05828707161939	1.49332636258413
-0.523134265548845	-0.0742020261121936	0.584032427854612	-0.239706844088507	0.236594783651087
-3.47470163286566	-1.57581434577186	0.704852418526619	1.13351678412085	-0.10867448668521
-0.367004313784313	-1.54400142290768	-0.378736153835325	1.43072175022065	-0.731606242684204
-0.486391516559672	-0.238807907819744	-0.243340541768009	-0.333910106696417	1.02224726915934
-1.06222981647888	0.129476875580378	0.417892477724503	-0.430474078740032	1.51563137466877
0.323871589767123	-0.0957420463761865	-0.0938085869439104	0.535743233346693	-0.0764986985891979
-0.411471101057454	-0.118590924278938	-1.42732778159023	0.898370837403279	0.00479718545055559
-0.0550140750237986	2.53893157785379	0.565366059529331	-1.12597688848487	0.707338654470856
-0.0429943672545099	-0.0822294921958401	1.22194211700122	-0.143311300362762	-0.687031326738816
0.180969969572259	0.307311054736009	-0.560337260185059	0.181696595901514	0.59061321177561
-1.5261967614932	-0.340726472660198	1.651493207958	1.40906427594013	-1.74852297919207
-0.205924808160773	-0.270231955133	-0.0352445495529475	0.603268727028887	-1.28979760251416
-0.234714908352346	0.384895411256225	0.549995646357528	-1.06526486421496	0.618912691496495
0.657097597573889	0.355114243219005	-0.838562066677204	0.56068025735744	-0.202984311658559
0.111973962644965	0.432279160142296	-1.3730602901359	0.479037871162512	-0.419196119348819
0.744390605614025	1.19923798828723	-0.929380911454552	-3.13141405288773	-0.75587450416363
1.71039630753895	0.0702248754606807	-1.16843292351448	-0.489655500992502	-0.744758441625941
-0.501188780136363	1.26997953287574	1.54292711224724	-1.15108765838152	1.69532506796963
0.88204957428749	0.806661540081399	-1.16713082666582	1.06967747443735	0.305698061297753
0.955830418427149	-1.32817953426441	2.43277694969414	1.22302033444993	0.930616241641337
-0.589774150913736	0.312093697592264	0.935096933360253	0.964465473278916	0.0499146952124231
-0.178850896710877	-1.88414691985186	0.572785630709577	1.78347883797897	-0.615252754701437
-0.790952889141181	-1.43453198962344	1.33849260594221	0.97186596374082	-0.502449463542638
1.20222080609261	0.560544126478836	1.21306486119849	-0.517102187760345	0.80859824912841
0.41721409049439	0.691769433303194	-0.418131528772293	-0.824325255751488	1.11823680065939
0.155989676570456	2.31388873765424	0.976486939789025	-0.965739953480034	0.626479169364113
0.961040678131828	-0.516784648732178	-0.668905741414757	-0.104585412183911	0.241489439401734
-1.38923438809084	-0.366851574097927	-0.774209818796749	-0.103010951042797	0.423102710786257
2.0105239659684	-0.818588991054437	0.185149934546976	-0.137211170190995	0.192220471037329
-1.54953397519305	0.556504994651937	1.24696093947859	2.137779595473	0.884208716506167
-0.674344394952262	0.45935961534228	-1.6046149792838	-0.292025976464498	0.244369116030386
-1.26394143452363	-0.298484465093998	-0.0299038417292903	-1.52164215510499	-0.704950419851394
1.10497895152074	0.0370472056811906	0.604542535213363	1.82566953670384	0.157811346746036
-0.355447876161177	1.27867533018872	-0.920604935325269	0.63781936443096	0.0533431977961058
0.47654197593843	-0.307703728886627	-1.2230930273135	-0.776325248383629	-0.130382994252561
-0.43753406676792	0.641341847340578	0.858331440181664	-1.78392640800549	0.586402433596683
0.229853590719496	-0.410072576561235	0.232368653883548	-0.812133022517408	0.87288359283273
1.73541555393392	2.45562599798624	-0.0723437216324756	0.2679088454849	1.14044302746284
1.47659811541265	-2.68955194763829	0.243914176822	0.515568924579734	0.646052872887684
-0.399068075256793	-0.036668790776467	0.617916383566554	-1.61045589794307	1.13755665119352
0.442440162134043	-0.146655948309925	1.36958617623599	-0.272232483186662	0.827150572221658
0.189055643430103	-1.30314601465301	0.206876362457625	-0.711168100895575	-1.13159597753625
-0.448995200696557	-1.20260108560851	1.37514921506444	-0.104071925250408	0.241734930712985
-0.333127075338976	0.62434052924515	2.0434326316806	0.109851343779869	-0.145625311396123
-0.182246188683494	-0.202364529815093	-1.03530221804847	-0.49962023952767	1.98046132478954
0.381863636611639	1.19720788827882	-0.342303271518027	0.424479499910393	0.199421453738292
-0.610464504557932	0.616562643702772	-0.255934294904152	1.13638418361519	-2.78343605098668
-0.519624710583502	-0.934408668130414	0.077743456022808	-0.927375434474714	-1.04787214509677
1.53711220751205	0.382043882978163	0.0232819381311123	-1.15493439018949	0.423765889834992
0.312934516332551	-1.09463644565342	0.468757253079504	1.32204009638024	0.238774818062197
-1.48575218375667	0.104852227768329	0.394271708542196	1.09866865885309	-1.68373856314012
1.40948819556435	0.557208732477594	-0.0488272414978839	1.28361587882238	1.03187684103717
-0.37189266414568	-0.152433538945542	-1.11583150182569	0.180394299825798	0.598501108171425
0.280562000852767	-0.126893796235113	1.1145070941177	0.178740604048144	-1.43441945492382
-0.838394928023081	0.442882602864796	0.212628053441754	-0.657710691088362	0.722407348062736
0.633028437366752	-0.0894315440954969	1.57005423291974	-1.63224016664011	2.25313184344915
-0.0929069978991944	-1.62381296387904	-2.99891035640291	-0.464335584755649	-0.110823946323982
-1.01548961792002	1.75423543521882	0.291812479819395	-1.97600941879415	-2.71951364612555
0.699368864533991	-0.51201279394973	1.36750838586494	-1.22161200756592	-0.703377689340636
0.784246430814279	-1.1135087155532	-0.397025701747515	1.32933798730293	-0.440971246898754
-0.270373638367168	-0.77684867971555	-1.24808977242125	0.787501173913548	-0.0590149903487549
1.25313434637374	0.961430181993027	1.55247189426536	-0.228306089646075	-2.90444624963242
1.24653472410334	-2.45739082134271	1.39175224864015	0.912372032866052	-0.749944466875016
0.466773273563536	-0.751307438840293	-0.97306060327727	-2.04240158998022	1.09644428889889
-0.4626244367202	0.650299129482859	0.440316039768166	-0.237710754972387	-0.673499081154725
-0.301015276077408	0.107580002707137	0.797973762026678	0.638763007756257	-1.72246760058
1.27658599611278	1.77105624470977	0.717833997014365	-0.577246463424134	-2.12383806991104
-0.86418288974361	1.03080232101484	0.0528839401649712	0.169143382602567	2.35817000825939
0.490781114568136	-0.110370380289444	2.03527393876471	-2.09559232541271	0.766558679985504
0.390735989611512	-0.136251280085644	0.17282599801034	1.64999085115414	1.05284872814244
-0.628401291331709	0.564727726266423	0.482278541264417	-2.07676307894423	-0.727667793265868
0.329503222098441	-0.372294192421372	0.844258525184334	0.381700700684894	0.48643176947607
-0.893089303475931	1.32930225333364	1.15560674435467	1.04846524780264	0.252470943492772
-0.751203696175476	-0.566849478294239	0.367239122218466	-0.232259221882078	0.56112727931855
-0.423472765455113	1.09424333307316	-2.12104190260238	0.0263645458077915	-0.304790338822504
-0.826799616442209	-0.248181690738163	0.791726841031739	1.35655158961978	1.31996063226909
0.428904496498431	1.40891937291211	-0.766713257332907	-0.0469554920766836	-1.85145810981275
1.26587446669944	0.874204033934697	0.409538111594605	2.29500964974262	0.450910878023873
-1.04482576265145	-0.574293792981557	0.474386472829107	1.19286156534002	0.595343002096119
-1.17164337103636	-0.525780213403414	-2.42931079501937	0.859187729020093	1.24838257198741
-1.50283024013539	0.119417411893146	0.786309308543211	1.34719876456294	-0.388472459427451
-0.830025212248256	-1.35204483073736	-0.285525445681624	-0.807162750388834	0.399572234622054
-0.849214376983395	-0.0474302209054805	0.251152572094362	-0.716563655737914	3.00042964182527
0.729868086416665	-0.247961264647328	1.97935777066052	0.943819156606932	-1.09865738720523
0.41594291239	-1.95820810920779	-0.572089491859453	0.460442967684874	0.49608803147716
1.77290199899136	-0.467351339041958	-0.985275993470679	-0.65313675608333	1.31911191498121
0.369396660265717	0.421716637309479	1.67400869091242	-0.97079007317024	0.090897337886967
1.28288456863348	1.55778885357677	-0.865775727324361	-0.532128610303389	0.623495250594509
-0.237692302966137	-0.591461771911371	0.0321548153303428	0.216006203185879	-0.305779389591492
0.317561236727404	2.59006739338744	0.213258168198219	0.618844685029098	0.616915246828555
-1.29864483478776	0.840998483460854	-0.0652564710543375	-2.29872132629621	-0.31800072720715
1.63867656603031	0.238718325789583	-1.30799742037262	-0.851353112110927	1.14223348590637
-0.346348458767475	-0.240948405344582	0.508721574572069	0.81487633838925	0.279456941028939
-0.515477058374624	0.998403724671731	0.669858691053168	-0.592740758153563	-0.394795817301707
0.262186904491239	-1.39430894985181	-0.73597026871246	0.0519600110851361	-0.891177221391395
-0.228435151419438	-0.46117148116075	0.027539598987344	0.0639550104889219	-0.627563749328138
0.362769325608574	0.499563688804411	0.95594745376945	1.17459126391157	1.06965355732383
0.297748634448999	0.231578005059307	0.513609756750758	-0.583033227022502	1.88246186333898
0.836798570307898	-0.0153680311488983	-0.833889522480867	1.33655499497366	-0.868319546046504
-0.299776301410526	0.0742775065907933	-1.60173990111012	2.39126324396589	-0.837575098405777
-0.456271076794831	0.809691092511055	0.901286891953255	0.193814935001539	0.660203519483284
-0.64335230259405	-0.204513715886886	-0.255721988503018	0.194682741196751	-0.409027078479756
0.317703260033365	0.769519852651846	0.814109688707255	-0.359373547473832	2.41379596019721
-0.661561777100425	0.817184647019155	-0.197974001500239	0.0355198029627689	0.117058110443034
-1.17331949212204	-0.416191121399654	-0.0435997534500736	-0.409585781128001	-0.840111027317031
-1.51332525203199	0.0678932473214413	-0.525252777491445	-0.93239681372069	0.696268871762021
-0.482773906696536	0.871865947246258	-0.158552179154772	-0.499604181157877	0.352805366811374
-0.183835793293523	2.17109850735672	0.0611739130516825	-0.827270219285784	2.43896013385982
1.11522007222598	-0.123117249960611	-0.510984304243809	1.80201368028374	-0.2513664010801
-1.58493388001245	-0.638643214010086	-0.0696691671617788	1.33955243025326	-1.90322799951804
0.54423782755973	-0.0600017103149012	0.190473893723688	-1.1679531365066	0.83129377371396
0.553760259369073	0.764392489247029	0.0917550418165929	0.948923369325653	2.39874648683375
-0.213143186305302	-0.259386966276128	-0.302126075196263	0.467055613678549	0.45018874046557
1.77357029504626	0.496903228802798	-0.791069342186923	-0.76684165703564	-0.241322620886607
0.0177881936935915	0.505795035345552	-0.154376429782911	-0.952014459558321	0.477196896239044
-1.23830809158164	0.315548000060067	-1.40949643966955	-0.804218671872876	-2.05524279493066
0.181771803524356	-0.335680516913534	0.551860884625364	-0.784774683605628	0.456034741957406
-0.990672049997689	-1.22248777155792	-0.553007280621419	0.915130424049831	-0.0802326293588433
-0.209541277876584	1.15998934162365	0.331390564454348	0.214330390773277	-1.70554908451389
0.594596628100673	0.120760183986806	0.13674499903157	-1.53862987987471	0.246938674583056
1.55392369017973	0.0632375489727805	1.47280581662359	-0.866379366342383	0.706068376676449
-0.187123603526505	0.340356316319184	-1.7490601663932	1.4378023728242	-0.190396308349394
-0.555019384133699	1.56839601809506	-0.842267734502823	1.26615868001031	-0.49912647179764
-0.0325481872284008	0.268510412169027	0.7369008129368	-0.598309270778209	0.466209048291537
-1.99424395875055	-1.07660509484168	0.203611337381752	0.0181328737194808	-0.825654411094533
-0.704135802672442	-0.180758325986383	0.606505302419487	-0.300848616754307	-0.692009305964479
1.20750898508856	-0.32764276634472	1.87768169246383	2.18158841032805	1.43918209979803
2.75702901034479	1.37783116242431	0.0681370354606303	0.0769168377448481	0.382477211327902
0.794253458471162	-1.27981939704451	0.571999508514461	0.0837444029123114	-0.592723377996426
-1.32725510226127	-0.512460326014251	-0.263155517469249	-1.31410076312832	0.778626774313543
0.92074459999441	-1.48926792023595	-1.04673822676768	-0.18039967401763	-0.384103377887421
0.981347179851008	-0.815741302995279	-0.974861591958211	-1.17675753374428	-0.494781973621347
-0.376727511074287	0.260802179746662	0.977058471825157	1.13987565972281	1.44342409539719
-0.483616868216937	-0.184746369899826	0.701206619438328	-0.236640927732727	-1.56720478739278
-1.26583295062744	0.705721508087412	0.870058137486311	2.01544214418445	-1.84701266851515
0.661750689598994	0.244779622715269	1.76256682148897	0.951336317528467	-0.498336385090197
-0.434897177204763	-0.971814360773054	-1.83819879897804	0.266124298910898	0.547813284181698
1.01627386593418	0.977064862882258	-0.586781200254154	0.85538252476595	1.24449483647024
1.59199091426668	-0.478932868253984	-1.36726982526578	0.48874786364902	-0.201521670460394
1.29432372478189	1.48567571723164	-2.61406424147566	-1.69120935542031	0.58991562984384
-0.221963305872879	-1.9417029915403	0.692551872024598	-0.379364555388614	1.31565516721625
0.83558832720078	-0.723325177384319	-0.775650397391908	-0.256638759612381	-0.128490208057463
-3.15441020794995	-1.59568477399596	1.19403984541814	-0.0936665548204067	0.42509723086295
-1.25651901197779	1.96762234302452	-1.34674574588851	1.03995404950632	-1.3162254652957
0.0343427238468528	-0.662987364048516	-1.01714534892724	-1.05845247464585	0.580241725171752
-0.515412979225041	0.25282353360058	0.100613862433393	-0.308552110681178	0.513651508095148
1.81498589309433	-1.18394333299993	-0.198587291688798	1.40997726606103	2.26403006362742
-0.419592740338943	1.14891087486365	-0.61888487878867	-1.5718970551725	-0.561988341573858
-1.08515721655776	2.00431275506775	-3.70856023860034	-2.64201049776945	-0.65654577387337
-0.122381923119351	-0.777388066850106	-1.83514198238567	1.28254387553529	2.01438980146223
-1.29073778920103	1.27448581360786	1.99729652465714	0.30137780918605	0.339762655346451
0.435204487835055	2.27303872347425	0.273613786963338	-0.909320617838247	-0.561985238085111
-1.46624528512866	0.0338334075252633	1.08079306424499	-0.732932351286158	0.296366831752979
-1.45728412621148	1.09360619830698	-0.816476405688884	1.44529015019815	0.413447588975997
0.658506587958714	-0.284823508289465	-0.257158305251557	-2.49631725598104	-0.840227437473088
0.0729776816571478	0.0351985876573439	0.113450317547633	1.49251526160187	0.811624755593135
-0.611301014227449	0.117128910587782	-0.156331607947895	1.59514369758468	-0.557847234185094
-0.107246069957227	0.268209551653244	-1.27815674397172	0.59149284008955	-0.778068583141926
2.70300127459072	-1.0335567257343	0.925950914309866	-1.59798435551916	-0.266288195593111
-0.958936783656764	1.04730939410142	-1.63885298286315	-0.672866871514777	1.18301303758728
-0.770785386164339	-0.524153899492824	1.71016738134317	-0.960303553976149	-1.24317834496789
1.58873966346024	0.787815072958831	0.601559732289274	0.877048837716191	0.604185154415609
-0.819790252377944	0.425368730385134	0.260861365548498	0.812067306679527	0.00341541317817152
1.15370757985305	0.978154093056659	-1.64312298114943	0.35541810058482	-0.809582048548838
-0.0102390901650173	0.251657376650692	0.950973091139673	1.54625421606103	-0.793040758394314
0.0484359285133421	-0.0594699554406362	0.57864718673638	-0.635353955125041	-0.956799618198255
0.145492915138235	1.04953661976682	2.5127888681843	-0.17701106448416	-0.203062805676284
0.75760782843632	-0.794025605005886	1.32586537749579	-1.44033125059346	0.781757899792166
0.885182553856673	-1.11227225658578	-0.116048814348338	-1.40863834227349	0.369785060501633
-0.551943778147766	0.596069949015911	0.835990704000079	-0.131760657757552	-0.206698918233725
-0.438457060749976	0.227499902311465	0.165045289026653	1.90824622148679	2.12339457778861
0.554766241987508	-0.799188246748691	-0.672508294774912	-0.491030003768503	0.173760868032705
-0.419836314982205	0.268433569033508	1.10310442168696	-1.09318561405847	-0.0565565195910176
2.227303263538	-1.76958328788112	-0.822148371682742	-1.74314161370618	0.593980570910665
-0.0198326991437128	0.340670889169883	-2.63203743442558	0.720392116871132	0.866779065685224
0.320218135580408	-0.365200593815051	-1.03239874070764	-1.03426571464893	1.10665619502002
0.203407543719918	0.517572142862272	0.209551732530897	1.29497893883279	-0.999021674964944
0.534025143261174	-0.606285657404595	-1.20727870789391	1.39990807515871	-2.87691765690089
-0.712475739234622	-0.303945980388234	0.305902545886875	-1.09806123621282	0.747856464857082
-1.1095467160813	-0.858327769316099	1.2592292010285	-1.03092422529711	-0.946526490531154
-0.0184335921040259	-0.921330780664	-0.720544261902453	1.53859738356054	0.708773311686829
-0.385226660614497	1.23193994482305	0.039422778209635	0.134482350882981	-0.381767265677999
1.98506272422833	1.40653366362769	0.410465959477478	1.09843286592966	1.39168992513296
0.52130466624966	-0.30478289851469	1.35914626120698	0.8611916965865	0.812715781418282
-0.105186093343694	-0.835073761073078	-0.681656659622944	-1.62422172700658	1.34522738379781
0.522479640463787	0.867474910112767	-0.260955066921717	0.467319125583152	-1.61341619521497
-0.0940203283244418	-0.453339135474399	1.53445683377027	-0.19033460733078	-0.751239886506138
0.463708787808021	-0.837050519252859	-0.501598157512651	-0.46490130188252	-0.941177388852219
0.754248574159281	-0.857010591595501	-0.401495601445588	-0.00770788385337381	1.00777974011579
0.749265331319493	0.774289064820499	1.72825434866368	-0.728226817901082	0.441653565711125
-0.320809575837378	-1.05609860131156	1.03419237172421	0.196096640689402	1.40983453821139
0.537435414522395	-0.150012178690899	-0.486650937762272	0.734457695732594	0.0928909139720376
1.04461074880988	0.481473661013147	1.17205954841904	-2.26513389332507	-0.250878982803636
0.859330111615642	0.095035793771251	-0.714439042937959	0.172162360152386	0.830662267684709
-0.47466342785986	0.279776445678045	-0.303189803137778	-0.346228705483615	-0.24796122623006
-0.113875539489987	0.228573931458854	-1.26400913689748	-0.951522639877931	0.40783648879093
-1.01954562962578	0.620625530100172	-0.456331380873141	0.861614752528651	1.22608411466238
-1.716555412985	-0.360491879183161	-1.02579839503062	-1.40357721261529	-0.979588455120141
-0.732089916505093	0.0238854460771161	0.228823882603159	-1.39825914060923	2.250530804636
-0.764201192087205	-1.3054879080327	-0.187941288170156	1.26093567080456	0.49132618967881
-1.49683281251495	-0.215626904380522	-0.306700942105467	0.076476687394499	1.91364998371981
0.642072626098184	0.421197906707408	0.248987963873984	0.112344059498763	0.608386255039249
-2.18921808765848	-0.786816251308703	-0.156969628891778	-0.166893112999462	-1.27794257161701
0.0800016142106767	1.30259412223979	-0.652297434537525	-1.61304756561306	-1.37532382496502
-1.64786815484291	0.0981999045725415	0.525750139916004	1.89827114861458	-1.62823961527678
0.770183010686313	1.41095430379489	-0.588371126750202	-0.793277677388921	2.12283485850326
-2.45040645027651	-0.538923560089775	0.317483622273878	-0.248633091913559	1.81892063134467
-0.112132753181453	2.39008122713268	0.220504865390824	0.731857969259044	-0.806628895154134
1.00012231644542	-1.09752453533328	0.380844963073991	0.400545262949205	-0.978729988886231
1.34091080513553	-0.760851308470871	-1.16616536459901	-0.666272111089257	0.085673050919619
-0.88025474292834	1.05963965088727	-1.91170869911621	-0.508812176070628	1.48034128878551
2.02198573249386	1.70991770992037	1.02860628344201	-1.86688132339022	-0.375275448405319
0.708718477577559	0.46990945085682	0.307867153266138	0.0622039521218186	-0.874011664654725
0.656060699482645	0.010586069569821	-1.61302132146169	1.22509456533931	-0.214561304659394
-0.515958504107704	-1.48512812557626	0.564703988044499	-0.312031471215896	-0.378217163460973
-0.236489638425285	1.72558838816257	-1.34776149465678	-1.20813172483862	0.154490970551371
-0.104380894690511	1.39743708324474	-0.262077914560977	-1.06159132048967	0.350680819409387
-0.0308828040536945	0.443674427546933	-1.5277399520313	-0.157512490729968	-0.222209718382098
-0.924549198851383	1.3161125994321	-2.45177906781826	-0.133269197741156	-2.06422927767796
1.19165517694127	-2.07446748270802	1.00587417772154	-0.185667328680073	-0.153983547804585
0.797449282974465	-0.998543818172165	0.023547968314232	0.525285879086025	-1.08023035464978
1.14209924836614	0.223993492289349	-0.035997156372625	-0.841375593891929	1.31789770773566
-0.89699065294444	0.393902805295255	0.526263895559573	1.13571212157815	-0.140597487959893
-0.443988946791674	-0.288394253469372	1.23226574502201	-0.0694864107132983	-0.678519698932422
0.275235724012774	-1.78011186629088	0.239119780413025	-0.113755163177766	-0.497259974141617
-0.413109317564977	-0.132664271627695	-0.748288064735304	1.67442323084958	0.12976839969429
0.18672369436593	-1.32877602872316	-0.70316694914877	0.88230627159545	-0.502766990723092
0.359228607035813	0.702412075509934	0.207008576421023	0.774990849559216	0.67021894963357
-0.845297499805887	-0.774461910199384	-2.23455777221839	1.84000317953216	-1.14704854702916
-1.98036608456322	1.63916973159565	-0.702362652380868	-0.763933303588275	1.50756480347879
0.583050905534432	0.723385133097543	0.707263792958718	-0.144254236003027	-1.96117472132994
1.00014439855812	-0.121840878157554	-0.351961217588503	-0.143508236582816	-1.92959064983824
1.33926967281583	-1.9364033645384	-1.27741229287045	-0.529303566300319	1.33878877194417
0.103903060685636	-0.307643526558103	0.650263122500035	1.30565176263916	1.21451108183686
-1.20074289363685	0.804196161598207	-0.0162052964344469	1.04702767610666	1.17641319021036
-0.303147065937124	0.850487348949941	0.065619757049571	0.562475740592039	0.6541649475346
-0.244452477491681	-0.902065143343127	-0.561929655496988	1.99205860421952	-0.998800896432138
0.388813260521317	-0.506607577496086	0.575610672767579	-0.311227884900034	-0.432178104901958
-0.931288917519288	0.715945796645101	-1.43664926030124	0.270004933100339	-1.45504890859816
1.72530074708217	1.06140495830331	-0.882119248095115	-1.11745397352986	1.38172544123178
0.718222728191473	0.489775899116527	0.671392785340589	0.845300708629489	1.64544348324767
-0.290441575890114	-1.16499891245805	1.31369289935876	0.873937464982854	1.22170104443357
-0.522853968437743	-0.834515387190036	-0.213663466386917	-1.30332676556506	2.1595358919297
0.746788505292408	0.402301396474897	-0.50336869217263	0.122132456408981	-0.436567234485194
0.167210532794793	1.68277308019407	-1.05219781821567	-1.08842599149813	-1.28644235212367
0.609647975698705	-0.36852788774713	-0.0056500174512041	0.683973765328744	-1.62800127070956
-1.01525765088117	-0.362324687195606	0.855639195407321	0.143743508742561	-1.54639001653487
-0.052596956874741	1.43749414492951	-0.124952293727434	2.08336977523453	1.63271881698045
-0.20832364841771	0.944509172464799	0.696552355306712	-0.780454731991698	0.603870346145317
-1.64544937310675	0.377323800113164	-2.02543898801985	1.19518909915748	0.227261176106141
0.695906156291837	-0.224612526039007	1.52767476803413	-2.66083748277563	-0.904923191400318
-0.453998746104686	1.37489220256248	-0.491918185009821	-1.65736810319083	0.391692054884193
2.66095922131272	-0.968812239426101	2.65141954336189	1.66793895230159	1.17671782944094
-0.171108129585472	1.1303050586702	1.28405567166441	0.351838462472098	-0.303457999905635
1.50252758368394	-1.50170178155591	2.20118151980911	1.63599504941313	-0.620485361242865
0.225655159106643	1.389458736617	-0.77461370792167	-0.153027073182043	-1.10228670209639
1.65448808139079	-1.75809627593476	-0.140690797104403	0.512276254699187	-0.260479892192697
0.136060116533422	-0.372911842729712	0.308724942909819	-0.598470450230853	-1.06248344161622
1.26048500355902	0.175372314799212	-0.602349727762608	1.14343314488039	0.717652747915942
0.76004949147652	1.09872809325101	-1.26987600172279	-0.843690483150774	-1.54041429985567
-1.48499788162155	-0.815153047717915	-0.249397353281892	-0.319721665585214	-0.851883675569059
1.86587431061332	0.169960504510475	-0.0298201770902994	0.159810615788005	-0.393307178497596
-0.0262528322022837	-0.848239566141111	0.194029586299909	1.13403399615332	-0.515127034653989
0.749112558827254	-0.260418739283323	0.495498170053378	-0.223324365617489	-0.773480428597929
-0.693655626911939	1.72053461448089	-0.22322723091824	-0.995884551260453	-0.323617807277038
1.4225653100981	-0.312211112014612	2.23978173069406	-1.67787547795914	-0.579320883298383
-0.851715154673838	1.2019978290773	0.855396193893601	-0.186047314846622	-1.38767959510884
-1.4871381644035	-1.88815049599407	0.276453501544364	0.294573124589631	-1.03261214800086
-2.00493562172927	3.00369106947475	-0.395281109648295	1.80964262120768	-2.55267143212245
0.133664806643578	0.698085664349032	1.25928232189412	0.534845228124014	1.66154464127084
0.218898057445546	0.54846998548322	-0.538018183246613	0.0931204516870211	0.4929112369343
0.198610472578791	-0.357273439734765	-0.209663596715762	0.147172449251469	1.97661396486097
0.0339396798890429	-1.51681971421431	-0.0727286724555378	0.0700346436499974	1.03810129819634
-0.74554217227348	0.55012532963699	0.902650533397473	0.482936637959141	-0.0118817346755967
-0.526159946750462	-0.268995416310252	1.07713774779013	-1.54753288257991	-0.224901408518463
0.281638001843465	-0.0911349407324655	-2.67895611207906	-0.698970100392223	-0.309962932593573
-0.535899616085327	0.147406126339288	-1.42343955140058	1.76592175850862	0.781709269120109
-0.289968241457189	0.498895963180325	0.606099417312371	0.663094479953178	0.00579254956071735
-1.31934456133253	0.49443061495842	-1.57909792807357	-1.19524556370922	-1.25481793341447
0.637396952121941	0.281152480515371	0.0257953203977229	-1.67689928053733	-1.17450926102493
-0.313210060102817	-0.369387270970274	-0.0125044830686254	-0.12691553382345	3.17968227870382
1.28617439569178	-3.41849454891816	-0.253072671537652	-0.120310450488018	-2.40847884109269
0.649750622481994	-0.508113636066965	0.673828118134644	-0.687481205053893	-0.926091622951136
0.609924179817042	0.319886013752578	0.0790965433681619	-1.35542949441901	0.0187875670006066
-0.179968409102716	1.26568946444809	1.12974605943756	0.815870965976752	1.22693288620135
0.131669863703629	-0.790145446329504	-0.511110087583122	-1.20533344108	-0.609604501884839
-1.36320149353933	-0.616262870443137	0.208874461340255	-0.274379505115519	-0.713886672308657
-1.18444841781208	0.0722114053790149	-1.17944626150332	0.529789971205529	1.89527166297567
-0.382255520396121	0.557785169325181	-0.684317288355303	-0.464885086349869	2.19364204509069
0.44037183537821	-0.122973186490685	0.0320778744704624	-0.466630486564315	-3.28300339651813
0.698988573073622	-1.07373619992865	0.989525825057532	-0.161098047062829	-1.42811268373923
0.581216046476874	0.875625342009667	0.0872257465722195	-0.798390583066482	-1.99230474729223
0.89657932448096	0.613680744577493	-0.724501733577279	0.935466983029616	0.883793576896221
0.154101038488486	1.03197192949461	0.455912393577235	-0.0597476729646738	1.05455840123069
-1.16667258489241	1.09166168225402	-1.94247898138371	-1.29869988452432	0.217843486099467
2.23448068867455	0.738612326345129	0.135671995836769	0.58911128345803	0.296639228013478
-1.22906634441333	-0.983291790129659	-1.26187370985362	0.281023872326589	0.88933061047281
1.17445501254399	1.39260151343178	-0.345981303233417	-0.950085327159777	0.645563470266188
0.151460912082924	-0.388603108019923	-0.225783300624544	0.626973099719929	0.748204258035741
-1.91677092794513	0.116852525965211	0.778035067968741	-0.196523781119077	-0.226080780856977
0.951053849388552	-1.16825848200598	-0.47278275369539	0.862105694477548	-0.497328641794071
0.898524920159654	-1.63406701443571	-0.243454734432091	-0.38496631691957	-0.390606373549926
1.07199022653526	0.348621678546246	-0.0739243441481625	1.55918888871612	0.834992964878264
1.45619447664283	-1.41648152568657	-1.03782330044347	0.7655677774976	-0.145220493769973
0.734442824295771	0.201061128303069	1.07118405899937	-0.629430106077063	-0.0879447164318121
0.567515388074491	0.0505030114292384	0.146557927655314	0.403700845677446	2.16765599485952
0.94275865677392	-1.5122570982331	-0.0970455833002571	0.142595440267635	-0.653818318433786
-0.532899808255921	-0.549421438604804	1.48573996847445	-1.01920898547654	1.66289071752256
-0.0331040241768759	0.469717482364735	-0.365619612063377	0.252054224608104	-0.610725138754044
-0.747771106081134	-0.0271564105383226	0.129381491139745	-0.5950111300182	-1.08448230730465
1.57484123379678	-1.3869915788471	-0.350446786325471	0.734851573625941	0.34564295500342
1.16591299407552	-1.74141637511453	1.19181329873065	-0.255191020469748	1.46581894900164
-0.150540023581965	1.00803956115151	-2.25714490095179	0.54626146313647	1.07298511173334
-0.210804706949361	-1.75464109587941	0.849613783243092	0.568358520911622	0.146246432924306
0.0953978812011676	0.787481223916717	1.56053008109944	-0.558076190704434	-0.429030878166292
0.242880800873676	-0.484351717925928	1.04569518926823	0.278383985620298	0.210535627145729
-0.992622793118957	0.932596327186841	0.861399053245933	1.90229643550412	0.478320586863371
-1.06494898030089	1.44771590667571	-0.569256418421268	-1.0154755494908	-0.276318638286017
-0.552747681956028	0.47584842798074	-0.171407536368298	-0.277046933329627	0.0627904144202071
0.0863660294012027	-1.32151951682041	1.03392436913219	0.896832322126245	0.264684423651758
-0.796132451900605	0.0317913529224855	1.58945872830987	0.238049754714052	-0.230277851676648
-1.18663956203387	-1.29733895072896	-0.694861798910001	-0.504810346717277	-0.0383384836930312
0.250463521230262	0.183207931879525	-0.0721001857785403	-0.290498798885308	1.34201106905934
-0.700012247613546	0.180581680031866	0.493562880843602	-0.777003872646182	0.0489498150008697
-0.63123956667094	0.169684714862207	-1.03732698700505	0.952732945963545	0.802164085636466
-0.579618088967323	1.08357379655626	-0.265408976030507	0.0897595071888575	1.14576307049073
-0.6851901064664	-0.0315772884782733	0.133274098244085	0.327653812222792	0.575767653370427
-0.531045267034249	-1.02731679001897	1.01173539135424	-0.253957574351282	-0.0475391147986745
-0.380351193985448	-0.360651772800653	-0.333587826365208	1.21079056837979	0.432855252438893
0.237815234821074	-1.18605097738312	0.496220160285637	-0.478495266152782	0.922417108201549
1.29082541724537	0.469354602097534	0.276186846489958	-0.231549388872498	0.285216091667768
-1.13785005743845	1.00131893461771	1.79174346153567	-0.297631761327036	-0.558953201587672
-1.55323792120178	0.773939799301251	-0.426618107804532	-0.793677455076119	-0.236739048681381
-0.131345087859127	1.50802813896223	-0.455725834304941	-0.365140990392269	-0.372701190626837
-1.32581096935859	1.12933434872216	0.214964637063519	0.459999838147805	0.807720217805392
2.80415907348634	0.34233163194688	0.831868805489356	-1.0950434788845	-0.374861990194884
-0.436988174614712	-1.63971827108328	-0.322299993638052	-0.637683839613293	0.239353241371494
0.350696987012962	-1.88262990635016	0.513429343553206	0.50912475680023	-1.97117320503434
1.32871949204628	0.371952461947751	-0.915472734298375	0.309575414626021	0.0652998276564843
0.950743505860596	1.32577244914699	-0.399292082487682	-0.135891360505577	0.562872957268651
-1.19229011062774	-1.58678514986377	-1.13525316720523	0.314483252114059	-0.392534702135196
-1.11167193221735	1.1298025973099	0.097702029099751	-0.968962629338878	1.39514129314697
-1.63888713068859	-2.49671855642456	1.00996521676792	0.144509333907196	-1.00925336560863
0.57962493271259	1.34565295372976	1.74818951032386	-0.0951850194804607	-1.20875375325321
0.423076299121311	0.0393982928068338	-1.3528034452091	-0.247372052765207	0.156502013985142
-0.995813970570908	1.61239615922667	-1.8656484334236	-1.13554727812359	-1.10432366368861
-0.784246553507522	0.0824371232273013	-0.0512597447575194	2.22199214748959	0.282010026792209
0.365742025409221	0.389137053106019	0.905488036494774	-0.643688335617982	-1.20616029792819
-0.106066126790334	1.20303813379206	-1.60728395375704	0.584302546159161	0.773080334920341
0.222633052194972	0.414044745372014	-1.90496732974728	-0.203660590492853	-3.05476462533808
-0.92639710133854	0.214406314506608	-0.553005643915985	0.132445649106563	-1.42863439546969
0.216307089110295	1.18141511777747	1.65883209640335	-1.34984839895448	1.45919310239145
-0.60988989515776	-0.31647885854895	-0.398554800927831	-0.871282087673266	-0.660298559841178
0.974430173510065	0.13303465156498	1.08877039519007	-1.38335025352434	-0.0156348379799868
-0.96572822214889	1.27198791244016	1.41202635933083	0.780035341927568	0.232889833506154
0.587488642870295	-0.681286560025681	-0.34517021233759	-0.41540491181576	0.870377674910191
2.87138946508142	2.69110047081205	-0.283289922130547	-1.05886996187777	1.6431144820197
1.04813627045929	-0.221009077348549	-0.6458988758722	0.837221197588093	-0.760244423255296
1.15167952147701	2.50550844491845	-1.30751871151078	-1.03780146775648	-0.440476566983823
0.0516200479381795	0.0721788142336193	-0.21314076275216	-0.00328060387057735	-0.663839989990119
0.517071932532903	-1.23632720448106	-0.940538992356281	-0.400801999537173	-0.373336147404735
0.0392810921968596	-0.273586261218242	1.04590087806462	-0.63620750857607	0.334170376210684
0.85416387177451	0.0310365628842618	0.443800396093946	-0.0709131483133984	0.63938554653323
0.182293460739053	0.297700936061743	0.115840644556888	1.16608811483976	-2.41622152770821
2.94502051989753	-0.256722159875361	1.51801892390219	-0.312445859985401	-0.635125135327259
-0.979243933144628	-0.317068246291654	0.885972162338907	-0.863674930013637	0.0740092879554644
0.189353880350181	0.471935350365814	-1.35881623429309	0.279008504750152	-0.822513765279793
-0.928035713268241	-0.22868360454083	-0.378036177557229	-0.824254970925175	-0.746001998557954
-1.59072540371213	0.172154985581234	1.11306228492635	1.34800129566092	0.756124256254073
0.109926654414555	-1.07741712685263	0.646289936504183	-0.691878720660954	1.98293441730296
-0.295858225336101	-0.260509129513831	-0.128241395374724	0.518857677128262	-1.0496264796705
-0.901113912393087	0.395395665565674	-1.29195866858984	0.165269544053193	-0.11709908419402
-0.0987549183870185	0.107717103320303	-0.358376308444149	0.898200285683106	-0.546454191503146
-0.814032712536966	-0.394661683378638	1.28546555865417	0.655733184261294	-0.964345899430505
-2.14165091872861	-1.12334547457626	1.25028911112298	1.43914472811346	-1.71659228042524
-1.14814006016637	-1.62821849274406	1.61656816849008	0.826408324210054	1.33701537987743
-0.83104475373658	-0.845882904533252	-0.000784116784123218	1.4978428437108	-1.07820459580039
1.95569527666064	0.61416220553988	2.09246527433969	0.774557235041609	0.700674835375948
-1.04878257771001	-0.238158715442325	-1.02378929832307	0.758678983757745	0.309122327468545
0.687006600593522	0.0880718227026416	-1.57519401319968	-0.946318745697443	0.327495692288353
0.375571050997264	0.131767281128842	-0.213270662125898	-0.932736643746017	-0.0592147543658822
-1.17659423454045	-0.802201546376245	-1.27534759443699	-0.251379586699451	1.05240419594857
-0.420351390683182	-1.03625192774068	0.562096801046599	0.977339120717047	0.425387587353954
-0.540296629127783	-0.8692338676941	-1.4130623021575	-1.19970194465773	0.972477488541479
-1.78607794899568	1.89245148102244	1.19498166315551	-0.634449616183385	0.644899105175311
-0.208202055790293	-0.389995336176099	-0.574414640398155	-0.576479053338852	-0.46378909794367
-2.33933513053949	-0.805403268727765	1.31678342924193	0.807905052070042	1.27483848442984
0.070254878598142	2.26839723032268	-0.769953630543303	-0.950056725187384	-0.46257333298954
-1.11887382932026	-0.512825949797941	-0.727989512265987	-0.239690214740675	-1.77472754107685
-2.02733822080787	-0.0162013262224514	-0.0272392090930942	-0.846853399007079	0.773056225766598
0.742672210807508	-1.51984899973461	-0.991530452465647	1.73497223815228	1.95130370071827
1.8694035073269	-0.2814564578175	-1.59863023675857	0.359961240225629	-0.391180955254787
0.126839245019079	0.286713392561805	0.979288614333412	-0.141205531950089	0.284545505467461
-1.68843817060272	0.769926051446355	1.06319935808908	0.82413797421745	0.372474683312057
-1.79003696562696	1.08167125340189	-0.500871195588348	0.918774644879769	0.425304329592957
-0.935975271700631	-2.51339088628074	-0.270115377992948	1.34839517808187	0.152958374447751
0.16667839019198	-0.568513470861124	0.298143102263539	-0.93510912151571	1.00533597919731
0.776303657887893	-1.62776057138676	1.05612351305863	-0.111340819113206	0.86588192997163
-0.931377650576081	0.797013699566618	-0.229258146701031	0.476883126492977	-0.57067730745701
-0.769280170463504	0.476519804561709	0.713618240438919	0.606993831516324	-1.84260513256093
-0.269140936752091	1.0854611533605	-0.448178789575837	-1.63401734890618	-0.892457983109059
0.585719624833545	-1.33061321917183	0.137485127417136	-1.1409174497381	1.63800024808753
-1.46132438136172	0.0936255768787021	0.0888074822007422	-0.502715452058105	-0.791016649292041
0.911187900376492	1.60273674192367	0.402744463033245	0.599218442519298	0.563578076111016
1.45309216230091	-1.56685632076573	-1.64871754236073	-0.539578518676773	0.0932120466469175
0.232566519231062	1.62568552174507	-1.0130420100086	-0.0697780818400665	0.265409915432514
0.377400648403542	-0.0426513521354063	-0.595106424071152	0.637297254079084	-0.0544941422553171
0.991441635557152	-1.15401021841208	-1.06896481867701	1.04353317379775	0.336810011546109
-1.24564124855315	-2.65091996668757	-1.48027118486092	-0.256310283305978	2.04234446157272
1.52782732229957	1.29626970155883	-1.86456873914156	1.94052155418456	1.3310196256965
-0.604310464751606	0.0278808345901236	1.04791735022563	2.2023921026574	2.5903846892167
-1.02590213515139	-0.316416145134598	1.19198150336772	-0.612674585289337	0.488492030303726
0.0120568429283698	2.94913699982921	0.314781722672846	0.570703403273768	-1.83868766236431
0.716731572535923	0.140952515067748	1.0299778792488	-0.814485505875927	1.2321123047039
-1.71672234929684	-0.547349526808	0.397411914487134	-0.116412188870778	-1.38123425386293
1.81807828482162	0.486949132396568	0.124459349486952	1.16532281145098	0.0909744078357226
1.50408707283319	-1.97650929768462	-0.23723287223423	0.160937126869207	-0.66943529405754
0.375342029567721	0.535741264390829	0.185057863173275	-1.1169554353801	-0.156479779013552
0.866437917415015	1.08861171903772	-0.394172167683799	-0.471847662987275	-0.0947131441277262
-0.742727727724428	0.379988500263303	0.0375811897292515	-0.685580517889966	0.532881043811283
0.277975464935652	0.55646312186063	0.922010752892888	0.352512234275342	-1.69920849613001
-0.909509098387753	-0.152490570538159	1.84880069287607	1.23179499539879	0.116090351469535
1.85195110218194	-0.108983108922315	1.02419229436272	-0.488193469951626	-1.07648525296365
0.624450441378433	-1.00278945525616	-0.490676615089905	-0.554950167045786	-0.541006402342813
0.385372083178086	-1.46407803429124	-0.735166110068584	0.00613579777140292	1.01585863368371
0.456388529273644	0.484741112878723	-0.601646257105682	0.214121016992397	0.539944176992796
-0.712049307849542	0.531206442100343	-0.378091478767375	-0.247500285797362	0.671279146315905
-0.564812987609336	-0.569312831577434	-0.30432192243112	0.0167322055405476	-0.856343338243879
1.05963560803598	-1.25340266994427	0.610947807599554	-0.0694818974948075	-0.643937338273781
-0.236331417633003	1.28440414146769	-0.265525965414836	-0.0209945245700631	1.03166740206185
-1.81023259872053	0.457303519984412	1.02128859248674	0.147546627071994	1.79089874697346
0.308542295849815	-0.661555058619807	-0.586560812437901	-1.40514275504586	-0.534614876921257
0.316251910407261	-0.405651554885194	-0.417449142594796	-1.31564418791368	-0.371906639399447
-0.230760344125992	-0.47767671251755	-0.338728201429444	0.930732582538357	-1.12792055838408
-0.756918343850016	0.667598119747279	0.954681652786512	-0.171735751420504	0.442037043577573
-0.34692739428582	-0.981546677920986	-0.695829250906759	-0.0042512328925034	1.19142987714795
1.41876526471938	-0.257565604260902	0.707992956338985	-0.103170007830746	0.576619330081736
-1.00344124648533	-1.00434863292671	0.0912993580267878	0.487396583185589	1.20088209322728
-0.589018873436108	-1.37197334525485	0.911039674485038	0.19612598417066	-0.0265230818617519
0.699432457511365	-0.669744263722673	-0.506122965551636	-0.0553807589715196	-0.848585831680146
0.970711355160909	1.11106904558897	-1.22006356767296	0.531787980601353	0.139059888125479
0.0839039198298835	-1.09198098171253	-0.034480821273009	-0.46254382182328	-1.49059044650802
-0.832406271380039	-1.29542321984445	0.612698952993188	0.228290358743508	1.17009858467601
0.741745402227905	-0.177451983471755	0.711323426260609	1.60489501760102	-0.689513108864583
-0.569954937376421	0.416456127101487	0.728567471594925	1.22836984329312	0.0817551889394179
0.877731944715019	-0.528270495793321	-0.447478936793182	-0.628387784645248	1.58154923836808
-0.980969326353471	-0.116699940866031	0.0353439320547591	0.214344679670291	-0.601903238350341
-0.107537345204847	-2.4428858081394	-0.42516965648123	0.833136155970261	-0.344012725205404
0.00358511282029786	0.836506484447119	-0.889007639614882	-0.750792357606046	-0.0558772115633113
0.45504328365979	-1.26291913958531	-0.240057724149333	1.08350377874423	1.50306663179396
2.22641205843107	-0.142607267331181	1.09430858491241	0.0217603756697249	1.89672030975552
-0.155330762939234	-0.522565984400437	1.31157757279496	-0.564212997816178	-0.730307476721613
-0.498112345608149	0.628729389281776	1.63877565346038	0.0920050287600716	-1.46037250390979
-1.28657316697154	-0.260493628025333	-0.276091670628065	-0.863032832180689	0.976899371225369
1.20200668812256	0.17005117116278	2.01461461356549	0.703851143469227	-1.01784958661136
-0.314011939623578	0.753748356364673	-1.14440306186811	-0.723379006307626	0.918339211760574
0.0300421066688973	0.485562952892087	-0.972937414095216	-1.48837902836049	0.986549647622916
-0.0818852212493325	-1.60943138716643	0.132431791756888	0.428167856972292	0.177523116020537
-0.172597392220254	-0.0344606859722094	-0.791214649946192	-1.21741676392079	-0.349965774306468
-0.266966662758658	0.747479141018012	-0.43747754744898	0.704499012807119	0.230544126649807
-0.467558786828634	-1.12809171346092	-0.0174396955401622	0.556717551880239	-0.798213404632954
0.828706508681483	1.25031481061565	-1.63229044681247	-0.840977003112194	0.251552643510512
0.814939332961863	-0.199302177986305	-1.14390796306604	-1.04091979928437	0.176844954954416
0.482180153779766	-1.63694147902174	0.977225374179268	0.423812338669343	-0.00772055363671371
0.500524375965648	1.05158349215861	-1.49681573911865	0.5606389433737	0.345488176461934
1.47739434605065	-0.163244474805506	1.64500942593256	-1.53206101880617	-0.535838770550401
0.941068662428669	1.91227365804048	-0.242434446791807	2.99782789040032	0.782148595724448
0.332596899236221	1.34152736802247	0.124483613022118	-1.10931920734158	0.681937141659579
1.37987389327545	0.479312886260773	-0.639478850787132	1.12933595195134	0.425855492964567
1.29861313613373	-0.695724009552367	-0.59467042158903	0.570687193239148	-2.7534034384515
0.250633173391311	-0.0634887317053228	0.68594948873597	0.46269234179089	-1.75960685183157
0.953381621337966	-0.879736989528769	-1.28187300756822	0.569954889987297	-0.0221423610944033
1.09174603691859	-0.528339436971382	0.896413946480078	-0.0861692986634003	1.46423057779139
-0.186896038687656	-0.647471439918709	0.585782015119456	-0.471118789868916	0.0379128607606999
0.419761729387903	-0.410416294633347	1.56765813483839	-0.0511901952661779	0.706402448380165
0.0211431909987243	-0.972632984045812	-0.449013544791521	-0.633712604298994	1.60071991104907
-2.00377954313272	-1.03099403239296	-1.44489282068564	-0.202386050279189	-0.952817806512885
-1.48182795756436	-0.0543572408977711	-0.0658474014214818	2.43406107273637	0.736799441630339
-0.0630396059027335	0.184042455330908	0.590202220160439	-1.09083717969813	-1.40098153368594
0.622663257253317	-2.04372217679711	0.158769504851247	-0.192069855537928	-0.209373951375723
1.72707854176025	1.70143824210845	1.74354461373473	-2.86434726015837	1.12424752067437
0.647160080191766	-0.443422777313214	-0.377419507577904	0.650826453909624	-0.93748590281828
2.06476946435684	-0.411362868329516	-0.0904628435356237	-0.717684787247969	0.328047529504022
2.28183742928525	-0.317297554350808	0.532388870938665	0.318832641658558	1.05087962274424
-1.10501275058615	1.57587249139995	-1.14542813850019	1.75442832286013	-0.26124071703387
-0.452140573071047	-0.0129887527580542	-0.310495451720151	-1.1048038351414	2.44975603181294
-0.390308862808628	0.644413710215794	0.762111911791831	-0.313111742434046	-0.757151944268016
0.269174630895022	1.07334729942219	-0.0138505783225364	-1.42432288817476	0.777466000311072
-1.05407812016448	-0.829564687377533	0.0203184668546959	0.288105585700942	0.85782165731661
-0.631516876181849	-0.762412248095877	0.582580044246279	1.75406921757392	0.305277228329261
1.36294696108118	1.06088809426021	1.49141809550277	0.992270991827021	0.384432791194875
-0.234967505511737	-0.86579690023777	0.258174796259117	-0.758658150976463	0.0309785399815944
1.3032728211743	0.00706763301399781	1.43862432027429	0.585526805248342	0.692310286710677
0.356239378477705	-0.0928501156356804	-2.25376082779746	0.910279397504178	-0.0156393242161454
0.30513466905113	-0.382900110802556	0.706147184063879	1.16599094956696	0.637447805989933
0.590947031869041	-2.19594991551844	0.268596251310724	-1.02983306068267	-0.728892720626383
-1.1323032770261	0.206014662111452	-1.34044908005279	0.585280802045525	1.13958069654486
-0.536003232574791	-0.371358881087284	-0.867644700177577	0.846829487793937	-0.428388219389285
1.19751038307176	-0.280014973333586	1.16257310158258	-0.294288067727304	-1.82721692051968
0.0499428555021193	-1.09834350011055	-1.53318944654814	0.917972831177225	-1.74305821335793
-1.75187050007951	1.50687354695885	-0.928253153717536	-0.602890597844082	1.02183387136537
-0.27548121012198	0.894483767862521	0.994265664347277	-1.18667686509453	0.574360067998412
-0.0555044714073997	-0.0103572354737738	0.419490516101548	1.47651714049946	0.0670409128910013
0.263151362118589	1.16568660169152	1.92726878628073	-0.369630028686293	1.08758445119122
-1.66746041292543	0.093176629801147	-0.237643262451568	0.101924793001732	-0.309983912664079
-0.0923988711467283	-0.791378298466847	0.128129821184301	-0.475291873028849	-1.0109242747857
-1.9331256683455	0.232658050577724	-0.645526196867821	-0.22666955743022	0.472117136612701
-1.47205346635548	-0.987370451877958	0.842810896218673	0.850079342975387	-1.02800601793891
-1.42403904451315	-1.25055748812451	-1.3145197804731	-1.45026937736598	1.25726900053068
-0.438288088016984	1.2128341233507	-0.371445860878231	0.530552986502673	-1.38571948185999
-1.18447936558519	0.0500359270416441	0.641599942139801	1.39617407714303	0.760642397522008
-0.0542313573749708	-0.999366823983738	-0.812152628265682	-0.101751070586678	1.27301168445341
-1.44501591932616	0.440614622886694	0.813774233182238	2.37495941022913	0.401665860173784
1.00640323893927	-0.960889742108361	-0.140591859640394	-0.677221053052581	-1.10970287503176
0.440389737848999	-0.132839389380652	0.131030574390604	0.812111634179735	0.0458525172792673
-1.66873805640399	0.630654843906494	-1.28592168580833	0.372489887087291	1.2112852162128
0.310302245405805	-0.377701772963821	0.191449660412575	-0.313145695783269	-1.21778019718086
-1.45022443931241	-1.09623373952653	0.373039344969722	-0.247068061080639	0.848895920644544
-0.774031162408852	1.02125086594272	0.598027903565594	0.714980422672178	0.525657479383607
-0.0290354049993322	0.0747071006458707	2.04016020165625	-0.85276504463096	-0.202368656168658
0.948801241306574	-1.51822521450835	-0.652765093570771	0.346282806426755	0.319973920515674
1.59591692012905	-1.02187265162579	0.0318468289720927	0.894006157332149	-0.65244079138197
0.0334784993997439	1.66953755569792	0.878243520996344	0.555462931816648	-0.797197912771496
-0.982974034460559	-0.375895319288035	-0.568199289466299	0.469221565532223	0.156487901666217
1.36363963763105	-0.983566009981856	1.65256332172816	-0.77020252808411	-2.31330520790887
-1.19337928419029	-1.03547070205821	-0.609402093496021	0.419991195023809	-1.18892145971886
-1.04699552277156	-2.16818371505798	-0.380437236057186	-0.0232666914135998	-0.332052582820519
1.14648372887146	1.00396847581058	-0.0698223533795303	-0.882785652535779	-0.787067041506233
0.659007939843876	-0.00201655223450887	-0.760920569154289	0.495650199662074	0.489119870478681
1.41362787462591	-0.0807517042217113	-1.37337640340855	0.276369719803215	1.62583398529404
-0.81660033279692	-0.720110599546494	1.88017788295444	2.14902366858085	0.450818363147225
0.238810609883824	-0.792313528596319	-0.355010790100266	-0.163434241551462	-2.04024249713908
0.151193694536985	-0.575175906563384	0.498541796456861	-0.401927311031773	0.0273075314803082
-1.38443856372841	0.329885600212092	-0.81442525616085	0.112288944183883	0.243164402457789
-0.388673560104948	-0.0256670598927984	0.0373650205171473	-0.779503722161922	1.26321377120399
-0.159558905515239	1.46675390056063	-0.777022085448175	1.21976247899391	-1.22434833204428
0.629621204087786	0.781597452292379	-0.797266606623382	-0.791769769544109	1.33382214530916
0.757406642854836	-0.940917048114719	1.70442702526276	0.238986381642568	-0.645876948804754
-0.862333239955895	-0.216395760872716	1.19345814201178	0.45674524116057	-0.343070144040251
1.15790984812167	-0.634486215491195	-2.98029012904204	0.283062996459849	0.284346216288329
0.190325836596649	-0.0265800582813117	0.860563407087003	0.46536718830878	0.301881143855551
0.610470456472401	1.44540453079437	0.0895552852445053	-0.590949563588542	-2.55119945134761
-1.37671546354369	0.073792971789072	0.621420024096218	-0.281660119480301	0.971599657927386
-0.780356470868474	-1.18743972065564	1.82250289764312	-1.01014674051756	-1.56607346891731
0.629522659030996	0.52526017578753	0.672338654371521	0.686571871599355	0.00190478728908479
-0.840981523802293	-1.30968626991285	-1.02573721358242	1.31920249158321	-1.9625233238302
1.47292432848938	0.34950589095309	-1.0480253363215	-1.07116378568721	-1.07773009987111
-1.68413495965805	-2.02690839222256	-0.227838580290318	1.02263389922012	-1.10511484533303
-0.246023211550949	-0.315270013133612	1.69109665792763	0.401615416255974	-0.537858712954743
1.44543700902201	1.50932584618305	-1.09020008413637	-2.23516004198397	-1.84266028016698
0.294689270315613	0.423888152935825	-0.448518859804104	-1.20582617862976	0.0530277092477839
0.158407803150983	-0.102583469871478	-0.636571973197158	0.175208802300751	-1.42028723849353
-0.463600619171935	0.747247938398591	0.115715626771746	0.248772440643979	0.728765996299515
-2.16064801878627	0.457299675419953	0.233938820770013	-0.476320110563631	0.461354653503681
0.868787658629433	0.603139649602678	0.0740547699992177	-0.206400905020597	-0.480054633721607
-0.888247346528596	0.227104272338784	-0.892193334802512	-0.513183755061593	0.657798700455809
-0.446983158402891	1.06385721293894	0.115239489104875	0.242396805296347	-0.632544235322708
-0.272132254523201	-0.253240043206422	-0.235126519574831	-0.0128866386585154	1.64496731366733
1.12715526767208	0.446702882554554	0.199235067563039	-1.43906956056252	-1.12454740103982
-1.12471672775364	1.89747754484758	-1.13890441978928	0.436202089382544	0.448410004967516
1.03406556575957	0.632152364175879	-1.61644804201638	0.939448159312003	-2.21960491639184
-0.886246668282791	-2.18818639954628	-1.54419765173943	0.450899009192591	-0.254138381845864
-0.634564707382452	-1.09391214289912	0.522196583702793	1.57728280121331	1.63243980384479
0.356748841291158	-1.18000632383259	0.101647916308061	-0.754990109026171	-0.287645291780207
-0.620366857405986	0.665913974800146	-0.854656645059965	0.201543534201878	-0.29397007473293
-0.263275482418535	1.91486844702886	1.49794033632823	1.53465401990331	0.499581580300223
2.56277214979565	0.29769236661401	0.954429544374357	0.358400964581657	0.00388930416987029
-0.129969218007685	2.74696767603134	0.385839165496374	0.163227130339683	-0.291348111504653
-0.531762813214491	0.30830937777859	0.913064628439863	0.294125180768568	-1.71061858891253
1.44157432366128	0.213864057820607	-1.05655122142513	-0.331423906382354	0.25723645885243
-1.41636326191919	1.25963059883603	0.184994740252779	-0.739551020452366	0.00694748150609875
-1.56189137235305	-0.501968008502737	-0.263376786608516	1.15356548068713	0.418018898613572
1.85774161335392	1.39437857072681	-0.697329190657611	-1.39764349673496	0.926525379807868
0.912323630584815	0.217155165866922	0.965500135298771	0.390362865380055	0.220279710381665
0.0839938751458213	0.495855553458435	0.530329286036453	-0.303263509061005	-0.141073553506839
-0.278409402275761	-0.554516807581544	-0.21825508539915	-0.474113563956745	0.264209814657066
-0.8293042582356	-1.39157272114659	-0.900655335370698	-1.58954564890505	-0.347939942220179
0.941267716672616	-1.03838113801952	1.28585863305975	-0.361841999560102	-0.917936984177726
0.113850854268944	-0.186888971451694	0.760011174890194	-0.860069627564767	1.18044961151104
-0.155013115289562	-0.120927426427227	0.0330677865049744	0.720031802737074	0.684765436157716
-1.98216614569012	-0.648081874446327	-1.06542224101879	-0.609050590604243	0.261923799906799
-0.8155483384019	0.53057222464639	-1.7502146566415	-1.40060077219	-0.0365121385389898
0.0721612343366871	0.734326886681654	-1.64339308450491	1.13113589524263	-0.742363386046802
-0.00641298835201751	-0.419866138948933	-0.59225738912525	-1.54960865107621	1.61316214015877
0.777915758889762	1.98787201822304	0.784364576004332	-0.428282524638392	0.485509767197522
-0.326629029554061	-0.10415598432441	2.16040591943259	0.245222905879963	-1.29329551727338
-0.286054276821783	-0.67745498069888	-0.556968997066801	0.748424586119088	-1.20774466447013
-0.849507347394025	-0.362871131194358	0.553088999256032	0.801636553430898	-0.976291928336101
1.31093801928062	0.0164524820119873	-1.5673401507313	0.375788788387654	-0.656568260972404
0.980998321380686	0.00490391938097302	1.27879066162286	0.727625542836826	-0.114163123804087
1.07244113040414	-0.925685184770081	0.908664702358656	-1.7569508921689	-0.545702520616691
-0.674659318254188	-2.03994144643079	-0.432666416650139	1.96701687091165	0.0913316899035961
1.78954448192064	0.807616735103423	1.35779132439338	-2.87996906509848	-0.528458146266682
-0.163202343892849	0.214231404866663	1.48933086880241	-0.369938500632888	-0.187844166224942
1.61254725241986	1.72144632608026	0.325004241370028	-0.301738712666036	0.931361761298593
1.22298864368102	-0.302379361035994	-0.811922456546959	0.240282053873257	-0.135067385426725
-0.132698503580279	0.776445043997848	0.515712028321013	0.36281182109462	0.4659949464015
-0.512597354276009	-0.589997597198491	1.10939268631857	0.412193532091255	0.689223486889257
-1.54634684057569	-0.975040074445078	-0.174827320147763	-0.696614736424292	-0.844407320293556
0.683607156999468	2.26865061695917	-0.161642078816294	0.306389036451207	0.520262788638437
-1.02344603621327	-0.339527840493915	0.192668911718296	-0.366029380422232	1.14539132299638
-0.798901845949084	-0.608035670630089	1.61602515914283	0.946982425156944	-2.15588731744462
0.69366586598887	-1.80387972607716	0.823575933945767	0.0170054115065097	0.134823438846926
0.681360709722664	0.00389843502887938	0.465890464938061	-0.485795429640962	-1.39607292673219
-0.114638650922677	-0.653446571602998	0.0517141800477653	-1.18610590594211	-0.286378390938576
0.585888647113853	-0.724428861306687	0.717008815143702	-0.788937966429144	-2.74729818541933
-1.15530990336863	-0.746466585596277	-0.317851048901253	0.139252975650171	0.732103108011326
-1.55463030229116	-1.9412959409294	-1.18068897940683	0.112474337560009	-1.40507344622859
0.300598806725286	0.568169233023906	-0.553526233681362	0.632132925414698	-0.26638566792797
0.234722453053596	0.670314227895344	-1.00273432258083	-0.316394373644504	-0.571245887673628
0.0815015689723114	1.6351224319309	0.219046050544154	1.25891121203345	0.159534981879068
-1.34998640317054	1.40430269537151	2.33491868542368	-1.20790068149226	-0.114369894756703
0.456696199648094	0.144895214285091	1.10569241500697	-1.31382497770374	1.10397360526053
-0.165958502729513	-1.58429560355497	-1.51101869273299	0.584600814715119	0.895679229201967
0.235421336307415	0.227165303404185	-0.762125442462002	-0.11681655376914	-0.0277576280614809
0.289137773760376	0.652721717404955	-0.144213754705913	1.30258997643146	-1.89325962236824
-1.08841477886385	-0.263292960152609	0.735459290196737	0.31595074325362	-0.0273995733177759
-1.12525817854177	-0.585366644806227	-0.208695634307583	0.102274273845304	0.134640594582303
1.15290083269469	0.690424739996932	2.0410263031211	-0.326415644423729	1.62142974331161
-0.569744885164	0.619790837249076	-2.06744952492998	1.19096735076048	0.0718397490540092
-0.75472603427526	-0.554020169821545	0.221917467563031	-0.267166489683722	1.69618471984217
-0.285383653358638	-0.466238693712494	-0.344454427819739	-0.342628005698966	0.197656070475257
-1.1859632065413	0.619146134187469	-0.838484548121753	0.299874753173307	0.563614559220955
0.61477667048026	1.62087291279337	-1.60144936032267	-1.10442221096638	0.324731021776405
-0.232269624965249	-1.07890111420165	-0.104793601991131	0.198487330564686	1.34547495517349
0.605427625834044	0.290644319372823	-0.548807161141757	-0.380678766591029	0.88870092580229
-1.25280708330681	-1.87558739223965	-0.497488293751803	-0.54816221110577	1.23598437109362
0.0692706113001588	-0.444487902478338	-0.65814625512148	-0.67226772767125	0.367898547074029
0.549841049082901	-0.396964899793593	1.34438431423654	-0.636681991704452	0.905306419711629
0.913010811424236	-1.82669643434723	-0.850118691060043	0.773217730202773	-0.914661820422399
-1.46833987131733	0.40966404110176	-0.453655414669619	0.346202997860166	0.408487539944899
2.077546361925	-1.5782318953134	0.474242435267784	-0.953536286388152	-0.443329353619299
-0.410373641206162	0.67986392619639	0.138130770892937	-0.318200738379559	-0.492351757999809
0.854052500168064	0.582884912093484	1.13600643627798	1.02364763248479	0.482431787441155
0.588339820045633	1.35036435940504	2.56629134421489	2.26465213062517	0.592070741145933
0.0405940246151815	-0.872496147880645	-0.576587417632278	-0.344992667932439	-1.63428112620745
-1.23686025576735	2.22010318181486	0.206492023821472	-0.799150363878531	-0.16075746747028
-0.436855617939297	1.22166051833835	0.699711156183625	0.407501144738317	1.64396243723739
0.408165734959413	-0.606859490498787	0.994606040822844	0.0196834642602565	0.32786392696203
-0.962648374031052	-0.487790085771198	0.159311261140113	0.538812701748652	0.264643698733231
-0.139914431310213	0.352561380102286	-0.348371824474592	-1.14599606915818	-0.732380843583931
1.41200609218908	-0.159821205870549	-1.29941480752419	0.0524632136337019	1.37563914794155
1.07597007759383	1.17247120213904	-0.259796346331308	-0.215148531445605	-1.00359643217493
-0.244746899053094	-2.88930648207319	-0.393655034186914	0.040590165990575	-0.335929850005144
0.86272032421984	0.286943207442661	-0.0061650537828494	-0.471189317669701	1.07531012223334
0.64178982218081	-0.262385746762321	-0.21149089149861	-0.330205180677481	-0.0485611367363149
0.203193045243382	0.421571846570386	0.638656203640126	-0.368131595237314	1.05015617056528
-0.469483595004911	-0.900243468765945	0.0660467255686935	0.591011196391553	-0.796326563546575
-0.0117942627278584	-1.13412827835667	-0.802960198762889	0.0460029734275093	0.737580296536668
0.41427395624256	0.618092961231586	-0.638545006059266	-0.317372896762695	-0.650446049036469
0.457868640472433	0.685212999544909	0.603230604141836	-0.404891783895337	-2.42953307153159
0.223934689848254	-0.0496752349472676	-0.36957025505183	1.06303747671029	0.504782336371998
-0.0940549429732748	1.4268132475729	-0.237421421844269	-1.3021451079887	0.576735258912112
-0.380615590678204	0.826813971608455	0.36382019164779	0.188999360202166	0.195478611233514
-0.068511023274455	0.20440870271482	-1.80314720916215	-0.732865947153265	0.601182746435094
0.418954690937599	1.55150255474269	1.6142027945915	1.36752080769541	0.47064384067365
-1.77817186595128	0.23618176827863	0.619921590762067	-0.188630830079027	-0.666445585390348
0.60604434022794	-0.445129759108646	-0.941337327248205	-1.14270259526703	0.568623636334159
-0.331578138676121	-0.706125356305897	0.343991536465424	0.883474632165381	0.823399887267436
0.145597728647173	0.282619209876815	0.264798931186747	0.279575572123001	-0.312286924775603
-0.369324979743032	1.17519307978928	-0.950644408035158	-1.41922819459865	-0.878914346155038
1.65223912348072	0.0665131978330107	-1.09798466984092	-1.85071872323194	-0.14308168912003
-1.97958323597761	-1.35585584066899	0.15412393259928	-0.717060361028523	0.628092553865416
0.887190119926897	-0.684959588256965	-0.838793563670293	-0.243756980170105	-1.70367656872684
-1.12890083792419	0.0415016681480708	-0.333168879525883	-1.08745402938658	-0.900403703263151
0.459059888901705	1.44738892929281	0.323665790315248	-0.371153795322641	-1.13080393654527
0.616764336505133	-1.54016163105203	-0.646092725433453	-0.212714971697622	0.226815485616649
-0.635975969963378	-0.0251713052262468	0.00557680841629122	0.321768833363834	0.137174940063319
0.615169041667349	-0.0412569839228219	0.26808261915845	1.53757849501572	0.0231745775843021
-0.258658321205958	-0.874566277809134	0.552254034291223	-0.256548600132058	-0.305106963125429
1.07177436614851	0.0298707261981856	0.850536175282797	0.432939659251326	0.171304676067138
-0.124678696305543	0.753561907460531	0.709393603931824	0.484588906929148	-1.04282432379885
0.485093917509326	-0.00779273904041137	2.46218124440074	-0.125778298856494	0.553493098930473
-0.573159713534844	1.20515066815332	0.673240636517331	-0.192030557347837	0.410739022966239
1.25921908469859	0.661310341350463	-0.314677194031803	-0.501970780012553	1.05149674473196
0.785613085959573	-0.380990224263742	0.763547287857696	-1.58409044771078	0.980382134322419
2.43334136278063	0.918890757128951	-0.553020640228254	-0.637145795313051	-0.885693117066405
0.122743947532984	1.47987522563155	0.743166586555637	-1.53239032406219	-0.171081246151277
-0.447243474416693	-0.538636349760755	0.155581730967159	-0.791065760450304	0.401834818977421
0.479978223828107	-0.885329613167388	-0.209180912596921	-0.809007821567655	0.815118285732454
-0.20678437810885	-0.196413491389548	0.158001414323503	-1.4538638749891	0.25719634152908
-0.621629825648145	-1.05330949625233	1.46761799438949	1.55360181683659	-0.060334430084638
-0.730108049513335	-2.23399348966395	0.547251274923492	-1.46699763215373	-0.25620023129595
0.811151766010701	1.55905983249076	-0.31853870825214	-0.082082335858798	1.46735297122189
0.180299425578767	-0.219499036625312	-1.81397096052156	1.74864993154841	-0.314308894958333
0.327245275223602	-0.731427447650821	1.1894057216942	-1.3737246668818	-0.608528180105374
-0.446459493598399	1.21040642265597	0.32547137320275	-0.026145395397099	2.65949525216604
0.980473449757078	0.347427779972772	-0.344656425997202	-0.109384311972614	0.508228345281349
1.57989274549313	0.00991371702128246	-1.28569395408667	0.53024472478766	-0.398449045951317
1.44667605352944	-0.550943503592147	1.18759304802234	0.530819931934297	1.0125517309562
-1.26282474215095	1.02258546979029	1.04928188149831	1.57369033428721	0.0414042188360329
-0.0474063450998275	-1.05708921280531	-0.53761705178054	-0.184081128709301	0.582968634646732
-1.0562055272567	-0.591387786906224	0.815331098958581	-0.0664347692500942	1.1938088667384
0.425118907644195	-0.861188983796218	-0.65790733809944	-0.150535362767595	-0.0666738458096213
-0.268284773332637	0.291589920241907	-0.0219169999401214	-2.74203923012597	0.342526221766426
0.275199778557459	0.0916036380683728	-0.158433585402572	-0.535615442605426	1.20963749542374
-1.96218053244031	-0.871329545463591	1.04533381182947	0.566199304408263	0.33491514923117
0.0210006697758847	-0.252842656109869	1.56358782432513	-1.0809869487521	0.906794953618125
0.119292679700917	-2.37813424363278	0.00569600717933654	1.35555882602377	-1.72381556269224
1.96004544798728	0.137086414488493	1.49776320489645	0.18147043296313	0.285890098063399
0.71930474888653	0.356963496619505	0.745963758630686	1.18647095317868	0.0933146413649872
0.022178194314741	1.66358514289673	-0.208240130092511	0.522653824639221	-1.11811312802707
0.264191274788292	0.107390917454123	1.14219986924164	0.392484057265419	0.525919461955068
0.94301752505585	2.07209446748809	0.290944478731406	-0.331530208546528	-0.599066779332539
-0.737697382406768	-1.37557914179171	-0.440406820162042	-0.156041461000281	0.425889650791727
-0.281149017171902	0.853199559012821	-0.643821674620497	-1.30278231029476	0.531971074979613
-0.163447133626797	-0.813373971870846	1.49652323554705	-0.111461617572343	1.8392080166179
2.79188670204969	-0.292870537799804	1.33247062715503	-0.890502907352338	-0.771239016313326
-0.699715441537913	-0.90163822017804	0.532764746386995	-0.907018241468148	-0.15833353372548
0.207793052057366	0.646874907051468	1.17402939538095	-0.354655503450402	0.0923110369826375
-1.09351855420012	1.63017209532285	-0.142677193751498	0.857500055087846	-0.350323431650909
0.0332545550071406	-0.420752416212437	-0.432466666194778	2.06242783951188	-1.38032821026989
1.20634135031939	0.589446393110401	-1.81612642699524	-1.34928571479927	0.11781986727019
0.277427396959688	-0.204048379450086	-0.804273154270324	-0.585181860865196	-0.142859560008186
2.42940328748026	-2.01564752631634	1.14805535818422	1.58173847406788	0.355954523725803
-1.92232593310217	1.16843152863478	-0.0645692109065811	-1.54849624422283	-0.352245726656134
-1.1505910954164	-0.31249785185455	0.32558724583811	-0.426320276647932	0.835035060725507
0.478071611795446	0.676311058128237	-0.888472656016403	-0.803623483473791	-1.33728779019053
-0.28749573971151	-0.388101635265285	0.652528452660149	0.749861063757841	0.621552867302393
2.26048881797099	1.25453906357575	-0.104020836655897	0.24446900674212	0.741714417850642
-0.337278147613413	-0.68697500647665	-1.26957831525456	1.85838002131802	0.656052582039436
-0.877209808521504	0.585377910642838	0.45465823050099	0.0111752910608531	-0.916241354313181
-0.608905468468222	-0.78948379995845	0.719690400736458	-1.75117524330707	0.182622633583221
1.84568026332218	-0.967464281851082	0.0971257477241991	0.375440792160435	-1.20883448154117
-0.737282142607291	-0.0472941182171688	-0.305939716877978	1.91489128398194	-1.18815836458241
-0.451140453236856	2.05650729049658	-0.697135675654124	-1.03107333008835	-2.47123011431835
0.337479822671049	-0.690300781430857	-0.825053682678395	0.6918445646191	-0.620622375669998
-1.1373921188208	-0.682221440439097	1.0305932830052	0.335709654861777	-0.665409318435509
-2.24840105786827	-0.791678295473097	-2.26312354186	0.275563325016246	0.565065025818345
-0.543586286976399	0.0621835794386357	-0.861317381775173	2.53787189161366	0.342312003619479
-1.43131689949748	-0.328819251977958	-0.812205870105114	0.328158095685706	-0.246025167127815
-0.0294363326604843	0.0582221818599799	0.252822764474181	-0.352506736015851	0.393443087257416
-0.227487104836238	0.679244775720133	-0.488651317530731	0.224682266149296	-0.767903064805939
-0.140129371473983	0.989293375767476	1.15234355467618	-0.0272789278717649	-1.26179332487253
-1.62088618833495	0.402236067565607	-0.322478917817558	-0.847296327294089	-0.280258053292009
0.272111967551098	-0.0453774320220035	-1.18265120492141	-1.04957991350925	-0.427888684889244
-1.5942392162893	-1.02916684931926	0.329250261739336	0.899240002365816	0.447865788074805
0.698544676143885	-0.842326540907363	0.491258956975614	-0.88803122117758	-0.846752479085644
1.40064087752443	-0.447244972689575	-1.77108468569176	-1.79284068841137	1.92384309450748
-0.476834742785348	-0.214213158218815	0.54118693470013	0.0272651314288514	-0.318363346387739
0.582722481724187	0.288402782312161	0.442873996145781	-0.0570175736110031	-2.58058927225583
0.336462194100288	1.49895963390807	-0.243211148500738	-1.38189204922142	-0.351948481314428
0.551362635673816	-0.956248912370041	0.631549845974421	-1.78143984854173	-1.02195673272531
-0.961463316129087	1.42791634470816	0.497152488723838	-0.576005517454041	0.389228096350776
0.532356812478844	0.347930264286984	-2.08071683936228	-1.03935729363843	-0.118807092165985
1.14963474946782	-1.69273232185023	0.0917324504757549	0.538329581719532	0.532257569732659
0.520697150913336	1.06078048980807	0.532025954658209	0.604746674231992	0.214957791279894
-1.45628454578647	0.295684336847056	0.903657533227518	-0.644345237297746	1.34600084784709
0.384733598383987	-0.413832013339391	-0.99943159598539	0.759241447944229	0.859778166534572
0.511136218972765	0.272349857217149	-1.11343674464481	-0.142649092411287	1.03254805120085
0.687131956328888	-1.75153540297848	-1.57281046412942	-0.733364324427163	-1.68186184618872
-0.0982383050210112	-0.908620006244879	0.894514018825607	-1.48144316516759	-0.793241456816421
-0.983972918546766	-0.411622009068506	0.685240226000904	-0.746212001104205	0.0727903849501386
0.988540667257897	-0.663953303397339	-0.028284498148802	-0.469635630144484	0.799861839041958
-0.909714220446333	0.178170475451031	1.48734660829079	1.51390602039205	1.40292114716072
-0.146421315222167	-1.49529528345615	-0.207554364665523	-0.55155234430221	0.815387535291743
1.62866616459807	-0.755076630009125	-0.669366993978955	0.268648139594816	0.0430210927157088
1.11722839918995	-0.89349459472911	-0.496935177743312	-0.735134495783905	0.954708580458637
0.734268780320721	1.12282166199397	0.514598821773537	1.13366719229945	-1.17324442906485
0.739343620195492	-0.902188631932277	-1.17089194237672	0.770778754494709	-0.323808439825445
0.538659632300331	-0.0619723613575559	-2.31874707661009	-0.901690179833758	0.86160337237189
-0.0660414810789034	0.450343573529812	-0.988926312277484	1.58709395455144	1.42618440563537
-2.15893811835031	0.129255415486979	-0.302993203057336	0.645631738212593	0.9363432865734
-0.193061585149589	0.413594981920658	0.0337088354964696	0.880558924389837	1.15028867855935
0.764634320612215	-0.940464598005124	-0.825054964033947	0.0435067532925954	-0.928904982443381
-0.9305142237544	2.09364638607278	-0.483421904149773	1.30032269661392	0.752599167828346
0.541145952434165	0.80276065888277	-0.877855739795904	0.119264717148176	0.91739264293255
-1.38329995970396	0.539273629776167	0.158672673314755	0.462810868547064	-1.14193718109983
-1.57706804158749	1.08100353478991	-0.948607755506926	2.00754052041248	1.87965927607122
-1.551818364515	0.431749827060769	-1.66474233248436	-2.39486333187968	-1.5503565690256
0.627412381194533	1.31105004352583	-0.0408894892001108	-0.971033022479227	-1.15624201764923
-1.10988397272451	0.0971218000849941	0.397791050895469	-1.47302969029598	-1.01632687895991
-0.0939963528859412	-0.679112762500417	1.36540964154548	0.274290597984263	0.491833686771051
-0.188099239405503	1.24277808907939	0.70295838947118	0.584888500988562	0.712761132168313
0.427952983346679	2.49661547930498	0.311778003623203	-1.75695335177965	-0.707589216264029
-2.23557431988079	1.20984672025894	0.00453864691016478	-1.0168018143576	0.300195113796051
-0.528012054635299	-1.23236473685779	-0.356121821711799	0.651308607058103	-0.0544050853209278
0.475467402829361	1.21527770971546	-1.30245958836673	2.14987589908808	-1.53261735489213
-0.163484297716551	0.921409672723784	0.540044408740578	-0.691497677560467	-0.57930500565622
-0.0593021854909204	-0.274408923415856	0.607119057874425	0.850712634665521	-0.394457296396274
0.712977217756662	0.816564569382062	0.701791640024844	-0.478730108513909	0.116036437196169
-0.78285546850992	-0.513917000745594	0.840759291325333	0.522360608688187	0.879418479504863
-0.880963393052741	-0.333421936149856	-1.23775827094319	0.661768083878778	-2.64563100031665
0.242378647623458	-1.43280999872941	0.0319479862829866	0.111110975966279	-0.960195145791364
-0.903788513014717	-0.26654836091377	0.59070195168753	0.0851003909857299	1.2434793546714
-0.304763930665772	-1.69754800985044	-0.566813975124294	-2.07292778366191	1.05446972674151
-0.239231821273746	0.98263298781093	-0.241623287832433	0.489223071603439	0.640515355938611
-0.234773131315641	2.04940916698888	0.878101290729795	-0.296005523783594	1.62224996294226
0.0824907724310816	-0.0475264056783522	1.23972851134647	0.304449431354384	-0.371214583526855
-1.05887099170771	1.57439820747132	0.667161139630545	-1.97545157949862	1.65407963940139
0.578040106119471	-1.18036363429696	-0.781535336082707	-0.370009371457145	-0.0818416311874917
0.543441556320337	0.000938943002886454	0.0983705658782573	0.128058018590608	0.0848954089975176
0.768753314018902	0.913892714352956	-0.243550468472205	-1.1354173358146	0.449318780194252
0.35616459311965	1.18181268027127	-0.34051115662491	0.375572691393144	1.19672407524528
0.51854748576766	0.813472410582875	-2.00738836921966	0.359096446840278	0.796632447217156
0.243721919092225	-0.0484223660969945	-0.565402447387055	-1.41118096082877	0.341076026174235
-1.14599890610599	-0.856756362358341	0.174715541723383	-1.65804960139617	0.28840306602612
0.836629143418949	0.188629230012953	-0.0400892691236136	-1.1742392047413	1.50610285615499
0.602292094691206	0.0268723221002617	-0.684827884901498	0.25329311256223	-1.33076461388535
-2.34949203392896	0.529922279409262	-0.0856813690120303	0.598709245623567	-0.116469436517375
-0.976679268387146	-0.900213942944694	0.434638809297093	-1.00589601993809	-0.0640839576519074
0.151159706311608	-0.625108804813429	0.808728614096275	-0.697521822296542	-0.201838855325369
0.253503980612336	-1.31274619595851	-0.367805304287767	1.33795485250364	0.35475035453756
0.529914008987682	-0.0974141137432159	-0.366467253894246	-1.09686756372173	0.948700201199753
-1.17410762599981	1.27665674068768	-0.855834983230771	0.429188464739288	0.113601510644349
-1.48479587398281	-1.05560725958399	1.20383243627179	-1.99038110099256	0.290055414984778
0.214854497808901	-0.316131205807264	0.122242583968584	-0.455242773225085	-0.344363354357587
0.64536346354816	-0.384977839602316	-1.31230986026171	0.205478321268654	0.571759094358664
0.149630151232328	-2.08224528562293	-0.830271776898645	0.523726731601152	-0.868495514671366
-1.3168190556953	-1.18319143628259	-0.0992668309122595	-0.937561073375969	0.0214569791582092
-0.157635530546174	-2.44657268165433	-0.603528419761366	0.128405844391416	-1.81015875391343
1.19966364511375	-0.761478333207551	1.51185871661788	-0.351351772768979	0.662936036431951
-0.304907415296097	1.2854100793576	0.122691122366156	-0.680217045574924	-0.254714759388731
-1.32501984164247	-0.495877351687497	-0.0793840718658203	-0.079995689880048	0.396687304763322
0.674544580059315	0.274960100659298	-1.1554581589665	0.336414944536407	0.186964891111427
-0.0963142855064906	-0.89213969088965	2.03220235888729	2.57692990032266	-1.09361595587519
1.16181259666083	0.767375788410776	-0.752910833955408	-1.18014093301086	-0.732076640083754
2.41557909400069	-0.389321413182499	-0.809014153108412	-0.382114260887242	-0.3955433088553
0.0325812842465683	-0.0227195239273108	0.589127534801213	-0.466236995541737	-1.24688345869512
-0.201888630598533	-0.0574591963761148	0.413923884510879	2.00544238907955	-2.74986033337354
-1.18620735352824	0.245522688090543	-0.668319882805492	-1.29252620528804	-0.720359741416838
2.22219078649302	0.0874341360640824	-0.381905418280759	-0.40516373591972	-0.849089209446823
1.18625277751534	-1.94690330780697	-0.832269108781125	-0.465142037938904	0.824379613546734
0.0529890159729142	-0.872989761777928	-0.164485165893601	-0.607653391476629	0.269352536985719
-0.369257686665323	1.09542434984138	-1.10168601284067	0.564479001608552	-1.00463255082634
0.286378342225695	0.929500929634559	-0.700249087788934	-0.384060031272632	0.000207243137555676
-1.36115485473455	-0.126639883865473	-0.109698813415694	0.481529282150805	0.849410574580601
-0.324080564567582	0.942892722716578	0.425390265410629	-0.287269022551197	-0.444100810411832
2.18620810537253	1.27055536614141	-0.322422004559986	0.858122013534219	0.673752551970338
1.31528233931531	-1.36210234916264	-2.04630891532237	0.257344710704769	-1.2816649952776
-1.79730382880288	-0.326394897217632	0.0876609007732552	1.10652912469319	-2.88827413506208
1.36386314269799	-0.810813484895866	-1.64545570381456	1.17629445490465	0.161829196258294
1.28022102390494	1.90193266441158	-0.015491025095049	-0.965171036095637	0.211983499410899
0.162687912668947	-0.461113609796066	-1.55430824142271	0.700404711506315	-1.34340133487788
-0.486387359753541	-0.868542244042421	0.473893760610682	1.53373161340839	0.985965830336976
-0.802224818579019	-0.995203161228619	-1.84928686473592	0.677732476799262	1.1760289609077
0.248955648010922	1.16665226772585	-0.335503200883481	0.426039949226167	1.8120719933272
1.6734843542716	0.400335177092547	-0.870218072651768	0.586527560606234	0.887978765504096
-0.856996424044821	0.827726452748089	-0.806198757497996	0.205261235747428	0.623477217431155
-2.08464445974485	-0.175867854313368	-2.2507029005889	0.239840547232232	-0.845521269805296
-0.380525337203596	-1.14162857560921	1.87964723823197	-0.736922744059248	-2.17211986706726
-0.192730755947358	-0.554835925157357	-0.00703800566880498	1.92912268362029	0.902281854214958
-1.08924353926665	-0.681353925884685	-0.462206778092248	-2.11821949442189	0.258857320509111
-0.315666388232648	0.234873880350719	0.123264521645676	0.755439247984951	2.51708052614804
1.43179822244379	-0.438888795059934	-0.9246966330513	-0.912583376477097	0.893582646790343
-0.130123184998214	0.58350611751025	-0.369092603966812	0.0154527923251455	1.04035785788203
-1.07464599668486	0.718364095928222	-1.59341201329854	0.205683804917626	-1.23259380875276
0.0403533397851894	-0.204310594403342	-0.926586994339126	1.24734609331483	-0.37854521168049
0.214666291091993	0.729388958745712	0.174621252601591	1.05278769887187	1.05292470264136
0.105795342377213	-2.13122577341478	0.815379524456107	-1.80012448922391	-0.589954530611555
-0.209893440537936	-0.0500511997229784	1.06513569417249	-1.1386428666097	0.583363950983734
1.53003413868696	0.352391476320802	2.04323938553553	1.86855396437915	-0.5865892790853
0.38599065666885	1.16560889529925	-1.16288407968993	1.00899429183128	-0.337786431386259
1.5227061136649	-0.954157050473477	-1.00159715345112	-0.0890497762430386	-1.19681405805468
1.20900073898199	0.600157291700188	0.0541909932570629	-0.214044709334956	0.158830861712804
-0.629124767058644	-1.73370362508062	0.214468426296328	1.11077901342067	0.333404218925345
-0.924496542927459	-0.348798565716048	1.10210507992902	-0.244619043039255	-1.92252711043722
1.35959480739026	1.62137065792583	-0.780713693854264	-0.680787848343047	1.46817168536719
-0.276345241441535	-0.0969325989541437	-0.345667669040443	2.10424018094429	-0.897864854216094
1.03295658992319	-0.47072844174705	0.116698904702924	0.728048742642314	-0.47558545160633
-0.0783232437815447	-0.677992405377901	1.01789276949408	-0.46831593111145	-0.69710180359185
-0.154932117597061	-0.0985355985917609	-1.55499264763815	-0.370355940837449	-0.978203392646724
0.0118248368210843	-0.745519211579292	0.686296610506984	0.670155545953991	-0.644715790918542
-0.671432868955922	-0.638096082218292	-0.315972563050752	-1.02731328666814	1.03350188037167
-0.830521733697041	0.91924828790104	-0.401023702182644	-0.466352690147539	-2.29458838121245
0.572594839250425	1.84797073749316	0.132854853853281	-0.372703784159946	0.367960035199826
-0.914458677699312	0.669473512174888	0.527182892187226	0.075268365586725	0.984586883789854
0.134551591553189	0.215986472583855	-0.536783042328285	-0.53373250646017	0.285125944237358
0.950614986283178	-0.886111037886415	1.2193389734174	0.823480609611203	0.283464416714318
1.36835393642559	0.0725489786759111	-0.193932986999122	0.366502794865046	-0.255919527950489
0.109227392453019	0.931367195850002	0.313924108263368	-0.235133229084249	1.07626550556439
0.567128939231112	-0.541701692340252	-0.100605724718923	1.14664162907714	1.11325877669557
-2.15372878131944	0.195165922187381	0.324834493627331	0.032055944895829	-1.33007681757539
0.555449500368265	1.63041264060833	-2.21766833915805	1.03922653251158	0.299855582531135
1.20623711540332	0.200422643597462	1.46251454688414	1.29900901126758	1.11627893373671
-0.0347853474612961	0.400674669255421	-0.242370450393443	1.85499098543707	-1.00304331683436
-0.362707891196168	-0.276841240407918	0.606288595529218	1.0186048227459	0.115473148002407
-0.0353033103805393	-1.37154257507741	0.227045140004649	1.31832146111702	-0.730527795216621
-0.390534880719895	-1.48923620886848	0.520042205311538	1.06675029022729	0.383825011967166
-0.166232606869234	-1.52763780768197	-0.293948878414817	0.965835102497123	0.288006204475122
-0.791570138786262	-0.332085070244669	-0.220799334971714	-0.126097408863376	-0.322259376998229
0.335900928176794	0.751677286310475	-1.5750766146721	-0.765883358440859	-0.0823618950884303
0.48457983231635	-1.35501551546427	-1.02527224851241	0.193085330504867	-0.0200089302594134
0.739297498198335	1.68189126665176	0.686749623651444	-0.856803640144383	0.736596619737067
-1.37013091047817	0.551207462949279	1.50486855124681	-0.802476059396886	-0.625759846682448
1.10214936425163	-0.128146302046115	-0.468773962228818	-0.631348392090208	0.552113879871424
-0.227437342412795	-0.0346332530620846	-1.76101033981011	0.0613214536547567	0.166934699367335
-1.44314572850019	-0.565970078584967	0.126737013559771	-0.568743180212428	-1.02500444575634
1.78349543386802	-0.53696450409053	0.972222142340198	1.03045487181751	-1.05102914101012
0.794982579282734	-1.64823633908842	-1.106141506533	-0.63650763971489	-1.84710809385106
-0.392968385376158	-0.823155379718569	-1.01635815810805	-0.110083295204892	0.0476509484249493
-1.37769932622072	-1.47531435618489	-0.109893230443724	1.48438403005802	0.836201860202248
-0.592662336909274	-0.821025913828851	0.575136411368294	-1.44228795578206	2.00294562900202
0.578268103459778	1.13015288387204	1.03104647309443	-0.0652498848815525	1.01379859784807
-0.0855798987745525	-0.330614184635767	-2.30658023986853	1.37735976210947	0.413727092739858
0.503633619264501	-0.85939457539494	-0.543540561374768	-0.419028188272629	-1.49641847912727
0.768216718516081	2.09391978183547	0.375684963343555	1.47833333688302	0.315160164044167
1.3341657690851	-0.108035780898697	1.27898119567106	2.183870516995	0.999597818205022
-2.09779157386131	-0.533975930834054	1.2368186315891	0.386452255747424	1.25907917213426
-0.0122542910508957	-0.670924361900195	-0.787962281181769	0.241090618238741	-1.44609856782386
1.46088596073252	0.554546567497042	0.344042557322076	0.500320259663402	-0.542992207532179
-0.85808101861509	-1.62128933847593	-0.395475754039509	-0.594331079368294	-1.52903780147118
-0.439480992079618	-0.469086774164913	-0.292898132856223	-2.2742804138823	0.591951545757614
-0.793489512927688	-1.20345157725795	0.162578920624549	-1.12662776595832	0.382701880521275
0.411902019656855	0.0386434255506996	-1.07158465763512	0.887482037003733	1.30519167730875
-2.3275092352693	-0.852176332991365	0.480812477689397	0.850095554978771	0.106444410314234
-0.354503986605735	-1.1430329776706	0.554431115724283	-1.71357449151339	1.87401464080019
-0.247737228618243	-0.857575787587433	-0.702358429490626	0.418085181901096	2.15673258081678
0.653301363921385	1.2770325398636	-1.95140708572697	1.64796816917774	1.63264591418098
-0.702543452706417	1.54105887149988	1.04008408621591	1.4186180564866	1.94936516211844
-0.322997675519146	2.24356525558251	-0.183462679565041	-1.01199386041988	0.410638661066837
-1.05536859723418	0.309008312548481	-1.26454814372749	-0.0718314629227184	-0.85602718090516
-0.943311880998762	-0.818892359608054	-0.413394740739989	0.447521139628712	-1.26980600760221
0.247446565815216	-1.33805720506551	-0.509172383553705	0.39730319943912	0.0245434208709962
0.630934815272236	0.750968810434839	-1.57302591609404	0.879001637437443	1.24059053783897
0.19004129988921	1.88900364384055	0.305263319063544	1.92587751175314	1.45996066587286
0.211257740088883	1.80241866212805	-0.669038796833087	-0.52855297834407	1.4222505260874
1.90505281606211	-0.795931901356797	-1.3861335977232	0.902693639060106	0.816311279520212
0.0113945984026345	-1.05501323961724	-0.890857284043585	0.998339760351361	0.246802909406142
0.129243965199471	-0.411427536891282	-0.367463925215467	-0.416946293165097	0.533005725152901
-1.5345072489299	-0.285507906565987	-1.49612311260108	-0.484113235477098	1.4807353630426
0.875381457799627	-0.680587479263266	0.599766688057538	-0.973753602807127	0.819436570183203
-0.729682392713124	1.7831494281623	1.17214005263477	0.917883461366292	-2.495256411597
0.709204069430035	0.937209794847009	2.33498173377711	-1.00318465475498	-1.20085592744545
0.801008939203086	-1.44919213960589	0.27662061272992	0.31174637037599	0.516167264961499
0.5662643070209	-1.77393067923223	-1.33844566529358	-0.766681688265269	-0.402271152740476
2.24405732717996	0.931851648329241	-0.615892445477636	-0.346886046053228	-1.59017013204845
-1.60353024162579	1.64773227500458	-0.621732272811283	-0.285111349398785	-0.812584591715659
0.477961922609637	0.662423919484874	-1.35677189541522	-0.395797763503288	1.98309816192854
-0.416346252711293	1.2001941015236	1.54148181330247	-2.55456951944513	-1.08831869038371
1.73755295274436	0.734291263194622	-0.332624273694188	-0.279158972810624	1.03180471606586
-0.0605059562055739	0.526511330807755	-0.845449541973769	0.844617863809604	-0.158036761939258
-1.03444915727234	0.290512443868926	-0.22723553828903	1.3670122231253	-0.6090259999786
-0.924480790927382	0.783044612503625	-0.203378820270025	-1.8656748547823	0.544822354496437
-0.47817258648228	1.94839729800926	0.548723349229204	0.188241534345365	-0.909958907335224
0.119867623078349	0.995747666160255	0.625261459339288	-0.534562258531529	-0.43268528325648
0.146255557138522	-1.70951669965387	0.405158366552268	0.588505731881589	2.23683977800227
-0.782935762672777	0.0954830604165668	-0.906321366522355	1.79607385108698	-1.43012999707025
1.00058641920509	-0.864654603985831	0.207779117819312	-0.109573895078456	-1.01619423345085
0.994118494460696	-0.625235226761998	0.838622996136457	1.59126040431589	1.05493375824317
-0.739981363610454	0.908891853518614	0.779320066796831	2.76921493178969	-0.650861709225877
-1.42244724203981	0.958089462560107	0.472680045357091	-0.734899933414489	-0.358291305018449
2.12849529528548	1.74877255555501	0.0560111340733459	0.169499595784129	0.388615203857111
0.391685862757263	-0.917655822849682	-0.161837036640762	-0.327073290490201	0.522534117470016
-0.710176657923916	0.489906042308918	-0.223627559953694	-1.24694083685236	-1.43340828244058
0.186938758293836	-0.686600690872415	2.42934580252974	0.445922095829159	-0.594041672817906
0.0804539884210768	-0.0788426735099443	0.694290846115632	-0.173717472442496	-1.72728252640438
0.160148613833925	-0.123465055307865	-0.466143303998651	-0.0817221424717315	0.31957410051587
1.26610282503456	0.838798237360485	1.27538059437009	1.22425857041235	-1.18977726827291
-0.695828707615366	0.860885283982112	1.25662311624762	0.095991433992342	-1.58710122328087
0.500650764786728	0.585554570727756	0.51713887323976	1.70660148225815	0.151849527840988
-0.913332797962519	-0.786451207829497	0.0179231462204715	-1.55116679587058	-1.48123628516862
-1.4350430239358	1.05016401680046	-0.730111719331164	-0.0443829014933062	-0.276299334812477
-1.52219538384553	0.477911825699033	-0.533657768480669	-1.13139852443614	0.0433998893920571
-0.874244448137553	-1.08939311632226	1.38416162240362	0.288513417849616	0.597567000476102
0.661089958489616	-1.39059593075593	0.651241547409131	0.390334533282688	-0.508981051613409
-0.312078702673608	-0.737732334659604	-0.317328057162648	-0.74329579629785	1.86027436652333
-2.80846130161521	-0.904912666749511	-0.786277415634438	-0.0326848367727267	-1.40597247454782
-0.288521877158503	-0.677248384579861	0.33998106234747	-1.24051373699799	0.695059511708539
-1.44943993579646	0.331331648418423	1.97263536890168	-1.16420932980206	-1.22520156036035
0.706750636046693	-1.84910695015569	0.0279890921355891	0.0224916076484146	0.392659423475174
-0.612492812673444	0.773874329679971	1.10030238402815	0.444917691041497	0.566474857354256
0.0913700232915366	1.63749305477591	-0.885053868819997	-2.67870494012271	1.34827577686047
0.49206211167973	0.717256082254836	-0.370138540285227	-1.24374689795642	-1.14348200776394
-0.378983884058854	-1.65350388182153	0.936154015482489	-1.97793434006494	-1.18702784748397
1.1167652161155	0.196044926591083	-2.01937207075924	-1.15773340850693	-0.0168599999629243
-0.501068157390957	-1.54825102177948	-0.0374777974922965	-0.177429006551357	-0.161036080689159
-0.0721863642456674	-0.272571644943735	0.48272920751779	0.258190428862782	0.401200826041844
1.075869877738	0.537457238280506	0.210402851490154	0.972211667492743	-0.704519139173565
0.968173555426417	-0.211047375751388	-0.301362296299217	0.773351056848205	-0.193702947725238
0.310570817483163	0.559715111496714	0.239440508426657	0.710203153872678	0.197332216515133
0.669835474021833	0.63059312413777	1.88321932234298	0.696763253810161	-1.62822196710589
1.77411749736462	-0.830210882176747	0.776737598878437	0.758499267748089	-0.714413480299619
0.136100662678399	0.657494178355952	-0.87639295653436	0.0325358322235099	-0.930427974956827
-0.540555322879036	0.360340424793429	0.587552060501858	0.823847661573152	0.138469542253024
-1.324134849501	-1.17117494385667	0.994308224754142	1.59611032091128	-0.27258833866355
-0.432656366691815	0.925257452045818	1.19528908274813	-1.38977124480395	0.0350006970511802
0.22155057517428	1.24460852160278	1.14701062216723	-0.725209120180164	0.63412521209549
-0.586003103194999	0.988479493498782	-0.343834354307172	-1.17357545347278	1.59901498567485
-0.430303872389862	0.0520525875369103	0.808576159235629	-0.305898832154566	0.860303598967053
0.619055057364748	-0.444871110633728	-0.506362406355668	-0.0892460660185479	1.08924166172136
0.310208044800481	1.03932640419368	-0.561222403272725	-0.721814895249432	-0.77558494730428
1.3099522077843	0.257148596761873	1.38262244362629	-2.39998370457432	-0.453639282877538
-0.124232878378894	0.455083562276893	1.63712054520379	-2.24270184156365	1.69444314887229
0.429222570787172	0.700256920441356	0.496249983281087	1.64315536372371	0.52207720665564
0.256132335477791	0.366793484825589	-1.74001617710468	0.362755980169489	0.616269506714552
0.611338815086126	-0.543455759106737	1.46573168008652	0.632743407016832	0.466662315530879
-0.284101403209954	0.0238333884749852	-0.164862935099985	1.6228599611182	-0.545482358612052
-0.447743658719088	-0.276399688811718	-2.09357384649804	0.142263292374229	1.55387051900752
1.13677542638082	1.85764736883218	0.867495707583415	0.0941806985384494	-1.03551875033999
-0.406907656530766	-0.646624853926048	-0.884615583629936	-0.662172694942282	0.479435390314107
1.59654395167239	0.860651304118466	1.07898287299648	-0.37410179393544	-0.183199742201555
-0.279674488390837	-2.66486303398295	-0.236306042680436	0.191007879759707	-0.0661350265321551
-1.35787352046267	0.218211949058725	-1.07550038226742	1.46706068973356	0.619281587982392
-1.16259195044662	-0.34818960454605	-1.14705320960479	-0.116739323033141	-0.767198286465738
-1.72203335919338	0.244683419259909	-1.5266313278764	-0.178607624102831	-0.913110328135445
1.64683582625528	-1.21526509262109	-1.6862289919919	0.340404911982835	1.00792236127706
-0.956007489310173	-0.37421923234458	-0.24141261048932	1.82380319329002	-1.05724109980091
1.34121813958492	1.32613903737407	0.894691656908874	-2.49108273457604	0.556134135808732
0.971132617999702	-0.109652765442724	0.358003369020543	-0.206040301036255	1.14864198778147
0.326754553579916	0.558836775702795	0.613833868341409	1.03790433190175	-1.05835425000916
-0.129997777780439	-2.28942155673548	0.533821041266909	0.942377856186455	-1.83695301324091
1.90666123108533	-0.216446605494615	-0.792112627270123	0.558638121788274	-0.178615332313745
0.643836193407651	1.64457447036558	0.421360949423033	0.391884556536371	1.92182101997947
-0.558854430780822	-0.707780087348417	-0.807316819926552	-0.842187752909461	-0.469883273696986
-0.295435638693142	0.321004978552573	-0.93875191193816	-0.361217123631161	0.500794340746831
0.454565491916001	-0.226464835332396	-2.03802610483009	-0.733320209973315	-0.0670974736962229
-0.258883305972069	-0.501346015902136	-0.776586182281814	1.25174750694719	-0.0969811709059667
-1.14589953330019	1.49102099344157	0.432425096685295	-0.215171416657383	-0.301719320370785
-0.485120508532921	-0.402933518159934	0.681149966616194	1.75814995284281	-1.3478773402994
-1.35352320565631	-0.940080066953665	-1.77176424325015	0.199551475188705	0.361057549655097
0.226380529839439	-0.203248312522479	-0.795492509435131	1.34601395399234	-0.311430842876518
-0.384101404696589	1.29630330385477	0.881702320744918	0.220596345439938	-0.0382928038562844
0.59443323451799	-0.492070483305592	-0.248112174362119	0.192038944631569	-0.629748141092749
0.469882445889306	-0.85082686422444	-1.36268354548384	1.11088371145072	-0.794992683769733
-0.824081615253754	-0.179456293519689	1.63417938492144	0.702277124675214	-1.25164981176012
0.427043199023719	-0.282792922590573	0.503014285637168	-0.934723619002841	0.283129257031528
-0.586958507112133	0.82973346497912	-0.761244888359043	0.798697510740795	1.00123041573623
-0.339777511840046	2.24774287891402	0.314307723211587	-0.982959121292682	-2.00044482450711
0.772327698218096	1.02326255985786	0.829051724330266	-1.30791181457761	-0.676981965125285
0.702358825091921	1.4231977865301	2.76745267261135	0.0981297933863376	-0.89231272833642
0.593109844956044	-0.591314308064224	0.0676073090634901	-0.886693350173023	0.434849250928612
1.3915128316225	-1.07747118466036	0.389932721151105	-0.207091065496259	-0.913320037961218
0.453447535363261	-1.472922971862	0.867719533191997	-0.939001806410696	-1.49750805001545
0.802941342883316	-0.250427019646091	1.16945684763228	-1.41690246134413	-0.324303242995973
-0.168749828068192	-1.50665373844704	-0.121827680996647	-0.471431722112684	-0.68649422846125
0.622739945036802	1.22394931364945	1.06944525331162	-0.0277329835722134	0.683026176662967
0.547061812363907	-0.089302306881235	-0.827376839287972	-0.315322023009286	0.322209216089141
-0.490904332613292	0.417586482259911	0.480113380840023	-1.84391675499551	0.396899444060186
0.36453133471416	-0.633923942950499	-0.296505352211307	-1.2088636076964	-0.516301045446525
-0.357197664008679	0.221535161844993	0.642758600787966	-2.34716909001591	0.589915305945308
-0.894057349003069	-1.60451744017606	0.177423775794097	-0.0684129133130114	-2.32530249017581
-0.164054613185867	1.61381696271192	-0.376327441869232	0.116689625628051	-0.929012291603888
-0.142654695063187	1.11750353678851	-2.50086588779617	0.501162963076514	0.211868028486845
-1.8434441749124	0.978445977533363	1.14275540738546	0.652672538960023	0.0311802408252126
-1.46698310382441	0.887993186971259	-0.588466267496903	-0.428263488765863	1.38407698765313
-1.73017674860629	-0.00258843103794836	-1.79925267966761	-1.36871065279586	-0.919524745280616
-0.0180087863752932	0.405642846160576	-0.017499638640126	0.578582859531422	0.0588946054037164
-1.80614471472749	0.32933111401943	-0.00965339195944877	2.12429674361693	0.914658147495746
0.5428924611579	0.0459561918753576	-0.390303152328666	-0.521689199739392	-1.63243271699323
0.337611742508216	-0.0533662232030826	2.12612302252429	-0.500379235266371	0.254359758166437
-0.427352463320354	1.8584464342625	-0.675474665202601	-0.358544848485528	-0.57947308571387
-0.589352226224623	1.10742743484769	-0.141575925630594	-0.472746581482237	-1.45552206747416
1.37077915762432	-0.960363455254452	-0.452564178867831	1.79957827154694	0.806341466621161
0.667591761247101	1.00657527069988	1.25915593444483	0.623159489029847	-1.46656548051828
-1.52468075317066	0.163344290654641	0.507941792953275	0.489989259640437	0.0863138021846678
-0.0802367392245326	1.25672444554973	-0.64195883297182	-0.00546018554936674	-0.290539292727275
0.491948024870323	-0.0892097447140854	0.965799094648514	0.406013590418507	0.365151259655561
-2.87254873241339	-0.522040090930925	0.672599803662056	1.46295328018633	0.890061815602679
-0.0404680098508627	-0.0277151751498076	-0.883045092359468	-0.0317590979982106	-0.106953573986044
-0.223838779292016	-0.0557144052300987	-1.32899186963031	1.45871975084436	1.13676210619716
0.40041355962264	0.874562326961567	-0.784013866919102	0.0139053897576095	0.513898625072726
-1.20313957779652	-0.372004238814364	0.814973623460063	0.287229287175349	-0.658577219887683
-1.5480906791128	-1.42150708678048	-0.202691920359636	0.166570022202311	-0.568898919678503
-0.443858828561084	-1.17775307371731	0.437913126082429	0.189278362305452	0.257151056448641
0.367208631187319	0.913106654542041	0.347164504450696	0.41969362493811	-0.101347578537666
1.13326656686954	0.403778462264324	0.410612133129696	-0.0507379931969331	-0.200510193087064
-0.149567295599725	-0.618181142140892	0.700880843059072	0.112153815060731	-1.18701913209045
2.08131784761187	1.0661134015972	0.302016071028724	-0.952846716772574	-0.457697453340021
-0.36706759866921	-0.305985064345508	0.321458339989113	2.5835208395387	-0.240409511432778
-0.686337850679419	-0.574192686023884	-2.05389116992586	-0.869642526626066	-0.217310804669537
2.10635124710212	-0.00462488682632518	0.871050035253329	2.21373596893927	0.525185562136949
-0.413966672304968	0.00643666496407472	0.605427388612144	-0.740934676305083	-0.238097573643432
1.31145199446534	0.326808099946228	1.34568930000288	0.581534826991017	0.872305733079635
0.0949392947534512	-0.982419673660698	1.41519420361391	-0.791259613304185	0.110409598932883
-1.91613217134711	-0.898667965306537	-0.642915786223763	-0.135856194061977	-0.350614452111134
-1.83612032471473	-0.755868677826804	-1.59270138263104	-2.09253744386291	-1.4393604296408
-0.771979221913771	-0.117136044424191	-1.49254859113516	1.20580383820334	-0.421583866929868
0.260752534482008	1.12384389652966	0.972560827754784	-1.18394816315762	-0.340618995783687
0.536551093210963	-0.699953541159399	-1.09487548141844	0.207893675354897	-0.768206964317439
-1.24171656070736	-0.472377683095402	-0.765199590348222	-1.76833440389795	1.62017074511512
-1.61280264672561	-1.03002574542858	0.988220476041579	-2.17229353707464	0.0418934795011893
0.69250254917938	1.13573137677231	-1.19689021592475	-0.769746038735494	0.338736880095921
0.536570494555576	-1.91274092571132	0.735175432802897	-0.165866642073655	0.777430534431022
-0.528584602083249	0.31778221063406	0.518316589517211	1.03188897488668	1.54948981130231
0.292826142604787	0.744119362564623	0.317540009270543	0.714150375637966	-0.00304304928645705
-1.5604039932422	-1.50734067756204	0.405420857186243	0.111998892734611	-0.209786621520713
-1.42715208242083	-1.41654397904717	-1.27429949836234	0.301032362422423	1.15964174498547
-1.33085714479146	-1.18436657910801	0.456063274424248	0.400571672059417	-0.395800344901462
0.307895958111098	-0.215844632109693	-0.211733189049633	-1.06707329353799	1.09721060274302
-0.395306647235002	-0.959809948362828	0.937236011530068	-0.918415029473463	-0.77477387820634
0.750304192978201	0.410355870427754	-0.0745194151835842	0.831844619126586	2.28477872871674
0.506229756706907	-0.807860433972754	-2.16830412129112	0.567071713020162	-2.06448381614913
-1.09859991730516	0.42872741890571	2.48680450176226	0.490363416051239	-0.478632468415088
-0.0240487129408695	1.41528632025337	0.650659651709994	1.28243336159589	1.59911765673015
-0.204584286034536	1.39551371900912	0.889121502012429	-0.296950739585971	0.0417870956827237
0.302981171742743	-1.33358239034531	-1.81421675987625	-1.98675318929637	0.852832838401926
-0.411538506221007	-0.388911796510986	0.72812696279975	-0.697905887339066	0.192999866802475
0.71285103632183	0.954998747882019	0.589267537137111	0.474500420217533	0.096597445459097
-0.391899275368019	0.417916792549803	0.422192611994091	0.45548918285611	0.909953745495024
1.03686178091131	-0.499190857494781	-0.528688973693563	0.63258271548269	0.850497113424059
-0.801216448778535	-0.240739591759229	0.710953249914189	-0.0972363814199831	0.137571556317522
0.237036481723778	-0.737288487417353	-0.426429291330332	0.128324829304321	-2.70071369535154
0.640500763788714	-0.066947926934819	0.920139935142542	-1.48104486093064	1.28590956676162
0.989865112315304	-0.23045085430261	-1.44174991022773	0.0717607399475417	-0.901712381063899
-0.0919277302688596	-0.607548589321381	0.447236752905876	-1.98870124592211	0.501924240392722
-0.919874898103448	-0.43073354857123	0.912723209460795	-0.0940224061576803	-1.17627169903367
0.875937536300104	-0.173814300132149	-0.173940622007392	0.458356881472056	-1.93210068796921
0.480186789799317	1.79307508961799	-0.989248816639284	1.68559193835338	-0.378402730402645
0.290546030701099	-1.98882439366257	-1.48850136161626	0.25601547570769	-0.481332149494179
-0.482094491247103	1.72244605412687	0.201778374908346	0.382932615204572	-0.0941114466663929
0.739331795433653	0.637742938724835	-0.630478099417906	0.925295065574747	1.728638567462
-1.3530561099688	-1.32616484940431	0.597018887586893	-0.7008568114356	0.597699559816331
-0.372652993720969	0.408641499143389	-0.214374372377027	-0.0211213066305068	-2.10859317842537
0.918633070337979	1.47602343642637	1.24060038360131	-0.417692631981437	-0.934150881013126
0.794603121294379	0.524934973922719	1.02465898498911	-0.427812837655462	0.137701499685321
-1.44229567505126	0.0696561765939062	-1.15219638403751	0.433907911208898	-0.293523056957942
-1.4845975923384	-1.05933342362121	2.38711406829715	-0.278078593835573	0.0701983269275811
