0.258822873167444	1.8311206999949	-0.339618567703073	0.897198169631828	0.488016283888414
-1.25538582045564	0.0227882047758324	1.0907732123545	-0.13212244015171	-1.07500128018804
0.855010750017341	-0.364980138603594	0.165554294956743	-1.2427849908171	1.45928768536572
-0.00361276883241284	-0.0208831732403812	0.032106002334142	-1.16727800621696	-0.519571618014131
1.37388866552748	1.41233230306885	-0.4021737574611	-0.43914386579555	1.01060848283633
0.430819170779422	0.733928361147766	-0.680674874235549	0.326196338248108	0.907029629104601
-0.46268153507851	0.00470002908274525	1.45039725511989	0.752679092546003	0.966159790189517
0.468476824219313	-0.240907898842727	1.03257677922125	-0.640199231124754	-1.31622439012443
0.361908908169909	0.721180504248477	2.48517851188455	-0.985020773682195	-0.338499750383404
1.25429923340249	-1.12835280518072	1.55950871674596	0.708005985098162	0.934295862426118
0.683592050600972	1.01918175272205	-0.240483169844885	1.67763759268135	0.40918798379912
-0.888542076370042	-0.698967315058513	0.520163862148529	1.15697902011841	-0.110625797348757
0.298601576734561	-0.427671565361504	-0.589199432002225	-1.29661974591088	-1.48779190334978
-1.16034872928741	-0.332793230982674	0.542287542200678	-0.740264299818395	1.24149410499125
-1.52521338267235	-1.87691803300833	-1.32694962461931	-0.496877105924758	0.0401018202368968
-0.544629514348044	0.360012920752823	1.00310659606536	-0.98204998237394	2.04027430627943
0.00318305318419526	2.3350355276464	0.15426335924475	-0.465579379538212	-0.469543893968149
-0.496542207258874	-0.322340429187377	0.614664970824811	0.127627262939741	-0.151659147252471
-0.776028765174418	-1.31814916097339	2.1040600474612	0.378854432494498	-0.224076009286826
1.55188895895204	-0.170079456789962	1.2846443056652	-1.0020556066971	-2.43748720942228
-0.0400257419388002	-0.0296566670283604	-1.20807992856057	1.46533850930537	1.07910868303365
-0.334773376615843	0.205295315048584	0.921387575397815	-2.58740784880429	0.416072839772975
-0.873356853901591	0.623576746236128	0.138832721639388	0.406064321417172	0.333726707389001
0.611827006345834	-1.5083530874418	-0.459728707921751	1.05477500611407	-0.197276200983175
-0.0620048223996052	0.340576506256836	-0.238714217237398	0.429185645050555	-1.49901707458665
0.0406764953480396	0.984674417073907	0.564507882155098	-0.46868720021906	-1.6293123015875
-2.53311607439044	-0.846863964786205	1.59473630870704	-0.590917003394495	2.34849474487905
-0.617797816747075	0.243507384836409	-0.664833419608627	-1.57417256641826	0.750627594749746
-0.103754836358095	-0.0341719859734849	-2.41032117976022	-2.32646254289164	0.0588168577381101
0.902361414762529	1.31339432177026	0.46522637764018	-1.97309066560125	0.522982165262385
-0.211264669054123	-0.519240806006616	0.307136779119341	0.635948676704797	-2.10020676169257
-0.142470283236998	-2.09008767446047	-2.15908992434047	0.197552281292292	-0.449669911261846
-1.19321958606884	0.851745612103284	-1.32737970501557	0.0666416196665321	-0.0141802324952021
0.0661419858629488	-0.293191657851066	-2.30500140911243	0.110987708677941	0.60718515232884
-0.518884660021543	0.420783808150166	-0.293521004965122	1.77253260057567	-0.108782940526395
-0.80336683163348	2.07355269736705	1.02919012565918	0.876847514926802	1.59681333833609
0.36163040198846	1.01464579375484	0.71654341566861	-1.14530877577077	-1.00904179591222
1.33020457843119	0.576155661024734	-0.611987191962842	-0.672018587083002	1.28278364504147
0.0219787554801458	1.29441907277229	-1.49242104324389	-2.08843864747627	-1.31787716770844
0.859974023103242	-0.304876366109712	0.869522460990219	0.710165259977819	-0.729620602241076
0.818690190035775	-0.0611599546177489	0.527404403808993	-0.00433509479484267	0.228474797909703
-1.10575277383957	-1.81074312327484	-0.620279987132599	0.279011453357339	0.963013650800401
1.98309907349683	0.816308341728839	0.3741580844109	-0.759300333337193	1.788503428157
1.20828701618904	0.639966232849931	1.32412169300111	-0.701815221079133	0.496163006524342
0.285580200994486	-0.239490759978549	-0.378303980819704	0.458782606909146	-0.555829099936279
-4.21066176488551	-0.523622783735495	0.0332010650145599	-0.254520469347722	1.43011919907359
0.994027828953948	-0.746118707689571	-0.760344385412341	-0.885438472166017	-0.582952544249216
-0.476787457626151	0.726806918542419	-0.338454590801357	0.778903033433622	-1.82661929179363
-0.0257458301750674	-1.60953618874828	0.0991908233490561	-0.299709415667233	-0.489161972647203
0.624128162567862	-1.07210149924344	-0.132803395117091	0.954112748388109	0.700470811962879
1.37255037000979	0.621340562853287	1.45924808499783	0.0233254160186903	1.62885364207507
1.18433651990604	1.16269845633119	1.26895901299954	0.63078901397479	-1.29008962750352
0.576754458166334	-1.49435057702656	-0.2738754730984	-0.566919520537767	-0.751796968664231
1.03767626881225	-0.844916978309168	0.00588662558213131	1.40902127180389	0.378438427948831
0.59412547283195	-1.05299954881546	-0.595849301794143	0.744272713092984	-2.10925034393648
-1.55319668180379	0.492446331574999	-1.29842327140654	-0.892569092927497	0.190949123726147
-0.161746629179312	-1.2657386547193	0.200049931595282	1.2631460325176	0.301063094770284
-0.548586550074534	0.663579995720344	-1.00370741664265	-2.61152643043262	-1.61879807930615
-0.478350676977556	-0.165585839309128	0.539758289613955	-2.13162680904158	-0.219741316196626
0.371974791323927	0.195295254465699	-0.793859781261238	-1.24305248520072	0.663117589206456
0.227045388448829	-0.832846327204215	-0.482931881646018	0.419311973790963	-0.32216588638465
1.4578433317889	1.31510018609005	-0.860687138181111	-1.65834802874671	-0.0417812699422069
1.28716217645544	-0.0813818012547608	0.124731603657586	-0.946307932407777	-1.66374489693356
1.19370081660656	0.532865559100755	-0.704142300631601	0.680818088526634	0.92073644276587
0.738287138855385	0.940691989272599	-0.13183383276047	-0.641268256433381	0.799845681732311
-0.234844156715046	-1.05252001057816	0.701314649244769	-1.35376302408222	-1.1702980124906
1.16852889347566	-1.38897179175336	0.299858117086412	0.473302653888741	0.258195268777306
-0.574791531407935	0.442733005620671	-0.900740377499976	1.12069345998496	2.11535694316313
0.533167389947239	-0.0998830787514255	0.100975854461067	1.59471144263074	-0.335594171824862
1.389757075932	1.71127351568342	0.652330135797355	0.387125714109339	0.0125539079522656
1.25093916196544	-0.216672943978992	-0.405081580321998	0.696991389176942	-1.73382722201964
1.55776694708221	0.437760572706805	0.429781569753932	-1.54046157651942	-0.488115071869458
-1.92799318537488	-0.44418937084856	0.394858001381006	-0.440221976817191	0.656031418424722
-1.38776818066371	-0.389874953435457	1.48697804492104	0.691384095381973	-0.101998724816732
-0.488236070274307	0.486271034474465	2.60953382695858	-0.194123272298003	-0.156253271146902
2.57143094170527	0.442037135294772	-1.28617271438506	0.626844113234728	-1.07274745042644
-0.67354020333002	0.798153354677033	0.591813831854461	-0.402896569679862	-0.952868819181902
0.368409770977477	1.71652366314115	0.0940619117906155	-0.442401597755199	-0.632980109067853
0.0940468829956462	2.05159531491888	-1.32579069840778	1.04570553204832	-0.196185557995043
1.68589899898264	0.188886217584619	-0.396418569210604	0.20676004156412	0.874720277158042
-0.96713619755138	0.00350867128987027	-1.87137140074975	0.404336017461092	2.02547022272126
-0.604493250606317	-1.0780139449548	-0.872860821102331	1.50756331800296	1.60992426263147
-1.37626614203771	1.10105567159431	-0.369222690884026	1.09085415424258	1.07545078700051
0.552088326140502	1.08392999163724	0.950163761505703	0.541529034384957	1.13044807036204
1.34774668047133	1.63207217836598	1.0613008038027	-0.500803184710366	0.240557874120918
0.543156740068448	-1.65382412032954	-0.249015960402545	0.356560265656735	0.365072051057024
-0.913507843164049	0.256667745195218	-0.0231945812932675	-1.18878769821535	0.31777457812571
0.127639023613381	0.308938324765986	-1.79939114345227	0.163384754425812	-0.98256371022985
0.236159673959459	-1.33538236494057	0.852578140961752	0.00458304187867691	-0.707841226020692
0.507271184390455	-0.927063770856741	-1.21570219899718	-0.543459975188926	0.0431557939126563
0.448871028226035	-0.910919172510944	0.308875657367866	0.468592137151246	-0.155947912292972
1.27208841262773	0.706900136995417	0.0108598262186913	0.318638892700589	-0.529653394850557
0.186831535752006	-0.702161317788591	0.0159297968093755	-0.455111952307176	1.10140976179118
-0.992993175046133	-1.28001053351574	-0.642052330652167	-1.30063105521817	-1.55477370975037
-0.117666582978761	1.35897976638024	-0.489121158969485	0.130229805136985	-0.377601374899459
0.801123459055887	-0.2462493092102	-0.68831479753572	0.713981253882646	-1.02799406397101
1.72429704946017	0.34884980752104	-0.576350789490907	0.439689704988038	-0.0105056681810653
0.176741486830213	1.08813057934332	-1.61917730119337	-0.23108906514122	2.50541834303958
0.668617706272072	0.105517306205593	2.13765434280131	0.592141639588439	0.377273925479302
0.483723460979122	-0.921630391301962	-1.38937892986305	-1.1689186811259	-0.110902826869256
0.389960752121882	-1.67449302928467	-2.22881406552339	-0.0138867161696612	0.576864353568101
0.157186499417423	0.504064592241543	0.42772072864376	-0.811011024134327	-0.0787085907618247
-0.413288444378396	-1.31705797756752	-0.55972916264635	0.97971511610731	-1.89247278045339
-0.173643688523601	1.80249738413923	-1.24537689294472	0.444969108447075	-0.495412913068842
-0.970109270215865	0.449127014961557	-0.935290988339488	-0.502568742551879	-1.15540332327774
-0.879401196931819	1.09167238194985	1.14519553985095	1.25522412162537	1.75926300522455
1.88628130169817	0.904125617004807	-0.961693103555045	-0.799399981895251	-0.421696486069648
0.962434114984112	-0.252067857901379	1.04286291196463	-1.25953777484053	-1.17395967370802
-1.3769142298665	-0.612175559793838	-0.632804423330598	-0.278323197642247	0.71107776694712
-2.13955180909816	-0.347879157713074	-0.251392011491588	0.192298417451939	-0.303220488996264
0.702607520376259	-0.812534493572529	-1.05149626786745	0.0961400820211051	-0.356747621829488
0.916131640607398	0.826901976906987	0.94292772948108	-0.621755822853113	0.246559879726718
-0.560670873931411	1.02505393093917	-0.243723607942715	-0.340705223518049	0.371039188148207
1.11957579993942	0.967821417944051	0.792291801592576	0.0566030045276831	0.228585637903765
0.442857918599175	0.892806093339414	0.674327474993349	-0.957078906218181	1.79294609023058
0.775879274713571	0.574080717443534	0.507783166044884	1.31839390434886	-0.119053660782483
1.45692845509019	0.530504331214136	-1.24021147608183	-1.30488401002295	-2.22661339096976
-0.123011530699758	-1.12958335672384	-0.643313728438962	2.16140224565705	0.623232091660596
1.91508921881616	1.35566959135075	1.80818136710913	1.07288049250736	-1.50598834275038
0.834458307817248	-2.30790642674805	-0.70402105103799	0.107898054456308	0.126061276879498
-0.0473218560119002	1.36603357574735	0.0645527388808521	0.701387675010702	-1.68489311530395
0.44418531199155	0.75463441474761	0.910850727421372	-1.07237731213781	-0.600270460991712
-0.447912594542268	-1.94516201174707	0.809279241678914	0.632396321306515	1.07617843075215
0.674264712934132	1.84406288200455	0.284661893320224	-0.0621051690463786	-0.774642072730082
3.43655709825484	-1.85010793085983	-0.465880134440864	-0.930422837721155	-0.777952305816239
-0.402912600427021	1.26386366171895	0.33059984943454	0.894156795539341	-0.683362521956152
-0.64685657222103	-0.794032450099754	-1.437228723106	0.773972140286115	-0.242435512613917
-1.37298568854863	0.274901008792996	1.68094801369373	-0.963634052663777	0.117759670474117
0.993038214076963	-0.605696205721352	0.79941775535694	-0.0925386086725665	0.548045627615462
-0.774136507303769	-0.505814087284802	1.41281874128044	1.04650002364275	-0.643919985113058
-1.92814725016765	0.808490623893664	0.630997374109048	0.393284262471115	0.748397821758085
0.529083193483374	-0.352289264913601	0.00297028784199233	-2.17823672185631	-1.83762153069095
1.03060661720238	-0.905296351575145	-1.50082140662644	1.51024183916189	0.858175471747134
1.11896117103685	-0.255210084312801	-0.802350910943086	1.86604382214949	0.564294268424923
0.459582555873241	0.397057237835567	-1.43106064040133	0.136661435054081	-0.132740522646058
-0.292016699926534	1.2939035382348	-0.150135152941458	0.325465626793965	1.35923435254817
-0.0515056928823574	1.46385699924827	-0.0554508133716278	-1.12099979373767	-0.528725594558109
-1.61546209090872	-0.898500664949632	-0.126923278833782	-2.15685891907538	-0.435432096109856
0.117406146895217	-0.246390563984798	0.813069086170915	0.885469600976992	1.24846147701525
-0.216483569041495	1.29908175159952	0.131098124877403	-0.458545595148537	-1.52670688109859
-0.391425902581657	1.01048447941916	1.45275442251947	0.0116841704127554	-0.275800182616758
1.44449098126385	1.43357330622778	1.25397683403571	-0.121131452563828	-1.66608271116207
2.30644311394484	-0.0130074284998124	0.242947612177678	1.87072032925697	0.233521967805782
0.00840700010509096	0.0855767703638036	1.60231812898688	0.530663709123154	0.565609816926786
-0.897349919282988	0.864015702564436	-1.43292766446399	-0.892887251855808	-0.281009187271553
0.151424332126234	0.507386243114305	2.05610230942081	0.146336848032249	0.564831542795131
-0.191220543488282	0.798099514715069	-0.449402421161211	-0.75174844163652	2.40638380798947
-0.952937047551927	0.791299681471268	0.326974221123814	-0.577876478851492	0.987773772948773
1.59923634483441	0.888190097368144	-0.936927502794961	-2.00341385122509	-0.494782476906886
-0.387059366011971	-0.638049665875741	-0.0446872165136867	-0.290275067600772	-0.567042112636503
-0.292465580534315	1.56877003287071	-1.08366910991132	0.940323636152565	0.938690503460733
1.0508654108198	0.912470827167567	-0.141868975509507	-0.528378849940567	-1.20656651068046
0.691736327136501	-2.69004643133608	1.07433683925674	0.0758613067192337	-2.02518673863598
-0.212139104757044	0.212995187383464	-0.103376147194368	-0.0515920589074323	-0.466677273804051
0.782225571182593	-0.477850272481722	1.3508722473006	1.08141120794576	2.06570190488921
0.294104781455881	0.397690489301778	-0.930498555407533	0.0872092835390522	0.158947521983113
1.17092969623814	1.68625907793518	-1.31415482949533	2.24978936903164	0.181960133412099
1.22144113532504	-0.0398464074433915	-0.0859231872727371	0.190794741597774	-0.652968835579912
1.90414339544015	-0.831601134286577	0.708121951792943	-2.26948865779976	0.476819542393574
1.0545537273925	-0.957634412604692	1.22009796831276	0.094921201781299	0.224433138307163
0.772040609420133	-1.6717253817643	0.457180453350294	0.350233632375595	1.53661916048413
-1.46765315656421	-0.307795013421779	0.0250860644822478	1.13338458217798	0.847544342612121
0.953493083895236	0.245238763237022	-2.27818540418776	-0.173383227303441	0.227562015776463
0.218618009540945	-0.541369359363903	-0.288379128331433	-1.57638785226124	-0.608268967507624
-1.57525931178937	-0.215217422462034	-1.9428035698446	0.37449758070129	-0.0656967193853572
0.891716209018729	-0.396786416002143	-0.592925336554223	0.101915493925349	-0.445305684524351
1.48296547799362	-1.98854539908308	-0.0374622139635608	0.0286464344304374	0.137751608618558
-2.37690756083443	0.220573642188144	-1.36829288652153	1.62408296890107	1.43262976257566
-0.186208193970214	1.34446799424665	-0.564640901382714	-0.272154843300547	0.339924197726485
0.349608660410685	-0.658824044545242	1.58356518635098	2.69914669383787	1.05192571442752
1.37546410764495	-0.216878171022636	-0.733022015637177	1.5086480999999	2.01535675128105
-0.317348907093395	-0.670675132170281	0.33469885568941	-0.161509676909241	0.560594219682039
-0.542952432553947	-0.280656620945056	1.4258863483965	0.0327730476937512	-0.216025725357704
0.404188098362839	-0.28458529439668	0.77129163014323	0.777589183316531	-0.730382774738739
-1.4618633264453	-1.16073514986465	2.07467910577827	0.823839110533498	1.96494550116655
-0.219429392665841	-0.130044092412416	0.247483431165583	-0.918632005420465	-0.357970294201172
-0.3137709132897	-0.27259543087901	0.00977195988371803	0.680857174301036	0.745458815516453
-0.18902432808444	-0.100112901243873	1.50600463469535	-0.401990725544598	0.423283644948754
-0.503205451320701	-1.86543890573471	0.730454308700607	-0.368337774484796	-1.13402804623652
0.231969732978821	1.20639131411901	-1.30414093715595	1.4064611324053	-0.478174154064295
-0.234581024608145	-1.15614580087336	-0.189086604116885	-2.70220983582682	0.786635946862755
1.07298970006372	-3.339088331142	-2.45908222685008	-0.893804194566068	-1.14871619881108
-0.263624684764421	-0.942668458914496	-1.18508337976448	-0.337364190404104	0.391835583721326
-0.0926206658183431	-1.23090067875152	1.90172287768897	0.40310605086917	-0.258148964359199
1.67686612772001	0.431262722200377	-0.563766984198055	0.641869419622556	-1.55748235025267
-0.224982375305353	0.515177209325909	-0.122863802134472	0.127273896132197	0.0690084801021185
0.58928072088541	-2.00326521149995	-0.222930172178714	1.07399897704286	1.56090350200853
1.08354777531448	0.759459499023781	-0.83806856997039	-1.50625238902554	0.981441701486605
1.38776160466024	-0.473269642927158	-0.287946252999557	-0.310513195495165	0.949118573382962
2.38473342390511	-0.343968347083374	-0.435976130738878	-0.87269104992037	0.984074053039819
1.42340272802526	1.35048431403201	-0.545936019060055	1.27528130143034	-0.195475163093807
0.251637216267603	-1.21092469784213	0.978711947204653	0.202382063444242	-0.0529533492839294
1.02222130980853	0.432517259002333	-0.641423414491145	-0.450931511859766	1.20636333254358
-0.463865366258348	-0.3190953840684	-0.745079557384162	-0.573609877737765	1.17557774684527
0.263847670001389	0.0560025322893287	-0.0669395518098216	0.331102733844081	0.0352424650900433
-0.646443489401239	0.695880749215327	-0.656088857389718	-2.39893252517174	0.220373350099227
-2.16473621078166	0.078503503800974	0.646764568219394	0.219079367462285	0.856570269497515
-1.18081368651823	-0.410866343044838	0.0499261212991726	-0.263531282742775	0.54642606053369
0.781312435680374	0.0536878875472753	0.268012096010528	0.178388438819449	0.879564066745595
-0.78334945637115	1.54098745581407	0.625032574027083	-0.0852843561772483	0.440713724925117
-0.196202275250804	0.595033015604478	-1.6088823082463	0.041235074288276	-1.25139144462965
0.132522362291273	0.338495984497235	0.619549600471846	0.230442372310638	0.325486795844417
1.03376996123648	0.36475572942995	-0.242857457736283	-1.56574413513775	0.676303086973166
-1.47812007213256	0.854644935777218	1.13500215590646	-0.308373025200839	-1.9795482557406
0.466074562772242	0.836171170590429	0.149215259470632	-1.32610980882899	-0.00160022531540513
1.69950468899378	-0.174729419067406	0.328834721401805	0.106612404951041	-0.678393427789803
0.224502188824332	-0.15192018025163	0.595993400996289	-0.982743075180969	-0.00524363010741911
-0.233793822366445	0.56655087416383	0.617133365613487	-0.78723957497479	0.0457242222793556
-1.35734569995408	-0.626345728945685	-0.00792220727434594	-0.333458522855358	-2.02182074904973
-1.03411873978992	0.374700196181655	-0.488427359264141	0.035194850051425	-1.20515332258173
0.435319459262943	0.164885048387543	0.435429596240914	-1.78212938677994	-0.135548389879947
-0.165051710069186	1.60975418501607	-1.17294551118765	-0.499809487612353	0.0757298550359096
-1.59350644628276	-0.764230874052734	0.5905952093631	0.955722185774426	-0.798957048396257
0.507441003004193	-0.686233353057179	0.78831491931074	0.36740362116466	-1.75065043713659
0.0139789604127406	-1.137673305633	1.75915012784234	0.223164786123009	2.46200274753535
0.696663384462261	-0.873760932623308	0.561838302053828	-0.123773706140941	-0.651234004083001
-0.808549843594749	0.32110406294962	1.09509004533548	0.366009678368751	1.09354884731101
-1.03390240812284	0.721879817029704	0.673159366274758	0.203639913251417	-0.0984632413412076
-1.93778174564652	-0.894899293483196	0.103411330527664	0.529330473282774	-0.391763556232993
-0.432907031298928	0.838235907884534	-0.227514430654807	-0.460831818596685	-1.25961883251109
0.760547314872427	0.0154285676714486	0.670879113374965	-0.0851525009845433	-0.178424922440924
-0.728294631504778	-0.526100741225466	-0.816318467346812	-0.526700572362873	-0.196637967081339
-0.728279546464657	0.7955399462685	-1.25740307861854	-0.828975007034113	1.54233511465225
0.617068175687817	1.49357491758817	1.655193528176	0.709410303446214	0.511280272209483
-1.14776367217908	-0.033835362788638	0.3710247563204	-2.39419491838705	0.970918237182058
-2.20469788903952	2.06200468828575	-0.829885306041965	0.276303123869023	0.622537852614649
-0.0072090947395756	1.12608326517819	-1.10737569568161	1.06462842036765	0.0123878208908104
-0.383204023371185	-1.04190027286002	0.330614831214611	-0.387956453123716	-0.27798197844686
1.4906130436839	-0.798308425761957	0.877666926311663	-0.21432493067646	0.369886371338986
0.890287817320207	-0.949199249173552	-0.288913779515002	-1.76654841675289	-0.974832142803839
-0.239519479069361	0.50990516839661	-0.596944583785916	0.382413096316538	0.822569403093914
-0.0595682751981242	2.15941312240953	-0.77215406356118	-0.74077205587481	-0.705984436931063
-1.72718595673523	-0.777118184659671	-0.315644920154617	-0.781678729375508	-1.35495193109651
0.128543612722077	-0.419075215568537	0.814786230469709	0.160178377475309	-1.1612097950358
0.360993525383117	-1.17458166522169	-0.575331910359516	-0.406836264587096	1.47955589401744
0.276831088374873	0.801071351442173	-0.337016726319711	0.726510696558067	-1.62690293278509
1.95644975816262	0.681480863882347	-1.12285157583421	-1.15720969619748	1.09287230255446
1.46362862137447	0.843921012377288	2.82577113600966	-1.71245034017388	0.990873498296747
-0.933452078623529	0.220815124708219	-0.342408496273159	0.355815973705814	-0.306350925469634
1.02070202688092	0.260212915001449	1.24422388200682	-1.82229153430984	2.65880640170474
1.46170121118976	-0.421783989092756	-1.43237848721511	-0.371042228295408	-0.478411440222525
-0.446522460861995	0.13542494544657	0.690073128113368	-0.0776707668255723	0.906925124333145
-0.172967969553541	-0.147551443712486	0.983981479817587	1.00851776339684	-0.337214157579202
1.14632355885314	-1.18263082963009	0.993835997237848	-0.438716329840961	-1.50109084150898
-0.221283209688593	-0.818418537042403	1.24477553419185	1.21516256919828	-1.30419286902095
-0.327883440609854	-0.103861420598344	0.621137736869336	-1.82604443321783	0.749549885606923
0.0863336028904587	1.30049230325465	0.231437852560743	1.31956598479817	-0.0122893200543639
-0.726942046345494	0.496441011827744	-0.658549788215368	0.983918407779309	0.342501596493469
0.187779972968601	-0.858691383542751	0.00875822188338308	0.267717287416231	-0.396293945774799
0.210657143231569	0.854109277677586	-0.698070638782197	-1.84657421074891	-0.0918245065626525
-0.14267737464213	-1.2068868570183	-1.08370140031992	-0.498542323845943	-0.355156194659785
-0.964745720031136	-0.178183475388493	0.0843774796162894	-0.0942145224752736	2.69600843740325
-0.582113581630174	0.438736549775267	-1.43433289604068	-0.497120492291899	1.2207671967233
-2.94445374161312	-2.06441649626852	0.223962465849729	-1.28228572323697	0.860118191535884
0.270451177303655	1.34666196346818	0.978369825567227	0.580198707715999	-0.632063710618303
-0.24680802200459	0.0255024118204513	-0.550986689481489	-0.060758004914692	0.816208768274898
-0.279896703537291	-1.41167588104268	-0.139858113831227	-0.153895235451877	-0.316553717663971
0.243749188323806	-1.75043642855796	0.72296043598554	-0.154025600926058	-1.10228147727635
-0.765330523521062	0.299893757554103	0.725343998314814	1.03232181127634	1.62521900329256
-0.733330627812364	-1.08794148315737	-1.11369784492722	0.449552068608041	-1.46809349321534
-0.816518062934453	-0.589731769047622	-0.189079203711146	2.19657930157288	0.292884395081252
0.673404042644844	-0.0281280204755466	1.31380879311323	-0.647631828324128	0.388645435630467
-0.791473124898562	-2.37457163746436	-1.07076698216683	0.292771160474193	-0.931703380117559
1.63940505664243	-1.24785879476719	1.11930655636057	-0.237741055344473	1.08806893293859
0.481381560271286	-0.444896298017356	-0.155813792382976	-0.857143134851437	1.56422984405901
-0.538548316264994	1.96598525843251	-1.26377781594777	-1.56717130122976	-0.298280546386112
1.11922128345412	0.0214765569719367	-0.322901958351133	-0.239443186423527	-0.156539882901882
0.0223150696120234	0.880974374871244	-2.20353526919438	0.534399269613813	-0.950814899153257
0.621025326103268	-1.09182074963582	0.748225216117362	-0.565428213333432	1.36640579124008
-1.15038340830762	-1.70975916173227	-0.00558265336334917	1.99949669506205	-0.940978645351369
-0.201576559711814	-0.275959650510519	1.04743928952143	-1.90091168754522	1.12626096136355
0.696687424166695	-0.241525336235496	-0.863175843235302	1.14828933614909	-0.206501258981917
2.48484596404424	0.484071088231122	-0.689549080762284	0.73304123752077	1.32034428601707
1.39860823576736	-0.0452501904173277	0.48579406307967	2.25392609310156	-0.937306102729105
0.80945859242477	-0.141319478886169	0.677149252430863	-2.17025023834135	-2.39661992497721
-0.0636972940071609	0.165042809956222	1.67270675150097	-0.669814395540821	-0.773034015157888
1.92065061053067	0.392394272060082	-1.02456244189227	0.507510834405601	-0.389285640728166
0.243376345579482	-0.542511754735023	0.591370907344464	0.552328060099652	0.68578733001167
-1.05702424554125	-0.720270367065991	0.300357311589489	-0.102968003062941	0.528344392642023
1.51969423021519	1.87156130342869	0.976101068755314	0.762023752348604	-2.44610007200052
0.21263457770036	0.703038219943869	-0.15486960899745	-0.541638226019154	0.411723127763687
-0.309512985619402	0.462608295641951	0.973500970538437	0.591893367562532	1.09856231634017
1.41030902519269	0.310385576354266	0.944382784228462	2.12102991284616	-0.494908158713545
0.426015252684886	1.19597113509536	0.294110922422936	0.695581486534236	-0.871061901031158
-0.430045098651845	0.421279980992113	1.59568714969486	-1.07813608568701	-0.408246156830981
0.625379801017815	2.00001969635934	-0.437054485141835	0.0736943674856039	-3.06401366061586
1.16020655725901	0.335358988708566	-0.929458776876673	0.387183301727017	-0.294039170228237
-0.949478819517221	-0.0630103054603514	0.967857004403273	1.47746506094044	-0.114852281335058
0.91782085970232	0.362015445364224	-1.57335559612539	-0.939968996801955	1.54943808266258
0.0660509202800302	0.118431597995401	0.024461638630842	1.45742330403995	1.54466252847398
1.17509198870865	0.408654552392736	-0.240907227424885	0.882186211634808	-1.68707808532559
1.06220240243935	0.661459481097104	0.626575406952139	-0.196869780534578	0.618015453367939
0.714021182993386	0.834005048299917	-1.17492120656498	2.39024755616739	1.00985126938407
1.14962249151074	-0.364826092125207	0.453188857750986	-0.344960602569706	-1.71928611799196
-1.18438714306125	-0.0666296207358913	-0.827484210128751	1.52654016657812	-0.272876925677844
-0.198904093887197	-1.68355795897656	0.45545709781925	0.431698376070983	2.7531807057872
-0.618963150253173	1.20623826228256	0.0684334490494819	-0.560216543534479	-0.985745234482544
-2.27042731854789	0.0370700867542306	-0.835632783921393	-1.9196142848542	-0.290783920507492
-0.305359414152214	-0.276375522959433	0.280768179328174	-0.409448783126523	0.242941621252072
0.147552360943543	0.225145342624304	0.313072898444252	-1.60064177102632	0.792044174064941
0.456806768492992	-0.396863939810104	-0.557995179074561	-0.115967253426592	-2.03768091350638
-0.714671493753094	0.871974435755714	-2.57028064712853	-0.180928156313356	-0.786820340456898
1.49853380525515	-0.0400552102188059	-0.447220163135249	0.0185779085610644	0.777844796686667
-1.52747558510554	-1.39949159089955	0.961588375483162	1.8271134632613	-0.243088083641202
0.180089042012762	0.455114776682978	0.837810084844012	-0.601649912831966	0.101908913252286
-1.51730993720371	-0.231291082750377	0.978878711240786	-1.76482319864331	-1.76522202001984
1.55362197886452	-1.29476244815284	-0.133205085173013	-1.27661290605487	0.37060669710456
0.265491971106567	-2.07651027147724	0.318085158002783	-0.0271555338239978	0.032255947795323
1.69446316513015	-0.303586604352447	-0.691119038061007	-0.413951986635157	-0.872819733603212
-0.68460605641109	-0.897600680038296	1.38417332491552	-0.0584486758030943	-0.722897297234939
-1.99537275867724	0.540654464327596	0.406584676507273	0.404228283680254	-0.141314306602636
-1.01905520583405	-1.13864129336652	1.23224616020289	0.018974738662448	-0.943725729338042
-1.04316810907906	1.42476624810002	-1.00395253555321	0.236623419784338	-1.48025404270874
0.0593365663996384	0.127882842367057	0.798018167786436	-1.1625372141764	0.3353200676072
1.18020094826572	1.20274774026209	-0.602427411640103	-1.87408394647267	-0.889204942612385
-0.176564202256292	-1.12188435932394	-0.777348748962142	-1.47683276499835	-0.549897575436436
0.57622320722805	0.968227015975978	0.206772558819002	-0.912097691914365	-0.868226104883311
1.36101402674248	0.172092256745773	1.12989213614034	0.171254936911858	1.75389983931183
-0.424040933871469	-1.21452317512915	0.931717438923413	-0.360065993410329	-2.12668176844114
-1.58370464372595	0.91282724814892	0.421783012900695	-1.24297957845717	-0.151264777628036
-0.575618985736329	-0.0821021589107166	-0.511605569441806	-0.401300318091583	0.447796083313922
0.419840347726369	1.62323343418531	0.763279115333118	2.03791663905768	-0.200383564256814
0.496410489586113	0.342793886761117	1.01495639085542	-0.10048976476396	-1.08243845958683
-0.44879918932567	-0.0739297198878417	-1.4916981614037	-0.427848558393223	0.366017460641576
1.01874526619879	0.308486995557067	-1.30436456697839	-0.343510901816502	-0.0949755205158698
-0.351235843000578	-0.61154140140414	0.218692608211017	0.0089784998394593	0.918848736178891
0.782723322429545	0.00119225917126036	-0.527619035531236	-0.453067199549251	0.918688387400079
0.743217491009264	0.356484932296959	-1.00258454848442	-0.345844823270289	0.450990427539393
1.3601525681859	-1.60007417255497	0.362853086505321	0.377180490929704	1.84408098509272
0.633769321181277	-0.691355839908098	0.285586237481164	-0.470832110592331	-0.540490037708815
-0.236049751616103	-0.596447328248731	0.354817420958365	0.108144497612747	1.68696709986609
-1.32471459613342	0.516312892745801	-0.00810179838044148	-2.95410380122493	0.811458764163673
0.130768657714346	-0.581243814585734	-0.174845086376334	0.295001407784738	-1.54432353192554
1.06992677472735	0.874496903849389	-2.04412471251389	-0.938645559412221	0.814288738069551
0.196261824206635	0.897565636902944	-1.24275966112241	-2.06727857314055	0.447998684899132
0.593817190312927	0.319773972480458	-1.28027816891728	-2.19823014953861	0.746709857962302
1.86399391529894	0.470581545375603	-1.20736481878811	1.04792137241521	-0.996361512856845
0.930203700376639	1.04295692039835	0.761043164535823	0.71099743524992	1.05027199181794
-0.831533096607325	-2.23245183500949	-1.29349890828541	-0.785133332590303	0.96738823145947
0.093542693942173	-2.05925222554077	1.21179861290029	2.03950215657055	-0.550577417609529
1.11091436028384	-0.674766052951053	1.92599224880921	-0.595907792756864	1.04954632022417
-0.0872775825066137	3.02641728125491	1.03095726516241	-1.14078420113578	1.31914580822851
0.0214139152732913	0.425022823998626	-0.920523333203231	-0.398323409533667	-0.540336692968497
-0.673813675019194	0.166528193266979	0.847867685643759	-1.84476050391637	1.39252430950797
-0.269973712419293	1.76170613096659	1.16126030226735	-1.07873282176924	-0.0380782662685264
-0.461017306153934	0.250984307580416	-1.20859963019078	0.445009584436867	-1.52937358932464
-1.09359593441203	-1.4217691257359	0.229847722388934	1.67938330831838	1.46948866340022
-0.371195838918369	0.504495983485371	-0.248743699212835	0.348639934696765	-0.499641192334419
0.202803933664921	-0.119635554535144	0.371938730497192	-2.26293897226057	2.05903918047503
-1.09211733985419	0.608210034274355	0.265897015264094	0.917980309308521	0.167457507221926
1.53407605170298	-0.62683598903819	-0.165510335135499	0.0142881928504769	-0.314675502980778
0.0775967575692461	-0.207083058854985	2.30513381504168	-1.61360287918393	-1.21408243082341
0.00824185527898858	-0.387770242872171	-0.126319902453143	0.980307275098022	-0.136460229999079
0.537701877589743	-1.03919254894365	-0.854080680250439	-1.21352452509289	-0.930588575736925
-0.287087629796392	0.458658163964183	0.479917496875832	-1.58020927075465	0.823790682933304
-1.55291031630476	-1.48679988189621	0.0503753165807446	-0.548623716800983	-0.533882358403045
2.17448982791064	1.22032104848345	0.721963573059749	-0.412931948896805	-0.118949968704387
1.24329445799751	-0.39527504844125	0.606896919242406	0.382037849003642	-1.98649694954659
-0.10555820047843	0.367230594659899	0.801455940145712	-0.745471279566963	-0.0857376655152633
2.36522714855169	-0.527757097768648	1.58273018949489	1.04657481282217	1.03608893033373
0.677933632067811	-1.66820673906428	0.126587057509628	0.450780934184711	1.55158658075017
-0.124177505500408	0.170942857846391	-0.724456004309964	-0.343147721563518	-0.59417569685822
-0.870721732676354	-0.559706106016267	-0.845059183056318	-0.873753577276489	-1.32145000619991
0.784071098669037	-1.03669839142466	-1.05067916171223	1.79749175898313	-2.43616196745753
-0.39226847223055	-1.17460451540674	0.459061499685009	0.22998309619586	-0.797746726383234
-0.180620269274526	0.920260217765205	0.0232548808890272	0.0244511730260752	-0.584864380378036
-0.0199075326227639	1.19828370628355	-1.21944464871194	1.2299789568387	0.104726473934283
-0.114611843808629	1.34015244361288	0.869188575411068	-0.260004030675052	1.69508456441893
-1.30427827477547	-0.597085451826498	-0.1472627759118	0.686795516684871	0.281879958930418
-0.0393581342309205	-0.429893423488818	-1.37357373828623	-0.357210453400498	0.803197152226849
0.53720776649574	-0.21551137377296	-0.597459988896614	0.586961072258425	-1.1323583060901
-0.777986253359936	0.440288286555927	0.502028830012067	0.208790978302954	0.688686972192669
-0.143395882305762	-1.14541748212532	-0.014753548012542	-0.281111912345206	2.49935450216551
-1.11693208367448	0.28539459911935	-0.802313497775837	1.2216419209973	-0.274625729561301
-0.445171263254463	-0.565058149480959	-1.09275387864161	-0.219770206986183	0.81029909103077
-1.34185439096706	0.528080508398375	2.04329856956729	-0.462862927717199	-2.23405600861238
-1.00109002708163	-0.423740096371882	1.00436411312716	-0.235589942215927	-0.219901202037687
0.532422935401015	-0.0749344944063178	0.725859364724863	-0.0168294271692192	0.212681760441722
1.44682540620393	0.189092028602576	-0.407290136825608	-1.51708769788523	-1.09478957226137
1.24484205323685	-0.73709827034654	-1.3447125730251	0.83382056551928	0.583569564915929
0.36917481598272	0.818085446954229	0.121833078394959	-0.591753894010288	-0.205250015019547
1.5932980325534	-0.680875897001921	1.07075302385529	0.311625239191916	-1.27398280091706
0.0862214987465492	-1.92516757220547	-0.226985176069267	1.29747747464415	0.444131569283148
0.523775399902744	-0.805352104342257	0.605532318415767	0.323618992945994	0.349317393355809
1.29544916189137	1.10323484371911	0.923634061406842	1.79477310732645	-2.15698225678678
0.153770446358614	0.786607010534211	-0.547829453672783	0.230413052769712	1.02268259684595
-1.09379720177697	-1.95507907940508	-1.18530544319643	-0.9472782808004	-0.391090909872789
1.97254487508953	0.938701195031081	1.65008613957743	0.494592768971912	0.283657959255785
-0.0763345990086201	0.275912626402265	-0.115200884720591	1.04581716897226	1.13534944676336
0.797105671121127	-0.194764128410177	0.912008090786008	-0.93378406387806	-0.502644393381457
-1.03000540442804	0.419336158846873	1.03896802476069	0.128298627440815	2.11155083155404
0.655415623904191	-1.84100811205898	-1.52992622243389	-1.39859375020857	-0.255668913925109
-0.562969180950557	-1.02696954204208	-0.914286215579277	-1.13893194308415	0.380025057679727
0.63197786187981	-2.19531818992173	-2.07252325628389	0.351471862368334	0.458474447098282
-0.275305558497935	0.173340229853132	-1.02238797521303	0.796455049163905	-0.868086394468381
-0.40053161467039	0.21766800594119	-1.12664397787564	-0.756322209563157	-1.43107525411766
-1.04064758386016	1.14539497495755	0.647247643890769	0.412609589457426	0.802702727216277
0.53377869429853	-1.80862925919457	0.466361179054903	-0.303382893392593	-0.635147576134052
0.795050937368473	-1.10374127687505	-0.936376107188317	0.166857302226654	-1.12029136094438
-0.537296505793769	-2.21856945474088	-0.650271471125943	-1.92543535721036	-0.587722574440324
0.505171298076772	-0.528555488192248	-0.339885987798772	-0.23319216024829	1.49220419906287
0.133524545116903	0.770876488355323	-0.946815811245581	0.480095870281592	-1.06846735927542
-0.451404347702954	-0.268908483694396	0.424842671297041	-1.56855745311657	0.539185891642996
-0.592331328881712	-2.31829879780194	0.329435093444133	0.307657204727612	-1.44526107017772
-1.01957620528969	-0.415003684400169	-1.38171598540286	0.539028136834967	-0.26902602174043
0.781610299866133	-0.342511516254416	-1.69490967781896	-1.00943875882249	1.49059324046824
0.894403261304313	-0.00937577105876582	-1.64045100863244	0.318150506167725	0.44148659854988
-0.574316164519555	-0.488756554065597	-0.191130472779975	-0.720336291813634	-0.209628052858844
-1.55061907862966	0.434813623990379	0.973028845227289	-0.968410931592156	-0.808605882984186
0.383279985778356	-0.757567801703846	-0.0331575804644471	-0.849742115219777	-1.01172172306994
1.18182627139966	1.81838832676435	0.802311979898172	0.61419677655954	0.261150945283399
-0.978332306644727	1.55713348327207	0.135255774281305	0.279618806382367	-1.06416334137865
0.424355642883081	0.751979978748173	-0.326719843656744	-0.772454767384593	1.72877685693768
-0.184100812859647	-1.5679881063419	-2.62189791967694	0.17038381097048	0.682270211108803
1.74853329153601	-0.587382461280265	0.454579747860513	1.55355201599708	-0.970779259294708
2.06345300325191	0.656506743521984	-0.371612769673452	0.269171840317579	0.0799196717531072
0.50855462169722	-1.38068986016053	-0.68047282287552	0.246480835230307	1.1201711271476
0.596301341864684	-0.383610638929836	-0.163846038067877	0.386594152884578	0.863494792918382
1.57785411520202	0.697143361583429	-0.651207064036443	-0.0437845478811407	0.819862037988213
-1.75747241637018	1.37986681249345	-0.193854614876627	-1.24218624773958	-0.0638535067907334
-0.855522714067397	0.874414834425647	-0.833297393878341	-0.854516247278701	-0.131748818778745
-0.425260440197909	-2.75358375287271	-0.996648346486287	-1.59596640463897	-1.81153971189969
0.669817620751397	-1.41691940833642	-0.446893269012786	-0.521559770055502	-0.509793777511881
-0.0129142057453949	0.516818426687905	0.943209246343093	1.388943803938	0.737765364218596
-0.986357869627143	0.872432282637805	1.67518924442223	0.403084632858231	-1.40362385595907
-0.106422026135806	0.536878233753068	0.190470502757884	0.289269764035495	-1.44573821300767
0.0371556867762917	0.684004490224498	2.12329906310926	0.656480658736539	0.776278879679504
-1.9514730008159	0.0429196008070552	-0.12274934824638	-0.629480710469978	-0.686625255267077
1.0649968086902	-0.273447729648974	0.267662682084421	0.268942477078881	-1.47591904384915
-1.85396921698182	-1.78274919582892	-0.977942933932519	1.3136256902392	-0.119885299079157
0.275185577665544	-0.0339170244043719	2.84475706481522	0.752578559008517	-1.89542580445583
0.502863642198991	0.0733048206804867	-0.182714290454622	0.565790213309998	1.61114681173922
-0.802501678760092	0.386895118383686	-0.0768363823543078	-0.990536381449474	-0.526394348901955
0.604512212120699	-0.94708945806665	-0.601157029773084	-0.837647880355039	1.07151033111571
-0.0405984610081896	0.136394854830569	0.655461392571927	-0.123503141313117	0.616834772166196
-1.58776193250182	-0.754571237410682	-0.589606953400089	1.77885859506512	1.91332315276751
-1.1366281526116	1.34604955383014	0.43060403966637	1.27299284883474	-2.72160833603922
-0.319111405444913	-1.30951216110449	-1.02495492776185	-0.15397294592164	-0.203273676294794
-0.257943243504367	0.27588443539192	0.367517274499969	0.339345415394509	-0.823717749650319
1.23820087005372	-1.63420399931769	-0.849538295135769	0.914817828978507	1.21457543613887
-1.98631427596129	1.35454920251177	-1.01033923714727	-0.272722426676996	-0.255633761667495
-0.876908390924239	-1.48592241247637	1.66107686408113	-0.55556337772447	-1.19908546727982
0.644924803893318	-0.612184181831021	-0.316426621630063	-0.0533975176840122	-1.80625021456309
0.421382341046056	-0.240196337570222	1.29431858994402	0.875800481291588	0.384438040968523
0.334211770808555	0.916056792983855	-0.476283020415761	-0.178692802484697	-0.790570169977052
1.35553932060691	0.729847005408932	-0.489163996591031	-1.13151780826759	0.502612894808008
-0.442953678389519	-0.821881666591418	1.23219042017458	0.187646413977651	0.0227837713542125
0.818021758746033	1.7547486326677	-0.60599355927449	-1.08500134074246	-0.439813087542705
-0.501556682497371	1.19481908059202	-0.29877924136908	0.131417170167971	-0.0905903422344715
1.34207851055954	-0.803436516449321	-2.04807739726309	1.68333787006697	-0.685312033065535
0.406294688571932	-0.15495802970991	-0.64013000711643	-0.621411599823646	0.82889712566316
0.424034846733754	-0.176128958069032	0.466099377880759	0.00200179244522236	0.305603261574248
-1.30930868525074	-1.44591774274341	0.987951891567884	0.303262280447907	-0.680763960264494
0.653590631919338	-1.24774020820124	0.168398243593043	-0.549515013861102	-0.726296977496177
-0.0906027201718863	0.853408715619434	0.343930591850076	-1.28447360791589	0.0531513192248401
-1.7455999441048	-0.603723286886755	-1.13662828607084	0.127440939971831	-0.439532755258554
-0.769541160741425	-0.868287674472388	1.80019041527677	2.09988875495191	-0.248924708582207
-0.307415926903155	-0.896332706147574	-0.299189553062932	-2.16218235748951	-0.856462143137736
-0.348148425545226	1.88613944369436	0.506760458934791	-1.13308463738675	1.00105022970101
0.59245945034643	0.559403894590834	1.30655381336167	1.44609274251089	-1.50269465432445
1.89866817222728	0.711003949811596	-0.4892670423617	1.40966793500251	-1.25738938891388
1.7830255081695	-0.33234266307207	0.48607101147055	0.600560136934208	0.0464772698426241
-1.55665306437135	-0.437187278263428	1.62431807300538	-0.278644232997503	-0.179673755844365
0.814632258195809	0.41204263533739	0.46305220350498	-1.04546019073144	0.360192257471963
-0.713586291694526	-0.535571539896884	0.433918152985794	0.19152996618964	-0.19900168449888
-0.0817969422193681	-0.188532688912091	0.853459952857664	-0.541870623613875	1.0377779130436
-0.264701529343729	1.83229433183271	-0.750670491838088	-1.44395698802787	-1.02064296104791
-0.40466358515168	-0.729866221228625	1.92580758104933	-0.147351012354391	2.05688956732768
-1.28097086249814	-1.3818658303523	1.480558456898	1.03345880850309	1.173440915276
0.657358611314728	-1.2364637760869	-1.47448406950154	-0.534967320262818	0.789809420647258
-0.734461785595956	-0.427968895048888	0.156958515907847	-1.15892815817845	-0.0799146237137655
-0.384756314381037	0.594844001345237	-0.0106346148441944	0.259440731334266	0.543406825544539
0.0321222644066515	-2.46205580534916	1.88288241903891	-0.274943494878045	-0.54533974307369
-0.895110840445903	0.290815992694763	0.0126296565114124	0.997359273272936	-0.80815614570733
1.2084705722243	-0.825194622809637	-0.296120290424963	0.682431922621462	-0.211036342705785
1.51162473386253	0.87591312397792	0.81160293907958	-0.296098875876819	-1.0575418216896
-0.283256281090043	-0.528475509718369	1.88155113956408	0.0845943884789	-1.26826112069797
-0.762380041714367	-0.84439989337413	-0.433429920378471	-0.171628606439091	-0.750501964384315
-0.297278421286475	0.643646463753855	0.766922304204301	1.52691654955305	0.525482950692353
0.546801840732514	0.858531323412181	-1.00212256444948	-0.426514159978231	1.11286714560513
0.661864457653261	0.712114288685855	0.212941639946274	0.764929233249729	1.10838843725292
-1.09403146681944	-1.11304863779113	-1.14022719368431	0.121125670144729	-0.623517341302812
-0.0598589309805999	-0.238034360946814	0.125851686179385	0.878231743000255	0.930578591080848
0.289636762913881	0.639406826791264	0.943207485809912	-0.437166341199614	0.795372576054564
1.6142391212134	1.1835939210366	1.08973112254785	1.48398264243508	-0.833942981630618
-1.6298669543328	-0.299988382197745	0.249014182283013	1.05745486980928	-0.484966273135653
-0.980207807104383	-0.115127472913736	-0.382419461189387	0.163607303784951	0.138103976902226
0.588768642165183	-2.34845359327666	-0.978341161531104	-1.3748744150418	0.315813385152269
0.42623252166384	0.320768807850663	0.255388392214774	0.242716527205264	1.04971014074215
-0.57929801175565	1.1830107356111	0.242730744152342	-1.39412397064561	0.0865468194367892
1.14789238430966	2.29095545231597	1.21232792868735	0.463123311864571	0.0562358423161714
0.0196165305247531	0.610549036538023	0.128105277609756	-1.05440894668457	-0.340975282384432
-0.331709276651825	1.11909501369203	-0.127690468356396	1.04756305040029	1.02644377156852
0.805987639841984	-1.21826701700854	-1.21783643270252	-0.108501318865171	0.241649471662998
-1.12091711056463	-2.12429225282273	0.0599523601577783	-1.06445033851885	0.0741109800428379
0.23219041603486	-0.0498086944533206	-0.406988230061915	-1.35271267679331	1.79406224449232
-0.243889451325775	1.05002270426914	-1.72161241550709	1.37966106182262	-0.802557405295764
-0.578117111398306	-1.40245070666378	-1.22781852048617	0.364464619552192	0.0664999186289257
-0.451206452500247	-1.07979484746279	-0.157744219615876	-1.54428788647421	0.5604083910277
-0.793354082525658	-0.613320744720434	-0.911706259287092	0.303257256751541	-0.178689828701702
-2.28306014375135	1.04868190825781	-0.187693756991699	-0.220655821442432	0.0488786396984774
-0.1063570605648	-0.151540080711204	-0.195897809386674	1.13426161634901	-1.48817877179731
-1.37596798677983	0.168620616485348	-0.854041170938606	-1.09109052868774	-0.593601708775027
-1.16757289771377	-0.330764312886761	-0.350217438315335	-0.699758498172063	0.238319605401209
-0.396051029160673	-0.2423012745186	1.39696878276821	-2.36197994685009	-1.34137841658019
-0.246415502370727	-0.972172905831045	1.82451589928977	-0.0328809784889406	-1.6746837067888
-0.127326147578139	0.937892873326776	0.00330297243175451	-1.13963762575148	0.264175342342411
-0.623615777641438	0.306782223203635	0.688854406261375	3.04830748768671	-0.808846581922357
-0.502452061219969	-0.696007564487909	-1.21894255965612	0.197484005855587	0.538802809730987
0.0826680414667595	-1.30832164321128	-0.0904483200843981	-1.83317431219956	-1.69745782639212
0.522126358662666	-1.33939752759555	0.573409332556838	0.490123988889733	-0.215518609270593
-1.5653308967586	-0.780812323663952	0.167291942190859	-1.21645115826008	0.0615232980299087
-0.40676048134214	-2.86463532073845	1.49126387475654	-2.06368680190031	-0.0820042554719813
-0.0424832133186012	-0.613002388436551	-1.93120900439166	1.72384593610964	-0.584941864939685
0.931424996242653	-0.990230892711604	-1.07460955340777	0.13975802924502	-0.518403671648253
1.75134199031655	-1.39487979826495	0.380963859609144	0.0271785158794597	1.22231545081981
0.213241694095892	-0.0813719919605125	-0.719910521984365	-1.56702465196936	0.275134815844487
2.9067142233179	-0.0447959977243332	-0.204194799088948	1.21059829892413	-0.369558599789397
-0.00521251727094926	0.875154827467237	-0.805275616787326	-0.872281712655457	0.309524118454273
0.753959456631765	0.316865853003232	0.900765465191538	0.258036350227918	-0.643180849121542
-0.414250746708265	-1.12345924394627	0.946725556447787	1.2213301975997	0.59024892766683
0.185956461456493	0.759769085714765	-0.562919858988523	-0.519075572181077	0.0991130360157254
1.0258049503567	0.199058700571883	-2.05870502556996	1.82500323867672	-0.0295307945134968
0.123731054146562	-0.900003591895564	0.648429285060582	1.20790407486226	-0.25958538979415
0.535871047737589	1.78570843544682	-0.966498572443027	-0.172664593302164	-0.365518378929556
0.507787298318912	-1.62293399035823	0.852207465969215	0.928123179809116	-1.14149161884631
0.673325353323659	-0.370473573510449	-1.43113627105575	-0.645374810687082	0.999390953498449
-1.72633538934692	-1.15636208684304	-2.06941634981612	-0.476385610479127	0.461160300136724
-1.20484275379098	0.746002135369365	1.36090042534568	-1.09556994252606	1.04723504483954
0.444082828265242	-0.157867065942889	-0.494919291862942	-0.936409729779995	-1.55106841341753
0.26060243744645	0.379410257949373	-1.01283675286489	0.781710533915511	-1.00803203776811
-1.18752822894833	-2.16768777115636	-0.477916939545994	-0.899949900695621	-0.485284431978145
-1.08720682632864	-0.637999413860816	0.908219311404816	0.478532458105913	0.733697494880252
-1.35371074843254	-1.04351397339649	-1.37934899482194	-0.459761236414926	0.664552417446847
2.00418741529872	-1.31648081749045	1.65343640557836	0.282188320485497	0.903968299822572
-2.23314053705414	1.19100094766708	-0.18985976783935	-0.595473150093484	1.15922453871167
-0.717749059944129	1.07632555748584	-0.595319594808465	0.0472935102961537	0.418439948705588
-0.815374953187328	-1.49593965607466	-0.499789801983876	-0.301197857841089	-0.353370522923104
0.354647350725531	-0.401945196912269	0.631424919938215	0.791002577030482	-1.71428156582895
0.0481111284830183	0.39800116470394	0.946937945590286	0.751627986976766	-1.4305394581284
-0.367248277062441	0.191373247456351	-0.759983274631721	-2.39258742993766	-0.594562000965337
-0.694405521594879	-0.608185435901635	0.775994734441719	0.560928874202095	0.607037281840729
-1.28220093677454	-1.01289386142546	0.747576319102114	-0.338435773019649	-0.753611978392057
0.330292616984997	0.744726391015295	-1.00225645909077	-0.326305189938962	-0.248729988710446
-1.21191209918917	-1.06259172711641	-0.444607806776395	0.380025999016001	-1.67624316284399
0.11389295369257	-0.252729074214406	0.553739924159812	1.06561072792405	1.49000692343486
-1.04888660050563	0.152762460961386	-0.603540102770536	-0.0751077602535987	2.5367775527401
0.197845091500506	1.09799112619281	-0.00437271387169996	-0.660950457597243	-0.949369140830492
-1.09161337685973	-2.33659469120631	-0.919329948051965	-0.0936605551880597	-1.65766201555272
-0.204022950954523	1.89133211171206	-0.0989134827453436	-0.131285955638854	-0.430796622158631
2.1190823527171	2.57424439391974	1.81335083812344	1.38831236089264	-0.532348046139206
0.812910996119009	0.763270772843141	-0.326885297534486	0.245924784716931	0.0574949046520083
-0.838731481486808	0.873195990970114	-1.63953671689973	0.640725824048437	-1.05831076564496
0.146914969014516	1.04375601829173	-2.06818178389507	-0.475337109130169	1.86229800346127
-1.01238603070275	0.071480761454504	0.858344142585819	0.951928175490382	1.83558933350227
0.879859274013673	-1.15031752806624	0.767554939986856	1.05546134961949	-0.965048391168046
0.541033758649692	-0.0404424489837	2.74077665286748	0.77605515905374	0.13392254118525
0.145783205939559	-0.848248784124572	0.639739601834213	0.499396812140837	1.69071425183003
-0.979667192818401	0.41032373352304	1.11360490876634	0.193652517991033	1.21875753990583
1.34258709319388	-1.32036088275242	0.939260196571168	-0.296301444070091	-1.80287913599799
-0.197346388102244	-0.324861038026098	0.372687257545565	-1.80036866154734	1.52861137151434
1.60367715137699	-0.264096209629009	0.780000787020115	0.831358337804115	1.5968519951005
-0.577365954748397	-2.62389317687004	1.53561076654187	1.05539937129924	0.803606106113401
0.394493492832234	-1.60901888644312	0.551671339336159	0.20365422393541	-1.14831932525766
-0.516379970842285	-0.600959614435719	0.909053145017194	1.8427615799467	-1.88015807652036
-1.58237261020376	-2.35384004177868	0.999916363087727	-0.221411115629412	1.46424476269279
0.74075159292433	-0.845741904107968	-0.282527394320053	0.814780093854865	-1.10428161816564
-0.787594833011719	-0.508089788475019	-0.415461858408167	0.664958451159591	0.600240875907851
-1.60853622786551	-0.312001517505479	-2.42049379280092	-0.907162669032567	0.29264915372484
2.25923563048714	0.52492354318501	-0.588687666820975	-0.124347321614276	1.2598217506292
-0.365744223033745	-1.364410160277	-0.428753991629016	-0.592625528055504	2.24715445896417
-1.30799181072481	-0.458742768861482	1.50804708028052	0.663847079879829	1.10690431481629
-0.577998682116836	-1.21526322871886	-0.888372420396147	0.572666007427212	0.554676100051494
-0.31364157713597	-0.844404900942235	-0.486063521772258	-0.749688554403674	-0.0703509767282632
-0.741699078980212	-0.785378938593077	0.204854865552995	-0.6552035871472	-0.762480067044559
0.668755720528	-0.296641255159559	0.0701273500430076	-0.040457729585617	0.000203162983996026
0.493228976791185	1.58793619247	-0.924365960712569	-0.0329147701818062	0.0203167108525578
2.16313227308676	-2.92567272229572	0.712074092040599	-0.700613037533424	0.834422359856146
1.13598629303083	0.891890316011556	1.17840987800283	-0.612107127813687	0.288502294969331
0.347858147140143	0.785883079417968	0.483092104995157	-0.111230325545372	1.34971971090594
0.135346917006241	0.664940057624644	-0.140725078148681	-0.838591378859539	1.29424136193291
0.206039674511638	0.287487950008703	0.522813553110651	1.1867706503316	-1.07931478423603
0.58301191084006	0.545693717226806	-1.27914032917129	-0.6802464718819	-2.16606594569441
-0.547646877592102	1.18934920054181	1.08931579616009	0.413862734815125	0.86603260876042
-1.04772857980458	0.358625393876076	0.198902276997923	-0.566500169001294	0.721768662551851
-1.97428215182901	2.33844153871912	-0.172326288128046	-0.6205066203418	1.40342238558934
-0.263876159597058	0.798542659914948	-0.337807517113039	-1.30779183795022	0.141582067462523
0.469700941009571	-0.56239451490601	-2.05602342257445	-0.449591451741454	-0.120338279638743
0.199340919795625	-0.179167765294674	-1.94670250317839	1.3103559075077	1.19784464089095
0.777803012839876	-1.04398147159535	0.73219902614341	0.536831754301809	0.946530258944515
-0.375026692484258	0.661965008154294	-0.240659881110805	0.178975775491582	2.59708454936317
-1.14855360172434	0.249494434616069	-0.114163636704256	0.289791077901463	-0.291012059827872
-0.336501692974439	0.279488132037901	-1.43023675741945	-0.910203845628662	-0.866189290293687
0.325411340011536	0.178652365949209	-1.34095558810837	2.43500923357053	0.131146324211385
-1.63167988810348	-0.14970265601518	-0.229364901720283	1.04887795898733	-0.772119468940843
-0.0391973246655361	-0.979204740332876	-1.27558727449109	-0.0396962576960144	0.818069786170202
-0.683537672237811	-1.69349610507163	-0.125291557871052	-0.97051349496204	0.691956393232666
-1.01263588852955	-0.861232917290583	-0.374922781566721	1.07063624774199	1.02756321277649
1.76837856581994	0.547075509273342	-2.50536966338102	-0.736102481559425	0.996124032358559
-0.435418690510265	-0.80204339843666	-1.57095686366471	-0.729055894419159	0.106493841219038
-0.862523088354667	0.118621508995824	-0.571520951053061	1.92312993742535	0.406669758973209
-0.179180285795394	0.259722833477527	-0.480470119349507	-0.463309645291319	0.875072400646413
-1.4861695944332	0.152203888050283	1.12478711175084	-0.818204277304829	0.511516393292919
1.36663361119349	0.811574058082734	0.455627622718124	1.3073254886517	-0.454869997660168
-0.540102862994113	-1.10920358109824	0.366043071269406	-0.126672833805651	-0.113605827590519
0.875880463310661	0.639699495563663	-0.15461113099102	-1.89629688112598	0.458045707097833
0.174135402215334	1.2072883925235	0.534313294762892	-0.0136302373976273	0.233969296829073
-1.08443583222538	0.158868978488321	0.0227667326115413	-0.0167597525268335	-0.190649727686348
1.45418701450496	-0.885784255302637	-0.42180922931222	1.79275864551003	-0.768773597172009
2.18988882939075	-0.515528288553083	0.621296390287726	-1.37847890923	0.207575783032002
0.961030985533238	-0.979443906031143	-0.853336566795911	0.168242866051191	-0.388410979940044
0.779644971996792	2.15668837543226	0.173926760275369	-2.5044001769279	0.132086641387453
-0.130544947591785	-0.583841296461853	0.417976469963022	-2.73791899633164	1.14817263263559
0.205170431760104	-0.0583444862968706	-0.0276983790358919	0.637752682601803	-0.639533105026627
2.90587142512312	0.360256601000243	0.525233688782183	-1.84135269809464	0.987811964122732
-0.879027910309274	1.76522710545456	-1.62442928178203	0.786931478825262	-1.05663004376148
-1.04592974445914	0.379449481706076	1.28608677094492	-0.4183317190805	-0.574219327662727
0.512546089201541	-0.555837871422574	-0.312969195975395	-0.771960687241105	0.639583862799581
0.317382033283275	1.368491872637	0.0182839009202193	1.86288000225693	0.214247025829009
-1.12573392191	0.608843985711541	-0.607502908084603	-0.257662641504405	0.148649535927922
-1.216643042607	1.09790357588277	-0.438013664430235	-1.27713699314794	1.39722920917526
-1.20942512530963	0.261764844419741	-0.39543162043518	0.408611976270769	0.900427530072609
-0.130372516146891	-0.473484093438642	-0.120986709873739	-0.518899373256098	1.90146253848872
0.539439574272829	0.259951126508161	-1.05406908997617	0.6377386260794	-0.991454378700331
-1.01906467058372	-0.854049631040061	0.628989976315752	0.517007904489675	-1.02159396171626
0.46192407940756	0.795255139392515	0.93668970568604	-1.46433442109326	-0.251207975871843
0.388440016857869	-1.16842641766624	0.0992026821048059	-0.0688520268827184	-0.642479927581239
0.00308573959573664	-1.51530870775087	-1.42710175830256	0.291981054361272	-0.156866702642682
0.36492476025838	-0.32057809587176	-1.9949071210964	-0.200086295059998	-0.166092236188005
-1.3083134548053	-0.915825801960994	1.55329221759672	-0.322518062170238	-0.272743522969928
0.225688748431057	-0.204265435402882	1.50063786256807	-0.719942800191913	0.889770650543462
-1.23906339705918	1.03789187732365	0.319650049921466	2.21138696000866	1.46390515744654
-0.196446264911734	1.90366244335772	-0.411433217416264	0.441942920113379	-0.214764553121902
-0.143836538108699	0.298384808737364	0.204638309287045	0.0242085820543867	0.349122991554464
-1.76131297626122	-1.23004557306246	0.943625447901581	0.471988126458351	0.670459004601047
0.101054064034665	-1.85702067109986	0.410691062990135	0.726258945390743	-0.655337970188374
-0.374739366261785	1.46710454695097	-2.0538560861925	1.72277116003607	0.855818336620455
0.384312067383828	1.15506981574268	1.02410657614609	2.80730862411582	0.0739365445923526
0.276493221845384	0.650953924536632	-0.548171618095098	0.650932439795342	-0.289273810686577
-0.871409159935316	1.65757012985268	0.323333952089397	-0.140582037189158	-0.406449818767404
2.14564851841355	-0.631446074477512	1.39529793361294	-1.04318304032866	-0.00223278220347128
0.403929815120371	-0.712022240975675	-0.149015163415058	0.175482049486984	-0.418117471558702
0.450940102148789	-1.27993070793834	-0.775851905256351	1.36354488401667	-1.21497671412958
0.566126181221177	-0.0648962424364739	1.21459627495499	-0.266514349399578	-1.59043220295941
-1.27040099287479	-0.240866415579649	-1.62853571193625	-0.339154541256812	-1.18119649250376
0.372569991347595	-1.04776408857722	1.23636757140285	-0.0134823332981385	-0.214128197541104
0.752688869841063	1.02471803147	0.955674225480067	1.17538906111138	-0.529817119699897
0.485261097751179	0.416767637232615	-0.980728391158937	-0.116257182548895	0.310386592386489
0.840970855829494	0.936491191396037	-0.57508032771199	-0.267566783524929	-0.279223734208621
-0.422835900802853	-0.0148935463698479	-0.0239595827387964	0.0236756629178267	-0.989720300180143
-0.372997557723798	0.330612352454919	1.54951166481906	0.36206850315993	-0.659064964266734
1.3254991805579	0.840363344241831	1.61831208779435	-0.477142259022191	0.0635875050581052
1.08833973316897	0.412737592062662	-0.10624589270949	0.312191566496523	-0.785242687009199
-1.16769179885437	-1.37730743274011	-0.222432214652232	0.583335494407323	0.697410379268821
-0.422025040900213	0.67327240419618	0.602017931381019	-1.28729943706991	-1.02091377966992
0.598139947934422	1.03456651137988	-0.882432115248897	-1.17324585298296	0.979502274364841
-0.548314336523599	-0.423446692779155	-1.334348781708	0.15186457552176	1.05772133626964
0.744591070933767	-1.00334523581955	0.764096350966658	0.633974720721241	-1.3419257938161
-0.415250859918285	0.344014056953664	-0.464684562431052	0.101413972589158	0.606892193816201
0.417232262990398	-1.16340147345825	1.55384989387123	-1.50617701525532	-0.0350626002087716
0.13849809127582	1.40500202787317	-0.126482944364961	1.16781200076256	0.629074749675512
0.880060812512754	0.827419861914232	0.937535870189281	0.518027318759226	-1.90192843354394
-0.948686373197508	-2.17724295259338	1.41037320953447	0.359220468861257	0.80302202058562
-0.340518806838518	0.820350339158299	1.12297493372299	-0.253380686399233	0.219832324507404
-0.151711950573461	-0.990864785209632	-0.883997796790662	0.40276139396057	-2.04479133999723
0.943400347923876	1.12503093086738	0.780276255414017	-1.16793285565796	0.823311070958617
0.821903632280324	0.780064245815346	-0.0882437488074412	-0.197979184644787	-0.385564987321434
-0.58482349324349	-2.54830181688887	0.911283075784128	0.151279330129972	-0.0748272626697148
0.408263697326487	-0.333935927831683	-0.242392680566447	-0.513484282659001	-0.462639478872165
0.740726718671054	-1.24398584743732	1.09987862919491	0.288279645264472	2.76334954563992
0.789730709142385	0.263672705456689	1.18532457363768	-1.45100490689975	0.423789906126504
-0.412890957563176	0.599356190538039	0.159086374637794	1.05640073517876	-0.655838351968135
-1.36095441569006	0.79770292593022	1.01747618142453	1.23553756559029	-0.225194621044001
-0.0540072348037589	-0.510734086389593	0.437124647967822	0.19994775744264	2.50543365375173
0.304979853584473	-0.867786124688928	-1.10237021242778	1.04705256033226	0.250624227639319
-1.63063421695524	-1.11742302733282	0.242738514407149	0.860965758458936	0.198227736981532
-0.17004022194447	0.722104336723398	0.778648886894431	1.11211542872107	0.377051659306973
0.47384428152359	0.677927555082351	1.79597845185214	0.907481928618067	1.04263541779943
0.254723995814329	0.81254181000106	-0.176452099965753	0.0236633812191218	-1.09435667127152
2.14235983096411	-0.328370731692056	0.777842836704848	1.12171278674088	0.275444989423058
-0.649435985729865	0.60850104200753	2.51293295204075	-1.33373113227855	-1.19012405945546
0.0949923718302029	-1.3824688926316	-0.40591245219791	0.125664189003299	0.911193835427141
0.944592244478643	-0.460979421527308	-0.120545890556998	1.39969982304923	0.322418628925474
-1.0028584418926	-0.856229578904985	-0.273419916343781	0.0771227361542799	0.377361664395548
2.65566213527436	0.351287074699531	-1.59600619733528	1.08249719099666	-1.43629953949375
-0.467918159465278	0.977545253149373	-0.536254488398219	-2.97884109393451	-0.46236625885736
0.524310483386602	1.45597013289821	0.221450656615636	-0.332037900426801	-0.236665048708356
-0.0817685249116796	0.259365051774095	-1.21648084102307	-2.21810391601119	-1.04378402522477
0.885065974670685	-1.6572712326572	-0.92101810392017	-0.207805181979159	1.36466014531441
0.832554323774012	0.0429371689353767	-0.367138451124615	-0.457262107726848	0.0916276134750333
1.0076237310649	-0.445058899108719	-0.55350202963425	-0.441491215201617	-0.561309931032816
-1.36678449135365	-0.914078084251745	0.00499273300765418	0.239258503726737	-0.521801727174471
0.294115255239705	-1.58782629962545	1.12357447647616	-0.938147550147631	1.38937805779202
-0.412653342306	1.11201818267286	-0.927318225826777	-0.00403448800743399	-1.79482286744503
1.32780249697322	1.15561665780741	1.17044452314931	1.08567496445213	-1.85981993230845
-1.68232175548542	0.472961141791482	0.198756528830202	1.83827122042624	0.775732829136171
-0.874538121772051	-0.20163429808948	1.14323731105288	-0.405766396792113	1.84074030260489
0.483323088445807	-1.11711558622308	1.01268846477067	1.98763569807188	0.783254421637142
0.273436429405535	0.796319433829257	0.505067940940193	-0.625014773580996	0.11430931637608
0.994237124848437	1.12305153977037	-0.185379325984132	-0.100259717458453	0.552666492472997
1.00246707189821	-0.567800466309526	0.261384421737732	0.405291481475347	0.903962394752909
-1.16564996028874	-0.876075372400542	-1.48886846747747	-0.652210476278011	0.740956388530218
-0.881642195129305	0.85902166264271	-0.302246220283078	0.394233303171011	0.413226700926955
-0.310665670077827	-0.667385769829162	-0.443613491350634	-0.187399945856217	-1.47103760102556
-0.532814787749083	-0.0975246702537509	-0.80743087443784	0.347241389332453	-1.72473047782587
0.303407866701048	1.77931396363284	0.0697173084411004	-0.131565254253646	-0.967098434405808
0.662804799593894	-0.909086032277876	-0.366716507334789	-1.21436550970594	1.5617618134512
-0.0306756168557222	0.605216001858496	-0.371503240600911	-0.759063583049982	-0.621643037360926
0.497177881081101	0.766118442628192	0.364727195683608	-0.649889307278308	-0.71411314424879
-2.07978994847537	-1.56032974099752	-0.0874112258026938	0.839278899055508	-0.819686770813059
1.05515664813727	-0.214527712006487	-2.30405170830373	-1.05500537966791	-1.07400203760699
-0.147193342041971	0.171021247347961	-0.351922118990073	-0.2076736671254	-1.22119469188301
-0.0155535112509751	0.0844371804143019	0.786977317566407	-1.30419388730462	-1.62274882007912
1.65464174219865	0.121496175735095	-0.860839389392413	0.489599745118342	-1.33468791435537
-1.80788884809956	-0.689253125269845	-0.652512456881669	1.0613593782184	-0.860023518587289
-0.876047069163676	0.764137466269739	-1.00885705801428	0.955904049826363	0.976843127782178
0.208985417727787	0.585008700266123	1.01357455272898	-0.646334749221972	-0.75911496623446
1.35152558975282	-2.12355337339375	1.35640258286721	-0.695510681448228	1.25729791788367
-0.845710284227714	-0.973052729579805	-0.18525092885357	0.153840805145101	0.470529111148256
-0.286775356997343	0.762844805668629	1.95037954315607	-0.665075844873439	0.760015844686684
1.16503123570299	0.0156335601811707	0.0631863101435364	-1.69017241403257	-1.43869578330092
0.691811856468492	0.123353002435451	-0.149709943885075	0.100574692052966	1.77974241447515
-1.16296352640531	0.298600892957168	-1.05688577189459	1.18109494130457	0.799630966278094
-0.936120488537285	-0.746975495638436	0.819988462444728	1.2598191554032	-0.492371978825251
0.542221529391603	0.331381713725034	0.00443022083379397	-0.88980759343436	0.0627468916834121
0.0807019488965394	-0.102565002725557	0.378190041295288	1.51678748562138	0.258510843881324
-0.20178651976718	0.840897197200322	-1.18797665732216	-0.852284488954872	-1.03020884603444
0.0984198471661108	-1.14897758845098	0.266907481402468	0.0812080727045371	-1.00992021751058
-2.71524716879007	0.578272763310885	0.9095311888543	-0.393233003224539	1.29116867660884
-0.0929920822921722	-0.886014928507062	0.789816160724648	-0.360747947373779	-0.849164939101845
0.348820697688584	-0.673206232548884	-0.45921304559436	0.761462612255614	1.3173182103025
-1.64373953961557	0.145226117962388	1.22430205879385	-1.43434873302388	0.406124527416858
-0.625779830675633	0.435319736751975	-1.1790543365832	-0.798800291281216	0.145981105671191
0.682326213383014	-1.32348160082684	0.396588839758985	-0.431822900546747	0.12382520311635
0.306791063208467	1.17561505115632	0.431711948179454	-0.0379992029242056	1.68003608810093
-0.647806778477693	-2.02953303292189	-0.37973381469556	-0.145792670499789	-1.93174106215408
-1.00756492193173	0.202993987312457	-0.412968056025469	0.00989534566749277	-1.0880395094738
2.3621143075635	-1.06908289125926	-0.189757860523818	0.381071143478616	-0.115685872704253
1.24470420647139	0.0762997541181929	-0.85988747073966	1.12139430994879	0.247096099885932
-0.999165336131334	0.185447956087087	-0.109755349745926	1.38636749905383	0.945961093541782
0.166149722208618	-1.48181910973655	-1.49622934083711	-0.897152938067667	-1.47122025351758
1.4323412143798	0.107124461835363	-1.59945827294485	-0.294973967534641	0.279703876934785
-0.969901395190928	0.686031471372667	1.65299724058359	-0.389381000672148	2.2008631182573
0.767935222211739	-0.143441247040537	0.404337122722213	-0.441231041453041	0.615141856382819
-0.508920291492437	0.311841227128187	-1.436727675738	-1.5451994604782	1.6957607814947
-0.258137014063171	0.11800221949966	1.09763179920701	0.494413158040848	-1.24281629707231
1.03563711835162	-0.62922992771398	1.2652532476051	1.61301321970273	-0.524687528481327
-0.609760816768044	-0.342421120917385	-0.025148744746793	1.45078415357731	-0.700831890985165
-0.501463893409531	1.10082755146175	0.155363015226169	-1.1647120833513	-0.130441743587238
0.656864523871514	0.760365008847265	-0.539437052185101	-1.39805560947546	1.68705000925989
0.0492203051969431	0.432864985694019	-0.182532043163834	-0.960259719041047	0.832818649896328
-0.746532630290052	0.412506658830403	-0.194019667485723	-0.365135423376407	0.634934117888356
-1.34157574648691	-0.0205287487379513	-0.425028879527105	0.159247979253394	1.23221729425877
-0.251817398067483	0.447752276753957	-1.14367481359535	-0.908488621099422	-1.64216069472404
0.289704604299797	1.61893137153071	-0.161998980231216	1.28678497062217	-0.268488617124042
0.0114867413603207	0.287919519619821	-0.191249324064865	-1.16680513571318	1.90222165623113
0.71958547134026	1.4612428937926	1.78878534278864	1.50830605285655	0.0725692821540123
0.092632888465946	-0.812650155350383	0.527038438278975	-1.40948622344253	-0.811654930698594
-0.0578448128567652	0.344460956771434	-1.76969831416173	2.30062139085726	-0.373013534844039
1.18862615482162	1.93854087119091	0.96273331960038	0.484990616546178	0.068716919683276
-1.28882115071436	0.335743237935177	-0.828337070430352	-0.0557264374502925	-0.0813600126848148
0.511802874196076	0.0623442445860648	1.47765016149788	0.281440370049875	-0.181688452841141
0.555064608412465	-1.01877386278001	-0.803732495071825	-1.39530885024919	1.08934319866107
0.0620504758721566	-0.169526153727973	0.975028338300719	-0.696593414438581	-0.543128555558165
0.325664135408231	-0.0329153638683232	1.17367402084176	0.43285872028013	0.712537917982914
-0.548419970697513	-0.525941913584291	0.130683758056425	1.36570659661609	-0.823035287281486
-1.98381772839822	2.11936649705358	-0.691589635150968	0.0958289598575355	0.891467187055621
1.05075718956599	2.63540344762132	0.278692773410568	-2.12685413491502	0.0764273379810882
0.316981115870907	0.0785241872840258	0.173957182773684	-2.37460794663602	0.663900902944077
0.828073994049422	0.808832083225613	0.449948061538069	1.44364759732363	0.522540611606584
-1.27470673938751	-2.44399733830816	-1.02086232027274	-0.307805619301254	-1.42607917079535
-1.0944561005406	-1.21588051564868	0.0599168456448423	-0.034133917392723	-0.610689539648381
-0.254826481290659	1.66535425427784	0.956372671710369	1.23734889615535	-0.767129203873071
1.41222720042557	0.0901440965772469	0.99060564139841	0.913043394737893	0.247546144314615
0.219087050900353	0.499574950959489	2.55497634058683	0.430426624243331	-1.12137756472116
-0.309799323150314	-0.897186153172895	-0.220993659307695	-0.603579444477035	-0.0622616850345445
0.805844175473597	-0.473984252104892	-0.143083267742817	-1.27423776130468	1.54713663510238
-0.123937572884072	-0.784194529381518	-1.81475548188605	1.37557379337901	0.475291648808372
-0.00621601174441489	-0.232841605570322	0.0794864357327437	0.023689812821473	0.455411126760985
-2.16617467608178	1.32571818915988	1.21877906049532	1.44638669849122	-0.467246030946343
-1.02320676826901	-0.619199005129492	0.923253745283484	0.167242613296562	0.808711011789409
-0.467729647981458	0.710141727230183	-0.60717945452096	-0.384725933958728	0.642235997405655
1.09206739535171	-0.610183227906961	1.73710119547806	0.209089066057031	0.487727212881376
-1.07114340080388	1.15935036749603	0.584521684854759	-1.56057084312641	0.188811901719511
-1.19867298272578	0.782822177259361	-2.60964106704247	1.24248604147424	-1.09210799826239
1.48400488131643	-1.10995322904512	1.58247078896113	0.608902173129884	-0.853330976448336
0.0299664337373725	0.0869984041086172	1.20630074717627	1.68662674233939	-0.192867829613979
-1.27197526132687	0.550177495496671	0.293442682329553	-0.585800291209178	-1.30458651484794
0.532213819757425	0.531875097129688	-0.0945740909418077	-0.102119802848781	2.20658381765449
0.356501084528325	-1.59893573707491	-2.07598954208589	-1.28979742914639	-0.620125620306054
-0.0670426226791388	1.68034463366923	-0.274673401237381	-0.577494133003862	-1.16595761827187
0.344064386469221	-0.313312579990139	0.0801697187513302	1.52790933308004	1.12381522527336
0.585502696714203	0.815363528348649	-0.944618587616853	2.25564442773535	-0.415955325097737
0.793261206789711	-0.0401499499906093	0.53533650831744	-1.39063815600491	-0.999706148523453
1.67224966607248	-0.341729482386277	-0.762432194262489	0.295285537560754	0.552418249982547
-1.71280346059159	1.15341411981753	-1.22171898939284	1.70826970817975	0.888817619177099
0.815582136834061	-0.553037240058822	1.37641537181202	-1.2071466206047	0.140238522401693
1.38015066315036	-2.90852802077042	1.29147619804233	0.851117862260101	-0.0983978526266326
0.228818454709309	-1.54189010836596	0.234353997443071	0.533902469576786	1.19741311651805
0.122122802462321	-0.787926999725197	-0.453781490669713	0.0162428479602101	0.52945593704644
1.17983070734687	0.622894635512592	-0.0311270632410296	-1.23250007332516	-0.177592506022612
0.971025067148883	-0.195263856060831	0.423071732031539	-0.758134020318887	-0.10464817391527
-0.177474998628172	1.19767245335809	-1.26853566733517	1.34935971736659	-0.843623083114117
-1.16535263052481	-0.291925326315337	0.759350747696711	0.566186634348063	0.714202126109417
-0.997305329204175	-2.83516663844059	-0.337399688964613	-0.230352870436117	-0.460346063921046
-1.8735499837772	0.439565880267144	1.17873495494911	0.349964929416652	-1.81922672590993
-1.05378477595937	0.819260781826855	0.471395310838587	-0.442824908668128	-0.166974875339422
1.16379542863435	0.0726674890246146	-0.435923120898963	-3.58635975338961	-0.136120173820321
0.428827044513386	-0.602950877233123	1.34423662739897	2.01251156026587	1.15515001684562
0.597709065668573	-1.09361249543257	-1.56730753739393	1.27209095358301	-0.708112386717015
-0.00874950091629548	1.27062943126408	-0.340302798796462	0.50721108899979	-1.69250848756008
-0.941470392470095	-1.71220971176022	-0.644581735512795	0.902546358612863	-0.297592558044708
0.396815921610381	1.34161415041878	-0.577194421790984	0.855832727409039	-1.87564068516744
0.912247798883136	0.285627727057352	-0.670271821846074	-0.85883402216549	1.62367323167189
-0.500969110854508	0.105457287282943	-0.124724916808498	-0.827546810938812	1.03428418786675
-0.789422682688184	0.141203996386089	-1.37001768530062	-1.47472079926836	-0.258363517179389
0.192710353033723	0.011699025325566	-0.943813597278097	2.39759160698265	-2.32127818348099
0.472478312209427	0.74848255222128	-1.55245199977052	0.480745812388316	-0.0705679536656786
2.21452844742251	0.965554837817851	-0.545645796021094	-1.28313457864798	0.45360125673838
-0.555675514340159	0.46441424958178	-0.991687982283329	-3.13344755320431	1.79416330834923
-2.41973617419861	-0.724236396294293	-1.05895498095478	-2.07112943908704	-0.568738453360679
-0.0429704773238848	-1.67954764265583	1.8617249827246	-1.18192369849262	1.58147998595647
-1.41912071053304	0.697629942313592	-1.41193735813994	-0.300565408410777	0.239912971769352
-0.883702081201329	-1.19412443888547	1.38993476311479	0.216799126489858	-1.6774357221159
1.21661839184022	0.296149214815847	-1.41147451559284	0.662156564747484	-0.250376075444152
-1.90745799246514	2.39197285083706	-1.12309940114605	0.260418645610526	-1.13777751176404
0.235084312639932	-0.575956859759895	-1.06869161074303	0.202501796940577	-0.526238787970412
-0.363200635505974	0.61190611064981	0.499504085224066	-1.53607671601624	-1.05811245664433
-0.0520914061474174	0.584253176033731	1.48919010739308	0.701940903931971	0.912343493666438
-0.65285368285998	-0.534426529803041	0.6478237913392	0.536834597501365	1.16180098100679
-0.624616236520901	1.39593670813771	-1.21116470812566	0.66074693499247	-0.432746331673591
2.72426026010619	-0.622155128012129	0.40067702126617	-0.323529867850021	-0.813228867523196
-0.621616429122904	0.587377363096302	1.17374930104549	0.0902026620125621	-0.474272686233741
0.620692749990284	-0.0916499880716087	-1.26697464258702	0.456419118469854	0.834030669993721
-0.819861917269936	-0.604131277402497	-0.781956562856088	0.0789798889070138	-1.61443677785007
0.597730264223168	-0.543290318707499	1.07209452173012	0.0915104077877888	0.0088425224070503
-1.63650333269805	0.883309398242975	-0.997052936434815	-0.142596633914278	-0.767413594409543
2.92666879953328	-0.64494857026097	1.41936102666595	0.279740375741303	1.53147756255817
-1.1626382433398	-0.458643470728886	1.22610184720217	0.420093016670055	2.21325062727989
0.794005095024587	-1.40160877183178	-0.537426354701954	-0.203502190861629	0.528431859197919
0.22903620877633	0.642501505489483	0.206312900330008	-0.0764020176508185	-1.94245782740967
-0.0604486062829879	-1.3477891098839	1.47323447694381	-2.4085307241961	0.916159625047672
-0.401748183666601	0.939895054487744	0.872407765189789	-0.711892293667815	0.238043382300887
-1.84841662060852	-0.402827743432861	-0.0813684578899653	-0.950850831536174	-0.601280678772645
-1.2942348756155	-1.06005601978055	0.459524521989368	0.124303010714333	-0.332814094091669
2.57632551510885	1.65369960918019	0.90737661864395	0.0704305010502159	0.556676808571883
0.857454556666477	-2.03159896296934	-0.388191262078678	1.5078723336403	-2.24383710376183
-1.64868662174865	0.368416756934343	0.386621411538523	1.572995073751	0.521526558451935
0.318019741181449	-0.62223090541561	0.646638457186749	-0.415335846147642	-0.991917985547709
0.203344785935266	-1.00982045389618	-1.19549718158082	-0.520643425545937	-0.0443253825892768
-0.679793598952836	-0.0444401117351663	0.132156617922415	0.290434498950241	-1.82009224153941
0.895307957611492	-0.837517262529627	0.364486104587733	0.347068825704837	-1.13110194379199
-1.51193690333657	0.547293961978794	0.377457232710533	-0.976395162339289	-2.69692328499968
0.403178245290731	-0.13861622138128	-0.0238724531773577	-0.291699630695938	-0.331332762434338
0.233867065062433	-0.682939773067224	0.238558996730363	1.96985954483251	-0.481434180839871
-1.01020236195719	0.621778145505334	-0.759298190907703	-0.13605539418273	-0.286918912894462
-0.583976529778961	1.62017650620148	-0.921782527281712	0.685357073685845	0.550634550859076
-1.69252934840695	-1.28864569164105	-0.904646947402659	-0.110349447785329	1.03156056134226
0.885021185317053	-0.340732870773149	1.73218463546941	0.242738121726493	1.92644670299069
0.78115181543891	0.315299378142576	0.744366616957204	-0.186589449229415	0.770041775927713
-0.797250920835424	-0.336558420087722	-0.30147715606774	0.947756372981378	-0.960008696434758
1.16706591720156	-0.135040288715581	0.453836965969151	0.139413736586414	-0.202940585915551
-0.819901926672289	0.734567791120868	0.286120422285513	-0.365695664460002	-0.0620806711707906
-0.0790710097246979	-1.73751046356448	1.1199923652007	0.541967123903091	0.064584377025928
-0.203899501921235	-1.47290187126052	0.507653563971173	0.212036228422363	0.46846443911979
-0.849765725350707	-0.709994502309889	1.04396489801023	1.84473830394967	-0.0945940197793438
-1.07299078816899	-0.202378248078129	-1.43036960257781	1.18937789383375	-0.163347270857312
-1.47125417531019	0.666830973271903	0.774770870581338	0.614530874630213	0.081675945356875
1.49985651720533	0.285653225559439	0.210173315122668	0.657716548977195	0.249482039395002
-0.682997260763532	-0.724702534117285	0.314743855299554	0.45592959084627	1.10492894273429
1.08839976651203	-0.265700506537015	0.554039267339771	-0.100199605987408	1.50351366416574
0.204641416883453	-0.623169233133849	0.259854909332302	1.06509373866979	0.171404941037736
0.652125751049288	-1.57151417080278	-1.12523222928404	0.199542840804299	-0.789873931544065
0.59484459493268	-1.91726991789654	0.551079359809406	-0.579356596458308	-0.396700545192248
0.766000826746084	-0.960190223892438	-0.206937259168293	-0.148838152065876	-1.98313430767798
-1.65093413607505	-2.85034674309672	0.832859990065139	0.238136435976801	2.24926514631124
-0.615102323164332	-0.861755585377103	-0.681172200740542	0.371735323562884	0.45456978587621
-0.474180468543642	1.01772373837699	-0.140560954991538	-0.340439163410036	-0.0740905066628003
-0.875019127732404	0.335814016794609	-1.16225681457305	-1.39788373449071	0.273654480375095
0.856427106004086	-0.00173526981295395	1.94700673410417	-1.65476836895571	0.289503969438294
0.505983116462673	0.009032612453487	-1.55691649146895	0.496679417128366	0.333521422925721
-0.468629987743801	-0.555885071757454	1.67022868738533	-0.571051785436335	0.20602126078704
-0.0776645961253215	-0.649074835116751	1.56760382766627	-1.4385013048127	-0.619529665856798
-1.77481420084727	-1.8062097146508	0.304477906705678	2.00979227445011	0.628880291242347
2.01903787170367	1.50654323186889	-0.867357403054131	-1.44307527531296	0.165090453916155
-0.301035417447966	2.40242669604249	-2.12545765116667	-1.02500449597419	-0.0172270940478364
2.6781130527619	0.217640541697481	-0.594079724326576	-0.979905596439269	-0.114461159671064
-1.05827924697898	-0.394148702734725	0.236881544051503	-1.07022200049756	-1.49310696598531
1.08817151170108	0.510472240097358	0.069653072884572	-0.905506881435748	0.208615278100119
0.349561302475045	0.236513774672788	1.41553265906527	1.28679750431668	-1.21710467995625
0.294887061330846	0.600757372459364	-0.297082452304994	2.125708022751	-0.0755850680320036
-0.146382759241463	1.30683302218509	0.0414675984215662	0.499939372583204	0.11919224929597
1.26936871955533	-0.52501954430143	-0.704363491793	-1.32976225627825	0.797826256404661
1.04755302343869	-0.869922914266897	-0.0403028524646438	0.687820940900467	0.695292241376714
0.486031994309346	0.719229065721894	0.408047652735234	-0.608556034336941	-1.31217513355423
-1.61010653747314	0.126648012659393	-1.03677819869525	-0.47406784156792	-0.450006673328705
0.843047472338137	-0.838659395502423	0.0210140594745285	-2.51180046731819	0.0623243075445172
0.735342557166724	-0.22708893006727	-0.663246208947988	1.63323505951015	0.751840245911296
-0.0991714423009646	-1.78179362956624	0.288521323784408	-1.09192595989378	1.14976907853141
-0.25914196278996	0.702640961760308	1.59105119633242	0.249920718529407	-0.960523343292876
-0.650369722673339	-1.83235581711936	0.607769249681085	-0.807112319462053	1.07625324569146
1.86590574474889	0.0826433247159578	-0.134734740461914	-0.11936967442044	0.805710422266982
-0.685599182341655	1.19067197472823	-0.0946141694567658	-0.917024595881754	-0.178651473747049
-0.308030114387316	1.21339970327277	-2.16803051907908	-0.894435734106152	-0.203665222276576
-0.370617445376011	1.30562012258404	-2.43396025350093	-1.29584672178983	-0.479991010686074
1.75406137892119	0.322650044890369	-0.520160357575523	-0.703525684680616	-1.91996871774165
0.463386800482755	-0.730285983608154	1.75696171604452	1.13072348588193	1.6219843698645
0.394228946635408	1.03496934833647	0.58820706728329	-0.230511878311376	-0.50114749055099
-0.236664070231021	0.490049890610312	1.07944336842542	-0.349234857587475	1.11046770235897
-0.5004491700048	-0.719948833650079	1.9827273126221	0.348250424043011	-1.38682580634228
-2.11576545418529	0.517074304326245	0.764068332629266	0.124366525662261	2.07699117192273
-0.730289931483788	-0.563901957951086	-2.38089804701791	-1.53307207940868	0.483472663312577
1.85777000316792	-0.0970338853914016	0.0290747332416887	0.365674644303055	-1.84155117535888
2.24322634494033	-0.332267841939545	2.51348093802269	0.1214139586826	-0.133549081956224
-0.633904014928474	-0.473583410676247	-0.68324494903637	-0.271558593363065	-1.35414278941727
-0.312321435462547	-2.09832588369518	0.6666006952422	-0.327380291841507	1.71326734183489
0.898555558237523	1.75113955621434	0.401293777448058	0.724801631880925	0.404545494471346
1.09206878390998	-1.82036341694487	-0.163010064690589	0.302921848707967	0.918631211461867
-1.89843509830586	0.387453602762933	1.38196355752296	-0.684148882194476	-0.173919944814064
1.2362569875498	-1.3332977993777	1.09443835115797	-0.69227820659024	-0.111410736091217
0.464239044954945	0.150167281442929	0.00719408301186345	0.112822660143446	0.657930885914934
-0.655021153477262	-0.791345852907568	-0.87951842022165	0.188257563078875	-1.94309179912861
-0.357668916431234	0.758607840288635	-0.612595737802089	-0.217205093864003	0.0733203559006226
1.18607722638023	0.361029101891449	0.0360787111449697	-0.427141835431052	-0.142036347366526
-0.845947429945656	-0.922721076331027	-0.311446427744394	0.303568382537938	0.848878620805961
1.26197351215544	-1.5583658208564	1.51108457979892	-0.459880959016711	1.67618371274937
0.134613801747601	-1.48385004840126	0.128258534188934	1.71253989349772	-0.421824968823685
-0.423377546363061	0.357374446116158	1.66474125915339	0.842801557695777	0.527275928251261
0.252603682461175	0.271950750384981	-0.588919642198019	0.161831982902449	1.01120899129232
-2.18178660603292	-1.95484098967175	-2.24191256625832	-0.287597035827314	1.23422111681712
0.530807050658843	0.0314872385322396	0.667288282114476	0.322634581635657	-0.061814703127831
-0.0542874322598881	-1.28478962854858	1.30763045495092	-1.08936760969487	0.191625541816774
1.62556368777074	-0.21955148859257	0.501374482428704	0.468910437117217	0.289619834261354
-0.554269712149343	1.19995808606714	-1.06770405140138	1.39694394440681	1.98467161118328
0.879375711625105	0.439910208885622	-0.852333859245495	1.01090224748459	1.38056654707034
0.96448228616804	-0.119602256709486	-0.185443309997317	0.131655722249142	1.80323443899212
1.18001048951244	-0.0104608137928439	0.904120840875499	-1.16117006696453	0.190939943789881
-1.20205267993321	-0.354351434371215	1.36658830676453	-2.54477897811619	-0.773905943228321
-0.190960962394291	1.84198810406002	-0.0455758136019048	-0.193278615313581	0.223208000193746
1.1448960810771	0.328649768585203	-1.31912659754761	-0.927800893632444	-1.15748285506622
-0.541555226359191	0.489789755732928	0.632511092406496	1.70066303193521	0.336051411380488
-0.318417046607398	1.66416081591548	0.784912745868183	-0.144242918952032	0.29628332906273
-0.752075036674292	-0.434090433582544	1.32894870755233	-1.88260884989533	-0.381702802532264
0.676333817373652	1.04423036897545	-1.15402871642361	1.92119042256908	0.880226204886062
-0.463143902314058	0.72929842657744	0.441872226683105	-0.144641875431042	-0.144835382675404
1.36259894954643	-1.9584155701911	0.58354967602309	-1.63606847551948	-1.43688371220666
-0.563325847600381	1.19866088702913	1.56452056500954	-0.578909918111604	-0.466211711538405
0.148809665702799	-2.67658259484724	1.73968906162907	-0.397499348731594	-0.387431283200227
-0.631135927369659	0.370848835678872	1.21968670909463	-0.265890883442225	0.775767224025013
-1.24083973698627	1.2968006443642	0.848071118773178	-0.051061008435633	-0.17659338008609
-0.0834313530810066	-1.43772258126881	-0.51665857238256	-1.57519561202241	0.237020844193075
0.0679163050844085	1.21716565551933	-0.359982346521639	0.752987838551799	1.92938772296871
0.391447236892379	0.200823453404491	-1.10131312962342	0.8946454972728	-1.38712188833148
-1.35028489998454	0.57972703392956	-1.21863367526188	-0.0632250018503782	-0.960784292809392
0.559225825603947	-1.84869850791082	0.343937032973878	0.134809242939554	-0.348468698046516
0.307665059063605	-0.170452598346114	-1.11505684930941	-0.155166526472975	-1.65670762379894
-1.70217422741857	-0.923456162181679	2.96166330488649	0.198952634939571	-0.889698802796986
-0.409041749432142	-0.605847100373998	1.5974282552014	1.16032679443056	-0.758508172528315
-0.706235834177815	2.04898081815208	-0.446254925925882	-0.06768217978743	0.679191541403324
1.35820136463838	-0.655719278384357	-0.936517630356363	-0.601157420401295	2.59737800296765
0.154972937000347	1.24743611264205	-0.837637579623353	-0.997192995247928	-0.822829831146965
-1.26516573261099	0.178148522149025	0.456320672850251	-0.0768560920459336	1.78590982356014
-1.00161728143237	-0.144358147446976	-0.863828173460559	0.0204889309797919	1.10240569637899
0.205405016659363	-0.00315437401879853	-0.0789312219499125	0.182038570628258	-1.43148045825627
-0.886827169772069	-1.07852263430255	1.06068403648168	-0.474309277649632	-1.07990342895529
0.241244239350388	-0.534316271137434	-0.0647471048350076	0.141203258753901	-0.0755723712707454
-1.1542079130065	1.66590292413788	0.791735000673097	0.327873123339724	0.0877781671001608
-0.906965983906909	-0.434427404041513	0.34203477586403	-0.355011276368726	-1.66163215593286
0.223346641457477	-0.421593682137702	-2.15843008591974	1.00509615847656	-0.247793279712473
-1.7547366361771	1.06868906554691	0.970842107387951	-0.121638143409148	0.0162997387350281
-0.697277412944798	0.581480250130014	-0.803989376773029	0.692875354545117	0.560414921594578
-0.241699558700463	0.677448374582463	0.206310650110103	0.174949929583828	-0.392688590108513
-0.178262832396835	0.650524184698533	1.11887610400571	-0.159317806452071	0.517557576035097
2.02197700551751	0.0267924709034498	-0.801237631317554	0.763213586420867	0.241478655414229
-0.0697468321645756	-0.234901637375827	0.149748650490363	0.80608106099051	1.08608128930957
0.177659665192429	-1.12551841979746	-0.149273618161679	-1.7720093094315	1.46842461591329
0.849951446141888	-0.0265885781146154	0.516064016266734	2.01991951513061	0.865609776749686
-0.762319466440473	0.119641607729532	-1.67760406275645	0.787413425123788	1.21344132114123
-1.53680966407655	-0.188744376283636	-1.14113049254042	-0.0308354196120802	0.797419691865165
-0.0819572544259005	-2.11938328652002	0.112467638235357	-2.00222916283011	0.0984362796372769
-0.208608194874977	1.42141477453591	-0.619128937787825	-0.17802734431368	-1.16752353192777
-1.8957028208197	-0.206658556132212	0.921276591607551	1.1937414165682	0.921175202311945
-1.74052689109479	0.503975016581233	0.220890551500326	0.583778277761652	1.18622288351656
-0.714750229981062	-1.88974467639547	-0.466984374319895	2.49883587844088	0.0162856786143151
-0.892225598296492	-0.433704508946829	-0.699881042385487	-0.243138350751293	-1.66530469089792
1.02055886812991	-0.172843462667479	1.94135762683814	-0.610588812814754	-2.20640654774913
0.712449636159508	1.25228236255609	1.18817480010615	-0.992433223944637	-0.285365941162344
2.98313371698464	0.368172069959916	-0.278053114658937	0.0521313794235654	0.283945779809348
-1.23309248211341	-1.06024334456867	1.39319955824302	-0.158390653519126	0.795429225902602
0.590790769519672	0.307642983212583	0.355200327786287	-0.911939913301383	1.74974003521048
-1.51000923151102	0.905390277327932	0.144252059129546	1.31219674662803	1.0062188049473
0.250186224837304	-0.362635239969091	1.87681902638418	-0.449165732203388	0.358477580851162
-0.163416986548114	-0.894112724531873	1.34852726145939	0.36806507965918	0.553874026165822
0.747743280869402	-1.64866464897963	1.86571361450919	-0.538760279272536	-1.38267616227138
1.45118033738322	0.102539680249765	-2.29273602277635	0.455099317997091	-1.03053874664222
0.739446588296373	-0.201216163831702	-0.143591390032113	1.89801082351522	0.526936068109709
-0.545313365620137	2.06639521216897	-1.61472268796026	-0.790104716189941	-0.923518338749887
0.422147029714668	0.753336500060066	-1.41033327420771	0.366995116174288	-1.39697941010296
0.396581221984786	-1.23818048845015	-0.216176201662294	-1.06757848969239	0.493525105640819
-1.12385342455235	-0.564388810247626	-0.986081060263146	-0.695735926858883	0.186632597749834
-0.945084323064456	0.343285243882438	0.220076367359065	0.115423309588314	1.94599621887241
-0.901986639922463	0.00202283325728419	0.659930167593481	-0.6309260845928	0.134477750779204
-1.33925346421467	1.29247997321491	-2.36796804660079	0.693584605257245	0.440172480669107
-1.90473595923268	0.528291322770592	0.0663920918431709	0.489108449141816	1.30634434841219
-1.53775299731061	-0.387715474787485	-1.19591460690328	0.84477529840313	0.777165342257931
2.08516929681895	-1.37851083991495	-0.369570533259764	0.490999378089992	0.0316766220514638
0.075228498753409	-0.943631168721438	0.640554752290851	-1.53927940935256	-2.17067342205002
0.60495708166547	1.37745532320469	1.14888063134991	-0.814497041809423	0.96148491956888
-1.8925185762676	-0.319023615653833	0.533735074681206	-1.09875133569997	0.375073006339896
1.54742261632529	-1.02034524147101	-1.71234332104521	0.712508918192108	-0.387988208309278
1.16650454439634	-0.197641429654744	-0.515438107821658	-0.09181931020774	0.912711382257959
0.747576870760923	-0.217702417321269	-0.0404876189442135	-0.154236122232073	-0.727357498576835
-1.73445132026255	1.15916298650735	0.526347738122953	-0.914682459705839	-0.380746034196277
0.241919542746157	-1.12030637991434	1.28369622376763	-0.577367374414228	0.236684332832091
-1.18204987219988	-0.207387827699004	-2.90693510771632	-0.046796348152016	0.961886023662882
1.05503458090632	-0.374026278429171	0.260877880397016	-1.36376737085701	0.0233229157746427
-0.549973878744975	-0.564847069220115	0.394668528241401	-1.07224016971631	-0.470735690623447
1.10488280047412	-0.803904987752606	-1.2780097107302	0.278118709410236	0.248415668209694
1.57129368145529	1.58621838064675	1.27030086400847	-0.299260739372693	1.16240007967287
0.515670283825414	-1.76049758826741	-0.944097831084794	-0.771817872287649	-0.334386433467715
-0.50364894505671	0.684509440418252	0.130967115202421	0.415727015034337	1.44591019582913
-2.19612838347621	-0.285120568110262	0.483602011953057	-0.0254746917499409	-1.97619714224366
-0.558145622147518	-1.46149702089452	1.09486958475641	-2.50066194350101	0.372561275120115
-0.487063762310728	0.132525607992641	1.7259670308407	-3.15949503785385	0.677498442513959
-0.822694635268103	-0.760154378216605	-0.918049297226975	-1.0101444052363	0.0902462954544078
-0.836170017358484	0.635809374037336	-1.40361928621388	-1.58912654842505	-0.507894997291845
-0.369591538518653	-1.23915198601374	-0.782635398352626	-0.183712017716417	-0.975950001177166
-1.24370214002965	0.880155371613216	1.01477920464225	-0.0736946475905896	0.57575315955633
1.62697210666378	0.423063092449049	-1.83209227914059	-0.520954646311084	0.627116353834144
0.19948382503494	-0.208583527853054	0.471359390912258	1.15260526654851	0.689840748376791
0.823104844996635	0.131329418019141	-0.401726635011151	0.0124503058582545	-0.449814187023661
0.189039733616192	0.663393575580259	-0.525749656370778	-0.124394800857255	-1.19294982809583
0.131575032789807	0.678083037752752	-0.446751193026456	-0.317480224481547	1.13324078730558
0.176830768772105	-1.25713389481538	0.9457486091962	-0.267671426069576	-1.22693393373037
-0.695357075342416	-0.15074897775666	0.617192404446738	0.159180644828587	-0.0839058939808329
0.74956804399649	-1.40824526069737	0.141503345098585	0.941328622667473	-0.949760415658335
-0.13163058934311	-1.20705428648108	-1.07728859734956	0.658658739208526	1.99489542178859
-0.294798598713867	0.119771989664228	0.43974717432045	1.92023383890043	1.60969146741141
-0.77613353826849	0.958456416001648	-1.21928052294488	0.747359206381393	-0.800166464266924
-1.10099366749589	1.53859341850974	-0.49636031359789	0.395609098181242	-0.061366757751337
-1.0813247222712	-0.968657195749664	0.702373163987901	1.76241502916413	0.798158396972407
1.03080442552577	0.113470775869103	0.934582028288756	0.354592387387105	0.784420789566124
1.03178317241923	0.429491141362372	-1.18770245046093	-0.0907244170751913	1.16857053592196
-0.613173430054119	1.70935866065199	1.49851416145156	1.47744408237581	0.382776876384715
0.557130575203057	1.21832524191082	0.708535628050134	1.07920056388871	-1.17050429269741
-1.0756434919305	-0.205682742814678	-0.611805874745539	-1.43013328536422	-2.10004172423824
-1.28193175743492	-0.30578938959973	0.248106850434344	1.23995918133496	-0.722914135531407
-0.321007885512291	-0.408987933178182	-0.00241314211811046	0.518855125797412	2.09911515385878
-1.23053361364381	-0.977367579020983	0.2782568353769	-0.054978155012681	-0.152553196407127
0.199130694064525	-0.604225105980209	-0.843502088329805	1.92331515293065	1.42917100733298
-2.48230262852835	-0.147682834478748	1.38689414539116	1.67751207095453	1.95880934854678
0.132997346583827	1.91323647154475	-0.217298118165484	0.255899717186999	-0.349692866187163
0.83939546560531	-0.280568627587533	1.08693441268922	1.44443968495561	-0.402704643110899
-0.50021418346219	0.0352795473547753	1.03162435766567	1.00854339677447	0.835024498569034
0.259825442892536	-0.497898971899102	0.815437354279813	-0.91870220199161	1.04297514020426
-0.65487066219135	1.49205343932712	1.49895703654224	-0.336111609864043	-0.104207207342911
-1.5369957465558	0.055324664008316	-0.856071310959321	1.03725325631228	0.879007058647687
0.892176709547778	-0.377627453792747	0.531205234778518	2.05655813592778	-1.27088394994695
0.71196664358053	-0.295515010434624	-0.0484267277488696	0.377117916928728	-0.585964526661185
-0.372138915942169	-0.246038030747314	-1.24783237651823	0.591789844257219	0.945073809327515
2.06410952402031	0.306108605181211	-0.0403877142347709	-1.43801412973547	-0.558521689864383
-0.0573722125809813	0.476305356863507	0.843351297311954	-0.414063470818904	-0.154563196001555
-1.24014165451489	-0.483978042621169	0.803143241000697	-1.22752669075478	0.2139584103918
1.40988870150767	-1.07180538161422	-0.0392555139689772	-0.647361665192602	0.978978434053895
-0.706274119520374	-0.195543308853543	0.0627491256275078	1.58355432744479	1.10082225970318
-0.523128063653447	0.882481161703078	1.8235017028107	-0.776461719569414	0.380982114089014
0.437399135631901	-0.606632290123911	-0.0378671969846241	-2.06504991994142	1.52776814511659
-0.646811838920763	1.27912183035947	-1.16754089243386	0.184666873517198	0.747723620254217
0.275150030098081	-0.135541197051409	0.250611812156641	-2.00382883188264	-2.55872477598295
-0.418143846644387	-0.0336480576810755	0.464780393193814	-1.5877515088332	-0.817170112220502
0.867354543017404	-0.211360942242469	-0.834102088665706	0.492131884592553	-0.908760642040238
0.126541797752275	1.40229574619588	-1.20466083616204	-1.0458929434688	2.23417883647095
-0.0908449630014434	-1.17971714049467	-0.285061162230857	-0.0461595059608673	-0.239396961858538
0.810126939493247	0.757326451546899	2.76946075300602	-1.32015102029047	1.67037480241252
-1.68713430186487	0.267594270949289	1.27930775490944	0.876423740153678	0.637077821006447
0.0931838208850597	0.786948775289043	0.192606115327264	0.798958580089011	1.85828959578323
-0.11596788908553	0.919687925312174	-2.20042234385459	-1.61391431684806	1.20130781846426
-0.96832906256563	1.16857634005883	-0.40808411793199	-0.584587078873196	-0.580386664606743
-0.341424109997258	-0.0923153474294494	-0.605174591716057	0.362423025806279	-2.5092720191813
0.0905074760927835	-0.803460833568089	0.881509947778787	-2.28238903073516	0.415085597163613
-0.81470701040096	0.645547924514679	-0.170564637138488	0.897306254956939	-0.316828609470509
-0.945885328446266	-0.319548991260702	-1.1993095902198	-0.228545286989353	-0.547620980784362
-0.290591881128235	-1.40568430863757	-0.565062035822635	-0.176872258540782	-1.31966982860616
0.553517556684006	0.171478174795242	0.271803425888235	0.607247674341752	0.578827749079694
0.383420966170393	0.851584637259317	1.71625125442852	-1.49096762856539	-0.365231531447429
0.533669063449131	0.402050575776059	0.651708698812413	-0.796421976968037	0.517677490247958
-0.682063376572249	0.0806435304106115	0.176365400478796	-0.377849134753706	0.102931846563498
-0.263220372483486	0.159909380837658	-0.854249801200306	-0.442809898952914	-0.135431187913429
1.62351692496649	0.32977458766862	0.867435612402685	-0.137442819544417	1.60067633390183
-0.519033479936118	-1.49080085568726	-0.95303186800549	-1.42135979814789	0.624936297460013
-0.304774033758235	1.17070431180945	-0.266907417595392	-0.141266412507805	0.185983742787457
-0.708733867651871	0.343832980954633	0.37105896272251	0.506802327108456	-1.30470820321661
0.298841514185092	0.0721291062951984	0.307478234128483	1.60015866858811	-0.389770460355528
-1.51884253254604	0.907053725723732	0.734937458807138	-0.725724613884339	0.303481370010522
-0.412098201378211	0.0162739575204478	2.28810644148267	0.335839321085932	1.2121218970287
0.458576299542666	-2.15880647026687	0.207771921096614	0.281404047436292	0.550821684455348
-0.654643957191971	0.553954926326726	-1.07753033509263	-0.781477911150845	-0.0798919587207308
-0.657221720025963	1.43312345502398	0.707292097929475	-1.81215675825578	-2.39716669579708
-0.434966562869342	0.445760124730609	2.46506919769587	0.0310058290519947	-0.316748267125326
1.6922808675912	-0.184953052521612	-1.3297577758326	0.0202558779001357	0.879259373976047
-1.71503983599175	-0.982131027469184	-2.21600231518384	-1.1810973586316	-0.68816072843945
-0.597473638262835	-1.37037732922159	-0.431910358660408	0.0623898228565507	-0.441982208160472
-0.3665858102437	-0.385800928679607	-1.34087617814383	0.202404510364747	-2.4056166395658
-0.377342843224911	-0.129375896234499	-1.36241528583097	-0.239765764647244	-0.770665305823722
0.762801446433422	1.17783950915214	-0.0395993660376753	-0.678155660628536	1.95898133494524
1.32947450658316	0.815872554705612	-1.20810860827951	-0.357479141194954	0.202531544318906
1.04874399641447	0.381387664905913	0.311131918678653	-2.61460849791704	1.02601740039343
-0.413696007780008	0.973817871102561	0.782899329883493	0.776849555700702	-0.173500919018116
0.93388504667679	-1.39592081724554	0.797982044534628	-1.44850430830926	0.107725552861335
-1.37752954111547	0.100498126075679	0.617948549678124	1.11658461572682	1.05213168796187
0.719915270542108	1.60308299476875	1.03545874283569	-1.28085092813079	0.852026518750722
1.51411348766877	-0.425847842196806	-1.53535102153558	-0.711652481636308	0.233649296453461
-0.314158857924035	0.767795057396111	-1.64755116992903	0.420689105117025	1.01889697508935
0.329938271924218	-0.552682399877687	0.597066194095161	0.0318487507868176	-0.152152787891379
0.436271406725602	0.876028902585051	0.126624969032238	-1.39762757086352	0.375112276379418
0.958130587169545	-1.06807803237379	-1.00044976772076	-0.687541894764057	1.40521955907133
1.00370745694842	0.673625166919094	-1.28942703535924	-1.92586205461586	0.588200830922973
0.43514787775313	-1.73178894780329	0.916718583246102	0.80581983924966	0.980335104757202
0.267300431629141	-0.984824448001147	0.43320360915722	1.26128552642471	0.060731478170676
-2.54676905735147	1.40990393394824	2.23614418438335	1.01010617159433	-0.908784254212541
1.2645754928068	0.812899136857463	-0.824557565428541	-0.906540704177027	-0.478173661831628
0.158704513228968	0.2525644039734	0.683622010484503	1.96605818220112	0.361485357953063
-1.89485587666399	2.15111147170456	2.73234291475315	0.423161404373373	-0.540080772111657
0.852203323525135	-3.45879087676249	-0.021396623607671	0.369667448172491	0.725017986778858
0.917211968624546	-0.442532247652832	0.0564950859266967	0.23791705922655	-1.61849021750759
0.265792230070477	-0.232755303182708	1.70527113390199	-0.645741105206526	1.36404946881284
0.805775109977042	0.480344017592703	-2.1433149913324	-0.405501354299602	-0.417194650999094
-0.398433888559061	0.998439930218479	-0.907957210157454	-0.406763991322002	-0.778285098985268
-1.37665399138045	1.80204637420665	-0.835928820213956	-0.360498894165589	0.188129056727617
-0.578667053095007	-0.354817001979489	-1.21867959577542	0.191472401865781	1.35501718726684
0.398750607099067	-1.07518199250275	1.43070951503168	0.21652857942101	0.570699646858667
0.0947023719583524	0.366660036485986	-0.297169964118231	0.736541810601138	-1.00899670138613
1.29720269924837	0.399187616421888	-0.249632025519976	-0.88789081986547	-0.365758426483278
0.0544664877064658	-2.16488960286243	-0.940299836816182	0.516715315145096	0.111102379818825
0.723318752162988	0.434835460345722	0.380719096851627	-1.69883402042597	1.19159310301695
0.652366011504953	-0.44989343390814	-1.00323237643246	-0.620125227328428	1.62616996275719
-0.305387826436007	-1.09577185885541	0.655317417591571	-1.11267002083069	-0.314849250337528
0.143026302236632	1.19330621063095	-0.605031606930783	-0.13805865709097	-0.0306483925995443
2.61023926902443	0.271538746962401	0.280385832489875	0.0330440660043325	1.32920351203458
-0.880333317037874	-0.753746124497123	1.01071780794201	0.970913790503242	1.64549328834002
-0.444840902531404	1.05749605011686	-0.528448747112739	1.01846895458704	0.880258680212503
1.54091356756181	1.3728739422803	-1.3123091079578	-0.150583211142114	1.11712329133765
-1.50112870439019	1.46753884618779	2.43289504467792	-0.613170713672	-0.486056059078045
1.40539152943182	-1.81054092659783	0.887416751842462	0.252149731687472	1.66796250233164
0.49954555081284	0.0448114154567253	-0.409903524881837	1.28102886256858	-1.49112656872155
1.01259110853407	0.0595074609372805	-0.861560438408576	1.92090492059679	0.590894930862199
0.96419723072108	0.435085978981551	0.0477520676940169	0.240296418669275	-0.152477302096036
0.292174132018176	1.22059740705432	-0.413928959635122	-0.468430657472748	1.47215401488784
0.0293625703551509	0.083673602999959	0.255924426166197	0.660306206567926	-0.739947871766068
1.3653174230509	-1.93478818571885	0.769239752614444	-1.79123165180025	0.0672344640336927
0.807674563201145	1.02769840457005	1.12371398860713	1.03150865731458	1.13636332256512
-0.254788967285562	0.152717713794419	1.02495731392195	-0.899968201066685	-0.776403760632884
0.518281637051075	0.567197187990642	-0.591357775825757	0.75203101394438	0.0465096943098623
1.05025672571612	-0.0805623788069655	-0.892070704213146	0.467099754584454	1.01100755838072
-1.17866718743666	1.0208496996693	0.806004514769832	-0.141872552774571	-1.62862409262825
0.196587772424223	-0.454616238709977	1.52064706376962	-0.731495225706144	-0.712354689636854
-0.79034135930816	0.524133431959317	-0.193710559797585	-0.458131856084689	-0.283730604192669
1.14663759726626	0.334020130192855	1.49066487995957	0.324874664016528	1.30978303465474
0.861626490561496	0.0433267308042368	-0.299571403887802	-1.0284151772619	-1.0752317388464
1.08730921677233	1.35604602253583	0.53657242182345	0.652936793422519	2.31988216754231
-0.88335171958584	0.193976298977712	-0.0347951990538955	1.04320204743221	-0.95902849956388
-0.644107151934784	-0.243224390389976	-1.18761089037145	0.154708328524588	-1.03855249587812
-0.813607087453251	0.702959490582946	-0.843405219707786	-0.373493464739824	-2.12574336295591
-0.615027922975645	0.578278622572331	0.166665618055738	1.13263730265698	0.803033605828168
-0.520308274011077	-1.12843920214415	0.998991536589583	0.213046390266101	0.219667183279627
1.26156543927023	0.326597142039383	-1.92817220149472	0.426180009948783	0.0258254649550009
-1.66047103253306	-0.881663334834189	0.746150102332275	0.90308119793097	-1.54754165804701
2.21582532129911	0.324518140076303	-0.439291232797165	0.643752839761334	-0.533369497297963
-1.01241902565833	1.45744744917689	-0.233603195602908	-1.00629268212138	-0.0596775778740386
1.3017974332587	1.25913235343287	0.0233144156895928	-0.292516679941058	-0.164259497513312
-0.287376217870108	-0.323370579054376	-1.3199316502428	1.11267746259183	0.454493083845902
1.10031065541727	-1.24686566717124	-0.711643324133599	-2.125743029889	-0.878162288186668
-0.436812893359648	-1.74499322800346	-0.632172805274361	0.364403246453299	0.00950488753366275
-0.893980904169089	0.614201538018217	-0.318925295858509	-1.30009157327641	0.612766369001796
1.4851164174058	0.526676182049891	0.767341491356745	0.0157512704587562	1.07662589018032
1.06072199041065	1.04439959456237	-0.828898685229094	0.443123969084539	-0.387143056617009
0.443723439633252	-0.851086337666223	-0.158263182864542	-0.489881290443224	0.988567553337784
0.498068056486249	-1.03042172082558	-0.503803239142096	-0.500709370118426	-0.70000072172649
-0.93380336726108	1.23599541401022	-0.226221333270001	-0.569139401477386	1.55266711839466
1.1900328747498	-1.50836692663349	-1.28123063948805	1.73633413047518	-0.96261222714772
-0.917362312209207	-0.462756595472173	-1.32084444569664	-0.177572157673881	-1.51560401380151
-0.256482731636491	0.379417491170267	0.439328067757906	-0.579079687209517	-0.0582589973516499
1.74433014497325	-0.674134405007881	-0.0255580590994988	-0.205429840532548	-1.53197077866694
0.375139806084301	2.04433270259471	-0.928249870103959	-0.104580268988165	-2.7892846199471
0.58385155532843	-0.414322414869516	-0.0895100213760454	-0.981373667895685	1.56192296205617
-1.35708752896886	-0.0119827596821972	-2.34749409687621	1.95334600878595	-0.371578170126439
-0.327156973616981	0.0231365664563634	-0.00648429070879786	0.989795636520391	0.157451795763916
-3.25603361400889	-0.171414550030121	-0.73224276981876	-0.118803644437689	-0.918251025017265
1.48631622656585	0.535771378068689	-1.09591698988135	0.389710103331309	0.173333411694372
0.464794866529863	0.735388835299539	-1.97231330173458	0.575893777729357	-0.549659446449478
0.635630162977034	0.0118953704220846	-0.724816281248819	0.63593373793832	0.613549376956752
-1.42921710271332	0.781781543434003	0.418614541886434	0.379926499204595	-1.0267139330718
0.796745896329027	-1.71657510878211	1.18624080155596	1.4003738463047	-1.29391477417735
-1.12270657020138	-0.130814207260112	-0.850377634783238	0.205515832228535	-0.490913096817938
0.146774694718492	0.973070934717659	-1.47061071496044	-1.18742078332307	1.45515340580133
-0.814695814139563	-0.154519605924754	0.50392977150946	-0.448525526774072	0.350615709945476
0.312586179318105	1.6154946362364	1.57467789915136	-0.462203278562863	0.524796833095276
-0.741744390201736	1.39144567408683	-2.39730602645456	2.06712767166222	-0.62200588152716
0.669063243002948	-0.759848365835718	0.0704296293005412	-2.48018264457988	0.714222191695775
0.927885773661606	-0.214017891910477	1.36172628173239	-1.33589644865625	0.559700388986097
1.83026635107175	1.16963482732825	-0.248021845751847	0.0662785814960929	-2.05103213933351
2.606342706852	1.80018438914409	1.02418826851961	-1.64466922089359	1.20916535889592
-0.355166583194169	-1.11767841671571	0.470923776805385	-1.7535543523535	-1.07330972867291
-0.873031655024022	-1.76005995336282	-0.600789113229374	-0.107559285118528	0.615632237162111
-1.60246905264158	-0.458558687749409	1.58552717456966	0.245025532669541	0.832929072278
-0.466139499127474	-0.279115347304709	-0.280779686014813	2.18495033138517	-0.186429197837331
0.696991076949066	-0.270643158347708	-0.290559254164059	-1.09764952363464	0.563353750115886
1.3493826641957	-0.717686262809672	-0.448039970690487	0.848590700454493	-2.38020698662992
-2.03900268266396	0.714466940897879	0.757875729291793	-2.08457964739009	1.33309603306069
-0.935762329998904	0.0829992241449348	-0.00975651363003416	-0.914365618792691	-0.498933120521787
0.913311426756348	-0.0509999924385179	-0.95092041441644	-0.0449556345700456	-0.348924834291186
1.01186483420321	-1.09437325502854	1.12513489111431	0.547384738005631	0.832005058513122
-1.2647122423975	-0.523726588089528	-1.3674985159613	-0.167741202779274	1.30301156751034
-2.09425615761455	0.550860862842641	0.139922831724734	-1.19918140276074	1.39733385652746
-0.0375355883782512	-0.330115940590788	-0.869422449225831	-0.359511501311487	0.820247136897763
-0.85869821010014	-0.661554208120342	-0.256097054279886	-0.0258074804599705	-0.610262661391615
-0.921948323566023	-0.231849768461012	1.57373046716187	-0.927910877477231	0.793159880257666
-2.69252143339548	3.2827290854676	-0.545333656712121	0.635972177047925	-0.424057884550369
0.407203444645654	0.477434838886599	-0.645879277764357	-0.758761706285508	0.697945886743604
-0.573734469691653	0.47729446846554	-0.159917705364921	0.502216972662048	-0.852599884924534
-0.116886812472862	-0.128682716521331	0.158744384004773	1.06837396638539	-0.00891259264658672
-0.445728772013813	0.326423973982932	-0.876705914346351	2.43793942672163	-0.99995063676451
1.97911043118565	-2.2601483515427	0.770943471531987	-0.439053398602794	0.739194146856667
0.681025433908187	0.913345933068336	0.501051446989487	0.238678863003043	-1.22148558916292
1.25648307212777	0.899412704700972	-0.557784753959755	-0.451052716695255	-1.47842131057114
-0.818599089670927	0.00878504892310655	-0.140589873615447	0.381956782879712	0.277352645230117
-0.813302935925389	-1.83365324136272	-0.579315069179806	1.93243988484305	-0.0221393342377524
-0.147984613421742	-0.0656870964908421	-0.0278536459197224	-1.27101527650311	0.172655729233855
-1.34603051079332	1.62011590663274	0.452017751437876	0.331373461773513	-1.2780937295086
-0.279644181032343	1.80731462134871	1.41626508980417	0.193445976294414	-0.747809253716754
-0.496922165769404	-0.416189882493913	-0.206563652191545	0.187007388113419	-0.59400320517382
-0.155404142391042	-0.728641329455922	1.74373532346117	-0.285795527543363	-1.21779912522659
-0.0508354246295185	-0.313320595478826	0.160976071581397	0.695142053107854	0.727295089475756
0.150794134793001	1.48842024496563	-0.262021015306253	-0.508920716630723	-0.0920523484637953
-0.608308131070166	-0.0694322154071469	-0.568176321050658	-0.853580109785552	0.88630128092703
-0.486028218954832	2.17532347869351	0.287058761487988	-0.968637080117819	0.847886931931829
1.26000467008857	0.128873547274887	-0.961969716987815	-1.69641306707573	0.434390338341354
0.46538380028728	-1.68152237609205	0.193111530757832	-1.69300820652734	0.0398317062227971
0.53719169009917	-0.92716682992087	-0.0990481582630668	0.662844094664085	-0.542923493841652
-0.616022792851413	0.0668864715265974	0.303029444800276	-0.13438520492038	1.55866089135752
0.520624211142004	-1.48853810782542	1.24724594993894	-0.0115283341504459	0.73456989068154
0.0905313840699364	1.58734531274692	-1.35286227181597	-0.94455491317194	-0.417534016716981
0.0626597086408669	0.180812539448885	0.0825860684696641	1.54330641969111	-0.758862109153394
-1.10808114916822	0.0640090490457629	-0.638296452018159	0.32488124130035	0.149078658933397
0.577045676523909	-0.673524814068218	0.975410536560445	-0.639171018389396	0.226203970083214
-1.93462683090098	-1.22460199871066	0.154360862568247	-0.625525029339939	-0.24196537589334
-0.263614576577548	-0.0412164545088414	0.167224225854619	-0.231421786988303	-1.18326865059435
1.17703639908652	1.46536529446696	-0.341071107252506	-0.0714083776717169	-0.266870160425175
-1.40316988352321	0.014797447117711	-0.973765343063637	0.614763368413299	0.681153517009346
0.949175709371303	-2.43188211856588	-2.12883578627737	1.49795799565311	0.406563539983077
-0.498660809940643	0.77825588000731	-1.41960547147667	1.30899754411789	-0.960299484263875
0.486032002234554	0.990680234235777	0.182996016090245	-1.7898060554552	0.989087234501821
0.926744993586605	0.246912067188127	-0.0475950974041317	-1.7670819681705	1.39323685422958
-0.539734438999716	0.397669308897613	-0.702914245681543	0.767478525508481	0.254912464458244
1.48558106681307	-0.744938289661069	-0.164647637791753	-0.201583869812778	0.783946007559285
-0.167262793596987	-0.919196359884315	0.144182577063724	1.34866869672667	-1.39809606894004
-1.13095900401747	0.197444712353926	-0.973163988798778	-0.144121284749049	-0.614182513992976
0.650969066585462	-0.876975458946824	-0.0639941207869468	0.102532969011951	0.551700522629423
-0.449286071026684	-0.0868428715038137	-1.95175190678699	-1.05558258300662	0.0731471900386606
2.04443943317597	-1.16095369813912	1.57159235111694	0.534106726490313	0.258979434502386
0.799775285708573	-0.16838547612215	0.395930586329573	-0.585651185633236	-0.195464368178295
-0.0968868457336613	0.415135732076957	1.76456119853033	0.353553378662747	-0.309095671520107
-0.0841957394926732	0.427527308601281	0.257918269695671	-2.41770918652098	-0.957363095907531
0.211175389425377	-1.97221507036917	0.745306149207781	0.00440096822071187	0.328099955298408
1.18460610451	0.269712435709961	1.0547989188231	-1.66825506676635	-0.221218800479781
-0.642782521984057	0.573787945257167	0.611808381915798	-1.91609440222528	-2.52959188913998
0.276337626023104	-0.135099128045635	-0.159468071306112	0.833135467438692	-1.91347220462895
0.729178820493306	-1.1284609497128	1.72235459920759	-1.45024656538493	-1.37579553737551
1.36512058665228	-0.0763665304867181	0.387552749582755	1.10944063395998	-2.1188323425817
3.13253115805936	0.0211703286100732	0.669834907311638	-0.869922992560763	0.142132873154982
-1.74167979702288	-1.10109015994585	0.46680903506388	0.32787514638819	0.548215602048582
-0.84284404447927	1.77034288896767	1.15167607143078	1.31479107493067	0.125820059930997
0.630694098457756	0.744355590198499	0.247037318022603	1.87093543783569	0.961473559362258
0.213615005899558	0.196974421776305	-0.0123056857667793	0.125338603036395	1.24283525788668
0.85685288229494	0.271516898115205	-0.70425549666946	-0.605849530705044	-0.0901768107789358
-0.42985206767833	0.602905122762021	-0.0091941344605382	0.824830968720617	1.2143609743965
-0.426913129384754	0.40619635829671	-0.107386898044698	-0.84406981900556	-2.1405524099231
-0.241465316772124	0.494876941468027	-0.146290614186462	0.80462504133185	-0.457095021752347
-0.0391673517926031	0.833770163335101	-0.043008348008411	-0.0970283185874426	0.8999220057614
1.664515618356	0.412654036218305	-1.12162997206611	-0.16722075358766	-0.0653362050449045
-0.137399038300752	-1.19367035783895	-0.736481126798024	0.425160776291148	-0.415080084253267
-0.402772838689915	-0.439138739543705	-0.703324815721428	-0.0497766661919771	-0.625693454992475
0.147415413326836	0.729459251901917	-0.314104542623294	-1.45448818261614	0.379367867784742
0.0341667494438803	1.78821906963813	0.327019149920969	-1.20400695743333	-0.678805648206871
2.2318765988732	0.172247447866426	-0.886995723451956	0.196052946594461	0.311958248461286
-0.138454890502199	0.624526219131276	-0.74405465685819	-1.07113554358954	0.461364934914428
0.67816204913743	0.160092829337332	-0.97781922142603	-0.00271271938098362	-1.26551718369259
0.947640224495128	-0.339965546846514	0.312942968929092	1.92490047713673	-0.255964914517569
-1.36279045512033	0.816083513174731	0.804454777767238	-1.04058889739634	0.128347594478881
-0.156397183779528	-0.442406202438551	0.357482025305692	0.884954487803702	-0.0406533579186316
-1.16037898097737	-0.834080955179266	-0.260757142484804	-0.0512415118813193	0.102047604185009
0.112410683525112	-1.05127279038572	-1.26449149532928	0.600856004000522	-1.63327312911848
0.261036090086026	2.39102426833754	-0.772227360507871	-0.186812738348644	-0.71165905400251
-0.00215353592794109	-0.0888579404681053	0.915780110021404	-0.296835480893465	0.0137736007140492
-0.391476389026119	-1.03099605844889	0.542706183367751	-1.05808298577178	0.45946391300553
-0.213873081812952	0.381778645537621	-0.364891132124618	-2.16767325659834	-0.932158268358457
-0.79069598592963	-0.791016452387045	0.428634011964482	0.559057268288199	-0.70865732043769
1.02924776338175	-0.164815285567384	-0.81325317890189	-0.650264368968539	-0.935609996670602
-0.601231573615773	0.903821123044573	0.379295096638957	-0.576669790228789	-0.925217828654952
0.105602298833867	0.912069949131823	0.675771146386179	-1.03704515888132	-0.471403047538758
0.663418731307545	-0.659350877508999	0.982226501780893	0.983810658399495	1.4988738679541
-0.468021277362498	0.460686126143957	-0.03332576374077	0.594332052351401	-0.54792458487889
-0.703705772009421	-0.666744145650657	1.82607788709887	0.345053491300247	-2.12969406478267
-0.621663510190891	1.57320885417831	-0.765179501089444	0.140242259713982	-0.481273752616477
-0.0751822722272557	0.757199137153114	0.63780151039664	0.301999503875294	-0.085375904919953
-1.96761446918214	1.52081856301146	0.53793858337318	-0.945492339933023	0.498314529501281
0.603379146320137	-0.107994949720008	-1.22219714835385	-0.624912426417299	1.40721511310039
-0.394383111403372	1.82769114087523	0.0345623966012884	-0.921660112242628	-0.468959110314039
-0.291617827389243	-1.64500401618348	-0.777568415717676	1.13300833073265	1.31722289499553
1.84286301324226	-1.80335707865465	-2.1979519629578	-0.913201665981488	-0.0950807368315567
-1.84520097289988	-0.289781703735719	-0.706882914178757	-1.76912252343881	1.34813490346483
0.48275106113643	-0.778477629613358	-1.09515435251225	0.720884319532103	1.25488367214115
1.32712062373572	0.369990482766814	1.12214099180688	-0.00364157898170279	-0.0187994673458108
1.41385305896999	-0.998723525275744	2.17663420872865	-0.0275887585601122	0.0253311916037114
0.340121957884414	-1.94500002319536	-0.610042465775391	-0.395318988189579	-0.884471278790595
1.27033487818759	-0.0587695501756924	-0.498043585645094	0.0297013358260187	-0.383070179914452
0.492233627610683	-0.878785162686801	0.451389909039019	-0.599464295062324	-0.815179175778208
0.258462923953884	-1.94583398397729	-0.657702447063598	0.51626479709942	0.744871772470334
-1.39098869669591	0.482485059433763	0.669808312762486	0.0655650040350502	0.337296757376659
1.34251298322582	0.190339299499479	0.811530244551499	0.550693459034283	-0.392565592544923
-0.339578870895062	0.458026618251971	0.346491962908077	-0.888164585939633	1.29293221076516
-0.115804796893929	0.372744564361648	0.616910581305665	-1.59476326655	0.897613593045506
0.841884911434108	0.768012209833155	-0.689161820229266	0.283237855923647	0.00283143734222385
0.706027732124163	-0.225046437869441	-1.17437040416271	1.34974931865758	0.598314262533298
0.249184594038625	-1.44482969964032	1.2627071908516	0.701822598317957	2.44149939539589
-0.0123788147495562	2.38918598166117	-1.44049977238118	-0.251929894108896	-1.0058943134511
-0.265566499031148	-1.18758042116408	0.356355223073812	0.145861078494221	-2.00301719694904
-1.41750095368283	0.957272414006157	0.516768982080217	0.0538754346855651	0.541785484460584
-0.874127339418222	1.35265394685313	0.0952115376202042	-1.28137570239852	-0.350042644986536
0.823267347565658	1.10711953856414	0.253236903031493	-1.78805519295578	-0.884150836883203
-0.520477267238967	-0.0648485810186831	-0.166633208184766	0.19006064061546	0.727209965245621
1.21515500243234	0.430549575135393	1.57779186587727	-2.66772599875944	0.145676131435484
-1.02213463546562	0.966187907942582	0.26212976622844	2.31943827262892	0.870102740931112
-0.800451899069471	-0.807916791031339	0.364897771981516	0.445363772281248	0.136024778405764
-1.15423426013042	-1.19093401053914	0.456071871779822	-0.327063889493353	-0.90952304849056
-0.308778719993168	-0.128127796447345	0.938122683745863	1.45226244669651	-1.42177799852322
-0.481183824984293	0.417789870090307	0.889682931652469	1.47910401831824	-0.539418390375417
1.41973660111598	1.69370657860532	0.935033445043287	-1.42659135466909	0.134092166845201
0.158412078419087	0.72268628414226	-1.38710448948686	-1.34576064173622	-1.37385052057415
0.897054732612681	-1.23031410776497	0.107190456167285	-1.73045576530757	0.139084457378239
-1.55856567633448	-0.45062511040435	-0.7945227995772	-0.976151090685806	-0.534979752953293
-0.127491539094891	0.973138975126035	1.39403124593233	-0.382636594656059	1.41582378791993
1.48656649478618	-0.525445281718345	0.395343424198481	1.95739570526432	-0.162157607237132
-1.01288326678276	-0.847931852036098	1.67466909221015	-1.46548105108235	0.596262669932215
-1.26640168413421	-2.54419358509015	1.96637426801994	0.990507732441854	2.04919684876592
-0.431694147669854	2.92621271003604	-0.84342931097412	1.18058643215401	0.90493515927767
-0.29496708421275	0.631067175562589	0.510915187428723	0.799138457788225	1.45511027453425
-0.0365417591062549	0.379963947332594	-1.95707583094017	-1.121629457525	0.571448013225191
0.671477469643436	0.411828955025203	-1.42910019166811	0.704627819693707	0.593317962744384
1.44321037212024	1.21711290703671	0.275845592780015	-0.100591391663809	-1.02170820363224
-0.646890438093515	0.499184203433491	0.502920344633239	0.376853842732706	1.8369990561453
-2.34544162394391	-1.06423700874333	-0.252958854672452	1.02412252051064	0.466076216189509
-0.39168108664529	0.845418112820434	0.0942753721785312	0.363452167637338	-1.15422174044415
-0.630119769463476	0.0798123079785803	-1.32067149334027	1.13788269506643	-1.01822576126991
-0.378071427012706	0.495418487596553	0.951723207303631	-1.31780660420009	-0.579549616660302
-0.805246643461624	-0.305511583744915	-1.04721298020411	0.015028837714591	-1.34999197464262
-1.06288889880593	-1.32907484198345	0.0235597694638445	-1.063523445036	-1.46747584553041
1.30002415380352	1.00208432408563	-0.559864643857385	0.27519883085162	-0.625084617348601
1.5326267440057	-0.809848863456035	1.57845568672211	0.141042382076432	0.772347979377161
0.76917938211476	2.45748427384854	1.56216425118824	2.16167205100109	0.669637142922533
0.677068949130885	0.508057479168699	-0.819340137741471	1.71977148999239	-0.532751598785528
-1.04333433990757	0.77354909675266	-0.713951815927678	-0.883450740209327	1.70210734902692
0.149440898768849	0.0240662102054583	-0.688749713438974	0.264469429745732	0.340710686859605
0.255548450743833	-0.796231632420072	0.0678425877056354	-0.495156889602262	-0.893420258271472
2.08801253402086	-0.798403641438242	0.625411889008005	0.0649455919996254	-0.627026931543713
0.408020966109604	1.01325865208099	1.28995977344864	-1.733998215186	-1.60692157536798
-0.137712680214986	-1.48214136959057	-0.24225165815161	-0.449384802651422	0.53528783720536
-0.492866473132389	-0.488451496643533	-0.619182225747947	-0.933486746325598	0.0362688871181165
0.251312976413682	-0.206484318575266	1.73466390617255	1.6991685192967	0.571903308735736
-1.08334710051927	-1.45914970158622	-1.11901442789413	0.196192319520538	-0.055507370062725
0.406706856084267	1.6315311692696	-0.417529482323292	0.620761667818985	-0.603040282018251
0.364125897945573	1.00805592114117	0.462854625348139	1.82609534263453	0.672157103150987
-0.370698701105064	1.99924437950118	-0.574595682721325	-0.255973329687499	-0.910000448598341
1.49107648876228	0.898607580160745	0.0124545604689396	-1.16792757563204	-0.181206822303657
-0.0864208498282949	-1.40857371319055	1.24298811603685	1.63512881693429	0.704521043117149
-0.171013438877319	0.771835128695273	-0.0127952106416526	0.329052420473924	-0.98749920769606
-1.96852077982278	-0.293169774896302	-1.80008389768192	-0.0681515017597091	0.364714290369795
0.953284893066354	-0.961030210131423	0.585489637360773	-0.0405422244170431	-1.47061295109683
-0.205110924693041	1.09867959801047	0.105816686315671	-0.509516570309335	-1.00452088184394
-1.28670553600378	3.39683210444075	-0.267748784616597	-0.420744443099916	-0.603213719425251
-0.492269371475578	-0.328561606104857	0.441543373870765	-0.183806575390481	1.18438285303291
-0.0914894598345033	-0.701387409100687	-1.57405300877576	-0.853617647416108	1.16457843104609
-1.78413436151233	1.16346487647263	0.314998347821424	-0.683711983853245	0.51574961204788
-0.283623831010715	1.33494556253012	0.223163305500811	0.27104409812231	-0.529345676525434
0.25426224209742	0.326782935940837	-0.183800922509074	-0.221356384081878	-1.67119680178467
-0.363580698474737	-0.439798891960497	-0.284342933754775	1.90323569296745	-1.30569467089312
1.55426437247747	1.83550708858932	0.545863032142124	-0.458510783449351	-0.48349085364206
-0.202190059674687	0.634001559984236	-0.434701067990536	-1.13057463912544	-1.43951465007641
-1.02114391457312	-1.15688579308961	-0.939796410452365	-0.707787428174453	1.51072539608543
-0.113771330190054	-2.60359335417983	0.115215336915509	-0.408314028690975	-0.56130326462188
0.0906967817046073	0.618331873272476	0.350677400048357	1.06723212149091	-0.780993234962038
0.373314610831053	0.155122447890239	0.918608220892861	-0.583554939864383	0.424748517374153
-0.484729575178177	0.84789353807068	0.065937138213339	-1.03512419607703	0.276112017278836
-1.67043980852925	0.0696462615572665	1.60037094402419	-0.840249239182462	0.169260557942552
-1.4568645840444	-0.529018099146833	0.822557956567691	1.04685411164723	-0.0594248478323372
1.7187145692057	-1.31745333863366	0.711779855278876	-0.542135299983376	0.42945848809416
0.115967073970314	0.0932499997271212	0.790873308435298	-0.0907328244122995	0.362358510195439
0.386793698730345	1.79275357561515	-0.302969403455385	-1.15845871212816	1.34407618617684
-0.147057755438336	-0.422784322118667	1.10017540002856	-0.0934872068637274	-0.236417163446177
1.41898359970261	-0.153921115449973	-1.23364563197507	1.45299814590472	1.44694786782917
-1.15337350592785	1.68973837739071	0.443506804206342	-0.902074542980928	0.848449250921216
0.422730783118168	0.0969739564387248	0.869941693477401	-0.336429067191539	-0.620649458405396
-0.416206290277727	-0.056026572890269	-0.951987622219449	1.04181950578966	-2.03705867713422
0.0955218355667186	-0.233878266939322	1.64268122304575	0.960171692960209	-0.380316699238492
0.834267927446171	1.13855594296708	0.970840091719079	-3.1620053519141	-1.04605824741823
-1.08912907361808	-1.96485287446694	0.294694504384077	0.520071759496098	-0.0990498706377405
-0.195604197438887	-0.978213300898254	1.60325441825447	0.342075152343671	-0.296653597220842
-0.614523864657131	-0.452569415799716	1.33707598702276	-1.16932068545943	-0.0571062149066031
0.470216795410869	-0.271201777246188	1.04151863410762	0.788404804703132	0.0441801783623413
0.288538623467968	1.27101079795246	-0.0838237249232479	0.349752079844901	-0.386144884670256
-1.17401949663139	-1.42181734128345	-0.700033335755436	-0.313288188377972	0.377557353623138
0.0423425711202401	1.79015633366397	0.538526077362149	1.10516781910208	-0.561725635284075
-1.18101172055942	0.9288938466291	-1.68142819347461	-1.4761540290028	0.292242058588399
1.31605860268503	0.132316968396811	-1.73080418204332	-0.497437920099487	-1.28691967073632
-0.0320150166161663	1.24252776568093	-1.72534702405882	-0.504762270009437	0.0647060738621916
1.08483074428043	0.805171105694091	-0.68016921898698	-0.199050675409725	1.6281318743763
-0.652323660856951	0.391973165577444	2.0691759470188	-0.677978540397908	-0.512453139448929
0.172711962394978	0.0324076749478127	-1.82092240229654	-0.197611338479361	0.208848211311387
0.745365877643212	0.0402174306742977	0.32940900195999	0.114736967061843	-0.115699450457463
0.224340326874922	0.940207985915047	-0.934586166473661	1.16730688480084	-1.54754004012256
0.967797529045666	0.491992219577386	-0.0155211982541848	-0.683177310914054	-0.524514105512422
0.134401962834589	-0.537847935107933	1.35500036700169	-1.2217807895169	0.195418939215128
-0.438038256229878	1.90223309326951	-0.300719182416471	0.325396916832483	-0.0657167049464614
-0.491056081235071	1.03495486459024	0.386219263933411	0.719922140040587	-1.36640151528098
1.04740493083327	-0.853952929033001	0.134670146120841	-0.742535924794057	1.16211469633688
-0.561099408017986	-1.84379941747838	-0.515774258963134	0.388438814451338	0.838648815217972
0.169230618604719	1.90082807170542	-0.416838288512708	-0.0707590444080325	-0.517369052671663
-1.42772798432008	0.715596363093908	0.0934281066645731	0.66650819309376	-0.945367332869241
-0.366757515112828	-1.05774112540396	-1.06219338003272	1.08480391068485	1.15453344813153
-0.580727913376215	-0.596016794469827	-0.607348365341509	-0.287864512784466	0.319742280855621
-1.23182246213213	-1.15702965839825	0.926142364225915	0.101626311745505	-0.149736788699838
-1.39047013605774	0.243687363994748	0.155935735320568	1.53673502888419	0.0102957034009182
0.600680706550085	1.85099295215308	-0.142373382474236	2.11360678523554	1.31400148806602
-0.203288586439628	-1.80320390782189	-1.20252045854218	0.562339637349415	0.0531963741159734
-0.0506322429244911	0.55535320533771	0.324682400332322	1.90258879127635	0.567365317953384
-0.0787724233160219	0.540431940241073	-0.0395649156943097	0.481161679826903	-3.63731973647218
-1.4584830108845	-1.72809543637701	2.07908827056098	-2.02267642290965	1.46700209577661
-0.52712354529101	-0.420931156773953	0.640705374424325	-0.787135145304653	0.297613286631198
-0.508701987289604	0.0327151293626407	-0.711056927999205	-0.578401079547745	0.174285708547951
1.32918169201442	-1.0760997837161	-0.865140831263848	-0.6450119578982	-0.978511582690534
-0.809207051558643	0.531340376952044	0.376266630680346	-0.994420054222563	-1.14555460562941
0.0899295937585756	1.18175041033939	-0.798785725166453	0.434703855221097	0.863552821259536
-0.751717280379054	1.38772901719916	0.740783804092031	0.941884416773195	-1.08926320979888
-0.00460444075255807	0.879686825961995	-2.56009201830203	0.520765513482889	2.28850728814852
2.24002501524698	-0.058490073189407	0.145003663940565	-1.10487876344607	-0.727642467718422
0.108764346573317	0.818778945252784	-1.3610808443288	0.495848977353555	-1.96554550306833
-1.92218231125831	-0.744921870833692	-0.121849615327305	0.166652371901169	-1.78872956639896
0.600864088939989	-0.323286438629991	-1.4026379443904	-1.56171175035998	0.000120299842822682
0.141298311780102	-0.0310942378313222	-0.411965153202355	0.709472791037987	2.69689336716708
-1.21788510406261	0.77965120243632	0.415144131159042	1.2779681907186	0.423748356638325
-0.772442004979898	-1.40759700522842	-0.968779823309156	0.868716520216892	-0.331350596839904
2.54137133469367	0.0902504580020183	0.53437762738168	-1.53325227051687	1.64102952548036
1.45000993379137	-0.887340683615126	0.889015988784159	-0.741844127883898	-0.48847968632307
1.77714090522765	0.551477646764248	-1.21673043493289	-0.765486146470414	0.711096562928402
0.721143047974339	-0.580024872170401	1.18410151576286	1.04923078294099	0.380216777040213
-0.338732372930389	-1.66988902233261	0.831371797631689	-1.77555544443405	-0.137728882001088
0.661316149056025	-0.180264937659045	-0.425089463730265	-1.25487967640948	0.878948824573814
0.611819622473049	-0.689980100956762	0.405163770343221	-0.188423079465529	-0.252840306541659
1.07108695927049	-1.0510700739392	-0.728264755001921	0.0917765340643097	0.589365659977519
-1.5918863406615	-1.78057708337932	1.06318175881727	-0.236151649788755	-1.47999218351646
-0.679037040358601	0.304251432131221	-0.301287258633205	1.75973867783461	-0.85303722450714
-0.757976351002956	-1.05893753154664	-0.339028062670759	-0.55858426503297	-1.97128396079268
-1.66760794186289	0.118839720307108	-1.03038944674385	0.943789177638702	0.391059072242453
-1.67123005721281	0.479014093447027	1.03168365851092	-0.710263790387662	-0.183428353300759
1.34169393064975	-1.37336593120327	0.196578719727101	-1.67585362654337	0.102084482005876
-1.24174350695678	-1.19576999642997	0.06467375261957	-1.23736870364357	-0.236953776465815
2.41093900674134	-0.906716067733107	0.439240138272817	1.5819366866014	0.600992828706531
0.213870492307912	-0.263479985711981	1.63603969596834	2.51564978257416	-1.78602789274724
0.767539753383438	-0.322044069073112	1.43737104456948	-1.02092858153586	-0.568607845167548
1.10207070005492	-0.402398319496312	0.162857064936346	0.294720767149577	1.15906491066673
-1.45702562953166	0.480178225332328	0.756833009917792	1.21943996867528	0.691226503490121
0.459892731164618	0.761920880483415	1.0361466379881	0.324166619117309	1.30582158079224
-1.72707871854888	-0.510194483905603	-0.161820070160612	0.41447450935344	0.786274615481919
-0.772008283399572	-1.08971574273939	0.294563272887603	0.168114209297429	0.0300283240059357
1.01417187125476	-0.951237118031163	-0.203961112247469	1.41980735157471	-0.924708111954055
-0.681497061990282	-0.884471626626981	-0.187128728591758	-0.934677907910884	-0.843051727264522
-0.862442331129651	-0.19466424924955	0.135640491772075	0.936332755694343	-1.75058181878706
0.528874139492927	1.57083014538176	0.830446454550354	-0.167277112381332	-0.46489969333323
0.836915153044529	0.24867005558644	0.495948102243219	-0.404084056258503	1.14331527903317
0.09624275630465	0.325422756079825	1.12874092722696	2.66081173152649	0.494728686465174
-2.4771476826357	0.520371501958788	-0.652082987330849	-0.161622233694227	0.234816334768637
1.05006510228406	-1.40579592647331	-0.858259091877437	-2.12091353855873	1.8086702027382
0.0113503362637824	0.236582406717583	-0.13290419445279	-0.363032774226463	0.948370200834857
-0.584299717394387	0.804803001423256	0.334739899583283	-0.053498499964617	-1.57598563436641
-0.0386901533338882	0.496023265025524	2.37842450601326	0.961355079390811	-0.123206510843465
-0.916031738854739	1.23703145489295	-0.569740271495978	-0.138220737140549	-0.143683125441896
-0.518988834817034	-0.40640610575049	0.254284035263915	-0.422792019508782	2.27406073379365
-1.62410817763457	0.9534985720744	0.454415598384882	0.84952524105451	0.950172421242859
-0.173529283598464	-0.692912939222634	-0.877567422429872	0.0228324519143292	-0.110293699851188
-0.0254696560253903	1.60489800592256	1.21617075208855	0.197633439762884	-0.65528112874936
0.542561807919367	-1.23496779232227	1.96938235559821	-1.47642466880504	-0.256644103148358
-1.38290193723201	-0.298631159066096	-0.112390869494202	-0.206957089080069	-0.961302300272948
-1.02947510091821	1.88906639429755	-0.259608037821466	-0.0896559259652957	0.488419422387111
-2.85249573085472	-0.987738551771173	0.797931518195115	-0.357416644444872	-2.05775551703086
-0.757659514616703	-0.480122745739605	-0.483826438627764	-0.359535920963536	0.841484384550997
1.29987694413848	-1.24344147359416	0.587094879226645	-1.50343627184004	0.255535034452345
1.38988952692005	0.271324677219435	0.53037549912765	1.22026659089056	-0.466791650042432
2.07968125243004	0.672279697356525	-0.0258000687406478	-0.445443892070431	-0.321322402485422
1.18586610848042	0.431476516000608	0.968180433528372	0.911579948873046	0.201514739429231
1.37357590614016	-0.516647874453756	0.610175501380962	-1.25348935067675	-0.0863279885528963
-1.69571076803679	1.10662514757882	0.49760620351957	0.989114809314961	0.583463298363349
0.427120831594023	0.876265086465713	-1.50170195284156	-0.742345095671481	1.65709264290116
-1.04186512835768	-0.698176332298148	0.829237064948902	-1.72730703760511	-0.878205238177553
-0.61690575890732	0.129364461017434	0.365615823406558	-0.254524729895763	-0.688026896884688
0.0304742516497929	-0.306417660722555	-2.55327430481548	1.09422373730157	-0.571708164112876
0.426924960477988	1.05908051302001	0.459778807179358	1.18915531810481	-1.44384130081151
-1.28298996286764	0.568443895312516	0.377753449377495	0.689589537155861	-0.459391769083703
-0.421318389812805	0.540524357964125	-0.217835831005755	0.853476835876391	0.544271038827183
-0.171190376273794	0.795467138280368	-2.21671942153777	-0.283628737228894	0.127793576436686
-0.296370606542755	-0.265015993883407	-0.361828716768497	0.846359427420694	0.820844583700728
1.11440895582243	1.98379432379033	-1.11602657386746	-0.167278902378855	-1.52208999512565
-0.438070952520203	0.131565214471894	-1.34702530769513	-0.30064374909693	0.23185366079884
0.469857138536901	0.162429052081384	-1.47528887203439	-2.89558176964208	-0.391024517733953
1.51167280973432	-0.197061725847955	-0.547918556465236	0.863798020568144	-0.311713786737448
0.455963772535319	0.422309929205745	-0.973869569220047	0.446744383838971	-0.313917409110122
2.54491786844577	1.15731024606891	1.35891528576015	1.09405107613941	-0.882936096141324
-0.206508169060292	0.309941210852609	0.778646020515593	0.123601677135757	1.70799494327804
0.188460091561548	-0.223834273729709	-0.406333651775789	1.04454430460407	0.217761641462309
-0.339565650835384	-0.115719943399079	-0.128394081242673	0.767264339696433	-0.044737220859358
0.761151933770984	-1.2995574640884	-0.555011253481071	-0.7479200265081	0.575385596268162
1.25388387639673	0.493259117761767	-1.18275819033201	-0.395679554550126	-0.146156455731701
0.670201306741358	0.0819538706893057	1.13996202144153	-0.668895580440171	1.00448381468168
1.80645587496372	1.23281163641678	1.20435063182266	1.23258155792915	0.306917476840788
1.0548446898374	0.786888671786581	-1.24989965963633	-0.182167135732491	-0.205294184441646
0.543073143886855	-0.473618917694857	0.00681764615532515	1.01735447601468	0.533194852648099
-0.0495244490300774	1.09340521450516	0.255393938670003	-0.635865118640004	0.308445124400956
-0.842384436319382	-1.96699425356162	-1.00962339249678	0.751604077853726	0.585127954255118
0.950959599636498	0.204306491674405	0.645551715598504	1.46637495346515	-0.799322278540801
1.42931805241122	-0.711291740824001	-3.20573156361997	-2.37058270639758	1.16063102899658
-2.13272192820969	-0.494556617861413	1.26749487202159	0.900839200744569	1.2244938835595
1.37048304113474	1.51797815862435	-0.221123057492361	-0.816362022851656	-1.42477471337266
-0.115434143641668	0.698560760100873	1.06616478465649	-0.480992332485742	-0.879142232770809
0.309254354323003	-0.75494461656731	-0.225296832600721	-0.320827456888144	-0.423698084377881
-0.222626865965729	-0.11190497800199	-0.756852029724503	-0.236783774462206	0.316389048188865
-1.01135193186203	-1.92936831344453	-0.65940308557712	1.4160688820371	0.810493795621299
1.29719578654485	-0.135723226855194	-2.89938630072587	-0.901446491101622	-0.56434325571435
-1.07541213477947	2.23629388235024	1.19367833307078	0.406623691088776	0.755317550147367
-0.173431238432567	-0.499508966839998	-0.330036551938844	-0.638309942269039	1.51724274621306
0.179514029162373	2.56909901745735	-0.931713085389161	-0.190987983783854	-0.56976606617519
1.37263811265163	-1.25537887313523	-0.952474315936541	0.0528790360361765	0.455973133553915
0.0233630023083294	-0.385650082290541	-0.0832954871226051	-0.480071031971629	0.171530504587166
-0.65590693615544	-1.24032888405427	0.103183804509943	-0.500086830861043	-1.03996601251845
-0.165080110325111	1.789430967128	-0.51830413228325	0.627140810060348	-0.441002998858405
0.392105549046585	-0.0955230463011166	0.754174953681977	-1.08540704439009	-0.353675498423352
-0.579516111007073	-1.62952278980514	-0.0293025190356099	-0.455388858952649	0.056805837974668
0.60081300505925	-0.519436664399365	0.467447706027531	-0.317469961919052	0.62877298864315
-1.57977062407423	1.55617980098516	-0.585842319737933	1.9106779801727	-1.16135639748725
0.444211500984484	1.95460045702497	-0.324340955957967	-0.0294201792458986	-0.372759675662874
0.646403994779921	-0.667564476978457	-0.352811145451873	0.708078118963947	0.0983131773993486
0.563809748980184	-0.392277053425658	0.906031446129337	-2.17105031009841	0.559855506619934
0.36407740895113	0.580241876798601	-0.0636297452381464	-0.585544181601336	0.671463625791014
0.251534655757821	0.233094088096501	-0.0438140511898445	-0.69413187961078	0.676795079572005
-0.735240338238935	-0.250430568064646	1.58987130578808	1.334291078333	-0.227222697516741
0.442170255598144	-1.08637581361338	0.415808954274496	1.90885566883474	-1.91254684690373
-0.25446993906319	0.212439860787432	-1.01421721751712	-0.257410267344644	3.2565145943939
-0.496686887431505	0.154958944708273	2.10050995845731	1.81194848321008	-0.682141550291002
0.317326924312364	1.64076071108786	-0.683747050614653	-0.497713907569459	0.497834775728566
-0.225603957356667	-0.842248324477868	0.153386580325098	0.591343683513394	0.766855144577309
-0.362537147886009	1.1238135498898	2.4288614217925	-1.41646346277341	0.00805690828234473
0.402797057434149	1.05811707379937	1.00417997795677	0.304499811028541	-0.181412992585502
0.423373679070068	0.374943300142293	1.67207071232147	0.124482835877736	-0.461099551330588
-0.11981044249287	-1.9587445408609	1.6973800637697	0.367349364725708	0.436033637243012
1.10902998807481	-0.0498629488210735	-1.57700867057712	-0.268194813541361	-0.930677427517235
-0.255373485369398	-0.47782480712696	-1.94984751464422	0.435435236945009	0.112169929823267
1.74776061631011	-0.703549944421975	0.302993758672162	0.639440760874808	0.511992398352221
-0.108817952695722	-0.880396094572712	-0.332388135212215	0.288736960708851	-0.429471141309383
0.064439608580944	-1.50478028821046	-1.23130909382928	-1.89913449999496	0.490041826699821
-0.659726355770388	0.813131895098571	-1.78964990499832	1.12318922273016	0.223394307979859
1.06775263828793	-0.197906146614893	0.187983123667433	0.840687305985186	-0.208844446181494
-0.292767604059241	-0.643599641368305	0.290048658064178	0.354994630450879	-0.395493800462152
0.456700744837511	0.185931168820211	2.30893891570933	1.00155468063839	0.485958911298088
-0.159672272462915	-0.00706051880452998	-0.707217446552517	0.103521763107334	-1.190765168843
-0.527314739645299	-1.82228275296228	0.624166140016993	0.871066507105494	0.348223085074266
-0.55135838046213	-1.22272566027855	1.29318431475003	-0.142538356010277	-1.70668916693673
0.805118357996972	0.51780488556099	1.8830294721498	-0.444133405775678	0.937634582337046
-1.36172439194229	0.160757378172517	0.602882492166598	-1.99640514221439	-0.888016368043014
0.647204931111629	-0.375656352876598	-0.085449297587583	1.94467942143216	-0.126719661764823
-0.700145614688945	2.16939192504568	1.42719690662808	0.631685472765944	-1.09226579821927
-0.908626836163407	-0.296500017338287	-1.41724459605188	1.33964401978487	-0.0175354065987943
0.613907238827726	0.592718797723618	2.46920623610982	-1.65048088469675	0.105703025360054
1.30044497850055	-0.570026508650173	-0.206286300938775	0.458937164061694	-0.0591261482950667
-0.187894830633248	-0.803783975510131	1.17149344078911	-2.20379117965376	-0.653016477482988
0.521290592534255	-0.95417515407282	-0.283756751384142	0.175498192777486	0.293894551530025
-0.19243535234331	-1.1892921617678	-0.0126015354440054	1.37199087052004	-2.8567430310271
-0.453008945807743	-1.44724154836482	0.509427053487399	0.364381673315109	0.0341105291499411
-0.0923915212469637	-0.0750337915858365	-0.743491794088773	0.656836060621867	0.743222986436879
1.44791988364703	0.337193180485596	-0.324215224169828	-0.175800666194143	0.0340228484881096
0.478239704022141	0.388892539872655	0.903261154575583	-1.99683703977642	-0.0452722075775959
-0.545412797980332	-0.243834647061049	-0.293604882441084	-0.114395690996229	1.65229834430168
0.636088453240547	-0.159891099604731	0.78493957913228	-2.24986684690045	-0.85194252933245
-0.275140557687664	-0.62876428261418	0.638585045932883	-0.0440608693840249	1.85214233665208
2.02308833345656	-0.312407920012698	0.417222683553312	-1.14036406534724	0.552872380309676
-0.641596199962516	0.255837262856339	-0.216584419206729	1.52654972110752	0.0722872840958197
0.165861832057689	0.57648227512166	-0.462298733367207	0.22677343980367	0.241981020724019
1.7709162738391	-0.688108739995619	-1.65047561006661	-0.285057419912492	0.29713602650697
-0.16705928650843	1.54411918646689	-1.09485098432839	0.110465150320782	0.848141511625255
0.29992932033001	-1.31641091571109	0.10983697412039	-1.97893191084212	1.18559177680845
0.626040699088194	0.472428185209522	-0.163256305164106	-0.455799825204648	1.34186064867896
-0.528301458937169	-0.663307657695404	-0.235965997491569	0.682067906173548	-1.51050253166835
1.98475256119877	-1.65478778461806	-0.174289902305563	-0.180408316930339	-0.528047618389244
-0.133213403508095	0.662360103019407	-0.036813523881061	1.89097583387124	-0.772172236709123
1.36897608540567	1.78976278917326	1.30711784299142	0.419017157928442	-0.141283060562943
-0.129586954249105	-1.21544735591637	0.55883268255591	-0.183869103104717	-0.129896974476035
1.08162846831686	-0.141171311486757	0.973530400386935	0.128863768461049	-1.18267205151865
2.20499235070529	1.1585232282594	1.05361441053322	0.770682763092041	0.957768323957096
-0.0663179650729063	-2.63077007385687	1.33858611378734	-0.373562068053102	-0.132212739767064
-0.976633462943515	-0.660659660205483	1.09586327330147	0.508496620081645	-0.646700692686583
0.966357144772966	0.515889261698188	0.433616031655376	-0.323324273174431	0.10014155093214
1.08223282805154	0.719947364415907	-1.5114590818027	-0.118591963568979	0.547499857920273
-0.901261230102563	-0.204500501491876	1.71245311849572	-0.385373156966432	0.230306737150793
-0.207526906255428	-1.04274516388936	0.148812991766	-0.961955694204242	0.146703882907749
-1.68689112305473	-1.74195271514954	-0.734856760820812	-0.779936204373831	1.26064801740577
0.325519535196002	1.0144652380131	-0.385055911994648	2.00542961826602	2.19125922774295
0.617188243428654	-1.20518114510958	-1.9550452707416	0.917370331880883	-0.35541047705984
1.17603164908677	-0.847244449262507	0.282696470151925	0.0920693241706601	0.715606375226201
0.84161921290243	1.67932602609948	-1.51533940080212	-0.187557000869152	-0.361227742150324
-0.853062274178661	-0.590774583120114	-1.08974240935172	0.11980295063353	-0.593701965322034
0.164994485839792	0.856363094541753	-2.01406697877616	-0.657699628619405	-0.129289889054293
-0.97900555761146	-0.394057572255513	-0.449645331726633	0.946446533836903	-2.56835225306787
-1.12733409499388	0.0383602036020572	0.465644229236794	-0.0306145152485819	-1.20507746078753
0.438193267239346	-0.2519557373793	-0.172699260683271	0.489069924542939	0.237765586837705
0.13098163346749	-0.415853901552794	0.249954637183475	1.85133735208738	-1.22609031999702
-0.20301188126941	-0.602604385719194	1.05893995497147	-1.41683090436317	0.120714617503964
-0.970042353343077	1.40990795609984	-2.0251276380122	0.993328460366256	-0.14970601594129
-1.45852882087097	-0.510038928977333	-0.392752894490324	-0.983212702994621	0.149022604509862
-1.42690112450987	1.80848084040008	-0.330700483080696	-1.17956494041726	-0.563714414360771
-1.34294805120886	-0.464513153249124	-0.791271817295725	-0.311804973273513	-1.0596745615189
-0.0762366873143633	-0.34990776847132	-0.0508171315451511	0.681485187945236	0.598867389427712
-0.245527651402715	-1.26432741542859	-1.7532127569948	0.208560157538476	0.617716498487214
-0.609191765716304	1.88078357067555	-0.972347785695671	0.624924659831627	-0.174103113635574
-1.0848846196987	0.898105496540801	-0.954091068840541	0.14116967406612	-1.19257299359996
1.06618077938723	-0.369984683100986	-1.17501437515911	-0.538159609397124	0.461656670913145
-0.755460080254792	-1.51643446477877	1.72819753732966	-0.887667929430582	0.345344897133386
0.638243268220514	0.631404248936637	-0.0395208905064875	-1.34046075074553	-0.0489957663181473
-0.0705725208174464	1.0152801030207	0.10864935478618	1.27347936409921	-0.207496752916074
-0.977884038053457	1.15324060923114	-0.951441450117269	-0.115180471828027	0.334986447038121
-1.39183004411185	-0.477084008073786	-0.186465886438392	-1.96775578009648	-0.200268255825903
-1.26263938208833	-0.0985264682919367	-1.68061550489215	0.0352658452816139	-1.07011757101001
-0.27667192295921	0.529696382820865	0.309193922331469	0.776121891276217	0.644502412016562
-0.254779340008432	1.11601717538014	-0.524073689245537	0.597411485094723	-0.546629336943625
-0.211589620942468	0.262543122735062	0.0211261312325103	0.297055193412927	-1.49025237957858
0.468667355051465	-1.51241020014313	-1.07525852767253	-0.70942480190727	-2.14708955378468
-2.04686766017493	-1.22347231425143	-0.41807352954662	-1.69001834054648	0.212429227656934
0.597027921196946	0.284229970150171	-0.558471153368933	1.9494851284523	0.777283230652394
-0.823850543294796	-0.0401384496476342	1.96566463254447	-0.561052235535429	1.2849765414463
0.770822530631864	-0.0988506849440515	1.46433869701322	0.099089100638013	-0.654127200479682
-1.81298778726001	0.698198749939337	0.455379273717897	1.1128812627036	-0.353349384638924
1.16220967135804	1.02402884182506	-1.19538039940336	0.0116024888455379	-0.650198045591812
-0.16229212452613	0.47023675927909	1.76163827532488	0.81186512985712	-0.403676592160407
0.102849702761261	0.196415816181161	-0.44010272366972	1.65080436541222	-0.00377160453598368
1.00291992771693	-0.414805283169184	0.66010901680579	-0.752185751167612	0.423022780444258
-1.05851988824003	-0.219769465034577	1.32683333751266	-0.138373957145116	0.534309723022183
0.891974730092039	1.5490553677317	0.745062781603808	-0.817690359026399	1.52573403568778
0.534163012281293	1.05342806077133	-0.905506210270965	-0.624237176792363	-1.98091323829987
-0.143744727356473	-0.0109407856953377	1.49099321012284	0.0125076588332481	-0.500612213168366
-0.379158289256661	0.920355788163238	-1.00650460857738	-1.35176400570287	-0.354437951573025
1.24559048461251	-0.0823805426066318	2.52053119718198	0.951960811863547	0.75298216808361
-0.271263054324467	-1.55387209810086	2.23519504883016	0.000118570321085017	-1.58999968024615
0.188426185214014	0.852211124625166	-0.163770662780062	1.65967355010495	-1.91429663638759
-1.09443275791573	2.00549101373492	-0.445670410677866	-1.11392859792595	0.0462989892488039
-0.780445331211607	1.06251812218458	-0.925872629552895	-0.469230720769187	-1.98416361475541
-0.700299921962719	0.706111503025913	-0.55471466163817	-1.1086058404758	0.742578105132812
-0.288831834202838	-0.67563845880532	-0.246072891640816	0.813319488117957	0.989379969650437
1.05513262108167	0.0257371620347189	-0.278280134101866	-0.177228442019985	-0.987765062300973
-0.491816568994846	-0.11112001156078	-0.764000568962104	0.830166043246692	-0.122774769750231
-1.27155702554632	0.736056132396928	-0.267416062389873	0.346332209177269	-0.150999103679751
-2.03193278213714	-0.416099155285819	1.90877305738347	0.506032775545677	-1.52130545402598
0.982182529675606	0.349820397120954	1.83366468934484	1.69862092228053	0.81099675568226
0.845589230565312	0.262433189109179	0.31319968886387	-0.707850584576719	0.746932296652519
0.5184133324055	0.704086453951934	-0.201281719676053	-0.667432526718043	-0.717808631640398
-0.146786241289925	1.20012292978924	-0.00601927786432114	1.02954705986838	1.08438093437851
0.796244577296925	-0.995104854734209	0.0178279770608685	-0.867185723216143	0.316326362049105
-0.982623189433794	-0.491465950709565	0.228507847153078	2.0442951617933	1.50495575523202
0.357259893694477	-0.913213220376362	-1.07930538680503	0.518275617725805	0.15839026873181
0.900655768962055	-0.947891377317385	-0.0609846885118331	0.159677006657527	-1.18610211426485
0.275848008936456	0.487944852600936	0.286267721799549	0.0164044401004693	1.40887592251355
0.630681440403425	-1.01232759189384	-0.148073677329588	0.800948990130613	-1.68378874505675
-1.28798793659253	-1.0746535686904	0.0460662407482935	-0.17883084717784	-1.47820144025627
-0.0959960062120995	1.12623881707059	-1.13193260719078	-1.72040224228383	1.31622433180887
-1.93020976231747	-0.267641475206797	0.573976017846662	0.347198307613775	0.415421708882236
-0.266385757298002	0.113246432288365	0.350080393080549	0.556689939363763	-0.224160690873927
-0.860277478798742	1.49732312909397	-0.60498997012861	0.240900660539419	1.56971361448799
-0.615572903525574	-1.39734720038531	-1.12690727142855	-0.414390687499878	-2.27151239369062
0.670804888188191	-0.66642805373816	-0.735320157853805	-1.89149760390248	-0.352762947776623
1.47790845386651	-1.23399343403865	0.580928090067699	-2.92929274223565	0.0325947041471819
0.27666421079884	0.943072174774415	0.36119142136437	0.847654160751713	1.67621475043924
0.730071055263086	0.218247388233076	1.45113727590897	0.570339673786886	0.794769536598314
1.29273413732731	0.220199046526405	0.249439890602041	0.155705892903205	-1.23076658738594
-2.81663535585291	-0.776836124717878	-1.00760137988988	0.285270367767189	-0.843687761532943
-0.368000290171702	-2.12022426847342	-0.502962766198014	-0.564902255159426	0.129702491501187
-2.79503603980237	-0.594932298895741	0.780260299969489	-0.742176428691936	-0.210706359279894
0.844056948312366	0.91848842367239	0.0046241064075032	0.696241524861228	-0.816596314664474
-0.393452261977148	-0.347914682628965	1.40156917031855	0.187252457234525	2.44761490130508
-0.536424704706272	-1.06893337364148	1.06734095453439	-1.30091054727575	-0.681647092208276
-0.338989899686486	0.223641497314011	-0.263389933199943	0.328934621118223	-0.01204918638301
1.89508039373971	-0.461109661657763	1.24413504707107	0.320299483894967	-1.26438716624068
-0.20046401659663	0.072494269561592	-0.218320825847501	0.615210512389848	0.34832257471129
-1.21059370767226	-0.219534832846265	-0.109908501645001	1.0017939451889	1.09820727294984
0.0122146990193223	-0.757892733941527	0.510623978121627	-0.0963247057546547	0.30245556338294
0.572913079837347	0.572793931846377	0.0292241576329505	-1.68035853558837	0.669560648992111
1.63678767184375	-0.921968511320959	-2.14992184673023	0.473735716138274	1.40748498196176
-1.04453521607978	-1.43081070829189	-0.677774997308451	-0.556502616969064	1.83163839190585
0.341105252802285	-2.07309479445742	-2.06611969921386	-0.390764941301067	-1.10291807084096
0.175181240891823	-0.196780052466551	0.456096891734725	0.0285111622661653	0.540443449773463
0.849504248735046	-0.245196502579624	-0.457081343655561	-0.25222190775512	-1.31477544748492
1.32092648702421	-0.602043643189884	0.367137053321718	-0.458283328464875	-1.09023652533722
1.98078225833135	-1.26177147396191	0.709480120791421	-0.164371539395171	-0.0437073148877541
-0.509494767767432	0.478584700553788	1.9528474855379	0.600929634398032	-1.53054693494056
-0.539909336136154	1.70684844855733	-0.168572274204468	1.01995774816447	-0.500570514974571
-0.408122266949982	-2.41154905474694	0.343500416932447	0.38335798045491	-0.0741476522603048
0.446833468989947	-0.320267848543358	1.09393576157551	0.853201635999882	-1.51916527050093
0.726778379494298	-1.64581789472781	-0.729656149330532	-2.21791542285859	-0.57696196522801
0.0259158318781794	3.73091703581804	0.359483946351653	-1.91871100673288	-0.718619079213043
0.759468290485596	0.256249769154643	0.806819625741463	1.08518295766643	-0.0606791739055206
1.69674353812326	-0.969338936242377	1.90783213438888	0.191971583219966	-0.676366220337831
1.41993908980125	0.636252868446119	-1.13253433192955	1.01640838151217	-0.581558646118955
-1.53500313426782	0.0160209925009875	1.52791045251108	0.623284562632979	0.776016920950183
-0.579295719592814	0.13742910000252	0.0149744642569636	-0.633650691613703	-0.790475721493769
0.63703224191672	0.548600583831888	0.0279430286619974	0.564584961822032	0.0325262887784419
0.074953945757216	-0.306613045003406	0.909793571334743	0.99195758254985	-1.52077957945812
-1.03884811616025	0.0450503768610817	-0.206463294884831	-1.37604533895899	0.872124303433615
-1.40347450166016	-0.49092376809171	0.874317201390813	2.69600023327214	0.801594195470038
-0.0771704488751629	1.16846221308176	-0.269843181354885	-1.24110228579475	0.71950423602771
-2.06598970388752	-0.257754494042906	-0.981038320519163	0.417380520942869	0.929050972637125
0.691704377553422	1.55291190209388	-0.308780885800825	0.75569344158804	-1.98938838903476
-1.93918113592975	-1.33590159303033	0.762266990178171	0.440868167012586	1.93956769386679
-0.756262324402398	1.90590917216542	0.426034503111098	0.328046508604263	0.00890498741462811
-1.473782298045	0.342223260593566	0.193234275322815	-1.86964287758441	0.102182722760885
0.460194806612368	-0.773012169235977	-0.837167089346514	0.387187812157515	0.79970606465421
-0.959841092579977	0.324259970429301	-0.116610125459966	0.0466049943787977	-0.756640055672956
1.29455818285955	0.153706409295733	0.131104897035697	0.771279254245373	0.215463123509104
-1.54262827144794	-0.845007989766151	-0.291282578367277	-0.316667983844926	-0.406365513835206
-1.52073719231575	0.650505598785336	-0.412825193193118	0.110286297522653	-0.792906044831456
-0.182510593100989	1.18845450780809	2.11292378746365	-1.23054933252422	0.850560454702124
-1.77062893955537	0.559576768639323	-0.35937485358235	1.4444130619645	0.430422778268413
-0.779013629397522	-0.740335184891951	1.24957201707608	1.26761179291665	-0.839286435803187
-2.25361655256578	0.858478197754352	0.200533409161791	-0.741905183184019	1.00947893482865
-1.25992099782772	-0.920265229682416	1.22932006938764	1.50913359688508	0.432227511966231
-0.133560938553533	-0.661328779338535	0.252089199220685	-0.300413326868951	2.80489963014657
1.57993581172231	0.948404574506077	0.0108853780281407	0.178726099924139	0.0943921790358062
1.82233343470344	-0.0282487244126712	-0.183838519857029	1.27753378113217	0.889497604391752
-0.716342840970757	1.8873328821965	-1.33295859451043	0.880837239059354	0.194003689437129
-0.188608310233783	1.73292023088583	1.86715603298146	-0.827996519932013	-0.246989351010115
0.986904766193954	0.782056994159612	0.682095787552649	-0.849572084257178	0.727656094235119
0.901254155538542	0.465011985234762	-0.399337146890248	-1.3229082833309	-0.387850047292518
-2.059155548003	1.62574774352198	0.0733788598466326	0.265577262021167	-1.85018064087487
2.6274751845447	-2.00918078649887	0.755620811411564	-0.328846307107324	-1.05570884347497
1.45751372572228	0.206458043733265	-0.336881745593899	0.476662541184887	0.831783814959832
-1.07481584642225	-0.487894481259843	1.11145600307405	-0.162997528372899	-0.716338411660511
-0.0245889112871057	0.653957398299423	0.323140628352481	-0.0895063764823024	0.577512907528274
-1.0234181405806	-0.223022728093549	1.5837758562167	-0.0174333001816627	1.05550808422804
-0.527558700511018	0.492423625919323	0.250731243335084	-0.686239447619077	1.14119888351296
-0.441944062590903	-1.85484303438952	1.18940162271295	-0.638761195379711	0.678028981268722
-0.503028745373642	1.75551253170828	0.731376959533063	1.4793608367492	0.815613965701577
1.41589189597112	0.852432079770286	-0.534892888234236	1.35801694572171	-2.28068307031691
0.12586087804595	-0.313722195796413	-0.154198888526647	-0.565030891855253	-0.261644939616126
2.44671087283642	-0.125312945223821	-0.408972089199454	0.525226923935293	1.48034669464547
0.10808452083621	-0.54590213986096	-0.441650676258048	-0.993392259111999	-0.0665163681747766
0.596861202179396	-0.469299678774245	-1.03430643460692	2.18718037429228	0.673604992811365
-0.0168062040570554	0.0124664503100129	-1.24547123044544	-0.571178366488047	0.647983662625331
0.690383691216267	-1.14830168428736	0.29824914778592	1.04449450119461	1.25065101809046
0.308045466395857	-0.587336132068148	0.47413981992584	1.24633447704637	-0.694613956621462
1.46280953606563	-0.0836242450708984	1.17752861646218	-1.630996863286	0.448321786191137
0.787121041912971	-1.68430141136943	-0.510125394282028	-0.19981163482017	-0.775649476522233
0.0573693480456436	-1.36248629390879	1.87457928493986	0.173311172065615	0.0794371175248506
-2.32670349215463	-0.473210024910658	-0.175154463319356	0.309125231004413	-0.559233771081775
0.836659733390805	-0.54410699167647	0.437745502532907	-1.72579391224675	-0.687491309794783
1.66662429112873	-2.18429739538104	1.78411491220983	-0.122668488655034	0.640435738644008
0.595007731031103	0.616670151722702	-0.019415490966597	-1.52116124169413	1.38127877116292
0.351079743187105	-0.881745728428805	-0.0812356670651061	-0.920231403267846	0.315884921259245
-0.94399369501888	-1.52740208242295	0.783250583934407	1.60921311492441	0.14974646375161
-1.95432720025597	-1.51982752042236	-1.19598676906606	1.01034982998999	-1.60599081226581
0.404538276570191	1.72905164152959	0.571722440203173	-0.466060423326753	-1.38142729282973
-0.661236945370597	0.114100934850431	-1.96221920700462	0.654973385145646	0.0715635029769217
0.803656007605465	-1.54466506988983	-0.311826260668919	0.0750162561729692	0.756091153870138
-0.942885059191903	0.924674808213485	0.594796442771289	0.765651210571539	-0.716554911165658
-0.149503613779855	-0.572310755094304	0.230710242968888	0.585552686682087	0.23896982740535
0.972982362408508	-0.198376831014686	0.113244541999531	-0.523873659985093	0.314730291755593
1.8420827867681	1.1972209877873	-0.356238900996291	-1.35292324238357	-1.12245157745407
-1.55749038128114	0.870067525522758	-0.809999516084911	0.519784609671045	0.806208838057303
0.696028905449477	-0.638272206945541	0.747113268724851	-0.155523719942325	-0.030093747299657
0.927643703252167	1.10902246488999	0.0460551283884805	-0.939001658372857	-0.607467598308988
-0.713562157527063	0.423887779091878	-0.919139124530413	1.90855213168357	-1.13161003734748
-1.02291778374515	1.55063948587182	0.804587963804668	0.0187070511876009	0.492319501469223
-0.685892290133523	-0.384849205196913	-0.00985383147974767	-0.742849851494857	-1.59523955901083
0.573080824821528	-0.0521407014546645	-2.2671734791832	0.805522192574518	0.252221859358258
0.938417037497567	0.156114231963581	0.658336405311314	0.52520217949364	0.345084726549967
1.43631175279539	0.0195676356004891	1.23848915726544	-0.155094423912385	-2.88059568080587
0.78383063094005	-0.86989675575658	-0.69814789526774	0.613433279308689	-0.431059648771032
0.389928674180833	0.703967203258876	-0.63329549399976	-1.01724189231189	-0.77670348752552
-0.893780590046171	-0.513649994697401	0.751334844473617	-0.645855520303509	-0.0859789499661937
-1.15113700684009	0.131715789809772	0.264345197823985	0.65811702404232	1.1347212540196
-1.49465419103803	-1.09159071718439	-0.328958621410452	1.1492981398009	-1.34960187514227
-1.80270387680443	1.28577428347716	1.0179291982075	-1.12364230487289	0.327162751138227
-0.917233845692861	0.376918716033044	0.761261923307898	0.508923909176062	1.07854794245949
0.929965147907741	0.519114174354216	-0.0674497787681574	0.767674610073417	1.91566073460728
-1.66296901530832	-0.562799283039801	-0.445615619873231	-1.62046105115093	0.256977668097187
0.692648135018907	1.38435578087319	-2.06648153705911	1.77347819882078	0.527596719998985
-0.770602480157137	0.841296032566108	1.29274021117267	-0.997102343330952	-0.693990234920911
-0.695950028180445	0.517870936682071	0.228302933162375	-1.51388196239352	-0.577401805492661
1.26866055756858	-0.705792224397285	0.164183271552584	0.162594853742394	0.194636359548072
-2.67211518887443	0.200757048987845	0.0717942628166413	-0.045232621692916	0.00545033111609337
1.80610858255024	-1.72137697417786	-0.755928661369913	-1.24075007832621	0.243830191908964
1.91909068586389	-0.507226669286235	-0.100279832713265	-1.41618564740276	0.0771375963439606
-0.904931007101563	-0.161127543371974	0.473470422794064	0.404210590972331	-0.726089767333519
-1.08929148744071	-0.746192222450627	-1.47526800512297	0.477513116735396	-1.10618738713344
-0.668195099321832	-0.308515733290619	-0.677159449047612	-0.0408457513183323	-0.224468294841065
-1.01893489537351	0.866614865839952	0.993062002225313	-1.76854454796184	1.44824675698272
0.826311619088269	1.00104229160793	-0.0425819234154674	-0.753502584388668	0.203606254418359
-1.07200428330622	0.345722365116642	0.0364981912323725	-1.05978640173933	0.836870647298954
0.843853505408043	-1.29896570733619	0.703889593009513	-1.24372981430657	0.147318114107458
0.314883596243324	0.610102907679751	-0.155861184176364	-1.05533737703748	-0.602439555849415
0.751538815908328	1.8454885175446	-0.64550474281813	-0.564694946236899	0.329434411303659
-0.131667483157435	-0.974810570871363	1.33024484419619	-0.0628169779647596	0.754288112424917
-0.108628666070324	0.508246152008768	-0.556461312934163	1.29128168349981	-0.969697047825077
0.500689010639586	-1.40508945128217	0.196410422900635	0.423863142859213	2.10095643844912
-0.538578815148264	0.477514050631594	-1.32595509133778	-1.8330322120628	-0.668941160262788
0.167340657339406	1.4864545033511	1.41537508721458	-1.44797733497198	-1.30769483139341
0.384821089661072	1.70360448215659	0.596339116033903	0.0780614748737107	1.39518307982744
0.823263649700175	-1.49973598922141	-1.47586035602124	0.304452931348345	1.11970648029003
0.638139726508619	1.21190516719164	1.06707230436294	-1.63235217605819	-0.671397286283533
-0.357358338967181	1.23843533499676	-0.162978931532915	0.154257684593327	-1.0966515659429
0.77205676528351	-0.766010672928926	-0.459081881029767	2.43835638777799	2.20396525006152
0.776277424631415	0.463248224380308	1.43192327623799	-0.647512918762279	0.0303037029624414
-0.187509302673001	-0.787203036016378	3.06469224572654	-0.390218388337617	0.0493880854642431
0.344713579819751	1.84751261529137	1.70912712344851	-0.089009065869713	-0.781214741121333
-0.662909972419903	1.14163279253554	-0.9342935488145	-0.0237695571265287	-0.390266955337767
0.220422128230357	-1.22138291942572	0.713320389265391	-1.67575230882405	-0.39120454174469
0.597829933863371	0.740078435026778	-0.194824972652169	0.517004536444422	-0.114659756437272
0.101608263373573	-0.590092258787214	-0.608315235026458	-0.527951121867844	1.15116684025885
-0.382350416820033	-1.42222825691762	0.291509777690745	-0.0432320399020106	-0.786663707432928
-0.181675313552879	1.31076989789335	-0.0763455729413605	-0.202961524110265	-0.600327180780068
1.48554981769816	2.07711186340038	1.02306983212781	0.946194029298176	1.09179405171616
-1.16077510270631	0.870829260882294	-1.22130087591497	-1.95437358529836	0.635048673956072
-0.638918999583689	-0.402652266151296	-0.186090657849533	0.217495321036148	-0.968466128060693
-0.146948524684558	0.662837630091839	-1.06526340813426	0.468406031904705	0.155426931542405
0.852352986355663	-1.84854071452966	-0.706102207005	2.35620225384104	1.4937105221087
1.0242431915812	-2.4768937500738	0.436187079099637	-0.160638539219989	0.199684271396853
-0.868668616480811	-0.15359326094996	1.66844912835159	1.55532147283732	-0.0609733922829543
-1.19148933052807	0.251579210868614	0.912394174128603	-0.0714936812837791	0.309396078116269
0.0965226161960766	0.462852530228659	1.19730803668525	-2.31953092573988	0.0221218837158632
0.702757036353397	0.0163194517901423	-1.52128313559897	2.13523907585026	-2.03668574963484
-1.97557565806065	0.157735365405348	2.17645417841481	0.0885962901913295	0.228673861361757
-1.17700798439492	-1.18747205061781	1.47286861032502	0.132610472069423	-0.0423133693390314
2.11118194942888	0.550308211585725	0.274057518080556	-2.08006277559984	1.02655070091434
-0.868054257928416	-1.10923368115374	0.217993636785492	0.559057876040749	-0.76159880773079
-1.74132343243407	0.6658731877529	-1.0504218929572	-0.782517339596032	0.388242168352765
-0.417762283794317	-0.702671527691685	0.509982541163054	0.803460236749362	0.990346386736076
0.825972287062878	2.1885816200576	-0.48314647613867	0.0429959336406319	0.98525028744408
0.503572104708256	-0.389689958199792	-1.31730926196923	-0.214814886667252	0.0974866333768075
-0.925044449233245	1.92659443674158	-1.17452424440953	0.413997670919162	0.46932099810884
0.995013207868457	1.00730652626397	-0.154806313639432	0.446546476034288	-0.542135899560387
-0.915464446230935	0.483815269293333	0.62224980840869	-0.628182774697452	-1.90459449279238
-1.45954541725645	1.18872564132741	2.8029395369999	-0.622830573764255	-0.397427159980908
1.10014110051053	1.72512278162501	-0.811400148034634	0.77969302746469	0.39249205183731
0.12589094282407	-0.726776663700366	-0.242140194186937	-0.666592452393767	-0.76041418256097
-0.165651221644392	-0.985066635897085	1.30521044253882	0.82090871918226	-0.562997198128307
-0.736454093702944	-0.747088248784994	-1.33190514738138	-0.538592581611566	1.38644201959224
0.0988919332885117	0.814443441646144	-0.376646733010046	0.909522755898983	0.721386603565653
1.18734128626025	-0.455894573238307	1.38320713553864	-0.547057687732409	0.381090746078313
1.95032936357922	-0.0531283751464738	2.06211691150159	0.285915351993701	0.943296280701554
-0.342679407054565	-1.28221248017254	-1.05034446593492	-0.0514613048515588	-2.14709420351319
0.484563608818203	-0.89828766787956	-0.308558054601075	0.694579495629361	-0.469742038204014
1.21949875933366	2.39898628415106	-1.72434889327013	0.184551792424144	0.23347691434593
-0.785212380105326	1.56938331073269	0.0963784088807836	0.073965749478432	-0.136496111403301
-0.12519503560955	-1.95593919253685	0.507994786460482	-1.09974408571614	-0.861734640931255
-1.7846359906714	0.453138294415418	-1.47145024266478	0.529998520879948	-0.0774698357639571
-0.043717809267276	0.0217339667279914	0.743321495162611	-1.46273727851029	-1.00783345987707
-0.332144192385434	0.459295532444175	0.807227513247596	1.3450958295342	2.86899627483205
-0.332341647970837	0.0291560902028763	-0.457030875094241	0.265041564091413	0.963537434930619
-0.794990572091712	-0.302686676362979	0.26471562359452	0.217199757836207	-0.659084470747221
-1.52559342141123	1.53910078997411	0.749129734997113	-1.33867477519395	-0.889743290195597
-1.18943804137958	1.91960928754592	-0.334909014805672	-1.95820958805218	1.17429971009041
-1.39279374085722	-0.845568360034181	-0.116961689092817	0.278751154307485	-1.84053311458723
1.17346596587011	-0.318370360221955	-0.215254246478186	1.30214467908277	-0.946362407567436
-0.726009863679345	-1.04954637071466	0.450989729545831	0.262483627872517	2.42844652894524
-0.67085313563332	-0.576548955392888	0.914201622253215	-1.5749988969497	-0.227319425321993
0.181169797889469	1.42742609453111	1.7495035392681	-1.58787689563818	1.0406436255814
0.0265325015760243	-1.01987397815786	0.238098043902839	-0.148928504734454	1.40880539165771
0.900866608852332	0.467350366673721	0.382521029128773	-0.944124252225631	-1.60379397473359
-0.409442180538778	-0.311732945285881	0.559772540900207	0.180912573795883	-2.0312877385372
-0.626625601933896	0.485762012070709	-2.63255226875524	-1.38329331513229	0.27744780812034
-1.30635394770853	-0.766120015039447	0.195545651682476	1.46235722028266	-0.741904690852187
-0.076508030883975	-0.985212739118208	-0.133065383546886	-1.11655881403329	0.515695508155597
-0.784440992774935	-1.89139067631491	0.133243328548803	-0.191849264388728	-1.57133735663957
0.0675551567232813	0.427225107854499	1.12967988791487	0.040154151040991	-1.26237744960445
-0.79977903164424	1.06021583935204	1.8608853658717	-1.38987329703014	1.63075503577562
-2.74178929472123	0.25675504116615	0.269081903440226	-0.0661776469900989	-0.533546347609921
0.592712343528672	-0.620426912661137	-0.829177032702765	0.588653466213825	1.37495666590044
-1.64681125678573	-0.802000223512811	-0.302359705472146	0.218059894662944	0.931010670354406
-1.17889006318991	-0.385749516698096	-0.0781843537085015	-1.23195963110341	0.577335135956032
0.824184106020568	-1.38281914594509	1.2035699136885	-1.96802436794021	0.295818423890122
0.556078936724175	-2.09602513195178	1.65458087372177	0.815863296191813	-0.207789070031332
0.819846638128398	2.04132998186168	3.49210040307547	1.59528347295501	0.756319647582435
1.73755012501491	-0.821264948346097	-1.08253435587469	-0.861491534933293	1.02272127612944
1.11008093510672	1.2972397531377	0.460397518795088	0.1710543173845	-0.566506123422854
-1.94987805351091	-1.22272661742711	-0.967976273374399	-0.131062099616126	1.62747534843887
-0.546461058367944	0.793013858166672	-0.8742905290737	-0.156172216633553	-0.995686484432497
0.243657613493633	-0.770790082169226	-1.21073730725151	0.827773688132516	1.35561989796242
-0.737190899969751	-0.188850993287528	-0.453748169686688	-1.39818431071281	0.321483429173035
0.613239615493095	-1.13463517255137	-0.210323662011494	1.71524654175266	-1.11959265516763
1.89065238504112	-0.704901496994154	0.437457227473484	-0.00364319879605088	0.328047204693257
-0.0778333273577017	1.4603322096953	0.018759972161564	0.29082325056383	1.39217838387932
1.73276947128865	1.21107459941005	0.0206559166172282	-0.305199280702255	0.480830813011555
0.427670870560617	-0.401990064686955	0.0434426257200956	0.0544681467443738	0.630589370507178
-0.335243924735103	-0.97686279956068	0.293118704294852	-0.416877391962531	-0.377369992509445
2.27117106920961	-0.697109987234048	-0.197807411374575	-0.724311285208506	-0.0857186191122154
-0.0304210561733508	0.729734211024716	0.437014210675148	0.44117412189373	-0.831618891788657
0.489506623241765	0.437005295528275	-1.05238788487418	0.0164960949332563	0.191273894910467
0.422982022249426	-2.28323974645548	-1.33357238385428	-0.23112407206459	1.04600583621475
0.640594449636763	-1.48944570683606	0.109300035545647	0.357131533943848	1.40279076850288
-0.600706644835824	0.885811587625518	-1.38829082599543	0.16334211921728	-0.825394557836102
-0.486741103414331	-0.0068042960114837	0.869241717150524	-0.0244630166466882	0.13358169791516
-0.18501762294007	1.16073218481775	0.982006865646243	-0.00250262461102003	0.9729790704613
1.1940583335585	1.82186284354464	-0.53937967800116	0.527988497958839	-0.904026693991477
0.592790144424287	0.519110817044801	-0.157056191225224	-0.863472567072123	-0.561879429608077
-1.15047621796968	1.55800798646145	0.323856541186094	0.887093505296266	1.23703194616853
0.208407433726235	-0.307972866722944	0.470823484857804	0.224004360806751	1.08965141943044
0.170213164766204	-1.25695570841902	0.119688802749763	-0.640252314664692	-0.391772373481745
0.306676597701286	1.04037183288449	1.51567295248435	1.76805913450485	0.208705284851291
-0.306429941979296	-0.278991186989515	1.07726217935836	1.4217812243039	-1.35775597127456
-0.0996141476716493	0.362666018039006	0.419349636251901	0.640691319712324	1.45851918504977
-0.926917389216896	1.32998903369636	1.00737211711813	-0.479719161828878	1.59095008594611
-1.33477982679171	-0.598058899119873	0.557609434535751	-0.0849328292423132	0.605860387046875
0.0450370163517329	0.769436342909507	-0.387440173812679	-1.65721559715504	-0.130118201677483
-0.925663546297629	1.02916795660226	-1.68938998363909	0.751882478929863	1.26648762655635
-0.520962472405388	0.247447997040208	-0.203276262784092	0.341343671718797	0.981222333792922
1.22511280401324	-0.298758421659261	0.578463399446736	0.922247963238464	-1.56924937598563
1.84177286616954	-0.803623699054564	1.05324285755962	-1.4437000500054	1.64836200209752
0.494924500889378	0.989512979465715	-0.463097467096496	-0.830015619185488	2.16792179552299
-0.818840440350543	0.838015037790856	0.954112479325528	0.102613766942373	0.881590045344334
0.466155489269592	-1.36944073335318	-0.712799183353904	0.870173270261824	-0.962182268512442
1.19910279878783	-0.427757582038965	-1.01836187547898	0.309960462253523	1.74948385916068
0.203308766575061	-0.066930202268566	0.177120559200267	-1.11675547208965	-0.00768931425523036
0.792875494132696	1.15395788200074	-0.231206262732246	-0.0352322679267774	-0.222940507173225
3.12695011596094	-1.79522696042895	-0.0923320252188705	0.402058949057261	-1.27650521582975
-1.84426383037905	-0.442179462905675	0.13534310266571	0.0385689067460787	2.19183739326785
1.28169019917686	-0.248927496559442	0.702491856945157	-0.890933902807727	0.455622366149065
-1.2877009330437	-0.0344269844990969	-1.49404508564467	0.137864739303345	1.09836706405368
-0.940277532720593	-2.24748872095173	-0.535365361335346	0.159699149073489	2.0168936508765
1.55906812718122	0.20747080925914	-1.50853531296739	-0.743625704849608	0.5124679746443
-1.70239601974643	0.502927576382127	0.602170604030306	-1.22542504380382	-1.02367436959523
1.34548131107362	-0.207757312670098	-0.819812594938525	-0.366403547683077	-0.616347092938517
0.488890305237952	2.11908016641565	0.334612144752582	1.24294304193243	0.252375383355575
-0.480741126415647	-0.590341490682384	2.22153948250347	-0.190511947516654	0.0990021621254164
0.58525824303114	-0.913209191154676	-0.284496422676379	0.683430819383756	0.337301371167521
-2.0606869013727	1.61995325382329	-0.794949467853223	1.0056228755422	-0.404524511559252
0.398000005201348	-1.31109633447945	0.806288140262865	0.137802549427869	0.255119102689985
-2.70171294173194	0.860407072982152	-0.77418073477597	0.481732990197819	0.408597858587683
0.714660385058225	-1.29386834715589	1.16694081295385	0.4071443404005	-0.475601285853447
-0.417111386342202	-0.411513493413299	-0.315683487483363	0.221249851415323	-0.650642188188808
-0.668872410822822	-0.437377802633758	-0.0119890752481988	1.94017969563355	0.191720727822913
0.0266455225605193	0.316808932973459	-2.47428752583278	0.282893050698285	0.894304064070111
-0.416791607976799	0.545934486406857	0.712409585537517	3.44342481856745	0.502219744041728
1.27021735386016	-0.207373712888896	0.936610889693605	-1.40861907308062	0.394238838329825
-1.74474747469321	-0.721965592877912	1.07583869895089	0.831385824138175	-0.080481669653502
-0.510117105315114	-0.970364122828054	-0.594749712131388	-0.907677510263157	-0.184259886630251
-0.722850955726358	-0.748393951275313	-0.698251865590898	1.09594352366035	-0.185703846996808
-1.90813548401828	-0.958997033203232	1.18798208446073	-0.763985023955787	-0.809933750857921
0.199235316474853	1.73241525783524	-0.763679346954342	-0.887010756020699	-2.30025258892471
-1.1768437983022	-1.63530025969134	-0.196796983011714	0.914663547297992	-1.30997910365667
0.240104314126008	-0.231639059371767	0.0923725548877719	1.32403902356604	0.241771713665322
1.62340453650172	-0.213696472337693	0.540520781032213	-0.200495723211329	-0.043957568852032
0.263855143678411	0.801835216657197	0.132851331312658	0.306911620657758	-0.207422760159815
0.0412060329409261	1.59980606227372	0.829851198627139	-0.448509673994168	1.83038798896915
0.772984873009203	1.30459479845523	1.4342751299758	-0.297322065191239	-1.09060736563593
0.0207255628635305	-0.148580157971017	1.1759196237655	-0.267981721227915	-1.4200024324706
-0.505352658232622	-0.29115547566889	1.54502024177416	-1.89898002809574	-1.46793841579418
0.563791225525248	2.04495179888498	-1.14884083863807	-0.247203687340526	0.337820601776158
0.357421716462103	-2.00056656893555	-0.426799367594855	0.239243607569882	-0.337332743607088
-2.97220158111333	-0.447487128450067	-0.51953950813824	1.35751059842092	-1.55895158562939
1.90674874917701	0.596332914199286	0.0870332495933535	0.860681947760041	-1.78774794635181
0.677982277003713	1.33668460383623	-0.321332985556279	-0.779674435034052	1.62367664237002
0.917047460072931	1.64481927250905	0.803995134041228	0.343802126419731	-0.840489647075812
-0.545406200348832	-1.30279663178113	-0.303976286959552	0.086896056171766	0.595058281190841
-0.82850446126225	-0.196123921049458	-0.646719772190085	-2.01819163885429	-0.13759023401128
0.617202771804671	-1.21848617758142	-1.2986127824653	-0.734208600653829	-0.729499920261638
0.97720471450491	-0.619077115870596	1.66594648261079	-1.20094503561282	-0.242175436989741
-0.694887205808693	0.162987921002283	-1.77157547857211	-1.15218599331747	-0.882705137459842
-0.288058758885456	-0.596190902769446	0.127015432970306	0.577489893282115	-1.41192936186428
-1.71373094438488	-0.692509063692013	1.70867579070387	-0.119995092826701	0.809766519908435
0.245861570001245	1.2735274132918	-0.9229544916678	0.733399979028909	0.958641984044227
-1.99683087777687	-1.08099601215093	-0.846820009739978	-0.508982045307755	1.30727205779482
-0.0111556296345748	0.634802519621327	-1.07518412734357	-1.37070453289356	0.409897500472427
-1.10085173871573	-0.456602916594829	1.25745347872827	-0.331362789395534	0.71487277029683
0.648559468352787	0.468699235270032	1.59879262317356	1.47585964784109	1.04355097625818
1.66241606844471	1.6143718211545	-0.945462174737276	0.201849365648661	0.00341292981318181
-1.00970805599283	-0.323870650516019	0.331090819328011	0.64335221625425	-0.141366360354803
0.0873059987101473	-0.292197337520821	-1.17479375461791	1.09219329148496	0.611963325069335
-1.16930431410273	0.820465394958815	-0.0827268123274817	-0.942319004835543	-1.14394422770036
-0.507343939830627	0.457549926455754	-1.65857592263609	-0.539369736510976	0.247100187259239
-0.405115823133814	-0.289602315102557	-1.38341219148556	0.927212713937489	-0.0944448371180525
-0.18679077072314	0.240629877106206	-0.573895200545809	0.253986680804542	-0.133178196537703
0.505257927958934	3.81793288524883	-0.534628471808117	1.07858683035334	0.542884866769888
1.57984079417263	-0.734259662520959	-0.611741482671344	-0.485876104797222	1.24391010165704
-0.12132960767707	0.0177959774544691	-0.0276705025277233	0.763520926614647	1.16467501589385
0.291142093490306	-0.47529349039575	-0.718610204766237	0.885771547440875	-1.37491231427954
-0.695512786051953	-2.12202282193388	0.775138558512605	0.646508540572055	0.922522732219347
2.18971939836549	0.564088429097559	-0.817899518320241	-0.973985064038377	-0.376983806108064
0.175003588526153	0.998370816411868	-0.439994156342751	-0.866057002436064	-0.34376338398434
-0.211005905953715	-1.14616360502012	0.862905740935571	-0.538323339767068	-0.660898575761824
-0.996769019528331	0.201118605563613	1.30907678154986	0.325105989449364	0.985126941000238
0.24897769296316	1.96185899041291	0.820343765573644	0.344448059873309	-0.683205501305026
-0.95384274701916	-1.69872790836134	-1.40999633644216	-0.38111454026529	0.185100981322794
0.606917524979685	-0.199025433471916	-0.343049074432023	2.82718074791933	-0.765782864601837
-1.51543063316088	0.386279262939621	-0.820552711496909	-0.475079833918736	-0.0495708007369732
-2.40413740211494	1.06346885789791	-0.403579457328004	0.179251366520066	-0.022625469807452
0.865852403311754	-0.603149094309587	-1.97867447328073	1.08039284361954	-0.251607334948344
0.217345529997244	-1.18726748841649	3.2708642554572	-0.00502724655497004	-0.152373070219938
0.563646688485429	1.01082250678701	-0.194462752937469	1.11406212235878	-0.810722367232271
-2.29347600543718	-0.365540263925109	0.2944859677756	-2.23615070377831	0.198567450552379
-0.0528155393731136	0.467949228107098	0.0576890550679914	-0.0676244752607677	0.681715650300991
2.02876626385532	0.632583761004996	0.572810539638106	-0.383411619695092	-0.261212513100425
-1.30153758885878	0.245481819208208	-1.656036563629	0.63716471979867	-1.33129006470062
1.80302103036474	0.204296634583282	-1.07850204813267	0.953811249800967	0.902801181088736
0.916490972354152	-0.891543239338989	0.187051127901606	-0.64523144371306	1.20544446652106
0.359175010355532	0.262107812639059	-0.0680926820068706	0.170581237425981	0.769556436282843
-0.976428146019529	-1.28109848221227	-0.177905780960486	-0.507915550532655	-1.06926337723389
1.64074901008466	0.891953160943085	0.639376463457032	-0.729913155612438	-0.296629419572814
-1.85546267472958	0.364938593691826	-1.47181190192978	0.689617226197743	-0.791667302567667
-0.936479658421031	0.77022002153118	-0.84715399333983	-2.02243043931789	0.141211196009163
0.0753294160832182	0.122553153353538	-0.481389339865558	-0.548448589681562	0.446345015700949
2.12321524573261	0.5617048905149	0.715569437146403	-1.54614149482255	-0.464878943925819
-0.683630634730113	0.780698009170035	1.139706104911	1.17738222175625	-0.762103498308317
0.221864843034605	-2.81229133812066	0.254533018688136	-0.545936588967045	1.03795380896395
-0.539767763515192	0.491851807521871	0.344324414292577	0.840088015281847	1.35167974045546
-0.309647625827961	0.176633012730062	0.367736954635352	-1.03284242832282	-0.545570773799431
0.741895629833066	-1.34714849894932	-0.569471413176803	-0.0141988864916226	-0.576278509395966
1.52733035770863	-1.0272514239433	-1.97181614904916	0.691435601373261	-1.22050658534403
-0.797203913045663	1.25229579434314	0.901086619576048	-0.148741845841484	0.526207480267723
-1.46741398502877	0.740364862868406	-0.232523175481593	-0.520778345109229	1.3831293811103
-0.591308296619912	-0.596212190971252	1.18152015911357	0.0751357270954392	0.732859765738157
-0.640586073291118	-0.157048781921803	-1.78649113292716	1.04775020715528	0.188811618649268
-1.1392230504374	-0.64165820834507	-0.227802538062933	-0.970720163545694	0.531200422266666
0.589021273488397	0.953220015497046	-1.00729594022787	-0.4088592748354	2.0950908824111
1.16405012698227	-0.550490072838694	-1.65631941647385	0.00324620382040139	-0.00517871139527326
0.88087948210963	-0.0602960216902415	0.011241409960285	-0.323793378120039	0.00181965785559198
0.0414378956431904	-1.39376615362445	1.09404800569895	-0.52458341575512	0.524868609239654
-1.48972952215145	0.874364879258765	-0.883613413517404	0.443962396517941	-0.0640009956075926
-1.10495867158895	-0.663497711593403	0.983605129376273	0.583784720884006	0.64368797613053
-0.647685239482161	-0.814090921963072	1.04923830146976	0.70852429837955	-0.0394280127088272
-2.00797324008145	-0.145226320200115	-0.218201553851002	-0.50620285309372	0.712702247705515
1.28156624509506	-0.2139419156154	-0.879922817529594	0.776922173191445	-0.579926734519477
1.45038906978111	0.275931760828168	0.792676655236293	-0.626793592545232	-1.78025582009462
0.437644236925755	-0.151762605154707	-0.786225464153933	-1.9712673765843	0.192403643053705
-0.392321467442515	1.04390125254864	0.832213555766448	0.624510922998631	-1.32336358183738
-0.266701645307693	0.032006161462082	0.527497281448078	-0.691440760542713	0.606417721611639
0.0740925744144739	0.523291904409308	-0.277230136471203	1.54190492165261	0.370382974680938
-0.295070242980538	1.13353100369669	0.147380467656574	-0.0237655809631889	0.972089819741389
0.160136454265799	0.012561392834013	0.949280640427082	-0.463946570263685	-1.43887810193915
2.11970936033371	-1.01847036438529	0.366789791923032	0.641712604613018	2.76420654640591
0.289027786877004	-0.656393445273297	0.560334910383384	-1.34869555480669	0.703157329661798
0.721749210012673	0.296556720850126	-1.84055997861533	-0.500082530013871	0.915924618864871
1.43843452106953	-0.458873275540283	2.6649912751137	0.738800370702532	1.04924707809389
-0.396281244724815	0.922348180313995	0.315327782110728	0.176017789188823	-0.359939426409262
2.72451399701698	-0.754951948242599	-1.51399791713778	0.38081750268607	0.474066337195414
0.968239022950143	0.802454974233196	-0.511882439641207	-1.10205664686461	0.305406677078248
0.358709928336423	-0.366086903659945	1.0664622590417	0.036659830140733	-0.306999561335027
-1.11200068773745	-0.322572242427702	-1.05681331830623	-1.15070727292316	-0.499065986411678
-1.48798750921185	0.117131006692571	0.835381305881804	0.259439726750847	0.0316492083896524
-0.312070843690552	-0.33864051591987	1.9137496216663	-0.590219644982463	1.25294234519116
-0.646746067926991	-1.13374156971573	-1.17350257256944	0.20326818059185	0.837198197381413
-0.152655238318774	0.243079872557217	0.659503418615678	0.0223172885740554	-0.67111893784067
-1.08067976687424	1.38301506974435	-0.592865105122006	0.485821361253036	0.797480218646548
0.501342403891061	2.35306140261386	1.0906811130995	0.477532748876575	0.02472989072901
-1.33287511444611	0.19710338493684	0.40958358642658	-0.39173543438481	0.362308412050428
1.58785830709451	-1.41728036513111	-0.543130008151495	-2.15635104550606	-0.207899024914071
0.6394874482398	-1.7754301905115	0.18444240349391	0.17617830018206	-0.959969607920227
1.15554328751407	-1.23694641324797	-0.354328586491623	-0.490478402538634	-1.30065290372212
-0.430633732756392	1.08732683740737	1.66961167771805	-1.44902703585314	0.573024736848666
1.58121679193686	-0.814239639348684	2.22558734526068	0.209942978182619	-0.423023327954067
0.815719813581641	-0.00188045270439328	0.55264665386411	1.65192761431349	1.04541368759248
0.265541647208769	0.319673694274	1.34498030603387	0.330820221846877	0.302803273470937
-0.412460304003197	0.533171227221176	0.947710511049326	1.19382367085801	-1.05903639407637
-1.31338685505646	0.454935501638036	-0.506692309429031	0.214785203408841	-0.639824118556514
0.288950144586019	-0.656789823552189	1.13953413745947	-0.230361705765164	-0.691704070227567
0.192021197281233	0.59365835743199	1.9371266093691	-0.770596988803791	2.18527585269011
-1.44731615596039	1.61184766666006	-0.315764392027768	0.747301831972426	-1.01889081857072
0.356049609526648	-0.803886257624599	-0.537706136377354	-1.28432878062566	-2.32940903738081
-0.266946344599654	-0.297916270759898	0.383099628704892	1.04855796646387	0.338569911700335
0.181016113674157	2.43026861494304	0.314664518671913	-1.10835910026346	0.191256294072036
2.40071097032755	0.150071960244493	0.746813743355066	0.873254674958824	-0.71447011968394
-0.909793761347164	0.536460315547859	-1.56873891426069	-0.062868654438413	-0.829726440206239
1.74712432579286	-1.73493595686206	-0.616836427183664	0.559450849662609	-0.169846189723823
-0.543494329186656	-0.613018930822043	0.115334573414258	0.804399928031743	-0.409015662039072
-1.33518622883141	-1.48681906776835	0.285828158969424	-0.7292837763429	0.434374558615569
1.30804097647572	0.397835024269485	0.83457142361925	0.325599260843666	0.00137517241675027
0.0665021983687813	-0.637580382576871	-1.82173577242046	-0.174963122158066	2.0533475381773
1.79460851131369	0.705873612458201	-1.13020519880918	0.555087777399291	-0.333569468657604
1.58271934652065	-0.543363073485079	-1.00842568603947	-0.232334911770478	1.54896520564195
0.104013756878333	0.389754305581717	0.342062946772934	-0.212748615162916	0.102300613967904
-0.984922005286004	-1.05182557124222	0.77585418007884	0.258125065920794	-3.23637951746954
-0.0803190690409486	0.900203114764402	-0.304431962861042	0.512609286811346	1.10459245611855
0.749104414831684	-0.103782977650976	0.160725394977784	0.259084490118413	0.346044664929993
1.29566861244529	0.0753112297311579	0.221350560639479	0.436428020603607	1.5170265672872
0.537806325200177	0.522469611740084	1.8284147739323	0.234723211493167	0.416003133711726
-0.637201424535396	-1.64931490628994	0.947155579767429	-0.850323337050758	0.753965961668619
0.241207221285551	-0.317803905494252	0.402214123501052	-0.281372851174535	-0.090482692496503
-0.60681869474508	-0.016447762716454	-0.240494828863166	0.776942879917148	0.878888013128472
0.00138797155988289	-0.282543726302195	1.30595266208178	1.36384393071331	0.55194128734848
-0.250756586538654	-2.18606349419138	-0.902256347861561	-0.565002821506523	0.851191184082917
0.734977683642453	0.972565108744922	-0.889942665691565	1.22022131603231	-0.366179602268451
1.15074032044113	1.21540001925691	-1.35278961007312	-0.887134655317856	2.34944469389103
0.583953235592212	-0.625703255551672	2.01040669086269	-0.11070540775615	-1.02699156264857
0.281126562371745	0.0217591100281166	-0.101156858015881	0.0973136848106113	0.820741271992416
0.42680918008195	-2.02041074770798	-0.760631789319381	-1.11463874592919	0.0421239206992748
-0.451877031774688	-0.125302895021641	0.241804865948435	-0.460814286470399	-0.353718596797101
-1.6912205920125	1.13049797200301	0.654243592260626	-0.873022104074503	0.141113300155954
-0.904553226610044	0.031037428244043	-1.06412738481845	-2.15333631151179	-0.579130521474796
-1.33343854874385	-0.0311467227830141	0.300081462842331	-0.49563066990288	0.350735895150149
0.150260650932721	0.1344111033258	-0.937055717679727	0.18030005628296	2.76318567257831
-0.817564397454766	0.22042516992602	0.161876536428893	0.252889948326502	0.749535358616787
-1.61121626881495	-1.21805345744066	0.252674755328834	0.379087112721943	-0.842367178258042
0.549669125279755	-1.28250200582493	0.731743393143148	-1.83469496295986	0.84834100453661
-1.1982701355987	-0.0504330013992899	1.47984410745388	-0.822385237655855	1.06828177624676
-0.3259421306789	-0.302383065128115	-0.0127657804630252	1.0233638830393	1.04282023013531
-0.113973523498706	-0.512667831573724	-0.0738056015291089	0.168729055295817	-0.550359998704184
0.18494082613172	1.72625543397965	-0.0285690308422904	-0.346227932626499	-1.51660511510769
1.36794371775714	-0.854071131307953	0.678368625116533	0.415312182458708	1.06044682504709
-0.0983803811123911	0.109671299539396	0.965624277177006	-0.265725473588563	-1.91678729554074
0.315362384512655	-0.853365582909103	0.505033740224127	-0.93821192335345	1.21169053526196
-0.235220308165283	-0.526788586630288	-0.222760993063199	0.551236542674751	-0.0215070793791201
-0.759997864945854	0.297770171884219	-1.29041712518348	-0.956108554441373	1.26106922071717
1.04179916554778	1.31016162254835	0.241588311893244	-0.932868078624525	-0.492168854512937
-1.32549536430392	0.657738739516903	1.79807621777	-1.77833093833373	-0.459517055182633
1.85201603026813	0.968874920642292	0.236206685580289	-0.880315656750529	1.31964846811603
1.40232113405169	1.44991713085373	-0.0316257181326895	-0.106993401966086	2.48021400808934
1.78296618828086	-1.83138902843784	-0.410627153833738	-0.0743422383028303	0.994143995209105
-0.736469234715098	-0.752604601357331	-1.72494000502026	-1.83384466273443	0.0997223348074366
0.621477768060261	1.55815794197203	0.981265145401497	1.85388792948819	0.600831643587683
-0.46597844919272	-0.1928631784397	-0.952473080060344	-0.436821550665383	0.654791928261512
1.23994822449878	1.03963334931104	-0.277297771918195	0.325853431357077	-1.46392660972271
0.193751186252971	1.29827901925103	0.0863733317304251	0.0588643450914605	1.04613430117709
-0.331069463819561	0.721716366224529	-0.859648818811343	-0.150298019154336	0.434417315032451
0.758252260211266	0.8257378150774	0.171359318988154	-0.132228282014701	-0.0408158249250591
0.0175013748159602	0.882339824202952	-1.46134099221194	0.417906901915323	1.29663174489997
0.433077948988857	-0.320003248595672	-0.162915738978113	0.856692515868891	-1.07938716575785
0.513578477088743	0.748858127883501	-0.995163740609173	-1.41035133875895	0.771823385235167
-1.20753639096723	0.106512537623743	2.48246663735675	1.09313974570576	0.956189380370854
0.327815512916173	-0.0915379939939573	0.598853677591974	0.459427225820147	-1.03964829031222
-0.0963056004133786	0.836667445324314	-0.620440495915449	0.43451190384248	2.04485052453385
-1.85464834878028	0.921877314452365	1.02688616131424	-0.56513768282686	-0.888003925998396
-1.40377031730203	-0.113501951732664	0.197513149964087	-1.14956932301171	0.703907863152382
-2.2228303305894	-0.0659616326116416	1.77133386296295	0.959122732239522	-0.309882653520393
0.658440072583282	-1.99145897929506	-1.57300641953187	-0.167142082953509	0.289646191271989
1.13556350989173	2.27819643111918	1.71732000270422	-2.16793153100666	-0.366001607310223
-0.210912512342505	0.457033858969083	0.840620360889	1.44311111815799	0.226249796477954
0.689083822661056	0.762722050202306	-2.02222335164966	1.55773972109275	0.307948912482369
0.170011833526603	-0.195568360477122	0.16782294629737	0.0319130295894026	0.222747837436763
0.625351436181283	0.807072589844122	-1.41955815719861	-0.312301114020941	-0.241355822096999
0.244259242839004	-0.0704532060394496	-1.0006003467765	0.0696486899102622	-0.149357194776539
1.48601326042648	-2.0665166757587	0.490935094227751	-1.19823835978842	-0.511015266122589
1.23025043957303	-0.312532260884626	2.48188841891641	-0.102142606636078	0.346988095281249
0.509544805276931	-0.517997253643012	0.225304045014141	0.969349282479103	2.00777496576464
0.435405427071619	-0.291549970802588	-0.829746129461777	0.106368041104695	-0.288812667411311
-1.67291122256014	-1.93005689957152	0.625773645987863	1.62328634493696	0.119196394414811
-1.57543531023772	0.180648554391865	0.925338244618155	0.430631578069747	0.137154954670694
1.02496314348961	0.975688567797528	-0.305677742198576	0.912218556391701	-3.01607520125653
0.101981506948727	1.85414929356429	0.256164500838341	-0.0749413020377571	0.45737702184065
1.52433605255047	-2.27393994395908	0.113842598380616	-0.260037117924392	0.71836790416238
0.428061205575411	0.951358334633315	-0.631936308305088	1.56488214654607	0.0301782070036402
0.270736448758949	0.243236166744829	-0.11649002651827	-0.336996939066396	-1.28189699006171
0.646395314786134	1.22622655519008	-0.161754211881146	-0.697274951516669	-0.203512319875613
0.910579527394198	-1.12479456153832	-0.389939013697737	0.43047025838256	0.0473236731208315
-0.161531150314408	-0.695237661910603	1.79956079314563	-0.487586357657665	0.0916250382956335
0.48574711557038	0.0982319356072807	-0.632967135103817	0.416185261004464	0.841834703179571
0.605079248091468	-0.582385121157818	-0.0544468837916754	-1.360527219373	-0.283805628502487
-0.886817343030963	-0.169303199192777	0.547599366634749	0.628280173317875	-0.44763865699093
0.145204121809504	0.830748307245477	2.99450292425974	-0.573099743198027	0.622851789954455
-0.0543400847040183	-0.428497891391264	-0.478469640712991	-0.184100255684925	0.343428116242843
2.30126191071846	0.69083192873565	-0.407003085963311	-0.961961060071237	1.63916106054014
2.26312731300425	-1.3926858124124	-0.0530481275286329	-0.511780595862153	1.55209017386519
-0.00763708093158889	0.0500677869344069	-0.849583140652801	-0.115587064500001	-0.437544139604165
-0.174146242492151	-1.77261653014679	0.396954802425799	1.42022088920841	1.50980526126425
1.45624632458603	-2.52511949750608	-0.412526587415988	0.139386339016828	0.906079088887885
-0.430225084382819	-0.751041628560691	-0.456824936067047	1.81406665834372	-0.0757586554101863
-0.0292529592617528	0.384421558510793	-0.230640370163019	-1.29184280055582	-0.913322999709958
1.10917668464914	-0.463308895026786	0.325550219891007	-2.16820267094162	-0.848137924388774
-0.189252290928812	-0.859353255804391	0.594357168544915	0.134760572206595	-0.561861913283823
-0.616331165695767	0.309762016117417	0.384619673136612	-0.883516943967863	0.61457697374484
0.228751869824996	-0.908334675013337	-0.0933849675233725	1.13482754692326	0.692237908636547
-0.0999905060736746	-0.615260992538303	0.771117544630975	0.614830214021014	0.151716021841554
-0.111161718989842	0.386469688215233	-2.09380424302129	0.574197969769057	-0.331508580881784
-1.01409137557947	1.92761464600716	-1.36924568038599	-0.42708534642864	1.07925744001352
0.67996874046857	-0.112851470011873	-1.07510216031934	-0.893664800926324	0.406032781863836
-0.567435091629738	0.0660940247998884	0.495643682107551	0.383871884027538	0.431440869347833
0.79716363121363	1.78933075369706	-0.547328727171883	-0.292943839330529	-0.125321585491412
-0.300882629664639	0.216337249758085	0.503276351237506	0.19299699751538	0.547238840821398
1.66836518066588	2.03960728165317	1.97126628106913	-0.0654763059986306	-1.29875848221376
0.0455761421347757	0.351475711040772	2.63243527074401	0.604072990060945	-0.656490754961333
-0.507224725878558	0.067991783810827	0.271634919266784	-0.0788101402761897	-0.504077772000073
0.100582761910972	-0.437910452103067	-0.0349327394124128	-0.483787300508894	0.495765100531655
0.399149253800457	-0.872119549420446	-0.242670542637393	-0.240573557770177	-1.43067952934442
-1.53659480629572	-0.49475820775672	-0.688920050004433	0.182991991497518	-0.926294159570606
-0.554659502169988	0.917096603802624	-0.542272883349348	-1.03170695996167	-1.23141620779327
-0.310771969356092	0.319851832100502	-1.0831505447205	0.311472230316204	0.324490186287343
-1.24335570802135	-0.0230760839358501	-0.601354927151192	2.41914796931881	1.14285146079473
-0.538221859023564	-0.530059582059299	0.760621448606156	0.271339215303021	0.686179131153326
0.482324265875621	0.21986196966704	1.43428870191797	-0.356834431012971	-0.79939856768699
1.40279059019117	1.22877064649302	-0.123917120958259	1.24341932284537	0.616988566920701
0.0602903538449893	0.168047365293723	0.174158933447077	0.882146075465311	1.4489920379413
-2.2934056304965	1.17220785547361	0.5741006797264	-0.43492522737252	-0.370897039990402
-0.307758097550641	-0.142002887402123	1.05754727195652	-1.47330602177834	-0.830657594307341
0.241351179032898	-1.39637800234253	-0.781596761386433	0.799058234481079	1.15814974216584
-0.796621416978258	0.236872201645595	0.762889465453616	-0.798492564438143	-0.070776132046188
-0.270593795150559	-1.17424953186337	-0.42096484635269	-0.639808999683904	0.205169560976218
0.00607406947482775	0.885684543868488	1.64595141457905	-0.816989249429848	0.675501123722477
-0.315896287709213	-1.38550564407581	0.211846747560388	0.0617148540682886	0.921682757386111
-0.683506834954373	0.551481432840947	0.856604195509957	-0.0300520970780205	-0.0374202711325321
-2.11123650345616	0.573095970448504	1.30707041832832	-1.17800352041589	0.250673772493742
-0.817378087889378	-0.947751266894425	-0.0768613754790324	-1.04056034414265	-0.770682620210519
-0.743698731796135	0.257703226980426	0.0987432115937592	0.145492088948158	-0.924357817069761
-0.94098503789382	0.00567301855633373	-0.756701184267465	-1.60106244045946	2.11539100327578
0.398402262315594	0.189247082664939	-0.0158528262977874	-0.470365371191159	1.23137575020631
-0.0776470456970428	-1.76069609335426	1.32817545742809	-0.52414677953847	0.0944854101754254
-0.0197166170915666	-1.56461801489008	-0.801800197020881	1.04443200970316	-0.259164707144252
-0.999754928319101	-1.74541114156044	0.368621357261246	-0.663755806319544	-0.0639621729499513
-1.8743187306726	-1.19357549245728	0.455274469493417	-0.738419655164255	-2.13041182596251
0.349590506112351	0.252766545671144	-2.43632985815611	-1.30659570572333	1.0966096472476
-0.877996286662711	0.331395130929934	0.192562136588171	-0.414209181683566	-0.890344985520678
1.04761302973	0.756914599654289	1.0394105300922	0.85680116070821	-1.02807801717777
-0.113416830571423	0.0409025362028302	-1.1027435329748	1.68587489941955	-0.319994546927852
0.097723068844936	-0.0485781631550175	0.564883804625969	-0.247896765057523	2.56118155524084
-1.8665554272465	1.19352140514386	-2.90209727723296	0.403823253501341	1.84948373624285
-0.817129448210611	1.04328452929154	0.00288341597992179	2.33021585360225	-2.91489459079064
0.0510367331183286	0.0471618320391399	2.02279030874091	0.555414330732678	0.711500398791573
-0.497371826364406	-1.6938419267824	0.831904184177583	0.302265122609054	0.148441733663365
1.522403102891	0.368207745252649	-0.755992130023425	0.316679212197842	0.228768568929763
1.15828305726756	0.63492380765986	-0.250821159765712	1.15780361603798	-0.696774980824391
0.688334139022618	1.04887176543588	0.51904012822404	0.107551242086835	0.926821059465256
-0.771492835146102	-0.350841990491424	-1.00730799873598	0.554429635371018	1.12207239977487
-1.22746519497692	-0.63467080198258	-1.25804823380241	1.21866006801605	-0.0337476593876209
0.131665153400252	-0.67414275928895	-0.779896769699549	0.636631977248147	0.974120109595983
0.500362184555699	-1.04411133326122	-1.51327949239637	0.60979617608662	0.583347673600843
-0.801095259994729	-0.43676981470104	-0.613076385841595	-1.89760733909343	0.616012122448158
-0.956807300500111	-0.582532067487336	-0.159522559404108	0.695125884819851	-0.0279608003515748
-0.6489411005526	-1.08972371609375	-0.653778607865693	0.824665483853501	-0.8923372226626
0.388806182189483	-0.680419710952529	1.1285576105622	-1.68471260020889	0.0800765138024214
0.395792916756211	-0.269851717198764	0.876385389645969	-1.33141739798832	0.732492585070425
0.865417596344208	1.66900077315398	-0.375794117031574	0.167619741497096	0.64897528045638
-0.703536208044825	-0.538482671700353	0.909755153048855	-0.737885534539921	0.772036999672397
0.719872369248874	-0.0847125133643533	-1.62956784460565	-0.508956951217125	1.96670447054142
0.354061123214997	-1.27333685168802	-0.693750179391047	0.937334261453856	1.71493162577111
-0.357137777539505	0.228751727457362	-2.62697530026125	1.86304146732958	1.06435523029204
-1.20678274992117	-0.456133970739576	2.00902987705131	-0.257860451339977	0.349131596751575
1.63648030865965	3.34036735256047	-0.146688595372624	0.539639078356289	0.967580693123376
-0.590267492342819	-1.41994104297299	-1.71658549983922	0.384763355654911	-0.597286544233266
0.865736987904053	-2.06869801141808	-0.670215648033803	-0.0914632927043477	0.167111472435341
-0.649507486051394	0.182225319883024	0.0996833554047699	-1.30561860064703	-3.97358879249091
-2.28413649929879	1.73393221512549	0.287121872931008	-0.130760821683989	-0.366296523125822
0.604035134124301	0.195981308012441	1.10778624270575	-1.53303921379428	1.27012748971989
0.785681122267607	0.825765102723364	-0.543478142362853	1.19002091975491	1.92290199511664
-0.37711417253698	0.268454303991206	1.41613020520013	0.559193688922925	0.941594427050134
-2.09099162794599	0.831275934502626	-0.115443329067569	-0.84935208879358	-1.32116159236583
1.35222240273205	-0.259828822524773	0.0433916927415392	0.100569880531416	-1.61407202355503
0.72869436785983	-0.66912848241718	-3.18434953951636	1.92133599927292	-0.979216223152053
-0.942700663590977	-2.08057097036337	0.0971552211873658	-2.14238098511216	0.293388143777842
0.396577844876203	1.44369154977311	0.987359228484723	-0.0389641527358979	-1.19557034076458
-0.163056891020963	-0.286711121595403	0.582032648276591	0.755066329258936	-0.638358991429429
1.25449000718656	0.986353444209051	0.0945370745973459	1.3514615567587	1.7001482736578
-0.412534499243834	0.972695788051115	0.661457439779096	-0.136072933305045	0.935345953332113
-1.49569811035326	1.17083704792475	0.571956497045799	-0.902805894189313	-0.346315041217294
-1.89387977974115	-2.0835930316116	-0.0478929198170313	0.869764795121326	1.7084463896876
-0.613881813376463	0.72406936999846	-0.811841219563208	1.34034268085865	-0.525712936109619
0.307249011444234	0.231840668113404	-1.8025439986821	-0.950869974938817	0.553298710098408
1.10407923470794	0.808238529258135	-0.992333441843114	-1.14070913014287	1.20386030174253
-0.908460045871222	-0.93157693716173	1.69137469867278	-0.514235055324411	-1.0153841326293
0.0882413756013268	-1.63700597059583	0.943840849057014	1.01865977363661	0.33401280924657
-1.91314946828184	-0.744719642799066	0.78362223159841	-0.407208018748491	-1.98291964173152
0.90690905261406	0.853430496235255	-1.61231589903086	-1.98959328490159	-3.02034324592359
0.513230593479432	1.31677790248185	2.17971194782696	-0.596011794261248	-0.495366209267307
1.0802893311852	-0.375946673731259	1.1101816438404	1.1211686459012	-0.23094721368914
-1.09575634268808	-1.23966895720593	-1.06703952496114	0.188887782243265	0.441813217622013
1.17593211028072	-1.00609076104296	1.34667242078096	0.88875579365279	0.866969037748765
2.02900128089689	0.963953275535555	-0.0348472558532944	2.86914899871849	-1.43644612483846
2.31806734419177	-0.540972217526687	-0.474006972806521	0.109046600662339	-0.113058526769091
-0.856147841324539	0.226092121431984	-0.0123031804893522	0.688157742938107	0.304178680777316
0.084282095454839	-1.09190472278544	-1.16061338485848	-1.49303587908336	-0.453547589468309
0.683583709258158	-0.546666616304259	-1.57499724488699	0.436852633589217	0.375518630431822
1.74325281774848	-0.036888237323808	1.27710515753207	-0.148454276837712	-0.265366723662932
1.20302193207606	0.947602282027929	0.0955639782170578	0.589646685370579	-0.698572325706921
-0.416405605187031	-0.396974039343762	-0.817289361770262	0.837426104804113	0.65029049546452
-0.0958567457195047	1.08055140670814	-1.69538439197514	0.644563422635834	2.53499729978584
0.934550081595716	0.765481734557844	0.689182325991869	0.552846959265469	-0.304612050819315
0.559053480185705	-0.336990440621573	1.80431331840023	-0.674126515645085	0.925214272995836
0.333433903189825	-0.809661214892619	-0.239802910534343	-0.948552037731952	0.360274406832895
-0.538587165076523	-0.664990730638679	1.59874743992198	0.791158630666319	-0.167923528746821
0.480013028853735	-0.989682199235849	1.77917896841041	-0.910053174056299	-0.906695870249937
0.215157300680109	0.311687147624712	0.305910855956065	-0.198079645326028	-0.0184883746755942
0.0526733964071713	1.01520858006346	-0.432475177341351	-0.350255146741478	-1.73783055993562
0.00951005868470055	1.15002726501667	0.556060701232681	0.222644853988425	0.147993150034781
-0.63713299384445	-0.360917112864468	2.25609000038984	0.757954508696719	-1.06999891599145
0.360421667200477	-0.996521204225871	0.135253216903302	1.8281776113696	0.40910275925149
-1.55330419115098	-1.1349024881558	0.521963036865884	-0.170837682315591	0.289664752142611
-0.462802346371819	0.923746042037979	-0.984776072228539	-0.245175478222329	1.53145750857432
-0.799763088944855	-1.91872531556642	-1.43744634243271	0.283196060965949	-0.794664828461145
0.350492517780745	0.801180901485679	0.294876061102961	-0.900127108485643	1.41339293001553
-0.260167640112404	0.148267365361081	-2.00075678849121	1.41274520962105	-1.27872937509156
-0.496763315989861	-1.9474094934656	1.5736590929332	-0.271047455078616	-0.564278483222177
1.24884984252393	-0.665541434090162	0.319315992845346	0.0689221192322677	1.04395953901808
-0.493941977408992	0.347399289681085	0.755330279026632	-0.0920589627746953	0.658099678456141
-1.32495246004127	-0.126451410519768	0.353764023646949	-1.18676914211026	0.440016408310046
-0.64634722352873	0.668398494583773	2.56966759825368	-1.36087921957276	0.854631060281507
-0.00547801103685727	-0.276881816313304	0.985354182977981	-2.01865908092552	-0.82558450879967
-0.424501227975105	-1.36812106967085	0.319361537655066	0.637522137000004	-0.134934475025306
0.0578763188151246	0.578925488765901	-0.413939989779255	-0.850161946439095	-1.24529065499704
0.679310210416802	-0.944962375191359	-0.872886488588966	-1.66786434487285	-1.65104775108288
0.816786492284475	-0.532806960736762	0.0645776460638983	0.649203653730543	-1.36042334658133
-0.164225032776536	0.80740516088922	0.612519557152191	-1.12936637774988	-0.462336759952034
0.267766670706156	0.885026690342091	-0.418065159513697	0.686408132210907	-0.686351467941864
