0.820553966759574	1.26797176743073	-0.156733251664423	-0.139048466916456	-1.61725679335248
-0.314860813717443	0.645660013584116	0.519907055413378	0.785860941318694	2.003035931614
2.34940578714415	-0.877849490582086	0.579917908603969	-0.908661120071283	-0.181627896263101
0.883856197497121	-0.243080924481994	-0.0461239716804016	0.0826041533845838	-2.03339832680935
-0.824349308168932	-1.69186499958955	0.0172472584765881	0.591050772411121	0.0162286685816544
-0.83103358262947	-0.0879362190133532	0.123020927306545	-1.9939274017747	0.506385575412486
-1.20611370651862	0.355498062082623	0.920213706646337	-0.217424153405863	-1.89091875822876
1.44158303433611	0.0930078453876815	-1.37511769474816	-1.29251196093432	0.388318064687388
-0.60211654283657	0.324272063478322	-0.787293024463071	0.42646869123529	-0.320115246596469
-0.928557500726647	-0.682403472352919	-0.593200953007278	-0.79118387252982	-1.75065619458707
0.937523352127141	-0.884689054251099	-0.383452951842357	2.57371457048544	0.262716401340332
0.592069730466712	1.67585746387033	-0.160145663091721	-0.78331105759148	1.50669528793188
0.570494902303856	0.229896015938381	-0.63430919601965	-0.296177952861428	-2.06702282296346
1.06601533114129	1.03958459507734	-1.2597936981704	-0.896616772566176	-0.215581495756183
-1.96659141616473	0.759209286394526	-1.6602609948727	1.20354652220566	-0.424692322509692
1.66599180761872	1.03723916332793	-0.553769374646686	-0.415101726965548	0.597821250323616
-1.23882718210717	-0.495541314294138	1.81791111167246	0.00792150392272274	-0.612746925414269
0.455682926209815	0.0881365843159334	0.961194850084393	0.0776836782523189	-0.46028789615442
1.66634190644399	-1.3526019165791	0.869143798323283	-0.0701358696915001	0.794234655037172
-0.439873233744158	0.749326017488457	0.0384686045844061	-0.658196677868132	0.828426749260601
0.243085014795314	-0.774851730049496	0.650369108055825	1.49824111624287	1.21145111348728
0.244928693831813	-0.234093959456891	-0.0607550010081655	-0.587567842744607	2.17902511613008
-1.135458074822	0.716018310704837	0.0122692586003782	0.532350083141651	0.178291636860192
0.720985378146493	1.00102732452575	1.22936025909135	-0.866520597438165	0.563033619612997
-0.0524123250445691	-0.0513040326620162	-0.737117226278829	0.552116956671714	-1.65417204446084
-0.677439591520863	0.321804789525324	0.274853321713548	-0.718726745269705	-0.677667853343496
1.52833374598409	-0.711713361297623	-0.459504016545524	0.477096599368806	-1.13478463450077
0.753576074393347	0.748902762979602	-0.41356748177293	-0.0386281983916849	-2.06194037400036
1.95998064884858	0.00773461821942757	0.605775896878303	0.960518927471191	1.45333981569836
0.360127637888146	-1.9457849596402	-0.947036779179828	-1.08145763658832	0.647781335240882
0.142511954508024	-0.204957940842981	-0.758827265671612	0.347604610467611	0.233673978694571
0.999552005880028	0.130601137672538	-0.000863969453068497	0.492183225721487	-0.393443832686241
-2.16147379001112	0.729159509328804	-0.545790063004475	-0.122353877140957	-0.404172340321604
-0.0172528332896722	-1.17238164133239	1.69474394692129	-1.21083390174388	0.13809802660614
-0.400782776228038	-1.72248925990226	-1.01539595580512	1.90294870401592	-0.730510080738991
-1.08532357617383	-2.08326425874481	0.202152647647394	0.887913309217355	-1.25881221232286
-2.16870507746375	-0.661283082122635	1.83056151819499	-0.720677329236111	-0.0578385139015319
-0.360785310620577	-0.0344947223236598	0.51252267201419	1.25654785233623	-0.890156318228032
-0.50429530225132	-0.280476575758656	-1.15501065633526	-1.50856985815856	-0.137931367636926
0.476339601943185	-2.3763226775883	-0.56403156995861	1.28066488975963	1.29361417864007
-1.12384490903308	1.10880091297772	-1.9070676053968	0.394923747458337	0.157287906767979
1.09317059346327	0.51067137887938	0.508809182366042	0.56137383966953	0.207247642837063
-0.0838137245569576	-1.40750890651411	0.947777978630078	0.905755149756974	-0.286172012922597
-0.123942083044062	-1.5203712581024	-1.8466908649426	0.634750047154617	-0.866984544563091
1.05674404633476	0.19473687361824	-0.375868284325869	0.26106153790053	-1.83406217829671
0.922452180464574	-0.512768693427658	-0.884909335777206	-0.633841034669682	-0.717092765289085
-0.683926082491425	0.426754343948449	0.78683735465907	-0.184097241944619	-2.54624922953513
-1.01625072073697	-0.297629837077233	-0.237190813706481	0.230588528961992	-1.62847492954979
0.39932106224894	2.00126267646317	-0.825677725948792	-1.32756649957924	-1.13048121794012
-0.176650768449973	-0.449119872821251	0.0642246928080575	1.07193819608183	0.605048399784796
1.63687079077508	1.12724313464308	2.76454057164998	1.34964627484011	1.1256210656633
1.96709867868446	-0.0865414345146835	-0.98106636752836	0.217521061460538	1.7205998885944
-1.19267038892856	0.0506995177278416	-0.328856605750299	0.753816989665498	-0.174130551330495
-1.22783945033573	1.8753036465848	-0.0317403996832768	-0.93341588488828	1.4225440774932
-0.490754549126297	1.76703155479945	2.87762732708479	-0.188770498943966	0.882514098494722
0.44146062215579	3.38640158561932	0.741032285210487	-0.84977832577247	-0.88034060204252
-0.326572192317647	1.39605625743357	-1.21524742708736	0.292934711054104	0.955680473740146
1.02765507626541	-0.0553445186511644	1.54684227643087	0.723502782529316	1.40369374759955
-1.15059641136928	0.472362537530883	2.05302063438361	1.21845351725093	0.792788021045406
0.108048247210058	-0.0949048539592101	1.57211385839656	0.351430307184273	-0.361443751960723
-1.95468935156572	0.133873596140884	0.406689775139283	0.219932960597361	-0.246965721709768
1.53140396451404	1.85260930818733	1.01963620020905	-2.13104739263632	0.153468832181103
0.32116406933938	-0.230534350235336	2.15054821646841	-1.38250996095346	0.474125051574256
0.874054525437629	-0.736146261300219	-0.689194414163672	-0.236817188243095	0.692549269170178
-2.24673374559241	1.48874304624064	-0.103781185308739	0.505772504891714	0.883212459282931
-0.374787521980178	1.15161922887091	-0.519458242593076	-0.193262964907948	-0.498988229955908
-0.0351495211502778	-1.09189040106049	1.93384158635916	-0.503060043178274	0.61998993862092
0.306430020601319	-0.910690700118196	0.56635150121612	1.32282788487683	-0.00519105948180767
0.869598639648962	-1.42850128401859	-0.283816749442552	1.69547916161951	0.414453448379783
-0.104137928019098	0.489565192783086	1.00131252418614	0.897955249140645	-0.798374683757548
0.207820809307779	-0.223155550897726	1.00995436320312	0.859872607676194	-0.764897676673692
-0.950213153254984	-0.773264709583671	3.06264330905776	-0.685705516831147	0.11114316034862
-0.610183874563555	0.661492159418039	0.569764150819411	1.02596892817477	-1.48177924124057
1.79815269738478	1.93809843662284	-0.456486219474224	1.82025786030739	-0.931421143545639
-0.883203095009877	-0.0275694376989115	0.288274546503776	0.962776069906972	1.24621882181321
-1.20776405200913	0.858265719581059	-0.899425418626238	-0.102840045861693	1.61808037219184
-0.308563744063241	-1.87766917441107	1.13855171344794	0.328017820952194	-0.0428045875953765
-0.212278098818997	-0.220577097345491	0.771402834929756	1.02794223230537	-0.984634644759383
0.000475748524264488	-0.0431517890418983	-0.913916276297065	-1.00874673799881	-0.48491245806723
1.730065432142	-0.934313507268822	1.73556530477284	-0.218590423587855	0.293138258343086
1.78413324105935	0.715604795590576	-0.52545731621668	0.665245273825894	1.11345829367411
-1.03133860319691	1.22801823232312	0.466866815985496	-0.722515749890722	0.402745266896017
0.796559064436026	-0.981306014410546	-1.91375419186133	-0.809700717405759	1.5576952197674
0.587648942742146	0.688266695897829	0.731636116244863	1.59874337631052	-0.321294266348881
3.00895011192572	-1.93348497821563	-1.95958890332822	-0.126872594679868	-0.667256920381362
-0.362269243838509	-0.647816681861242	1.07439515636039	-1.62452777679308	-0.380436746585273
-1.65931652314649	1.00490737115448	-0.325208702980921	0.338949418851472	1.29637950395285
0.258403764548967	0.732852326017704	-0.79265408819773	-0.973991939925302	0.742551442439404
0.742560360427406	-1.93452704754995	1.36332052279146	-0.163883722473024	0.149064536980633
1.14796482580095	-1.44606560197089	-0.397259367922821	0.366181030908613	-2.68592015150526
-0.265697269910699	-2.24862861405124	-1.12448558178148	2.12490996856472	-0.357889782603946
-0.76186817644493	-0.301698812145778	1.40254547947501	0.378157565013692	1.21086828551835
-0.193317930104178	0.0334300144482719	0.231115349613275	0.491554863847137	-0.479530467518907
-0.645284431068694	-0.965000179699348	0.0224352454248623	-0.259748109441014	-1.84009471234749
0.202090381790515	0.78622662122897	0.643481538810094	-0.549139204000523	0.210885998850851
-0.37336986893205	-0.71457043422056	-0.92519528798786	-1.37654553823478	-1.28135384419971
-0.42106007821961	0.323121416280308	0.390425687803083	-1.53818651646426	-0.129832230727154
2.10637418392381	-0.726845334877836	-0.850502946877732	0.536457781080458	-0.326655247310918
0.153706284019384	-0.281872447704333	1.36982453026876	-0.956391172522307	-0.707421470263231
0.873273191084642	0.462343657283112	0.348872067461976	-0.233715976181284	-0.00728149996076592
-0.503935001823771	-0.532317131422353	-0.327117783671899	-0.368489527856017	-1.13915729079822
-0.515757237184062	0.73938525316222	0.124000139533781	-1.29878407160121	-0.725559793546832
0.204702165764306	1.05798847439175	1.20248462833898	-0.263111709664079	-1.30953427153675
0.529573230345244	-1.0407722313905	1.78559079149237	-0.91029779813836	-0.346283355646854
-0.89215580499707	-0.407741744570945	-0.300984358403666	-0.278279562698303	-2.25943962180807
0.284332581033371	-0.195736374033787	-0.210784463522926	0.140437711578331	-1.03420724059908
-0.944632158656115	1.24760008679631	-1.82132734210133	1.30300990986781	0.120190000008231
0.671971789594595	-0.340024850993616	2.27270213952715	-0.398471241615543	0.776470752711576
0.661481264720385	0.417702000841997	0.0237385191583748	-0.794201344300349	0.454020716687513
-0.215375496953275	-1.64930660969788	0.563897756617222	-1.0318423828846	0.559999709547679
-0.1934493303242	-0.615473364009361	1.83546204373883	-0.839384496151146	0.519341563863975
1.94517844860708	-2.87283004367879	0.0124007696565962	0.0156957762254832	-1.65167217707922
1.15717771147565	0.718455717025503	-1.23128621865356	0.118430209330982	1.61956306686867
0.71544021466179	1.1270468563322	-0.561226208229922	2.15915549662542	-0.235813483067822
-1.538493250122	-0.966503693588099	-0.429903777300557	1.35302416457442	-0.519653805618929
1.37863029171399	-0.801099115184786	0.0595032135571515	-1.2855446309802	1.04398332923734
2.32910219521105	-0.0989004710348197	0.987406834970213	1.26766823333745	-0.586840472058789
-0.901842685882772	-1.44541637171059	-0.0651187558887463	0.66023534636805	3.2852363594093
0.207659498666031	0.273919776571317	-0.618695729182088	-0.299775318367822	-1.21391197414267
1.2283051431247	0.0827638953655712	0.380913089378583	0.754456382231613	1.05552344605557
0.420101887697684	-0.944283268333774	-1.63767328323943	0.73157820212342	-1.12900796438124
-1.06096100462367	-0.465899725624637	1.55456656221683	-0.593811505511272	-1.21871310135548
-1.01744569838645	-0.449699866765287	-1.49508472642576	0.473906056592898	0.810685395648912
-0.756770332137196	-0.219039124836403	1.50467691389089	-0.269550245118013	0.785784447745096
0.349540519076845	-0.277076344490202	-0.318599601681179	-1.14933025320769	0.445187792579089
-0.818946720554702	-0.884941377326787	-0.21933011135028	1.35749716451611	0.123963057705986
2.66515192345212	-1.44280316631365	-2.95011939151896	-0.125197345629133	-0.346384637313691
-0.542029808123062	-0.247096818387199	-1.53473233152336	-0.183195689815857	-0.93795757555156
0.47962477981398	-1.47768137412538	2.21635385784482	-0.430252926866376	-0.195208852660829
0.90232789077291	0.940575990191797	-0.984941581480204	0.0668703958108311	-0.124343435967391
0.164670701007598	0.630758449589168	-0.115249758205543	-0.387198387438497	-0.751319478291086
-1.32537640805205	-0.543274176627415	0.0391405632706081	-1.56178573457689	-1.34755049376812
-0.741987105528019	-0.0311783775579521	1.40545604396962	0.696643517896513	-1.18607423919516
-0.451988377397352	-0.0276866231996191	-0.0347598534770283	-0.817383128374549	2.19024350408384
2.36637621051845	-0.966758536756373	0.054211708022975	-0.620722525518823	-1.60875346930473
0.231793052739348	-0.312789236321759	0.172691411675602	2.98650554946015	1.03538105404578
-0.925168486013791	-1.05181442873447	0.899311910245506	-0.284305977624652	-1.68459263240788
1.20556456677806	-1.70686893915455	-1.06023453481949	0.589066232098474	-1.45761224959554
-1.31221294457347	0.543658465488027	-0.0214928108352572	-0.718422918607832	-0.658783970651049
-0.32679774978257	-0.223727594267791	1.70595860645483	-1.08489376279558	-0.485856416090908
0.366874978381076	0.0893017830384548	0.478438762976122	-1.35735346461885	0.143889311056495
0.896984732417746	0.894767230114773	2.14275858119027	-0.638526655233737	0.241685685806042
1.72448794032611	-0.707695524920908	1.58413236330702	0.473965777156202	-0.99318299550093
-0.0319199263778081	-0.258851198421294	-1.16463423627653	-1.16171767844191	0.15511990728062
0.175895781830086	0.642373474968159	0.764244732458675	-0.676560057324956	-1.08860542628961
1.65102531086875	-1.46913676590761	-0.160111946156568	-0.440507819471599	-0.149599042622433
1.3457421972412	-1.89305163414165	-0.414333829464273	2.08837488211772	2.77256294624756
-0.395875883471359	0.607980518283896	-0.634471874135716	1.75283893191222	0.0380250722478091
-1.75967175332112	0.385827128979627	0.422379523610867	1.47809296992485	-0.416961481246434
-1.40293844875622	0.0985985260237173	0.191603017831708	2.68907206186668	0.994513868993749
0.850137557464542	-0.0179928188804537	-0.411435573930316	1.11032757779937	1.56800567841781
0.710256048231869	0.105977071617843	-0.318433471057525	-0.179612342081564	1.37037546894945
-0.384747899050064	1.08692787437719	-0.245162926061716	0.279645430689363	0.273089779569519
0.270267823534526	0.0537009061132908	0.81833018031427	-0.378037142086579	0.995922059634653
0.0325257807291075	1.68042852203605	0.188427197109378	0.270200214656622	-0.173063799938529
0.798215645794785	0.636295961093926	-0.102806204127919	-0.941328400822376	0.793342668767604
1.88118437979437	1.20971782588717	-2.8446254900172	-0.665242702914334	-3.78602727960498
0.129403596665333	1.05379644854088	-0.390207212925282	0.564124002968411	0.350542205984839
-0.963748078546426	0.75569379558292	1.12694510133149	0.574135840902855	-0.195333775539255
-0.449025407919821	2.5677677163736	-0.727119736292909	0.722408448002388	0.153245231324
0.431474360504663	1.29843963693645	0.0723233279232043	-0.0209573510771561	-0.278160182686029
1.07942564790383	0.275030183539343	0.0326628646746899	-1.60598858810557	0.49755333954642
0.680563066913535	0.677686703577905	-1.09136577940276	-0.258843068077328	0.169264792229016
0.20644338754083	-3.62496038408912	-0.664526646572681	0.362087601430886	1.64455650406822
1.01085112568575	-1.66216878069577	0.219366689081038	-1.37014387065107	0.776928128406662
0.174291991811612	0.953671481627739	0.065591466126595	0.934912910908798	-0.619272677463072
0.38503362922124	-0.381100059634771	0.873048729259822	0.929973353349472	-0.930361557684423
1.13957980419445	-0.387579854848292	1.26064779145143	-0.466815499177725	0.96036842566929
2.11799422698956	0.136181975002008	0.644347314919332	-0.336088015424989	-0.358278569335739
0.198382157079894	-0.574945738194232	0.776886842250692	-1.27653171824647	-0.0422055781799376
0.444034296945259	0.264158999834089	0.507209854878967	1.03285492672072	-0.799310006252369
-0.33484275853538	0.274840791518925	0.22829705439623	1.70906777146407	0.255391488237972
-0.87368432237264	1.32567320806697	0.113535169289926	0.0849128702433042	0.114526372695705
1.16033118988742	-0.162472656111591	-0.514308850183881	-0.801304032886292	-0.792569336333954
-2.88259346360382	0.900124694947332	-0.1194400020942	-0.639225029624275	1.26912614966642
-1.80569796071765	0.0853850095552377	-0.641264149632894	-0.196215213077885	-0.804971834559962
-0.352712454250305	1.26076523412468	0.495174844690437	-0.270392780204255	0.331421075920409
0.534567141904215	1.47923346131467	0.768992944240548	0.752229127675185	0.102570299393272
3.39669510953383	1.36245926931985	0.372151646741591	0.179078096489205	0.244958003292278
1.16590454339959	0.722194667284154	1.19783274089253	0.507613770856108	0.923712344593417
-0.00925086742411286	-0.553541918296149	0.341182341735549	0.304655287668074	-0.813783054503091
-0.855676483850945	0.993764777863436	0.124268329668498	0.417168974120812	0.381682849985278
2.01198424420262	1.17658140360525	-0.281136527767711	-0.787251747958791	0.394771911832858
-1.09965772956899	-3.11065296063021	-0.4176117576887	1.39454643496334	-0.268575793745299
-1.22083582733192	-0.280473098711775	0.214847712768808	0.261825308508425	-1.04752513726806
-0.574939654456375	0.0880075808721284	-0.051324681287974	1.22691030933181	0.380269723138285
-0.482334653474055	0.936598665150248	0.728282920472322	1.99089914838369	0.370994978940485
-1.1794136300463	0.576802836414415	-0.764214781903484	-0.177532363197741	0.748129978734705
0.395805117739687	1.58014713909711	1.04296672046745	-0.723814600058196	-0.253586512804196
0.185883521654784	0.390902695737795	-0.818804504170495	-1.08813681473713	0.246753334246027
0.857967969803327	0.908064657469414	0.0734302361180681	-0.415617964727449	1.25007512631114
0.515049408489024	0.254688118562542	1.00885372924695	-0.19943910734393	-1.29846929994643
-0.436334034630815	-0.103681890988465	-0.409054799834609	-0.232628897477611	-1.43020307005959
-0.562643696986342	1.6504957306707	0.637543520972412	1.23786253593038	0.707408941368231
0.590893114943149	0.961892914270204	-0.498194205752285	0.0997484002124353	-0.25474628526443
-0.233688427699144	-0.807429543153006	-0.258206822490076	1.24639060153961	-1.3209847247564
0.465986880750509	0.95999756066866	0.129466992504823	-0.598574816178762	-1.55385759628269
0.385584883731879	0.707989769645568	-0.604327567377606	0.469328733994029	0.00409186503595727
-1.0404500522773	1.49477890486491	-0.23609400381593	0.346256816412659	-1.70091982406512
-1.22694532785829	-0.00177219349406251	0.900368079709511	0.453509471014189	-2.03123287261703
-0.348922157468243	1.27683309180775	-0.0686875734610613	0.0476315847034747	-0.642417702306523
-2.21396282143294	1.00270445537617	1.04591032904617	0.0241819275305229	0.0162407121400293
-1.95117302713696	0.202518849475475	0.223802436871594	0.26008698703462	0.494587170865008
-0.886241386245869	-0.527004826051749	-2.16679012625514	1.62759331439512	0.587871089009868
1.98679469815794	1.48649785754629	-0.849047171170833	0.783680300204627	-0.653438728743033
-0.654854761939361	-0.39554461909693	-1.20734543976943	-1.0052088359267	0.354406673780689
0.741353485850638	-1.53241717323015	0.151438556546104	-0.622777125272352	-0.990590376285183
-0.512786960521612	-0.344289043023727	-0.417738185206605	1.54613172482481	-2.19763219526127
0.610141469459993	1.03023049810936	-0.0271966622795651	-0.722903538376379	1.62647255523475
0.361579501119525	-0.75024417827761	-0.361272268880578	-0.904479994726313	-0.276555825489025
-0.757772243902296	1.12964652298209	-0.324686938069617	-0.328916378276718	-0.121603305414748
0.500863453120698	1.03382801970717	0.679117833019223	0.213024962229639	0.369964522464285
-1.70524214042769	-0.798307963157143	-0.396606685038869	0.0427788371510603	-0.0779503872919587
0.0859851117830544	-1.11822786617638	-0.741906644254541	1.11294193313153	-0.656545609095579
0.392460065623337	-1.18494772032235	-1.10781870088949	0.936342527142041	-0.74314726273806
0.632761662020112	-0.60464724032708	-0.630652128001218	1.14543105945668	1.86023881666412
0.149564126501448	0.135618683848151	1.05750398850307	-0.853777189020079	0.589863579247103
0.669269119299174	1.16525001038428	0.31199020039777	-0.891246165043045	1.11407380657786
-0.691165706607787	0.415244136927354	0.809220462681279	-0.56822126658811	-0.493275770918972
0.272792410831609	-0.285256657717855	-0.536933418579705	1.82938040780296	-1.12909440887115
0.121956731021312	-1.01882547776279	0.53624031444736	-0.458042911935554	3.04829251513972
1.12516492502839	1.20128393935139	1.00114953662211	-0.852840458224226	0.218603422895811
1.96958228861541	1.13364602293968	0.371689493739094	-2.09264436754581	-1.62610498454827
1.9452453117175	0.527514232438038	-0.745435929070101	0.178699289834039	-0.409259175871318
1.57296839686734	-1.64383792945883	0.332465248440684	0.0215810322916521	-0.310694967699343
0.697412974693607	0.207878090217422	-1.2051305150293	0.0653851687432292	-1.55892829274232
-0.126614204686486	1.44670431709771	0.699371250984952	-0.560036269450158	-2.01525109196869
1.72414690617171	-0.3794639739467	2.31322517127768	-0.326401018938074	-0.135618330942754
-0.834022509565083	0.725485939452677	0.402852793055885	0.207178926945899	1.11239176538844
0.398227545935425	-0.114079348231513	0.48645375655155	-1.4396717105013	0.342976095639808
0.905085671278852	-0.146394759360502	-0.267785435989442	0.000643640798645258	1.56803253800068
-0.880655039553631	0.620793738218829	0.839655007590319	0.851192436033004	-1.96104855056095
-0.765325601127292	-0.35648596774535	0.431513843192879	0.0341536937306389	-1.51441875056988
-2.19248954391818	-1.21745525147552	0.96388737944425	-1.46374093674788	-0.532425239259945
-0.0930518259321602	0.528998154664126	1.56202592311425	-1.06953052322562	0.844658012213611
-0.655117681606248	-1.2160041871365	-0.449599445181546	0.591040957301851	0.815326223692219
0.0744797661445819	0.167168680632609	0.717663061076107	-2.13431172281711	-0.61844082951026
-0.944623051309299	-0.36318161473803	0.614356317293876	0.167320045842133	-0.303455278332494
-0.033062166976079	1.83364870954057	-0.202635220437439	-0.621708159060712	-2.44449426984602
-0.607641346122287	1.03763283565564	0.0745468404251236	1.10348840374396	0.682390194866568
-0.263997248867649	-1.71877074814549	0.685601303651405	0.730680088931129	-0.246181860272892
1.596894764045	-1.02179819234508	1.23213887973835	-0.458018779233344	-0.138898440167606
-0.202311187252088	-0.559067014931304	0.44262263149409	-0.789889651266649	-1.07192356374946
0.31846477808135	-0.243765005631169	0.149450850110127	1.44287705516069	-0.0807451946686582
-1.80094790004695	0.938219830868853	-1.96279607381968	0.971618426112765	0.225529809657749
0.722733051530216	-1.30388173260507	-1.54014520661151	0.158268782770697	0.201247866580117
0.601843675322877	1.01196691374809	-1.68290326104264	-0.688041311923675	-0.177926473947414
-0.584021568426892	-0.234298756383281	0.944988772152524	0.280335102189334	-0.0353273557615855
0.713647389545161	-0.288175921215015	1.76767243627946	-2.42803262670179	0.686058578555118
1.81260116347283	-0.399953947331719	0.407643747485301	1.00150526582153	-0.22418672431301
-1.57531103002553	-1.28990000206388	-0.565651798878867	-2.24766259900062	1.1850566499503
-0.225811153606668	-0.903671981858635	-0.421137174147764	0.436661902146338	-0.470288551448875
1.25437417161208	-1.73328230426125	-0.769575967601791	-0.630402178183156	-1.54733199293546
0.367122747242261	0.961883328060244	1.06354513620787	-0.108819761935619	-0.435453329414494
0.498834809928721	1.00557498841971	0.647700171222591	0.808220200809686	1.93357151933836
-1.26064144138964	0.0671723351230998	1.1154093019959	0.180898724654088	-0.145281382491029
-0.993214963687958	-1.44671910756521	-1.00961352056015	-0.786586881484635	-0.190486673587222
-0.137235074515918	-0.987131801492632	0.473670843670927	0.00119507878489582	-0.0589374482569338
0.672611055857585	-0.943566245597189	-1.85040170659706	-0.00267594746025083	0.565062397322453
-0.657458849077539	-1.11553857692219	-0.21659567187363	-0.121459324876488	0.255400917228565
1.15898747129697	0.953118466672336	-0.349390833291566	0.493051961979108	0.632894338274617
-0.0297026015915251	0.447727816144111	0.151095521844213	-0.0565593410381699	1.44411825985212
1.61663460123573	-1.87633664368632	-1.30732747292891	-0.368095450308352	-1.21082385773696
-0.813401868251704	-0.733004258497956	1.47737941845995	-0.453206703219524	-1.33932825308814
-0.643300999740871	-1.48176314421929	0.819038382289785	0.662683561154207	2.21468701842219
-1.09795385000878	-1.62877852385231	-0.711651858824514	1.075787167656	-0.83159288989959
-0.788704927085327	-0.996309320222174	-1.64993215887105	-0.566581058170449	0.0221979059297952
1.04177733800587	-0.0851181000682232	-0.461650940416205	-1.70648226258552	-0.580465003031373
-1.15625757202927	1.69100638817564	1.35817503614866	-0.374163990676352	1.62623328783557
1.10559010924515	0.145740762427286	-0.0206084894309816	-0.58235760494224	-0.337773933877709
-1.77979281867556	1.550218823493	-0.44866506304725	0.404759906188805	0.838483193143075
0.168978327344804	0.0317465331385595	1.02405171093896	2.00955552209998	-2.30588928542655
1.24206407943086	-0.259767686629048	0.218793060463459	-0.268816862597502	-0.667299756061062
0.675964875858291	-0.0199297876464617	-1.32516691189916	0.120253657596438	-1.64474509849926
0.381385087356122	-1.39864568530083	0.558456380167135	1.07379582183699	2.18960520926173
0.190771137205434	0.779839316913935	0.637581147728689	0.923303778798952	0.259174653957811
1.25178999872324	-1.17585874734359	0.0246732856137772	-0.933286758564036	0.89407988591837
0.17827955082501	0.276279036442894	-1.48035047188643	0.63137155470516	-0.652515503835736
0.358427865800304	-1.22051438335769	-0.757221128160693	-0.149349973404506	-0.752546511799139
0.372874612998047	1.23028483077143	0.888831223317725	-0.0771812596080961	0.813098149589321
0.471865400508756	0.622643822527712	-0.672027212475997	1.81920871838084	-0.377816665076041
-0.522900078360442	0.450943526318092	0.069567666112678	-2.20838481529507	0.441366606199706
0.27674244452073	-0.185680438265426	0.465198606319862	-0.359784103219864	-0.359663786248066
-1.41988033032848	0.0795959621194257	0.184616651321545	1.18313449202692	0.231818926289457
1.39984375010523	0.983437625099418	-0.404696404870368	2.24883532714057	0.00416004123031058
-1.17500688236275	-0.125535137843322	-3.04058977109219	-1.60550474971347	2.51572418244164
-1.84825656373385	0.503672723032659	0.99952206631716	-1.68714445497195	0.214073435379282
0.372962651527313	-0.737506092793448	0.98660937448906	-0.0493894920148123	0.429384110579391
0.917887957272026	-0.119622376242019	-0.658436853890729	0.575743443264612	-1.71396771778145
0.441149863544196	0.331572601701974	0.279042382606009	-1.27158357135513	-2.33926304216675
0.158097926357989	-0.479382253078528	0.981570118378722	1.1318191755546	-1.00146250402195
-0.553149937390367	0.679845229720902	0.188225102923992	-0.626001735311941	1.38482965012573
-2.43672968589672	0.450952978010366	0.137790416557403	1.91002677425708	-1.43012913899113
0.340851021001808	-0.165558177870912	-0.928631963596184	1.0523028704854	1.3447068093177
0.240110624569664	1.91158917619096	0.32498594794157	0.282838177401291	0.383445525878325
0.658978009544822	-0.317515748628342	-0.119048864373688	0.41929956138226	0.691055922595826
-0.28908378923675	-0.644565930742276	-1.01845686711172	-0.63218261465374	0.220153523169558
-2.25912050612741	-1.0516131655264	1.01817617022663	-1.48264496129429	1.37103988086318
0.494334567893336	1.7541377226787	-0.267539226935136	0.685053145530141	0.032427371608878
0.0836835419369318	-1.01788634879375	-0.529142248209909	1.32703271737162	-2.38259572623445
-0.0792682068970775	0.786986160748093	1.48402628456388	-1.39190240017138	0.308881545214264
-1.45384746445719	0.315652197414713	-0.486755085222447	1.74466521724483	0.263257126039718
-0.0813348763424801	1.19842609971262	0.162756519038945	0.491853115125491	0.907664376309881
-0.794572431668714	0.239438647787362	0.428328857425875	0.064650561328131	-0.423103013545912
-0.532988164590037	-0.0265832957138561	0.0772962790093354	-2.03865299604446	1.24504312532431
-0.61458342103713	0.320649742634024	0.338321731679086	-0.119392998283284	0.271664976552091
1.06183416964891	-0.249909875850241	0.75771827894538	0.665847013558093	1.2551026930485
0.722251726011268	0.248643928988871	-0.808394304259174	-0.300664476812543	0.972309340873337
0.331705171578815	2.21510011981752	-0.414956896713845	-1.16311711151079	-0.324325015348855
-1.41750570882454	-0.538478119302388	0.676209815777682	-0.127902365924755	-0.0476927376486056
-1.5936211058701	0.73567669758708	-0.0372631986519369	0.895135634925228	0.0155170745641055
-0.599874479317687	-1.06763561271366	-0.223841156298457	1.15071370742046	-0.70916555082914
1.37987448355439	-1.76564868013931	-0.148709652423384	-0.55101565502331	-0.828517016123534
-2.03543664468266	-1.35509870775604	-0.610182653957427	0.843022539280843	1.49525322975071
0.0249956006287613	-1.67733891042761	0.320153944661645	-0.000175049319701883	0.0681879229224133
-0.576021608960153	-0.948483780013344	-0.11295023750152	0.811651771064936	1.61519818182814
0.046801735252307	-0.210502029788824	-0.0987681697408715	-0.282921600789557	-1.26161525263882
0.774653738723304	0.518456188010134	-0.708258033593499	-1.01329728295008	-0.0104039665939177
0.90993240763412	-1.21771300085289	0.769335111824303	0.261352806746952	-1.10675222332975
-0.951934356189688	-0.317404502424942	-0.190626941421761	-0.845299529310664	0.42735688362256
-1.48747508621467	-2.11100730800078	1.3490349896197	0.23149372165133	0.264722548444439
-1.15656221150006	-1.14568283047089	-1.06772691755139	-1.21279821301833	-0.17115881747146
1.53690684095969	-1.40650758396783	-0.26182250253498	2.34021639356668	-0.280768354071125
-0.280261929648088	1.27469834296411	1.69585501941137	0.343744746428805	-0.101979157810919
0.930585130138983	2.36178648725006	1.327087028547	0.166588844809843	-0.915366786783743
-0.499019949189064	-0.498945480669131	1.31008437311241	1.28475442474809	1.50085337484212
-0.922570651829748	0.0843864966364731	0.378240674351008	-0.126644796207887	-0.422680907331084
-1.97029521301872	0.194459860336003	0.454008947484953	-0.0544081773077969	1.64229330109562
1.22140973005018	0.752101929482299	0.586636972358483	0.317971879912306	0.788054681401349
-0.249274798677882	0.659661188655221	-0.213405992855541	0.281836515263226	-2.0109234413897
-1.19916946719904	-1.3956537900631	0.0403443846698969	0.0826887789305095	0.669613588558219
-1.856928192065	-0.255846179940445	0.861759870890927	0.593783819966928	0.631225708319438
0.794170295602569	-1.22331707463192	-0.0995239232159166	0.819308479017186	0.251988808480431
1.28920597370802	0.780623949945565	-0.15569881350375	0.94083489717068	0.768967816458759
-0.257899929222993	1.10661480092673	-0.175113698815692	1.44203261677711	0.583893162327996
-0.969553679559464	1.30215872895555	0.359032595799684	0.545117650859412	0.0522915600866981
1.18909157233875	0.950523569534864	0.917427894254016	1.04856461947982	-1.01561467947169
0.0148017359185159	-0.0127116079576406	1.82089397935167	0.524808680576379	-0.0931425635944936
1.67033973501007	1.20483618893235	-0.213418179285713	-0.297604710778266	-0.616570204642862
0.55103089172804	0.363287911692976	0.178540318381092	1.87063367766635	-0.441067125543527
-0.719175060481455	-1.91449363714799	1.71112317528023	-0.931267140104377	-0.52486504738434
-0.0321504303363607	1.13998708231853	0.335394456383943	1.26741010360878	-0.838480893128049
-0.164511998594944	-0.435833268236125	0.0904422583155743	0.106868400117407	-0.195822586735081
-0.32533626784864	0.470587872811692	-0.575130737343333	1.48214413521438	1.21545487893794
0.0788130648137435	-0.762790810990766	1.0704546699188	0.658458380224754	0.203791028593962
-0.490215221421165	0.695510315958501	-1.71459825159062	-0.73721482207526	0.295806439421624
-0.215411718430781	-0.484209763031118	-1.07435163992136	-1.32124824071106	0.851407963251803
-0.0214997016717541	0.213385430946174	0.538825168963342	1.46613925437352	0.0648380762032395
0.582167147264403	-0.699925209427621	0.210886928090165	-0.719708276741533	0.490254314775092
1.79935751345558	-0.00872808736201504	1.90503763637699	-1.89290444454981	0.740692721172826
-1.2486707158182	-0.30107698863994	1.35166231694934	0.128519411910292	2.16775002201636
0.841632601101596	-0.00560368245528096	-0.99204964258048	1.63372642432527	-1.64081698973559
1.9697257717308	-1.30251764655509	-1.56420879007101	-0.97447275895879	-2.02515950946004
1.16824373057712	0.488815618427703	-0.410088819090069	0.664104769681463	-0.774159854313526
1.31081817073832	-0.659147041142111	-1.23432418273904	-0.0105240341487657	-0.280374692865889
1.02554395206762	-0.107224886315528	-0.803267830382718	1.42325184167933	1.43924713436406
-0.21137451097217	-0.800181578365269	0.193213604536885	0.0199510687254231	1.33226209180125
-0.853752423073656	0.309028859340496	0.478384173604013	-0.303715814729199	-0.463084537976667
-0.281030804422115	-0.436459857694531	1.65066680553084	0.373825423277078	-1.31605409364048
-0.982220158747526	0.882381039504386	-1.12629091151189	-0.508580021262926	1.29809994513447
-1.13147677912165	-0.486737410918655	-1.18604407824221	0.173129636620884	-1.48908974027209
-1.01833058201637	0.216080125048236	1.33551438886432	-1.04295760241458	0.232222974751863
-0.033089838223079	0.438629121663971	1.17215726841966	0.786734726194648	-0.189954012745604
-0.413475804210018	-0.640155614268151	0.66618385579532	1.31579482743201	0.599894526230859
-0.645836835351639	0.918184700153544	-0.53869864293455	0.921021010408318	0.14999932155562
-0.2338931313868	-0.0306372163696364	-0.61276735264808	-1.50681960901704	-1.99277923259509
-0.869969868372634	-0.377451495184713	0.330395706094846	0.578133469043525	0.213701374129419
-0.93652566210677	1.27755884332976	-0.254486095981659	-0.824568812216703	-0.135714214052694
0.42653068168651	-0.444634358818866	0.763492360706689	0.477957450252637	-1.24274836323757
0.11233946827448	1.65546282155254	-0.10512857796355	0.588239522545829	-0.75655995291999
1.31625999133523	0.566441424328884	-0.250613782899416	1.47066790067037	-0.625998097046942
0.0176568181737981	-0.458267677168756	-0.245340240276129	0.851289187407854	-0.621542232225885
-0.812476360676317	-0.217857019325839	-0.896939838361987	-0.00475139055770622	-0.628076462179966
1.00335823134195	0.241906772743636	-0.0947649215645471	-1.4533097795398	-0.778237876771363
-0.712078630712526	-0.29506355252474	-0.0911819617010614	-0.633767869951742	-0.526574451427861
-0.176770179494734	0.73916433847257	-0.981838489897203	0.987830050026957	0.523874760037968
0.19327854763813	-0.967119290882997	-1.5127155916792	-0.823946144493985	0.207695271494461
1.33750864920776	0.5192191980906	-0.419281280948931	0.449659169082155	-0.927338144408124
-1.10968468602047	-1.58725864963803	1.15219742479723	0.746198293057644	1.31049907510799
-1.02140331621492	0.37593609104948	0.73306805004826	0.111796092472036	-0.0650674873113778
1.79468390815865	0.312654741512322	0.966352828932637	-1.62462193178037	-0.116196523963618
-0.213995668970739	0.86515409675283	-0.436430348251867	0.477359554676989	-0.0410789271694739
-0.185796441585577	0.232692306351365	-0.53038445448119	1.27256913967644	-0.98212942492917
0.00217120001069007	0.273238193404095	-0.000239695347430534	-1.44416033055431	-0.555784147659621
-1.91541934789912	-0.36134476705959	1.05107191555505	0.469567030700792	1.1950750335575
-0.497764013784292	0.176402604702458	-0.108959312540549	2.54717302361734	-2.18643722256468
-0.551810687097585	0.286099006997919	-0.925199746888954	0.370464011634571	-0.4004680335495
0.972101676256808	0.272409227730313	2.44881994823299	0.186005296598414	1.49206877590868
1.15022348873397	0.660965858575157	-0.0443494955282097	-0.0753424312445859	0.87807855447637
1.14808761395582	-0.0373539736001113	0.485584200742942	0.25862705236564	-1.22522485027242
0.383294500209043	-0.637836301430903	-0.166976842099273	-0.668167213257821	0.0663404367834635
0.892161202234251	0.252367717905376	0.220776993319496	1.0941672214073	0.527607073534864
0.709536348104433	0.74925039476955	-1.8263015512869	0.836716213594209	0.149547173146743
-0.225625384987753	0.811809658816223	-0.884800790555507	0.0541330006523128	1.71816989567081
1.58502349549419	0.073531137915717	-0.38017170787655	0.306745689316506	-0.991693425679263
-0.196822033982911	1.89998251902628	1.5468858646155	-0.651669134117179	-0.226653196360648
0.930262376863183	-0.700937102670886	-1.75528159730881	-1.33831028641919	1.57767705907638
-1.08343273189514	0.203939005789009	-0.354997892032049	-0.181823843469262	-0.234138975802936
0.234844554367616	0.523025933924746	-0.233929221073088	-1.50340092146923	0.477538001950355
0.403286492070709	-0.284592024810944	-0.178976656824926	1.03406579129164	-1.51606485615998
-0.734735221457112	0.855667010455959	0.0888543934935909	-0.958608142508654	-0.00834718461167151
0.734520328897845	0.160043497097001	-0.575489374217537	1.22144757223227	-0.819135836456318
-0.357975498239803	0.44135255334584	-1.33050474817328	1.2726583956405	0.356920927492901
-0.320050046140074	1.35338898016977	-1.15654055153586	0.186517443909328	1.13520201191642
-1.25142437511954	-0.230373752580296	-0.595047788939027	0.338405117545954	2.30131607472715
1.25223933723032	0.559960911750063	-1.0515487974733	0.348633147098566	0.994548828306704
-1.04137868320879	-0.437253051792752	1.43416788650309	-0.0702462130468884	-1.45380060860108
0.903427904868827	-2.01388547743606	1.14518832649579	0.328833115807046	-0.279923962122935
-0.743282959949349	-0.158192263661133	-0.461682480925617	0.123497710658048	-1.11072175315351
0.918651800897262	-1.33526930843334	1.92217792639887	0.263046995380632	0.559245691463318
-0.858031518566673	-0.49778361643316	-0.328553805513378	0.0774262627049479	0.96632351665589
0.692264358749521	-1.58555119507931	1.48133315900541	-1.27508489490789	-1.08499044296052
-0.361971466399707	0.689840045151859	-0.63770897976418	1.15644864353654	0.0770046011081742
0.185996127975983	1.46359719184448	-0.0706325287042965	0.975742627822061	-0.955744481354977
0.143984891218015	-0.419952441820588	-0.29509334959464	0.947966650371643	0.261827293934316
-0.387553516609409	-0.900857645084504	-0.977404549710723	0.72979773002296	0.458184994654474
-0.310076111390619	-0.541087550096579	0.59290818362595	-0.909723747009441	-0.728460890906496
-0.731591625380556	-0.304982078315168	0.846663933529085	-0.485777437781932	-0.249946311315647
0.236161502933553	0.620710286851336	-0.084523345494734	0.957126233294774	-0.852734078896443
-0.890818611910473	-0.936878985207395	0.525991130145441	0.272831047933187	1.13755049363157
-1.42681828436781	0.790016771738173	0.697643791010613	0.72288474820947	1.7672575992067
-0.843366657323249	1.19219768504431	-0.51066454626398	0.843459320055911	-0.665357774903708
0.378318327122853	0.453125421970023	1.52679192965078	0.401225113134061	0.593734045037258
2.3080680987883	1.74399998637815	1.12789521201237	0.213281638690446	1.18520730130303
-0.109194951601005	-0.235862036643227	2.34902592977829	0.146201146503321	-1.62013055482829
-0.381502102306058	-0.740995166844358	-1.15249809330379	1.0377898114003	-0.63645666893093
0.91286783963418	-0.0461717247418226	-0.565463808500488	0.432259831981299	0.83452899484588
1.32870998593961	-1.05285625597218	-0.0858066518442561	0.84345071509743	0.644793923183759
0.447161883276674	-1.20764615772325	1.1811223135441	1.4781568392075	-0.793421602028359
1.22237249819627	2.42844870141473	-1.45434321278007	0.1821366880634	-0.245043727676791
-1.57193308567743	-0.399537537611037	-0.113163718792694	1.92631638522198	0.418372986665703
-0.13457145807286	0.341795163144117	-0.602294959322907	-0.302948103107643	1.97415353165879
-0.392033960748995	-0.460723144785318	0.140915535418573	-0.908297682946241	-0.376301475595623
-1.83638291249864	0.684923389174911	-0.570489602511689	-0.690974635944197	0.286414299730101
0.0913495335760416	-0.398054059644117	-0.163773849478953	-1.13234398164658	-0.909666747184302
0.30758421904597	-1.56690556698896	-0.582294536005396	0.167448205244715	-1.84953873313733
1.99731433411211	0.939090851466567	0.0164479324339937	1.49792502123747	-0.571466339712886
-1.2937536037254	1.27197587857271	0.471609529492443	0.953440056890987	0.888292949173576
2.35082988430033	0.0650248012656965	-0.676607847377484	-0.899356742883065	0.16476027822076
-1.33653014277584	-0.183045752083192	-0.470302386916876	-0.335467824353651	0.295819577394358
-1.50035018793056	-1.18570824622518	-0.950981605750935	-0.114263295351867	-1.73088916782248
-1.09681540470588	-0.883257059839658	0.0554234711056437	0.0299612378248593	-0.9586466416844
0.195805649856525	0.956550203889323	0.519313758680448	-0.165203416873591	-0.576813770340028
-1.45691768667493	0.0473830276888709	1.1914469640369	1.15800009379258	-1.26644077994118
-0.0990059304482678	0.919601498215921	0.240003542170473	0.561194213471978	-0.463720511117122
-1.76600244813196	-1.63162962963153	1.39662005875692	1.15649657655235	-0.362140993017286
0.399328782449247	1.34561663196414	0.190738053629748	-0.594376717821166	-0.551069586639018
-0.439672830604211	0.512484690394769	-2.34015472721751	-0.816354681020168	-1.26788995382047
1.36564329179769	-1.09706594604132	0.683586473303296	1.50281280935405	-0.502808236780991
-0.873889437720028	0.432716142963239	0.272901447078853	-0.60255199528856	0.142336576098969
0.116728138652419	-1.88038169670026	0.957877507674591	-0.17485831177014	0.208556339512291
-2.28582222948641	0.0142895278863265	-0.0898469817249528	0.864396400524979	0.693228789648117
1.04340339746605	1.42091857236106	-0.83520058008643	-0.464498007239636	-0.0691959092359983
-0.30792726062084	1.52502351823589	0.395166597534262	1.04438995183922	-1.09887891855064
0.582725387609676	-0.450169921645918	-0.481422500606324	1.07924976821168	-1.12255121755749
-0.839360998646611	0.661820962881463	0.00814014445081971	-0.659733347034301	-0.808106227648652
-1.36883495943203	1.84570788847797	1.05001304890623	-1.41309065514158	1.16935853434059
-0.102883737812812	-0.748168624682679	-0.174967602327011	0.758658637652694	0.786104977159671
1.10564734045661	-1.30542170927985	-1.55632661717528	-1.48658467123236	-1.39963289501559
-0.613651950679581	0.0864301362632674	-0.759152891861138	0.909679569255804	0.0267628909076272
-0.357961243171823	0.456471941107679	0.0353552178349207	0.143141761610611	0.510402931761532
-0.479857772840982	0.806130830380765	-0.695117841534994	-0.548016943426054	-1.15032745037407
-0.311455908340642	-0.696001697180855	-0.0826118107937692	-0.337205192885912	0.163783245850307
0.474120654931033	0.00378622267855486	-1.66790890311356	-1.55049058783475	1.51980898460659
0.956446224553441	0.453483475280821	0.0737305448471929	-0.176547337987442	-0.325799037354656
-0.699576218138266	-0.558373950192265	1.08392912591954	2.17689470047339	-0.136372770309748
-1.8980613060798	-0.069035485936731	-0.641831387728861	0.611636441720505	0.266616177920271
-2.07892818235923	0.637237082916539	2.14955354778529	0.233847411676136	0.674567172382417
-0.377484225008334	1.10810364668718	0.573149334599052	-0.0291040094746147	1.52934856909035
-0.485182861716574	0.329647197342735	-1.1840330341293	-0.0731196994498366	0.909903110132174
-0.860476564267859	0.921330681611815	2.11439504353527	1.65462555142124	-0.678727921803536
-0.576865253836533	-0.0262246247496625	-0.768853720819966	-0.905551488837705	-1.16890637762506
-0.0828460572308242	0.287390113314417	0.594584743849194	-1.96174681930236	-0.629070795115302
-0.0140890053506147	1.39982314388869	-0.453259092921848	-1.65923811799009	-0.209964247486238
-0.700979427221033	0.119576539988444	-0.262355457127598	1.11589852661907	-0.51480566953561
0.481535805855375	0.359620254842589	0.161010499632869	0.644787677475044	1.21463123986301
0.353156738435693	0.566685428253238	-1.41383857130733	-0.676795434149726	-1.23536398078295
-1.11206616411889	0.570763504001276	-0.75380476836109	1.98883735064267	0.650147310708757
-1.5960784896016	0.0766474582990142	-0.359532439669075	-0.580065937123961	0.514332993971393
-1.12251490710294	-0.455214840720686	-1.36334222592892	-0.214306634405955	1.35144500405986
-0.0319180907453244	-0.595250438192041	1.88122200597402	0.31357071858696	0.948890037231574
0.0738888101213762	0.539752581963272	-0.315920645333817	-0.604881684816942	1.23816946055897
-0.151612947297872	1.83046286169683	1.38245884590278	0.320233442132609	0.482812918147347
-0.446853948679136	1.50258003241628	0.364607637178117	1.11379461394545	1.03457482373177
0.125829418619055	-1.17470516795159	-0.00864541033807214	-0.0569044174065709	-0.227180421406691
-0.148490370106764	-1.25898379442456	-0.0313704090530259	0.758954627180083	1.99330402725555
0.795596406577277	0.0298120997734445	0.696204466973631	1.91738802454853	0.454997881111727
0.146450153481191	0.356346825308221	-0.840819059280055	0.0306428571995323	0.0376992808991797
-0.291754786564927	0.0252967665410245	-1.00642147588438	1.12992998016045	0.827561058532976
-0.175200223597101	-0.341301328201599	1.92795315448041	-1.46893964109594	0.66668129721454
0.149973624352083	0.23820965842244	0.993316148579065	-1.05954359976259	0.729355890209499
0.344961787662853	0.0161204927382306	0.807236924285565	-0.253019458554354	1.71778437880966
0.13598512172116	-0.70994909894011	0.871655430501308	-1.27715445058028	0.804925013458679
0.041889486712352	-0.769481954740247	0.0160244209722492	-0.640537381516195	-0.951154263353187
-0.224083534073837	2.34147486549116	-0.0575392004325404	-0.673504981910061	0.4059633639827
-0.478890671479588	-0.164364326884228	0.738540755056179	0.0554847401871009	1.24986535574547
0.708235543240277	2.23539517760297	-1.5824053410085	0.390675781962393	-0.79122016045751
-0.783926963892495	-1.19587623370685	-1.08226352732311	-0.201338081420029	0.829909811642028
1.35036579322578	0.0793067362458522	-0.372612470807807	-0.798295196212601	0.302689463837189
1.17854183864447	-1.62492561106054	0.0497758555179873	-0.329629987766048	-0.455606621326096
0.363871417666338	1.67948105605177	0.813065067683488	1.26246364664831	-0.0465534465743439
0.738540942758782	-0.746653544057615	1.28693557520895	0.375035495290733	1.96750200413964
0.478917908738139	0.648076283446275	0.832542672250568	0.0221589957289773	-0.721689192539113
0.548584454245112	1.15084134160295	-0.94793947044538	0.439303869763602	-1.38514405484396
1.11473297996485	-0.4135392788036	-0.619072625553364	-1.7603257012767	0.397365231912956
0.704118934239639	0.769282206057253	0.450525490776233	0.0950521025451776	0.43216339365725
0.970462809571622	0.519475020440241	0.380658329467528	0.0401776399874155	-1.26477547335854
-0.842249438432814	0.796560700315942	-2.60728608818459	0.521490185585388	0.0585435747397108
0.876936882115961	-1.68173293579573	-1.17327093617443	0.207445262717153	-0.584375743615048
-0.407467585847259	1.19532767670505	-1.51529511536017	-0.426342015273893	-0.128760354055036
0.0993153125538883	-0.165076152618198	-1.45386519049601	-1.53628400670459	1.23885571856405
1.57389972523274	-0.209779961681284	0.318955431167679	1.35975460362938	-1.03616377758849
2.41090245998593	0.929375922549546	0.917205809490519	-1.21645216346536	0.0436369688334652
0.0386348950221837	0.691198528448904	0.858340690591902	-0.894533985335418	-0.320252826039689
-0.313351913994273	1.1355549790994	-2.67999488459919	-1.68643031369573	0.647180939254537
0.536913772202977	-0.628646682785646	0.535688246428394	-1.62204450532877	-0.203624295268014
-0.149938782093165	0.076623959725493	1.31728524824655	-1.3624290939076	-0.226193503627022
-0.179025184746502	-0.0280029243899471	-1.83816524692889	0.243739643331242	-0.75256010743867
-1.61904094579069	2.54137925877902	0.373568112834733	0.709887097732299	-0.694251244645625
0.0786484013176503	0.559300556673893	-0.50494050660472	0.107536724713886	0.778337114383253
0.0407576868609345	0.565827760705873	-2.1193450146117	2.00588474727736	-0.27872502576054
0.185827064150423	-0.130028465143049	-0.685658241626378	1.50793921957045	-0.732762201096544
-0.587774256745238	-0.0730655194282586	0.0178407453597587	-0.187174823791894	-1.4627743325235
-0.153395017857495	-1.90889195319365	-2.08128258149515	-0.941259798460665	1.05270422992111
-0.204526067092554	-0.643350455961035	-1.1181899984301	0.431459104694573	-1.5120614736098
-1.24758439727118	0.71996348154349	0.0899906695361698	-1.9918264398442	-1.27048202050549
-0.585424397658252	1.27267114926936	0.328540415063546	1.74175900158785	0.77300897805327
1.85818105709661	0.713240394993283	-0.538006787503508	1.01552971205808	-0.325278995166196
0.75098542628182	-1.37798779177035	0.0871053467014845	0.211126827765913	-0.979240664360736
-0.0497935614595909	-0.42091336301283	-1.03116266880675	1.00380675492055	2.17169670493453
-0.537270610205677	-2.06539818662204	-1.1529768538156	-0.032021688988192	1.26320231792932
0.83477375055255	-0.0670235361848058	-0.841961559059708	1.02207381372634	-0.0220386789375293
1.76608724004689	1.10855650131587	-2.44074074122896	0.979316819684557	1.77640961961367
-0.773422412544098	-1.10666375076033	-0.0950328657236577	0.627762451632383	-1.79999229910985
0.106195181608375	0.353483358161463	-0.271401373645854	-2.46206664560648	-1.41649520731219
2.17699674631254	-0.352793187668713	1.02029458746598	-1.30781918678426	-0.566061377738076
0.865933129769733	1.65789837601507	-0.320585828540707	-0.120923714544451	-1.66095231080958
-1.32608466288805	-0.362137814174985	0.413709474993911	0.375307621220549	0.59205337981761
-2.85460765828312	1.13415360851249	0.554691950410162	-0.678485431183518	-0.976854013850631
-0.209124415792359	0.847601578016354	0.561314452749811	0.161660633782032	0.996228822437798
0.413641099631119	0.523575344179676	-0.0862321298483948	0.974849632259575	-0.675582188396582
-1.95595682148875	-0.412242422487215	0.34334630643612	1.24271169827766	-0.71561329988087
2.1771166365339	1.19767807518095	-0.392389634121691	0.598513353705981	1.12377073499532
-0.79328560545804	1.72809776896475	1.34265367988124	0.623384000958435	-0.0160510366740115
-0.0396438372074477	-0.386727677015323	0.541603803960314	1.93454142252266	1.2110274317867
-0.917498597604247	1.63474262456046	0.132080392459964	-0.016423547284947	-1.51186321352736
-2.17458741611157	-0.345889423706799	-0.535595123571694	0.642035323869992	0.11221552836264
-0.0560003921662223	0.776553581542187	0.917721330107418	0.383566677149387	-1.0899137177138
1.6151686139796	0.522483319727546	-1.08340067058072	-0.472689055515181	-0.132199291377852
-0.369948316674102	-1.04414740911614	1.35670606814022	-0.168202629931296	0.309469163435988
0.936980535354382	-0.245423195205983	-1.39969840604387	-1.60782525546892	-1.38758874695661
1.35344119546112	0.540489165447467	-0.482884521835639	-0.607244863468027	0.416416683098062
-1.14444918421014	-1.48325137813487	-0.437455585886181	0.00407648521792236	-0.484337869728622
-0.395930311182175	-1.68253391050081	1.605619046601	0.201534269390396	1.72487898635426
1.33794399888059	-0.792430500570473	1.00908833932212	0.207341252705084	0.746738153241015
1.74169735306678	-1.96392691957893	-0.625745560183805	2.22766414858192	1.70999742012071
-0.0378058751123539	-0.780042295781577	0.728321316605364	-0.186079971353797	1.31333622512842
-0.223854278820343	-0.523491389351283	0.153192809320201	-0.743433384539948	0.536755896424779
1.01221687827544	-0.0714864848468671	0.0305402819142645	-1.45603080635259	-1.3690475941305
-0.841302333175622	1.02312148965404	-0.52725748122291	-1.33535234167524	-0.673199617876538
-0.176027597484617	-0.602827592239309	-0.826891109254749	-0.0826565464978469	-0.589518101005078
1.32407766064981	-0.649014650108491	0.510842978647871	-0.848049302207344	-1.00455491345722
-0.289376847540469	0.664867039572655	-0.651166191585112	-1.20177200353	-0.529861060250256
-0.0777759031353232	-0.91976940188178	1.91754932457224	-0.779073648407019	0.405082744941461
1.49212610479202	1.6132724067106	-0.437235508031261	-0.510010550478216	-0.27823329233984
0.1242364367853	0.0626468837697328	-0.639523223486027	-1.35936289479648	-0.176335072658922
-0.541704050851248	1.27918353471176	2.48133524465417	-0.541968789858442	-0.0173540106358766
1.77959507291176	-1.3798544324353	0.532054334078049	0.249983913887716	-0.584092122860207
1.38206334426336	1.11716476114223	-1.89039413172123	0.292611144777095	-0.861361101279488
1.08406652942085	-1.47348887737874	-0.518814153970928	0.043240521979956	0.317573336263039
0.598203714429698	0.239655751793512	1.02948445874594	0.428000933398427	-1.14080195009287
-1.52007514385788	0.657561680040383	-0.652234809669741	-0.644530893503072	-0.168505866004748
1.73461496090332	-0.854898554364188	-0.444850682214847	1.8832532141069	0.673540594084013
0.272081287281596	1.00355993101142	0.263695613865055	-0.957463639311036	0.78130378555365
-0.584283296781765	-1.05454271298995	0.756246422002324	-0.317390152997401	-1.8152616553923
-0.3442993912232	-1.02173483583351	-0.156515911862532	-1.06072964430784	-0.118627809876044
-0.312669452876214	-0.628272562349921	-0.495127623615577	-1.6043531919715	1.52747225237769
0.195462582868122	1.03008830849863	1.01194005733902	-1.85411241285617	-0.634060577573845
0.328021241301523	0.205497418085545	-0.128201614664568	0.0652306546130414	-0.274577062341418
0.28316384282011	-0.639157496025111	0.482321692320392	-1.12171717350276	1.38733467499694
1.22805902177359	-0.407279328901512	-0.763228376524972	-0.466177233825238	-0.76330413845528
-0.367036068200238	0.0598514945087825	0.383795816205467	-1.28579336601418	-0.146961675647421
-0.842722281736276	-1.12239618565789	0.538295438673449	-0.0848973972197754	0.072818663372525
0.282849040703183	0.800737457877492	1.11087528338549	0.0823192223758405	0.620744479238182
0.264526833932591	0.947610364596176	-0.37133921743665	1.2326523881289	1.42999629087275
-0.213195061871524	0.20120733396146	0.497958182339181	0.707878064965505	0.692664881924737
0.00334834877620008	0.0489351313087254	-0.0819387625974141	-0.828960366849247	-1.26154310494091
-0.00899253049220016	1.29911824243838	0.324409265434594	0.110526293074301	1.0326838945466
1.16172731909227	-0.544821984709751	0.145744647987024	0.292402459872207	0.0965209717565288
-2.25790476793944	-0.297187948453639	0.369425709333368	-1.69366211846121	0.784790894060869
1.52914339338966	0.883361178705612	2.64937509091221	-2.2804245533322	0.665441637715182
-0.0792192797944354	-0.851039981705878	-0.755224638384957	1.57199620894174	-0.452844976392241
-0.955827255533378	1.07205057319886	0.520079448633263	-1.46800545477559	-0.684800925953034
1.0706759767303	0.938235100074388	-0.530416856831271	0.731413348674531	-1.57038969624219
0.478034577364594	-0.590759541396957	0.290969965619305	-0.190147244882393	0.562055059901354
0.454525870449813	0.107007520416346	0.41421201435143	0.315835214395246	-1.13947274772071
-0.00491641677252606	1.30032878323494	-1.3152563722893	-0.8172263299215	0.615164342439451
1.80645658874852	-0.697915102765969	-1.32946276160788	-2.23910939935597	-0.651414471048288
0.879027810995575	0.713660187050722	-1.22891178615644	-0.307573297635117	0.0392671585240835
0.0140021583361419	-1.3497410046809	0.345877790094591	-1.25350669124243	-0.155584557192042
0.133533587399202	-0.764943321368232	0.0170069480418947	-0.274840752625471	-0.841075407767325
0.174502289655317	-0.781351889896865	-0.163415560260548	-0.688883991763367	-2.10693729944112
-0.762888939044227	0.366587107683034	0.142583368054443	-0.0661220163667439	0.253561642453898
-0.0974343324076292	0.326793057046365	-0.0962535709595872	2.66574925301678	0.415938683009949
1.10659967794599	-0.774720857596179	0.60034490458135	0.787566822844569	1.61695480850602
1.46067502926804	-0.680054698154739	-0.637942046700736	-0.27398112475155	0.955557525772071
-1.39392632903588	0.260062174960669	-0.966714442126697	-1.31049698490937	-1.16302565959972
-0.270012182005797	-0.769544254836052	0.270724432045264	-1.53846607149374	-0.738735563823791
2.91574652119887	-0.267220377370545	2.85821927710304	-1.83495753346016	0.367186866063958
1.04569948793809	1.97599762915756	0.487384265497812	-1.43090393777076	1.15685632199781
0.0980794782876146	-0.588429906023705	-1.96859343518325	0.655467747878828	0.368615607621443
0.747569615410615	-1.09975309964951	0.356308242882516	-0.0930988108775468	0.0119656147579611
-0.834261074305311	-0.309094726525393	-0.452974521697143	0.11991684734693	0.00549018865005569
0.585699209670271	1.97066667658408	-1.43226444164408	0.457849458178361	-0.509766716941942
-1.20657262098442	-0.531126002378467	1.29217101513566	0.237208596143191	1.18088665340716
-0.998693413089849	0.900468543389878	1.28901323219438	-0.210387623188115	-0.462949776118761
-0.293260337680142	1.02040096026122	0.04321598742453	0.943343875333931	0.0749831315657005
-0.331438076977727	1.92891822008868	-0.576477303575599	0.748907193771711	0.656867709713218
0.405756288213283	0.423900295371935	0.823876777802505	-0.00269062746625113	0.841312575112482
0.718743495729965	-0.452662163047067	-0.432145549868553	-3.41806725527507	-2.95508625268978
1.11588267609689	-0.545798478290984	-1.05936917168468	-0.498680944808612	0.46666924279824
-0.1228254239785	-0.808363813247346	0.252049907488543	-0.976833431908123	0.540293927642283
-1.60160284987057	1.14305106538475	1.12793264142075	0.232006880216182	0.131120066037374
-0.703797334099071	-0.282775119751757	-0.508504850221533	-0.70301000876627	-2.23751909817324
1.68686174488037	-0.0686420775019765	-0.599934896466653	-0.672033991796522	-0.538087939689801
-0.20622076155885	-1.12497879520065	0.425287886930694	0.638948025824318	1.84399211530691
0.757641363378982	-0.0375170614874473	2.49244704158159	0.900664338102259	-0.368874790973354
0.537315928666337	-1.07017085096661	-0.429885729772778	1.34747385682152	-0.170660450265057
0.101189863460844	0.625250915143384	1.28253945248861	-0.19246591142153	-0.739292459092196
-0.937131606670082	0.623632359250228	0.0894711804606463	1.69276433093865	1.22918014420972
-0.494112530367518	2.16607696593104	0.65419599643297	-0.996644092135475	-0.647950633541613
0.852085223849039	-0.218261029830113	0.0129177000220328	1.13105425835608	0.321675102349775
0.655267041835275	0.0430495760467956	-0.411119954632566	0.807721421811815	-0.370849892733309
0.0300570355128743	1.38030783726021	-0.319773885122907	0.789458331605018	-2.11834324276152
-0.138600356694134	1.76758769615373	1.18030043269307	-1.45588273862027	-0.931008669391478
-1.17672676496419	0.908363076749374	-0.520232450526791	0.13058202169166	-1.20315345598476
1.33910586663589	-1.28722757478445	-0.471314168004474	0.358498372644115	1.00051347785355
-0.116088814122713	0.505485909116327	0.291903113403067	-0.0767874242185947	-1.285612052827
-0.507866411573276	-0.276020530203906	-0.262029164556712	0.483173887859245	-0.0946203660976808
-1.03390699152304	1.47751032539662	1.18485106207348	1.66753362321047	-0.0216264038444061
1.30221941797051	0.348661769808717	1.08481687624643	2.79263851400689	0.423131952305263
0.209549831470962	1.52333976225402	-1.01707365244485	-1.94987886166936	-0.146353381747053
-0.287034631567675	0.100021719105321	-1.00363020257433	0.0422347431528982	0.29175982256004
-0.182346426453839	-1.07443889024976	0.0141239186236795	0.218491917895309	-0.757259242048946
-0.214025289434459	1.33176288870748	0.0520330751785302	-0.458327352904452	-0.978994030440556
-1.67852707494996	1.54558534680923	0.824201571560012	1.56384032431212	0.845373352080291
0.625057670895054	0.749326134427974	0.361475661264574	-1.64870683311461	-0.182642984913359
1.15026060276344	-0.500517988913447	0.295591003624	-0.219763753270959	-0.849755055788106
-0.483637692054438	0.568515914180027	0.531314882927955	0.250420255288421	0.419354035509896
0.796090028051725	1.97717264105309	1.26958340874255	0.0673161043329028	0.650947907412451
-0.738954253032066	0.0240723139829547	0.467211837853243	1.87053179322635	1.16700079658843
-1.59786118644603	0.744163600469329	0.583071935527678	0.826271052087794	0.481657232932696
3.26028001138011	0.250784904688286	-0.926454241224907	-1.09108482486333	0.736387904647092
0.235184378772227	0.856829502742628	-1.13111538628361	2.53148993828554	0.701289471664005
0.14482862242832	0.656105373257165	-0.423575267647065	0.397119365271297	1.11290192530254
-1.34731232864566	-1.17931499014232	1.18769523739689	0.37185254720624	1.55696210194564
1.95745015364188	0.900487583205995	0.160578214509359	0.867219444227819	2.07358854035889
3.23661933755011	1.60875752491813	-0.521164002745653	-0.235499581666944	0.0375738741550364
-0.289244056888234	-0.0533512111834575	-0.301604706948669	-0.47534687150204	-0.768855272616109
-1.0597183941982	-0.12826271244441	-0.936847724124401	0.624916325473112	-1.17329274835723
0.143008196448125	-1.98878151446984	-0.730926574095085	1.7990897236779	2.06115868771778
-1.07173868011925	-0.325199115507419	1.98860522144744	0.0837645637334863	1.01560412824632
1.55768384670441	-0.527110070866868	-1.3136106830639	0.312944774447582	0.362001583500897
-0.116655316372293	-1.35922853582257	-2.18344301743475	0.66638267302143	1.4227027874155
-0.410541004257048	1.76004278664408	0.15310752877791	0.321049103369287	-0.29421528086752
-1.41626674442875	1.00218441736648	0.565357878379783	1.08631865393624	-0.394590662746506
0.378105916614826	-0.638645420763607	1.29277967392678	1.89780399131871	0.36140795896875
-0.663364215435538	-0.321760186468378	-1.24423891723834	0.0109131017719961	1.44146778431261
-0.147218638121209	1.14664882168573	1.88855034630577	1.01274167749676	-0.597704883854134
0.2387024777683	-0.395694609380362	0.770912161208475	0.185503715020173	1.32634320135074
-0.574335598594756	-0.43709190526846	-1.81745349709196	1.33332857635448	-0.754326868429314
-0.581378157816079	-0.717950454316874	-0.0158791060880495	-0.288892200596267	0.480602902498962
-1.67278033492311	0.239563228712444	0.452935842661076	-0.433415920804625	0.412162571044056
1.47041323725706	0.623794694199929	0.049671838092508	-0.184309931922063	0.456939091401597
1.15975920987319	-0.432060376086224	-0.37301316990384	-0.0958671934989616	-0.218939571611688
0.532159367485976	0.0594745840306549	0.413071994352227	0.392969234733161	0.695450288314848
-0.0954948989926033	-0.171112051309167	1.74535215229848	0.64222381009246	-1.64098058184144
-0.723363981928772	-0.645209926540065	-0.448406229054012	0.360532758535959	-0.198426577072556
0.622113888877778	0.606276079413769	-0.00385167220460616	1.88251427860773	-0.997845003894428
-0.922916869579376	0.278277883141617	-0.760014618746043	-0.378269530492475	-0.152050146182671
0.436166106141348	-0.277373417926499	0.318224103870766	-1.59303669042248	-0.627453550196081
-1.40502978133487	-1.34135511007318	-0.790707505730381	0.302416494108573	1.38022995216631
-0.570364572336102	-0.401993109320027	0.673141282056223	1.10987446339581	0.333267179750261
0.3622285142565	0.196839839732008	-0.630851624663907	0.787163082298486	-0.143311141177629
0.427111712136742	1.33962795340549	-0.960827389252999	-0.0774001634818881	-1.26271923337057
-0.398219370860573	0.732613102544637	0.0251001762072759	-1.7324158010115	0.890334642255054
1.42802701694951	1.74221668475141	-2.54480732522731	-1.47916952104929	-0.177369825054348
-0.535041108393826	0.301301080340154	0.534411825490175	-0.130297125196487	-0.193393402848554
0.706868552964644	-0.540813869081829	0.807244116872656	-0.513186952071332	-0.990360394793906
-1.21450343161301	-1.85695354113786	-0.00651602179692792	-0.774877029510817	0.271226531146815
0.299281576034342	2.23890084515349	-0.171035953750227	0.0860344494493282	1.34148791381824
0.0313066127909322	1.13996226516601	0.45038168171909	0.194420126364912	0.716867077291971
1.38594158993054	1.49919131968489	-0.485758357513275	-0.72133001240841	0.0658478248362631
-0.0114824501553295	-0.981321501226744	0.168955384998362	0.878293932479715	-1.05000547304465
-0.0290515685553385	-2.20175846169077	0.856068396529074	0.468851841664909	-0.00209929793973955
0.339249244874996	0.069289753206682	-0.725491065313237	-0.201889523271372	0.25454296918837
-0.225858765852185	-2.2840027032102	0.717471381983906	-0.831007721433881	-0.0802212254152226
-1.18284571361914	-1.21435955893223	0.116915635286484	-1.87636824274175	1.54802078043585
-1.55400987241747	-1.36708946397561	-1.93339670703963	-0.619250744862499	-0.891943303558632
-0.991217292300807	1.71549440862634	1.21225802378059	1.03618136504118	0.239025479546797
0.448456481296782	-0.000918214164725045	1.63978323381619	-0.839813199552132	-0.661978475145445
1.98032230107756	0.356052448905815	1.9503635893129	-0.378607094747321	-0.348220085290471
0.0295074225797462	2.11632420861483	1.35305010649419	-1.32275468179841	0.326937614972491
-0.573741295101629	1.20602121922134	0.828713556913723	-0.206849712839774	2.1164998281665
-0.19233226429604	-0.493782348474936	-0.956063403209134	0.652037939213796	2.75922430087722
1.16711555409915	-0.0859722025356829	1.24321591031304	0.527646687244089	-1.16511967000529
-0.0475507695901817	1.2463414889942	0.250960401597773	1.26873599954364	-0.113595441639173
0.590468246754234	0.538914767667774	-0.494046258141724	-0.206499189826046	-1.73538757104166
-1.88384846666234	-0.218369970398674	-0.0188072979207021	0.450378262791965	-0.256444751964154
0.847809466714166	-1.17969749511248	1.11691150813617	-1.0855188390395	0.0593738434143942
-0.198541363865069	-0.775230155513044	0.436807238686249	-1.16823591302963	-0.635022228572983
-0.2891240247545	0.294802885529833	-1.45928817208141	-0.36322116280093	-1.48116623276197
0.872783748815053	-0.602776245877067	0.0663758638731734	0.703543883693308	-0.837009360982908
-0.987384286612743	-0.773126703873722	-0.540603835073807	0.46456911676154	-0.143905668202267
1.82955764082362	-0.66201057356874	0.392666120294866	-1.14844396704768	-0.767851936686318
0.712383912581096	-0.100382005224658	0.60926832603437	-0.39570590685271	-1.3460494750271
-1.81737406755768	1.11047567088369	-1.47672713670283	2.16215134885018	-0.695979230399667
0.689897885824551	2.08899682445402	-0.403936398629177	0.347423862345059	-0.787399327674152
-0.610241985117928	-0.846688196148833	-0.675788287618129	-0.815958877478512	1.87227272421936
-0.52991537867501	-0.372902358821338	-0.208743490869587	0.478544212712539	-0.111962652123309
-0.225953941425551	0.695058058074161	-0.527501140483335	0.120923167450018	0.378794630498793
-0.791849677323533	0.592207004401168	-0.145143204896087	0.162144467993565	-0.402864467188082
-0.909481935757563	-0.0883608124737019	-0.651559747096258	0.621245042577294	0.777132314136395
1.55584199281956	0.319549897658566	-0.662806341034717	-1.28391865979428	-0.0189580024575952
-0.574725703982852	-0.280111077924372	-1.62307859850785	0.51916323247894	0.210485799916827
-0.389927158361717	0.487900903823229	-1.40304480225461	1.38375192056657	-1.4666345640625
0.428008839075158	0.616007022187822	-0.154862417908115	-0.0887358298738762	-0.248836804346722
0.588555118800214	-0.760115304987145	0.0694371067143992	0.593120047663962	1.18935307425417
-0.209335305679999	1.32447863333655	0.110146162723722	0.2578666307116	1.33183785356757
-0.291428538678663	-1.60684172365252	-1.29970222126051	1.70870682947503	-1.05429993438933
-1.07890151319881	-1.02309685175019	0.0191467089870433	-0.48911718090396	0.250431190077412
1.10129728895904	0.793415316278346	0.194123173528386	0.690596107670513	0.314050905566232
1.08758972936314	0.426233415125	1.21691690284	0.672931752073893	0.10994860050515
1.23608336990112	0.922709513535323	1.48432265548852	-0.310880319911874	1.56763103233731
-0.212276362977488	-0.604912214291276	-0.0621271433274909	-0.485694954646855	0.445939363085834
1.2127022407091	-0.544661946905886	0.4306718864325	0.460344810141274	-1.01244144628312
-0.163937556396265	1.12525303945329	-0.122896617764024	0.539012904428938	-1.53104754388015
-0.228063197574124	0.431558236832306	0.977084820331574	-0.45076813682576	-0.376561294761283
-0.495169873028964	-1.02627424281343	0.305240449843398	1.40178645457333	-1.1290807575328
-0.249346543743784	1.97895593278836	0.585818939745089	-1.71721867110346	-1.03454548050609
-0.381599282306011	-0.44463601849401	-0.460268943757523	-0.0700305217895077	0.714968228826341
-1.75501739697882	1.07424542463622	-0.386292333641486	-0.457549766328694	-0.247920441554394
0.341433111040232	-0.754682544243504	1.67423615548205	0.891374073079028	0.681395785055335
-0.644827727796045	0.681607797676853	1.30877171028672	-0.757821987127514	-0.401126580552313
0.786526831904924	-0.241004324607887	-1.59506406673019	1.24760735135298	0.0612652701267143
0.412941217656045	0.532821032871289	-0.422052517272448	-0.206350185247295	0.214979553083044
0.469768940158906	-0.648621958168167	1.00285988553277	1.79489354810261	0.313258119585462
-0.27838106743818	-0.28697449859699	0.420372353966712	0.724194710952831	1.50860783765354
-0.711861474411318	0.28933925796364	0.481622388103926	-1.02620536567623	-1.50804460290131
0.919450963630238	0.0764463023026821	-2.61391994328588	1.14979857282426	-0.748788653528196
1.00677902090364	1.23345117394999	1.10013035763247	-1.08941227174294	-1.44538439377764
-0.500189090089022	-0.0857180700960794	-0.10439705153752	1.00307132195307	0.158496499031919
0.90101373568134	-1.001045967117	0.69714369931391	-0.419800078378681	-1.63338693775813
-2.85719478282983	-0.64435195389002	0.383247083287822	1.25034767505657	0.891935544805336
0.616818859827643	0.343472893457081	-1.94880250287443	1.52899274916367	-0.169252227334393
0.177135535043722	2.44650270243536	-1.13987677727259	-0.158611299914599	-1.90817275942434
-0.595890976890079	-0.877779071156605	-0.656241925574708	0.567735883307655	-1.77052621783258
-0.830287870250167	0.566131196666354	2.38442361134836	-0.760826784109592	-1.48121606015865
-0.589665165271167	0.532196274662038	0.801610268780454	-0.101052424645643	-1.95434713836833
1.10529559405013	-0.980968216933054	0.457764943029387	1.1150903669077	1.89970472763816
-2.0344748732186	0.70810084046108	-0.289154702038589	1.47045489686193	0.0309411398038235
0.198633287856957	-1.15390583457409	-1.39377433182081	1.62128101549352	-0.89766828486917
1.46823575971498	0.583369503569284	-1.14196955472091	-0.290553063803813	-0.0804727351394006
-0.186843993243407	0.6945337586771	-0.260981200653106	0.11227735133189	0.659055353361837
1.40469740567898	0.557867192772487	0.645332055081838	0.213842323734609	-0.683708381044796
-0.0235866603994319	-0.797984839295676	0.629459985731885	0.56105441645888	-0.500008081260982
-0.261567523267385	0.80452646167815	1.36791238202943	0.211671839879369	-0.610162510101605
0.286370737592355	1.4963243957763	-1.92873988273595	-1.06368309332915	0.487908968191679
0.0991819404128822	-0.771209136030927	1.09850668280369	-0.506087294020539	-0.480385826089991
1.60691364065098	-0.849047055922568	1.36307169266606	0.263439187860653	0.471905452834145
-0.132786639761562	0.443325034585158	1.12933186093348	-0.800985834062206	0.739218211547516
0.694004000547618	-0.805309117668701	-0.0101938627628851	0.165546936637052	1.20377825886513
0.791472390374576	-1.88811538403881	0.222409830390368	-0.615329386041466	0.329282110632377
0.622121380538932	2.18671756525355	-0.147042021642063	-1.178671300684	1.05620845359048
0.112303397704885	-0.329215378902332	0.975312912096637	1.30033789859267	1.87717042751745
-0.149170373531141	1.4731806891138	-0.727376845166549	-2.32432151324482	-0.340349570796647
0.284062733774254	-0.506096217858869	-0.828975056065867	0.116447540708404	2.17162522082505
-1.35137001892849	-0.642140554305444	0.809826123679539	1.32920133219737	-1.1460168254147
-0.108426574873979	2.05769468686691	-1.1727264646103	0.267496467256195	0.102154643828963
0.607865872544559	0.121946481619368	-0.510123403744572	-0.352764161676874	-0.502373254451459
-0.360963213102211	-0.0239960727047223	-0.776725335615236	-1.21801236433809	-1.52386209758289
0.0538430689121223	1.23415838343472	0.347850906366258	0.695362216381344	-1.65359817462078
0.735453921604982	-0.740931245395024	-0.272704825688583	-1.82642835702044	0.286057357707803
-0.480365426396008	-0.44556190241791	0.963113640188535	-1.43640441414929	-1.23485682713437
-0.845297638090452	1.0289906565768	-0.342552843515154	-0.296863273283235	0.998073245913841
-0.295450057084619	-2.33774126911622	0.482385793211849	-0.0464011931842426	-0.105660246141632
0.550349350135447	0.276550613032818	0.540383871757587	-0.693978407009064	0.170781675356209
0.781966232263327	1.8890701060971	0.357630841823288	-0.811041127388921	-0.078134367923325
0.861262680360623	1.36766679477155	1.30303587980954	-0.106959018119507	0.121174821788815
1.19587339365933	-1.21320625138688	-1.03586526275134	0.447807688947331	-1.5833549376306
-0.253220750867771	-1.76331124434656	1.16906731459493	-1.76347639771963	0.850910092328489
-0.137585777596604	-1.57493707644851	-0.69657154831973	1.43859923096211	-0.13588863874332
-1.15200951294477	1.32937016082233	-0.961613393102359	0.760178154671867	-0.480494924413968
-0.101467130956356	0.415842804908779	-0.887234917831828	0.59669602585504	0.835387548420287
-1.16250842718977	0.774669148857908	0.21346866173799	1.80450556081089	-0.990753697652471
1.12918530911481	-0.0778572960533285	0.220631839563424	-0.445050428034406	-0.976576357232602
-0.842097566041131	-1.539847939408	0.989575004323022	-0.738916411220205	-0.0680981420357154
-1.25417248598356	-0.209372464574161	0.651600579422384	-0.356552357918425	0.994216209889179
1.90695256046596	-0.633978887015614	-0.184392976209179	-0.763407909190724	-1.33597256978121
-0.761403201726868	0.329043354219598	-2.02570942454375	0.387512745800625	1.79502250808649
-0.123174309978498	0.256096747614657	-0.0451500389317378	-1.03213441512177	1.73331106729517
0.103505773582299	-0.652989269116136	-0.432795122715189	0.374209208643228	-1.27475123165414
-0.10622666153405	1.3257387945956	0.270687062965138	0.538161621021251	-2.16140297600084
-0.55812594153137	-0.634692001156357	-0.682317662284744	0.680380507016232	-0.595219666827138
-0.359449695670607	0.21074124243792	1.35173029780942	0.657231304015316	-0.856346816984752
-0.159938382114294	-0.689612700328851	1.3083698193619	1.81970268227645	0.330567580936208
0.082867592706534	0.36312985087859	0.987406372863039	1.57634300597952	0.390859508542617
1.39414879917478	0.945986884588275	-1.26880445698728	0.128902361556431	-0.181829894927993
0.653788888255634	0.93404604159967	-1.59411398969016	0.95100051368947	-1.56159460525604
-1.05818584983916	0.431670885156234	-1.27214472375423	0.0197530960080754	0.44610131624222
-0.621465170063482	-2.11944208825114	-0.553306513376584	0.131888530998039	-0.000162339623621141
-0.142427076480674	-0.692155697720451	0.261186146090982	-0.0740211180895462	-2.07381507759879
-0.685445804304014	-1.42027066237804	-0.245218137099213	-0.464687244931482	-0.197521719951453
0.636094505813682	0.510279867844708	1.41265036299766	-2.22458989108925	-1.54186408550497
-0.137890876662414	-0.589738816942827	-0.346236967575256	0.569628334130561	0.792117312697431
0.20284062203645	-0.104954547959346	-0.0679298528316776	0.157622371907264	-1.26133587699106
0.356881765947681	-1.07933688323812	0.611927988000851	0.576541041720731	-0.265543090469529
2.15545584817402	0.486817512814396	-0.289774177324889	-0.19903679152092	-0.349677236572936
0.123790229779126	0.885170428421926	-0.277312412557993	0.132681395502961	-0.305172246469902
-0.0471924021924101	0.046552404776357	-0.69243027605842	-0.472546702329765	-0.688109086256726
-0.323115507626232	1.76782335349033	1.45641234327219	1.31779366545087	-1.06711665388408
-0.233162112699404	0.0384447054636628	0.646664270238172	-0.106812610268465	1.41558037418879
-0.211309366212752	-0.587951927451007	-0.787835470654276	-0.914753741105943	-1.54725847451301
1.1177316409559	0.298499500935449	0.2250434896593	1.23602213163177	-0.670377771102891
-0.442998579624506	1.01272080160514	0.865166027277428	-0.71044436985077	-1.1254178602771
-1.40152573406803	-0.72039159965673	0.15662544412175	-0.649422209246047	-0.718823958801726
-2.66907002311734	0.269157097739879	0.332283505078877	2.05688624189061	0.342499825798746
-0.529024751480318	0.317227304197224	0.0638110297336249	-0.101402761440156	0.0174959859209101
0.492755462103354	0.409296026733016	-1.71603652816873	-0.958632167120484	-0.432591139084038
1.11048809942367	0.325099075754076	0.527638487486974	0.104141835860109	2.44238175477974
-0.128548462392516	-0.406891291975625	0.879291035781365	-0.918748991990856	-0.0185292950817536
-1.15214014970215	1.76284423897263	-0.184965059613357	-1.12430995318711	0.0196587224731689
1.79114158806959	-1.97488726185875	-0.760798965793567	-2.61932262742658	0.979492382210934
-1.33935589662791	-0.26975695489309	0.189176004926455	-0.267730754391637	0.303451988890689
0.625349497373178	-0.198267056789762	-0.328318161307186	-1.78790925820673	0.024266878134674
-1.06431182065514	0.363724809441173	1.64705407966424	0.823872545130653	0.519124042871319
0.578049398042205	0.718465339998353	0.535594550585078	-1.3338394193727	0.127465385629117
1.13943948164847	-0.748918866425161	0.493459290722328	0.441409586848229	-0.536477985273017
-0.0951849854913968	-0.959503798344294	0.722174149820821	2.41355333244275	-1.09411434534536
2.04054319315352	0.200563522750103	0.863844252986383	0.945862331388848	-0.52764766151179
0.914328753240841	0.144701819782104	0.758906837924314	-0.132837929151725	0.135450649751932
-0.161212720335041	-2.07850627454327	-0.378430064770089	-1.20687352789422	-1.1530534165676
-0.536481250456505	-0.488095014341602	2.30697564746219	-0.708586998691898	-0.194092757131899
-0.628238276720043	-0.143786701859875	-0.575327754257065	-0.706709016471693	-0.0243649193890008
0.450643988490921	0.588883333090893	-1.07434004867121	0.421164209916202	0.159457689936211
0.764654277647154	-0.716449897392817	0.0348126833381353	-0.286771690306323	-0.0832236763881105
1.80709183128497	-0.258886475251562	-1.05636934662741	-1.32757316644496	-0.544193896695947
0.745121513846457	1.13380378797161	1.22502199829266	0.0809861122963034	-1.9278144843414
0.630489493545068	0.580363277640326	-1.01649948417291	0.649717833477734	0.832771882617182
1.08739950885027	-0.41944542697644	-1.0177240242642	-0.862277476530083	-2.68189403585067
-0.922159892615497	0.664181518527063	-1.14701735008416	0.348613915100935	1.66656084933653
-0.423382967597015	-0.200768985660141	1.04838758935811	0.311297641073468	-0.809243038883487
-0.970478873854376	1.0667130389025	0.789944046970297	-1.29295095025609	-1.57166314572191
-1.6260544194064	0.769132253388348	-0.36804790183429	0.94010376508632	2.35015592013643
1.30782835922017	0.291291177160351	-0.258204503054666	1.52928179895903	2.32897573903421
-0.804152089497349	0.242960139202949	-0.732931516272602	-1.0203922915867	0.212719683550645
-0.776546301003064	-0.643503530867101	-0.994810500865643	-2.95597702164998	0.532836051838088
0.741386438333615	0.0861852897203424	0.520925505844928	1.37564131918341	-0.0204198596370169
1.00187550186135	0.820420787887705	0.544598759380142	-0.295109004931821	-0.566102393804952
-0.0507805423550072	1.02087465007991	0.593063297756381	1.22254143491316	-1.1126098434069
1.67082981178866	-0.268224551313362	1.74693575768962	-0.205567434788975	0.0815233824667906
-0.772300504344049	-0.986399218856631	1.47037574676886	-0.0729055052353929	-0.64977775231319
-2.29260082503959	-0.427879505564187	-0.0787350492657544	-0.924731760864933	-1.49920517819759
-1.36701923109439	1.94121354916882	-0.237176805396121	-2.39956528661317	0.198060319799682
-1.11489863274975	0.974593287061057	-1.3382879901554	-0.0989488017726664	-0.565658715683582
1.25308877579678	-0.395798555772214	-0.670805909607991	1.09065929903575	0.973205350995603
0.203015644515961	-0.845119580312293	-0.511191671189756	0.321102919611396	0.241210783332847
-0.565138106521061	-1.07624046721966	-0.38395717487653	-0.0923129094042025	-0.0626483611167531
1.86106850955762	1.39487784663975	2.26406918396002	-0.395390720383286	-0.651814887689954
-1.37479889559502	-0.0829298245626997	0.343026590527079	-0.0332940935954108	0.63993241609354
0.309377681461946	-0.493480052696543	0.509431687903364	-1.09311175655097	-0.476576172136833
0.918462363782819	-0.602529545440979	0.209135232972107	0.442392597096003	0.215947618831125
-0.00917800422284497	-0.105397296865707	-1.24099580288017	-0.561317388580255	-0.149603828673116
1.01214761397542	-0.749876354133046	-0.187880285469024	0.170397027888205	-0.073154135901472
-0.881172585599146	-0.263573642829592	0.160439331935755	-0.507155414042604	-1.32892055931572
-0.226196253139943	0.836949097641751	-0.596497754906221	-0.0788532828060427	-1.23939059621433
-0.31242216985533	1.66606102168679	-0.516486984666402	0.549607835770145	-1.2239695440688
0.684505594015949	0.896806962789906	0.612858197524796	-0.355315796046172	0.656479465239718
-0.324753115990666	-0.00164614821190129	-0.899824165949666	-0.500625723629455	1.05752538092795
1.36943333400787	0.213371853521123	-0.870647959379622	0.545494543594644	0.0999354608627815
-1.87012283005644	-1.00199564896968	-0.572213350754277	0.379638245270301	0.0786227162149224
-0.910106806526696	-1.23638518012896	1.15287764409427	0.86975571447329	-0.76165479000024
-0.143539660015923	-0.173279708711739	1.45932689276207	0.665240641156398	1.92398758429874
0.428239912521186	-0.304970449853318	4.56583493499471	-0.629343837995623	0.232217338230939
0.481924522075315	0.740533426223965	0.133912077214625	-1.50385446421975	-0.363562681513177
-0.143641081009566	-0.55060385577557	-0.778355316740895	-0.339334229240299	1.02579527450703
-1.07321358724225	-0.255691383243706	0.348114217673561	0.0127270246356688	-0.293978043212785
-1.21869197101136	1.49333952098876	-1.03060735505534	-1.74449790658154	-0.0349521649093675
0.625831754651811	-0.188029873633065	1.43030123789125	1.31541009653799	-1.699316487224
-1.2330303914296	0.338786461817067	-0.828600873589015	1.28817398179359	0.361055872929667
1.12613779708754	-0.821137854291372	-0.253614559268229	-0.0112571850199623	0.835086288213755
-0.773311385329211	1.11723477294435	0.133024490524372	-1.03323048961133	0.0394579385672162
-0.0228688182706213	1.11727087435041	0.236273038109443	1.14709808721546	0.632469141113493
-0.464678539737108	0.597687017737063	0.791228935704462	0.925237095535017	-0.296296539806985
0.49838682204655	-0.871409031222888	0.0198322478273677	0.249838622452705	-0.971600959884304
-0.266851181726326	0.477969553568048	-1.69679492881729	0.179536808306572	0.29193354020667
1.17367515286248	-1.39708780160184	-0.946384034945984	0.482505063988306	-0.051317669623935
-0.446939141740582	-0.1446378094149	0.0398306753840713	-0.217590990948921	0.703989052743349
-2.05367649103427	-0.882883887801037	-0.930916065849701	0.11812865830375	1.04257112103034
0.407763823676638	-0.281597268954988	-0.880306886391738	-1.13209659540297	-0.749875507359996
-2.47638526229795	0.137160599406665	1.01124097633166	0.0832590235898059	0.202318027513569
1.0687495957125	0.51296421741676	-0.288861838852656	0.318870870057853	0.655673283846466
0.484401462401559	-0.271147277433375	-0.00508125499236432	0.747102092140093	0.469823971530378
0.237793033225412	0.711672178682468	-0.865296435286021	0.277182644941894	0.396438291551897
2.53547612135929	0.0240679260452579	0.455717558212303	1.24801023776403	-0.126739754730826
-1.22427666897232	-0.960377451403184	2.82814115193828	1.39711079288161	-0.361048158894143
-0.399958401082281	2.48305560927508	0.0326092139475788	-1.68662465267674	1.0964426033141
3.91924531588679	0.158686899692664	-1.31984442908386	0.499520855196068	-0.952053164221811
0.3750914703076	1.33758066850024	-2.18373311622078	1.31863539301331	0.494043102189126
-0.323590566876202	2.06196126725197	0.268233950999576	0.16056454910785	-0.186396543204743
-0.191526738761501	-0.470398087105848	-0.127226914700928	-0.340111872563432	-1.3258446505593
1.11424974989188	-0.622403788358641	-0.243748943422577	-0.214178521643346	0.55741169053226
-0.33034164891823	-0.0494497207466957	-0.0305002869218108	0.23406891461015	1.13496512550958
1.38772283311943	-0.507733522155475	0.45751545327781	-1.81788510605548	-0.236145331055934
-0.100438744645056	-0.727734101750843	-0.777672227452481	-1.06249832516734	0.204445965907445
-0.0997046671060376	-1.00899407185625	0.00287770996212297	-0.454831801766859	0.0522718834087617
1.52885916270353	0.12486964485907	-0.266733291412552	0.479707216083828	-0.410054568289691
-0.206788052777573	-0.935543162553405	0.463749750794378	-0.339046623938783	0.422512154720249
-1.37499332445618	1.0274600619409	0.761041622558395	0.469794123125538	0.617721687257335
0.151690704181257	-1.48635563672386	-1.09623690490553	-0.484603749170268	0.48438761674759
0.188829577835972	-0.0592718767521838	0.156354383323728	0.136630878612081	2.41677105139907
-0.651955921086968	-2.18826855703587	1.76191947677577	-2.2282945961702	0.186113086597716
-0.15616990401379	-1.02914867018376	-0.0188065814248745	1.79084616957897	-1.28324121548644
0.0448314157387214	-0.873750440085434	0.0810899321600765	-1.17381761014562	-0.697761901889426
0.356959556239401	-0.44791649268658	-0.911485010968069	1.45931301535622	-0.88897968621419
-1.38156537248962	-0.90855113060231	-1.28990107418949	1.38746147343753	0.870088156748627
1.67490035563857	0.0347727602077355	0.119050523737112	0.102190283666953	0.146519623915962
-0.538871501192268	1.71024075652877	1.39701113765452	2.31878542215398	-1.65617038131876
0.914421662201173	0.664529121058702	-0.985482099512825	-0.69589150072189	1.55920131701367
-0.513760374040745	1.02522848459303	0.178534840503873	0.437255712344617	0.521106466211615
-1.23066646651022	0.0490178370977028	1.5186156420101	0.295422485407433	1.21721403596526
0.0159223112132269	2.05341372367778	-0.430251499846388	-0.25775189196003	-0.495176214881009
-0.731303196546795	0.0580804537025464	-1.1696882276906	1.69209111172061	0.169312173686594
0.730655801907527	-1.27821091843607	-1.45157701637031	-0.138174075092271	-0.538556353078648
-1.61131835940481	-1.11660581863249	-0.438939159110147	0.0106201413380146	-0.667996969945741
-1.94102243949044	-0.292029233690556	1.20915857566444	1.26877668699402	-0.841896689016576
0.616933567990042	0.383353069094252	2.16461133096532	-0.807298504345916	-1.50813775833388
-1.04937740050718	-1.17492093606474	0.450223919201158	-1.74292193728319	-0.319393097537635
0.17661371820559	0.506691067734326	1.39224516564374	0.431845780889671	0.651577487167622
1.15172513430152	0.306282228503714	-1.57298523425511	-0.844726752919384	0.207759977583831
0.4935758645171	0.144263471615736	0.759278073954794	-0.823391444477313	0.275646994937469
-0.298771924872898	0.750492368793637	-0.353841716271829	-1.77666629382457	-0.335814581893694
0.33031593222997	1.86769480017196	0.460043112058304	-1.54237939731469	-0.470073179958265
-0.066069688479525	-0.285232732250298	-1.26275538723473	1.39588207979632	-2.9134951328469
-0.488785349340768	0.385532729371952	-1.14745786196751	0.181592585087276	-0.0828478498283618
-0.572611618612232	-0.784391716736932	-0.715290687201674	-1.02304692193234	0.034314036535863
0.34042671736126	-0.0146845271639219	0.413431238788589	-0.425347553401619	-0.738040300640243
0.377830899829351	-0.779816287078007	0.588913278320629	1.30186082770018	0.168926208360825
0.756738290239641	0.0739557605331914	1.12285660088232	-0.525747632035019	-0.0653346538602145
1.20006899076625	0.774881867789954	0.722899387482187	-0.298375755695577	2.31900048599236
1.26902048301357	1.18585857871537	0.560615623729573	-2.43137574526227	2.22472284019855
-0.375707038193382	1.5516565195589	-1.65434374876387	0.939802995762518	-0.691141088444747
-0.904195221284856	-0.651642328602603	1.83738084176961	-2.42473321173607	0.159486140584554
-1.90712692616477	0.0612750276460143	-0.90566414139347	0.387704916878133	-1.57988625293365
0.256019090684395	-0.641748729639101	1.46870953248214	-0.653738081190336	-1.65194745122703
1.44879696119664	0.312330774806935	-1.06659164675064	-0.320354478440134	-0.26545345989957
1.31061974568814	1.61376269638041	-0.0607554152557937	-1.54875596862487	0.28329370208984
-0.476058276301916	-1.81961529269216	-0.31713820321069	0.984326012756132	-0.978155676770322
-0.201884225035547	0.627292356201874	0.22841722342797	0.509787515895308	-1.0730898505721
0.664615328214379	-1.27312988343457	-0.486788723040092	-2.84036370498943	-0.0302764883956114
2.48294739859013	-1.53036696053577	0.639080119773532	2.41727054033241	-0.739095248260099
0.509797966915197	0.776826330310395	-0.0318600383750996	1.26752570889391	0.871947035583705
1.14000826113019	1.44165973399611	0.223148353453862	0.30347932954433	1.60066277147579
0.22964993325837	-0.582974216699309	-0.427934218601334	-1.59369750494936	0.450730038680081
-0.181785259923317	-1.02276747885438	-0.0697887403932244	-1.02151210415311	0.488085345872199
0.472267504081946	-0.25371307572189	0.816364685622867	-1.43510458708914	-1.05837355006903
-0.0850475140470339	0.533626980183077	-0.180448906997801	0.642300012403212	-1.39133871740529
1.0797932943938	-1.34619926369082	-2.01173950381877	0.250422915432346	-1.86188511203033
-0.0886825498101078	0.814313950526056	0.272237683398483	-0.121530250922048	0.282250060375281
-0.56350413731154	0.689816632243765	-0.470147179743613	-0.907089399679614	-1.78452678832992
-0.475139962610911	0.033013569657084	0.643055533846788	-0.213500248759997	-0.283180114754619
-0.106984169441971	-1.17776115618022	-0.0812549152347711	-1.33512841585665	1.30504480111259
0.715426220429738	1.21071372594281	0.726947261262729	-0.260624638339186	1.65566734424432
-0.524239002447957	-0.79276614891961	0.160592050159702	-0.257509611619444	1.55720052450966
0.56784928015181	1.36459014030592	-2.02021054322088	-0.856168630944409	-0.963990771343949
-1.05742181706138	-0.604526473549415	-1.00106155523682	-1.17034979756535	-2.3347330417298
1.44824784276826	0.760364983058792	1.16653223501585	-1.04916397395977	-0.120064177259224
0.808840840846703	-1.38326357985546	-1.40087964542869	0.0880295150655722	2.01366237016985
1.85185548502801	1.18135592991383	-1.32358947579281	0.38698650547905	0.596000852200394
0.0983520705190046	1.55609834935999	-1.19640215172545	0.898697463583706	0.0107657511422222
-1.63910310746287	0.0010945322219631	0.805051164544093	-1.84268026952064	-2.21198507162342
0.732786590653761	-0.0246647757510339	-0.327295936329704	-0.175513429666571	-0.743915048048722
2.46136283471211	-0.928155162387926	0.614242958967433	-0.1902221722856	0.511500194611151
0.286122335926785	-0.760674513917875	0.147825941004467	-0.36724964585098	0.882095087504445
-0.962721868234763	-0.586422311482436	-1.90327256364397	-0.586320995963975	0.77522417724176
-0.00247590283727421	1.32919476870187	1.05121467941054	1.54804719755838	-0.677916272914195
-0.0388983933692666	-0.439092010257086	-0.132169086690547	-0.928341085362104	-0.206208881775515
-0.223732255911544	0.1633019102676	-1.80532873100668	-0.471873099756673	1.34980564826855
0.130298574489905	-1.23238762122146	1.71594775151508	-1.18881937713201	0.517953830069251
0.0403420118523686	-1.303980501681	-0.138358968570635	-0.902864396222696	0.117244494845298
2.59464936182761	0.872709825132685	0.413618488175857	1.09872498970129	0.0437023447733009
-0.650388718869176	-0.308432980925914	-0.0133871229986269	-0.129043791028893	-0.188836252137272
-1.31757033192724	1.85382585332409	0.153218704151219	0.312200062123279	-0.026754701748513
0.336469110433213	-0.953390871980327	0.299073481451907	-1.11004358689968	0.0306272102703335
-1.19288445941755	-1.05208640331323	-0.0611261965774698	0.431413049317934	0.242761564858448
-0.410161982967563	-0.828723049436955	-0.959533172891297	-0.705118915089176	1.23870180817048
-0.563518588759461	-1.61152273999116	1.3578220998532	0.327197138307952	-0.261838247599462
1.24670433217025	0.421200234570007	0.0437787254645062	-1.80787139336992	0.414312562347482
-1.26179176571154	0.492339976636315	1.19450767341271	-0.123264848046948	-0.551166232300182
0.0539732919038769	0.300460278254296	0.441749003852357	-0.368228267494573	0.602080925722243
0.314962228023583	-0.647658298040865	1.2372123262947	-2.17391554394443	0.820306944168146
-0.996405264038805	-0.0495640978205494	1.33553354317079	-0.993639066764659	-0.698555829101395
0.497488941769766	-1.53131911986738	0.336281635188885	0.692726793524053	0.0833931536284162
-2.13422143201095	0.780893798475965	2.0262135083847	-0.490151391390063	-1.53443236219346
0.66758688342556	-0.338796833953755	-1.43804156760489	0.992705926456379	0.812492353994248
-0.209206637724105	-0.488634935898559	-0.219892841600534	-0.272298074073242	0.81465095087622
0.82095319546911	0.209947188795568	0.460605776699765	0.809175586826183	-1.33626631820301
0.720880126382974	-0.410380005246869	-0.935336510880941	1.00201505118443	1.04424390832541
-0.525345594916487	0.763093647759434	-0.126627462151325	-1.30575087040254	-1.6405494796633
-1.69137148586188	0.55747876729785	0.967881324714107	1.57203039790735	-0.796474687893952
-0.449330863604714	0.0657823730948557	-1.1975005405568	0.540779196748451	1.82236423389609
-0.00624909280087401	0.194444643659748	-1.1405408391692	0.463856436327005	-0.218967153099123
-2.04735265958046	0.0454231644739977	1.09290806065199	-0.364518996036631	1.29397556849411
0.954561309803496	0.504388248384217	-0.594039392783717	1.00896267806361	-0.581233198209403
-0.859734540541466	0.355734554008743	-2.11903928425263	-0.331467595831099	0.549597454665441
0.242872705250141	0.395949411104996	-0.160879469881249	-1.1447828807654	0.483323756125935
0.469241886309074	-1.17460782782983	0.16206860182502	0.548751557352589	0.68936977953607
-1.19195995811438	0.937071940802069	0.933426464324014	-0.91269479118283	1.28196766817284
0.381148403638839	-0.0513328999440619	-0.493761725033929	-0.0949055050823892	-0.814356753559959
0.244771195423583	-1.51987946521426	0.546059998484721	-0.490821547835906	-2.04407063861027
-1.86869337047184	-0.0388577678306321	-0.73436500271462	-1.64350755573832	-1.06707822729142
1.01041224669993	0.0681903326542703	1.00568964943808	0.084536361609139	0.062748427541543
-1.39434720844854	-0.323268410351313	-0.244843686170691	1.03148058304373	0.317390498589608
0.730427924892069	0.332953853093176	-1.62439236253927	0.893456874604382	-0.64906979019796
0.0316867616653184	1.10026129307273	0.466640787849489	-0.159085190168669	0.834094504445918
-1.00603447906242	-0.647576509963591	-0.19006573793319	-0.463395527109687	-1.36265131824143
0.104264656055039	0.220933059906369	-0.235439141928639	-0.57607370224455	0.43236692190893
1.52866322249849	0.800674792836216	1.42492953561475	-0.603569467891292	-2.0076041269301
0.478383604150295	0.621434816211374	1.64034688263201	-0.999588644978261	-0.459033787360568
-0.0610279685780642	0.627246875552136	0.211792459751611	1.64163686430829	0.502183736457822
-0.531369179929603	0.199092115467669	-1.23554744663723	-0.972515847363909	0.594281461522057
-0.286042881133669	0.770143658371264	-0.2729991772985	0.0181868942178716	-1.59275974279819
-0.128433008215168	-0.00974540120858381	-0.224015752699456	-0.159799932067749	0.375706063596745
1.22322980880625	0.137536933038928	-1.07288757256331	-2.00879811675184	0.484428543887618
-0.531643931162872	-0.452619653729954	0.352583920273552	-0.0573110597930759	0.956435844849854
1.68286244126908	-0.501771990948336	-0.221800826854417	-0.0843142554311992	0.210018017376052
0.0265177125347125	0.45974935294585	1.88766979960463	-1.06986336592572	-0.5339549152149
1.98362890908606	-1.6436376003648	-0.189141616398394	-1.28162913829476	-0.412734706439354
-0.1707960153565	0.370496686468736	-0.479959300630193	0.344117909457784	0.119283894554094
-0.885824612213039	0.457629018137704	-0.625901436425517	1.50514703356325	0.417686082416601
-1.37164614806755	0.841447311924017	0.539492087552979	0.928900704836973	0.623573189479227
-0.818085664743766	-0.126719524708449	1.08186600278727	1.4323777656638	0.745733976944928
-2.09126323375659	-0.056339940786302	0.49411544582362	-0.68764266901278	-0.814157859355068
0.623298305134382	-0.292653314934364	-0.0253194799591367	0.583918656874164	-0.826440374792463
0.137024194229791	0.113059285056453	-0.577330938385108	0.750221411020015	-2.55988125266679
1.27009579514447	-0.992562240628498	0.0385150848471885	-1.11135182553375	-0.124336786627167
0.995724388269498	0.346866899471559	0.744523397133415	0.733694948771703	0.58558666397367
0.119759743029096	0.62730667162305	-0.0691074382590448	-0.634248906632688	0.666541930977605
-0.684612366091722	-0.452242431112832	0.493501169397977	-1.0849795530961	-1.57837478947085
0.00763818250192016	0.456494309577712	0.85962433130141	0.426705478277612	0.940600114836712
-0.0159139826765751	0.742574321267941	-1.93850823187797	-0.181744982589477	0.660639461274206
-0.203689759732431	0.0627109905695581	1.17385197690071	0.148538563869597	0.213800956467921
2.11122608845398	-1.75175039110415	-0.846549296950415	-1.27766943643999	-1.44849086807057
-0.0255005310261084	0.067064211403255	0.151475624083134	0.284216337043656	-0.640205689259063
1.21416116103757	0.178793835350488	-0.774149659238293	-0.678447159198514	0.638130020793187
-1.32696772329043	0.602734961197125	-0.0796133091591365	1.69549121766338	-0.0696926807726944
-0.52109854324764	-0.195950269827482	-0.868801080700004	-2.30907704631206	0.293767789663157
-2.01314315186666	0.0900103732111166	0.711163711588929	-0.145722165825551	0.539450877118817
0.00279003021021359	0.542086086440099	0.592094310459877	-0.228974654279944	-1.15550784470997
1.12691343087631	1.28599290711918	0.176410137345571	0.0634376155990488	0.420715226317639
-0.431045872874221	0.0585480496759824	-0.678554141794428	-0.110682962859097	0.428385610706047
-0.140154383681505	0.745860827050127	1.01779266919071	-0.630997400604386	0.165510143727569
-0.73737748001555	-0.92142838196856	0.334652342456203	-2.47140417523892	0.201116453891869
0.0159231103483903	0.0522488056979914	-0.721266833620841	0.222677037406999	-1.12785577658079
2.44332213632612	-0.927530017326804	-0.308670644880266	1.13313426834007	0.589635323484869
1.34342545641345	-0.11499047089013	0.421992278707774	-1.20541455991815	-1.86947392464377
-0.94330195856172	0.357444469444408	2.14188538893214	0.530715520242786	-0.887271374402765
-0.00700695304782198	-0.236144046133427	0.530622569138903	1.06791543222757	-0.124564340064982
0.453756087756272	0.164003186578613	-0.844971365059292	0.455521015312167	0.444321871829959
0.544553791553307	0.410657750350854	-1.03426041538041	1.22892155760389	0.231683884464049
0.893729619081928	0.37347789882812	0.596289157525737	1.01569319406652	-1.01637037797968
-0.478728389106652	0.209704697823737	-0.807953299933381	0.120252362157005	0.281050015230615
0.139904629514923	2.42892176145962	0.276356910581973	-0.277213241214235	0.677013764168664
-1.17932451493156	2.40234340743513	-0.221250779052954	-0.167016736150375	0.544565549277252
0.867513313518473	-0.147303473513238	0.113705965745429	1.25086384478494	-0.133361287580637
0.881006437788607	0.62980011842413	0.442239082292393	-0.598467261088398	1.31897310504318
1.39068296328262	1.37309011967119	0.582336649604019	-0.39429697024872	0.777142871415212
-0.393233224464837	-1.26239185601636	0.67105710811563	-0.379202605378993	-0.311555364978994
0.38109632088067	0.10276372259907	0.0465351022375065	-1.05904696254469	-1.34362644227215
-0.494834554036802	-1.03265507612484	1.49656532919923	-0.528787594765197	-0.130067961957521
-0.881640346247476	-0.390351282675859	-2.00708653851746	0.927349115382011	0.790805778478512
0.86237243606319	0.589106278380017	-1.95631176123378	-1.88119679781287	1.06565841824182
0.758415302787992	-2.38537895123413	0.778804365345768	0.260277530077078	0.156067123151618
-2.31251179307637	1.04831012211405	-1.40101239197296	-0.462159798846726	-0.593372757302475
-1.58302143614954	0.0351664589181207	0.933634794107236	-2.06302485190538	-0.224633332121342
0.912330365917306	0.513098656825755	-0.529170704715294	1.10400276699919	-0.372229405082161
-0.503160980048184	0.809794093327972	-0.42032154062077	0.149068077557996	-0.211960209064248
-1.0399188327759	-0.397474884217754	0.983482984030597	1.94179676608817	1.03776169831659
1.14584162806094	1.10072275400202	-1.03223372196611	2.01544571984204	0.134571390162044
2.05289989024779	-0.123171076663127	0.299991995799731	0.127508175889052	1.2981207588382
-0.0275055075360642	-0.349477928313388	-0.602957339276179	-0.27784750443091	-1.05226579945993
-0.361964538138118	0.808101987262934	-0.0621477494322607	0.226720341842123	0.693179916795025
-0.21398411961637	0.903094299800059	1.46460868364901	0.348326070273813	-1.23344976998276
0.150296821049462	0.870942195532351	-0.706732918798851	0.26645424201385	-0.893489597363891
0.245317744714122	-0.0678155858935604	1.62096727894822	0.67296281708978	-1.29813830879232
-0.291668387546216	2.05080819241666	-1.31701197951709	0.938507734943362	1.63164144992473
1.0707465387732	-0.719944209168018	-0.87690903651273	-0.311953667530261	-0.0774573404050045
-0.691848722534345	-0.0243901272739928	0.357582185322556	0.606524932983014	-0.622750856167829
1.41269695890192	-0.309878765406021	0.773635117339046	-1.05287533744757	0.102508400336223
1.08011459141477	1.27553101304474	0.429844304719297	-0.260045436235555	0.621890930968853
-0.172747999319659	-0.166709005553974	-0.440224621805158	0.439127908716073	-1.3467422209907
0.219739054732525	-0.984637908307317	0.0131353508076098	0.270844023854618	-0.682443498088993
1.58801991424775	0.559374953127006	-0.154177187560231	-0.477181027791717	0.37997863211784
1.73069053944405	2.05457434426182	1.08740429248757	-0.182730262037631	-1.84006164226639
-1.04729731801451	-0.849180083122027	-0.225084859288309	-0.656668446228196	0.329574342971909
0.217930401190348	-0.113670313446827	-1.00391845401582	-2.08477145751823	-0.348584473553342
0.983304706526303	0.517861381499726	-0.362018073868704	-0.536983279744035	-1.54933514592914
-1.42632599752067	-1.23829862951466	-0.0849131966157557	-2.42820215938973	1.62298338605806
0.824303596108217	0.442323834741145	1.33166160125539	0.50129572094525	0.453521430834083
-0.662236687791441	0.35749218925815	0.592209845720724	-0.240630800665665	-0.0569376548409773
-0.648053533732632	0.533546080710339	-0.437550747327866	0.205756352300909	0.794093570601755
-0.647742371346467	-0.219441816286361	0.130649431747102	-0.357958742459548	-0.757851659456044
0.5126134529406	0.542539745506917	-1.04482205336866	0.712057550396462	-0.431019652130634
0.936608517630727	0.622407303569071	-1.95848618687353	0.672449750260982	-0.0508981317016771
0.126664920573686	0.559616455463543	0.752875102543037	-0.701254262479977	-0.553956699446995
-0.654038752067651	-0.61613081140955	-0.706568471410192	-0.639144580226999	-0.637081424894038
-0.291763417022421	-0.678240699023703	-0.322066659475006	0.0126675484856663	-2.10687533824295
0.722847618291792	1.28189332015767	-1.91419442257649	0.507067113391548	-0.590888481728443
0.356856615054297	-1.46889751424958	-0.244516178638137	-1.98939629189246	1.12097658251514
-0.0282642993375008	0.148233597341176	1.06334928202767	1.25700473932912	1.61875398129311
-0.525147456420955	-0.100686664460184	1.8486122055161	0.0349564777248008	1.13138455466917
-0.679280534736211	-2.4396782913019	-0.213032525509961	-2.74439672958954	-0.656926137918082
0.745125902561919	0.425423247602729	0.394121749469014	-1.09447947630941	-1.10657681907081
0.27240234698892	-0.077399568934476	-0.292103614816629	1.66847030285503	0.784708993249039
-0.00402127139881386	0.335887124431665	-0.641220309856551	1.72524475298403	-0.0104430477050132
0.9727670246481	-1.67807256644869	-0.0236870223022186	-0.207886600765657	1.02006343152993
-0.723483038735236	0.449377600154307	0.497591575764422	2.0085801735749	1.97235440221606
1.49336756449069	-0.737901995586469	0.753723729011454	-0.863394788045435	1.7434214156682
1.97568799033057	-0.745939715678306	0.823061575896831	0.631553101068026	0.0637174935628282
2.34612740579156	-1.67773788733981	0.995693566126005	0.293797813108143	-0.707406286109375
0.520099357343133	-1.6134624550578	2.16660917541767	-0.213141704828558	0.341453405552991
-0.73494426649854	-0.412276610309748	-0.529395237340871	0.522413527953206	0.149498489696771
0.0954604298675709	-0.373156253579522	0.793721669010617	-0.381389899226755	-0.0779202505689032
-0.506254613166622	-1.04614770780568	-0.927373082038081	1.75961190908654	0.116712250889735
0.748450708966772	-0.545795572667617	0.350912756843715	-0.175452278194243	-0.548778811308164
0.146041690752839	0.297007114499053	-0.304902976413534	-0.323111902656544	1.08518049359544
0.840717774220008	-0.646970275190066	-0.981334890215696	1.10782581651276	-0.923264092389989
0.047470841416995	-0.132356691244321	0.636507440150357	-1.05231328960514	0.551698111345346
1.05249877861902	0.623081742918251	1.55641427394112	0.490699002555825	0.256839529961787
1.44924396118309	1.37515535278451	-0.202356357365629	1.47267476527881	-0.551730069120193
-2.27759766379975	0.754794839724815	-0.929271552979911	-0.38229119266896	-0.860354131478627
0.813508325513133	-0.484598109781493	-0.82343724405462	-0.590044052674248	0.611604461079039
1.42283541567855	1.57835399090216	-0.723801656109191	0.639181690960714	-0.661333594670907
0.755474218844854	0.89074671951888	0.0967757009988865	0.993387118251909	1.44806863855095
-1.14630495501452	0.0714647141159732	0.944795835663424	1.67821833547515	1.64483322504318
0.178826821976651	-0.21040955043975	-0.3258812578289	-0.551353299017914	-0.512147798495842
-0.491631573676264	-1.25386945133524	-0.887298658609418	-0.0556380590862082	0.118343247782958
-1.81620317024805	-0.526985259763544	0.53093519938696	-1.80477024009301	0.267051006721165
-0.821255694895931	-0.949517691040844	0.0358218683321387	-1.68963820031867	-0.0277059906480906
0.000648996151030086	-0.643686464922621	0.877671421482178	-0.585544503446939	1.18989769977612
1.44436325101668	0.350068910013219	-1.09322841596234	1.00280689138438	0.507225475726681
-0.24847965731536	0.966738648869479	-1.72308297576891	0.845335763595526	0.870776296243983
1.69117814311093	0.610049659275256	-0.10368803340393	-1.48610697301931	-0.606284545614955
0.357952583988793	-0.968907210764064	2.35729539816894	0.688326933997827	0.901327205648315
-0.551056826876238	0.737385105440562	0.711462013638014	0.513704032563938	1.59502051213129
-1.9209931536965	-0.392960737085326	2.18580369434456	-0.200552767581284	-2.47860342410177
-0.720135496316384	-0.320107935008877	1.51151799576298	1.53434286938423	-0.409788023210564
0.581100527369552	0.222604629116869	-0.534376079614511	0.517787811335047	1.55205058045458
-1.05422308880391	0.188923592094607	0.84602897390435	0.0306536631022093	-1.36219250466259
-0.558562978039501	-2.0694156612692	0.147744668760581	0.313846232636724	-1.06741429768183
1.05819425413138	-0.869734147766146	0.678133397838205	1.20303004365073	1.2072884082129
0.180774042137173	-0.850805142487064	0.638664067669502	-2.91049098279409	-0.708447906753671
1.64994616997492	-1.48977419032641	-0.672093774969036	0.131689031579375	-1.13138714669278
0.688891203635928	0.947570759303932	0.0740830234379952	1.85394015246524	0.441495344096411
-0.211989151905503	2.01195084203079	-0.446745667291174	-0.0125509039866409	-0.925165669342495
1.21920777519668	-0.0512956508366635	0.0779845666587148	-1.16551772258128	0.763978893030618
-1.16206085334249	1.01710453160767	0.0298285617225905	-0.284913949189125	0.111354031892826
0.914543252268782	0.392369129739602	1.44147093755835	0.510225898317544	-0.432577995613593
0.475485824224337	1.22505966217301	-1.13894468964042	-0.425944898308585	1.23498695037932
-0.916869727761816	0.0432481634386437	-0.307738416639371	0.676918262184135	-0.176499503854449
0.727941722839655	-0.0370699802102732	1.3111402386491	-1.06655490137458	-0.960230716444521
-0.267738197713314	0.395824738542056	-0.472467463518305	-3.14297349482469	-1.06024650362987
-0.88128651128674	0.0452489854517661	-0.211448204528102	0.506452977069389	0.0396529924182512
1.3706716054766	0.04322479517902	0.158845325063467	-0.685422762906015	0.890190302661106
1.70850575059055	-2.71510877748524	-1.28990698037808	0.431671837827523	0.686596471986532
-1.41377011400189	-1.54849103363069	-0.918501251566424	-2.2623380506283	-0.495251642424679
-1.63748469934355	0.0620324892037034	0.897816309598753	-0.227968634510047	0.86675480704839
-0.0757097977677079	1.73494792407937	0.51945926565717	-1.04473344367774	1.34599180903872
-0.182687255997654	0.65056172703422	0.150365059627683	1.69170508844921	1.9379099032469
-0.523994075536992	-0.0124192843226379	0.15791189175785	0.845024681898652	0.251903825657427
0.919174045600734	-1.55544105139435	-0.944083410398739	-0.480777460172896	0.779369261946905
-1.05596697271862	-1.20044197893605	-1.59342389322031	-0.0627720936774279	0.460185187048498
0.743992638796414	0.64533366948286	-1.99242750807894	1.73358181903008	-0.645844653155247
-0.418012840283962	0.129907341449085	0.446877386775966	0.587607837894123	-0.0331172005843683
0.98649723649738	-1.39065425905896	-2.47974074743788	-0.0942325355146014	-0.0371043238912899
-0.0610985034465849	0.26611904792841	-0.186800565627076	0.457136475323052	1.93846748359506
-0.426758734002631	-0.37965415312566	1.9387342301763	1.0092808336224	-0.967974002157369
0.105756415845035	-0.728998133534712	-0.215128237329459	-0.117079394144208	0.733653424680002
-1.38976229846843	-0.607400816604165	-0.453892262532617	1.26540151800468	1.7309798438691
1.04662434652078	0.962665444382135	-0.0604874118591616	-0.55452274330806	-0.397301920742045
0.720980674087507	1.5747618660458	-0.311582408446404	0.404317891874931	-1.27126973724406
-1.40337917259604	-1.56670821295958	0.999147614266389	-0.248987987637712	-0.286619961333329
-0.251449444990377	-0.784765853852043	-0.659112412616406	2.34079370548605	2.16122071165046
-0.364863265407589	0.454882185390625	0.425284325437036	0.103302351249133	-1.39621944005515
-0.00149528336165906	-0.821438779823518	-1.4958050384281	-0.0151382844651418	-0.140387553988565
0.190104069927252	-0.787998702350885	1.51465418048375	-0.305265973007942	-0.680457928936124
0.910458703377702	0.947605498832802	0.710551546262263	-0.679292761962656	0.510798679852934
1.889064416512	-1.84634042842396	-0.252085054258408	0.903360037881049	1.90077770808144
-1.82974653344507	-0.725892156429429	-0.219003496631518	-1.34680191902883	-0.748705547975408
-0.405167736945896	1.49175805966826	-0.434895213571696	1.78118947646871	-0.0163075887012492
0.945572538682577	-0.488031462894966	0.184517366350154	1.65861069975129	-0.178764288636368
-0.622529855645076	-0.506526435613468	0.0989152728194801	-0.180980592875048	0.398076105022534
-0.425001027595595	-0.7777664713955	-0.883123187759221	0.536130444473448	1.24787215122239
1.8849214541669	0.0327054508956929	0.274049508120788	-0.974329193449557	1.22201739272105
0.820621671358044	0.0347665194895155	0.308072333794484	0.204572303735388	-0.661364227498083
0.717387938416677	-0.276604950811078	0.6071626419981	-0.176721290593514	2.26891777390665
1.37679349116114	1.40705563124245	-0.210548872910372	-0.231235386368912	0.701847884069602
-0.0919265045278054	-1.17842463345812	2.32107274640325	0.988922009656811	0.966068961225554
0.5474393561486	-1.06774941950289	0.380362486761178	-0.881486060825057	-0.693440725089498
-1.12955022370615	0.626542080602442	0.171463719037602	1.39328768406626	-0.399844767504743
-1.64875241053793	1.34601872815602	-1.1001031199784	-0.430629190194338	0.0415819153206433
-1.33148075333046	0.145815471966307	1.43670586681794	-0.356350961222477	0.498663596763967
-0.362021635239706	1.36014495651265	-0.0659427210579035	-0.668444006040395	0.610750177474735
0.273884794766975	-0.521762798660046	-3.33226293377664	-0.96774102002029	0.86686551094725
-0.879553724004379	0.449368686590243	0.371491795780425	1.48597700005026	-0.488800587719726
0.328680568347493	-1.82222347823173	-0.156596439954705	-0.11966363797324	-0.540095428915165
-1.77680802778639	-1.13242522395379	-0.136769036385945	1.47459688098097	-0.0423939053724617
0.151794322649473	2.75032250075388	-1.44780539293919	-0.93855660228696	1.30680461001058
1.72435681512998	1.44730746110043	0.727914232721837	-1.80402619651537	-0.4052032243048
0.652240933938292	-0.913055931469349	0.31327258526911	0.76197271633744	0.595152054931221
0.199390787425282	-0.236848740457882	0.894307962741955	-0.869519700535922	0.433106663750996
-0.0416024438359341	-1.04061971210832	1.50724393045105	0.0552930570137583	0.528151613922948
0.86653708650909	-0.658346996067371	-0.110504973235624	1.14819992257961	0.245043527491565
-0.277412061753372	0.0842363537267816	0.386395256810887	0.579483915090431	-1.72848647122536
1.18846087645138	-0.271312006305608	-1.54600966112119	-0.712718349980715	0.187956969229333
-0.520104731006901	0.340075234473382	0.815917479276597	0.290025741206677	-0.510135243018931
-1.17381433330726	-0.322516648063207	1.08338830727604	-0.028318716628136	-1.05447772346583
-0.329915011367876	-0.359557867815335	1.10691669951017	-1.25583850035424	0.754922458562929
-0.773280868387328	2.063147000369	-0.222532936910538	-0.008269311891316	0.233882985491426
0.0485452855870531	0.509875276557136	0.312439530392503	-0.769998866415378	-1.87201982773142
-0.923341323652144	-2.39530387160871	-1.02494155176843	0.200157235704666	-0.00666511535605572
-1.18015495397179	-1.28614621331267	0.504750018019842	0.851978723104861	1.87145806533923
-0.130784795677301	1.41867398595577	-0.96887690390062	0.120491847909175	1.02111479070345
0.168919658529674	-1.14538710701844	-1.04712628789317	-1.23644711934185	-1.05951105314723
0.0143110993388521	-0.660283354568328	1.36728905438924	-0.892676124606483	0.711655838325548
-0.459033776888194	0.351234954744807	0.34163504970476	-0.151124447644707	0.0290606413575692
0.865516621558719	-0.793002302890232	1.2837305771461	-0.736592134838504	-0.268399084435402
-1.05364599270843	-0.413070373924124	-1.75525351816136	-0.340254249187641	-0.159379409336278
-0.209466099593074	-0.437201440077164	-0.12484249029014	0.625264278599466	-1.55217904274367
-1.25024338279816	0.196044519973175	0.196198492032382	-0.73647460767065	2.59425910856374
0.248708310151595	-1.04121705975531	-0.953129333708091	1.31134708715567	-0.445038441223471
-0.48283981123492	-0.0600026729677705	0.144002903681827	0.194783466552315	-0.174267251580962
-0.621449157741394	-1.78530181213137	-0.86862623331883	0.238101763622795	0.286144883655779
0.376191038929654	-0.224088756366187	1.39013412746575	-0.842381690822529	-1.31083312103148
0.690205964501181	0.232122596203614	-0.400058383014719	1.50966157290469	-0.405892488278428
0.571689792377669	-0.643549657042599	-0.600379058114095	1.63436236162921	0.108419213830847
-1.08016122267832	0.239335813235666	-0.325447959636168	-0.625274932138503	0.839380370760384
0.70840347120975	0.0795740369045772	-1.30455500211631	0.375869091987333	0.277049910489377
-0.498939246512006	0.21124051379695	0.626281811611336	-0.528082885225576	0.939895846605672
-0.0604678009990099	0.266228386723924	-0.742279808824767	1.04244763129599	2.64363009260186
-0.717175355433634	0.861668778074826	-0.890188480313618	0.345132067410959	0.312856258407724
-0.128782196093954	0.625572647254745	0.921126029652356	-1.41851767181825	2.09182152466167
1.16960324241971	-1.32044465805077	1.20283041746111	0.93242306255613	-0.98460937515029
1.97124687178766	0.660461169515962	-0.484676671240663	-0.225449651478448	0.236048199915325
-0.281181043473235	0.485663557814617	-0.988067320079833	1.37162390929746	0.8012435772367
-0.0207807311582974	0.951711828229686	0.136761003377081	-0.466425229236747	-0.0521776016325375
-0.233361996798692	-0.830239474085856	-0.578348367541668	0.201230218077646	-0.19247540981835
-1.14527718912706	-2.01210729475923	-1.37687921154433	-0.0633786714211966	-0.779537823113872
0.180260075474637	0.563146382867216	2.14599294886176	-0.22149683602972	1.04770292366786
0.483008082248243	-0.571364057177842	0.779407171487275	1.30000929660136	-0.266740741211646
-1.60189497838178	0.108690786331581	-0.919490895519305	-0.68614280352449	-0.450956887555397
-1.48169368601761	0.114672252334119	-0.111326858542702	1.08429753666993	-0.674923537815147
1.16244562835853	-0.465306914388964	0.59677507413062	1.37539667489866	-0.612930607788807
0.537986615733002	-1.20376002976242	-1.56790067242553	0.248739170986599	-0.537540530882287
0.299612856924678	0.0508069088828163	-1.81386154300703	1.92065123574049	0.986236209287228
0.500568044930957	0.579182833444975	0.400167223458523	0.61179103227618	0.79025885757387
0.220168107782161	0.731788636462004	-0.546271861659833	-1.03774574442807	0.186035753246694
0.370226694442531	0.24496330667151	-1.72848014255923	-0.555668410984688	0.228105322806305
0.605578778162649	1.69932444763154	-1.44219965739003	1.12991895126532	-0.156943798215864
-0.26418602042635	0.709897903264502	1.51338916113535	1.0941421885852	0.994615129405802
0.256654643099869	-0.426655639632365	0.12641291606491	0.328407871777717	1.47694827035433
-0.366167989962788	0.00972293442121828	0.787166711578783	-0.164936410897868	-1.65633231333587
-1.28624470175431	0.141344925993006	0.659825289997425	0.412430620652033	-0.0713305811020483
0.741578433737479	-0.824191146141603	-0.725876212023003	0.0988282333676762	-1.17285466359123
-0.164679196582898	-0.74555373374641	0.378678779421214	-0.297189880214566	-0.143234436907693
0.921818243680053	-0.614324444929245	0.87434513700496	-0.000616932201006697	0.531576755715342
-0.127635042821165	-1.08167414478107	0.103959961676915	0.596391453049109	0.749236027333723
1.73390843693793	-1.04399489280734	1.18232046415288	-1.4198994225388	-0.358819466391351
-1.43800089436138	0.670475311747259	0.702485793885859	1.11692442617516	1.64823281116307
-0.163036235532832	1.09135331742901	0.543468367762092	-0.282220585946294	0.143845474194754
-2.05495417814858	0.662171226293194	-0.285476837469273	0.0472781878067832	-0.410286153363156
-0.417966184760593	0.388313440109377	1.51687212920854	1.95690912623331	1.58704225873955
-1.64958091936712	0.271503034943125	0.449448904997213	1.32562548867143	0.0634423785064564
-1.03947393643425	-0.852293133871002	0.503697671402665	-1.53746987663859	0.281059111329589
-0.537094133663967	-0.571938701039357	-0.0974920554037714	-0.615578414170752	-1.7717996183812
0.82493573711357	-0.539256192689648	-1.75740351976316	-0.143749911440606	-0.146757122374198
-0.968340993826847	0.545346820334747	0.647707848720606	-2.38641973813329	-0.0910517264265948
0.471916656120652	0.967789094660201	-1.09151458314698	1.1424158331781	-0.175023168129176
-1.19718056933232	-0.464222598260188	-0.706495727703981	-0.0868783696660048	1.51960191607749
-0.518032321972569	-0.525449891193585	-1.78295778345701	1.04646641456591	0.75652610939747
-0.79932394386036	0.863085247705548	1.22121032028508	0.600821996439801	0.757368929959809
1.17561199937178	-1.52853049219064	-1.38927243480106	-0.170305210198598	-0.324805630692763
0.30515502355672	1.41090139084631	-0.34661850738204	0.598223820917736	0.714685683593835
-0.542714653547785	-0.154181699546438	-2.03375164397542	-2.27271593979929	-1.11163097283987
0.273015663343361	0.641912665283901	0.482135160489973	-0.718772805754433	1.77685200430005
1.11605566115681	0.570464840183168	0.875102793038762	-1.57839777452686	-0.33186317102703
0.0928060172733596	-0.0703798238807761	-1.36756665889609	-1.05845873700829	1.61493576556403
0.447716606286714	-0.174592603282096	-0.414115136753429	-0.906753828632171	-1.6240496511135
0.709291145123021	0.531754757884095	-2.03547442336378	-0.447821492170016	-0.195367003705086
0.167077216805722	-0.387343318157315	0.587536774274158	0.13450470841373	-0.630351858934169
-0.380648727004773	0.332052901787621	-0.824223902596753	-0.275677040811108	-0.806684124687348
0.799290065810331	0.822984247745778	-0.585288966728418	-0.413534597480657	-1.32761047209702
0.234556564909742	-0.0924120274007517	0.294360352883363	-0.625147717016768	0.77220841390497
-0.944734348973212	-1.39242542805531	-0.728990250051948	0.527398360085885	0.90184610069342
2.3177647282102	0.337581510752176	0.806223106281126	-0.656313657646708	1.381197542743
1.35039635434109	0.0472461397190423	-0.153104565161213	-0.568786065473269	1.00572811669012
2.71706937313445	-1.11445454631855	1.07892835943971	1.02881488492527	-1.04552350605532
-1.56468904990598	0.162230454482718	-0.219773483489404	1.03884973911606	0.478134486255008
1.12506546765819	-1.42354084006752	-1.44561544024814	0.585516233506071	-0.540872472500621
0.0558782054685304	1.05545951361059	2.12613741087802	-0.579503209626942	-1.87254648098973
-0.653761922326687	0.916327694578764	0.366737149230898	0.796810300361642	-0.621048860256997
1.35315304703365	-0.959933699418305	-1.62325610034225	-0.0944914607761504	-0.739758481312454
-0.590027323821602	-0.873282944869472	-0.790011399257678	1.01459811563414	0.839003096732959
-0.57599550452572	-0.81969048487406	1.11716359289331	-1.47772758571673	-0.744781260085429
-0.0808322660187644	0.54816869762828	-0.800528862518412	0.882305039547912	-0.801508063862739
1.39602983515801	-0.305893756400907	-0.455208448581753	1.04997870614085	-1.45282512777066
-1.06960648606245	0.559950541420826	2.68983455203606	-0.766582384926129	0.391944587278608
0.636505615157938	0.440111505117848	-1.08610469455724	0.55451406942094	2.21520219039422
0.853548645873649	0.448543912127136	1.1004032229184	-0.301376990188327	1.48289369324628
0.437890102810893	0.248918931815675	0.0918225977484655	1.91922201472811	-0.51051586774111
-0.184968802172146	0.0509116459224264	-0.108919854373914	-0.384959813658246	-0.315515564131806
0.832646476358184	-0.00878474707170393	0.362567501080143	0.366638523370759	-1.01925686599483
0.871392081253981	1.36869527363528	1.86580734667172	-1.50423178571777	1.86168081772609
0.0485722534011744	1.17928462187673	-0.932826662788538	-0.0970307471901992	-2.08623760329547
-0.955253870408401	0.00725523030983944	0.444598122341514	-1.09384148599734	-0.56618324216921
1.61523735982496	0.267169923372202	-1.2054283003398	-0.117492121293302	-0.88356793186373
2.05468802300655	-1.28224082684451	-0.633763376401271	-1.55201183029491	-0.189019653187863
-1.72935114277557	0.0674252057314917	-1.81631664680539	0.255868170531278	0.176723800323101
-0.052836764166526	-0.986011090881766	0.83519007053556	1.35513976564687	0.241269593205932
-0.0011388464998373	-0.236461960880311	0.522980339651746	0.583115690621893	1.25360487739777
0.965788056313029	0.107738872615929	1.58603611902862	1.24706994454068	1.22104989905927
0.685966417926266	-0.436523388273181	0.137335709967155	0.417348159372732	1.22422803088253
0.5640613065182	0.421253716597867	-1.51742261774835	1.19947730840957	-1.8908861147552
-2.15797790637764	1.9992050184946	1.3388703444572	0.966625522980476	-1.03582123217987
-1.16734183095848	0.53664053533705	-0.45132601842485	1.28390142719763	-0.175161084018001
-2.08858207920357	-2.63169873225784	0.664770913810004	0.953292574760815	0.905256419690573
2.15446190945663	-0.447712762641002	0.844917926491701	0.138715686287096	1.49374873554866
0.313893329312252	0.0684840483008799	-0.901111810586812	-1.95008831595896	-0.429191132982689
0.623747167560319	-1.79829072426688	1.68444529579796	0.00138498368466589	0.00427896254248358
-0.732986180892102	0.231283343830887	1.70113751740557	-0.337384656030366	-0.40628228101046
-0.387595240631162	-1.44832218608628	0.950612555316344	-0.176593303043278	-0.212591589763607
0.691814783519467	0.316230294150669	0.944809034704419	0.305620484936134	-0.509661694468568
1.07141743589454	1.23959853789291	-0.898031943883218	1.32312203204656	-2.17003582384297
1.46018027761504	-0.191449376115569	0.356533861078885	0.72320949070348	-0.363045160552002
0.851462057349744	0.331428693698129	-1.90358812765496	0.653545851419551	-0.429437825520641
0.709412808001082	-0.544293793368862	-1.30121074244166	1.39233628141353	1.52437960754899
-0.853143891384152	0.629349697207807	2.66693199644796	-0.212595406520475	-0.354362343290251
0.924655178954609	-0.746790357448132	-1.71717990269107	-0.797752669572836	1.25354513958104
0.0163731024183782	-0.886049790643897	0.756006184404525	-0.854519735450147	-1.09202480059031
-0.0548343341267969	-1.68421944476817	-0.925435612086546	-0.204013968959504	-0.49415489192894
0.999499065299316	-1.13079209230894	1.28473951956268	-0.110586800446661	-0.882839928847321
-1.87811970561379	0.817728252491566	-0.76401669419707	-0.098010103205163	-0.977987379690597
-0.378039012848783	-0.0292097679789431	-0.844607175299694	0.655883631055226	1.22421317123694
1.02269072697663	0.153018394883873	-0.64905774628906	0.650971426723107	-0.512515404833001
0.0971535987374036	0.209138986388184	0.629618153870774	0.496759586054401	-0.451814234878572
1.22991104989182	-0.236606636093306	0.0099623217686905	-0.189457478047628	-0.171219029531991
1.53529626493569	-1.27339661162664	-1.54534769457639	-0.957061430664187	-0.966492455542022
0.532237466673254	-1.78897787812223	0.741085841887575	0.901344124459201	-0.31836677342609
0.229657285690457	-0.52944010866774	0.488624357813099	-0.781181327645366	-0.229780131290565
-1.09889340607744	-1.13542597680757	-0.0905240620625539	0.602298118171381	-0.391710484040023
0.0736143286431065	0.501655009389447	-1.52016473609372	-0.313708971699895	0.812727205252447
-0.614050113174357	0.856133905046344	-1.21187590699783	1.28403938894322	1.57549754642475
-0.000307480649341238	0.330535017052638	1.7791545445112	-0.43801415314558	-0.654504774711779
0.0750033301703051	0.343884956515837	0.158240226409987	-0.0615681579628243	-0.973159349376531
-0.593219766579195	0.959660807488766	-1.37025466890224	-0.178342864504848	-1.24027959296415
0.367779605164225	-1.20218349596182	1.62838510395813	-1.77070060923009	-0.309799785578851
-0.423863733000536	0.638850134988548	-0.949236786038576	-0.207227250922641	0.435900064163262
0.406069085059904	-0.473163252735034	1.07857130551742	-1.75406995185976	0.543869402654372
-0.23254612649561	-0.122688125292807	-0.616272097690007	-1.68883238895889	0.315092357301125
-0.242401045266764	0.970455866212667	1.57529048074173	0.824918422468425	-0.859603626965798
0.589798897324807	-0.769337783188273	0.368205943146615	-1.64451012050607	-0.777296028796694
-2.01350315477676	-0.577075046076753	-0.0501711873645906	0.254479715958265	0.47958790940046
0.378807348641355	-0.385337019233009	3.07130301326328	0.680754559811014	0.268607236054208
0.914667326966119	-0.394235008855152	-1.15123412919953	-0.620454594583916	-0.768598490955202
0.0938118936220602	0.289720023465503	-0.910029497890884	-1.56636553964566	1.42513893728158
0.1818438616315	-1.74662935368763	0.469599741195626	0.994881337319421	1.11932604275013
0.180335741441675	0.446812117335426	-0.62339550872986	-0.783609628464723	-0.681356845561343
-0.48534445994049	-0.606906181469653	-2.32894158414143	2.56728656570919	-0.230829628363576
-0.907753188889395	-1.26423126967957	-1.50749067776498	1.72972552263558	0.791012136833402
0.332702811988432	1.0290679137203	1.20480732503992	-0.206733175327093	0.169977892264004
-1.64435514864501	0.839131934933858	2.40806930217229	-0.430099903683293	-0.438882142882522
0.197449902649359	0.529941441304775	0.703035780986384	1.73345364755488	-1.75892550448469
0.45142750644324	-0.427863257594152	1.04733967318519	0.201494146653837	-0.361801918283354
-1.3543243469068	-0.464882172963123	-1.05897884730245	1.44288726341131	-0.851658627883226
0.831645670574646	-1.22450449291739	-0.240198846442117	0.974452998077961	0.170453135137846
-0.806452288050131	-0.766877368634325	-1.05603327927106	0.491792197729043	0.565871860512635
-0.147053762578199	-0.742572814958175	0.360858037689018	-0.42589014451534	-0.0215125086769436
-0.028799334053021	-2.83087297454655	-0.0106021579661923	-0.870426947778464	0.754967775590242
-0.352310044500742	0.340149457952005	0.150376780255005	-0.3474545658624	-0.664808476175262
1.5669554489197	-0.0427129882879956	-0.531876450304502	0.755258080787041	-0.7285105919733
-1.85814143032824	-0.6409158028391	-1.61557236206219	0.0836358816025943	0.036038677375721
-0.0537067291788314	1.54544123399227	1.21024969039932	-0.545315828725317	-0.224259130452413
0.0888676971570168	-0.74471956996472	0.259318538172917	-0.294048576138714	-0.33569601575667
-0.553714845566473	-0.475292836514527	-0.410237213317456	0.323017430399934	-0.884228079946365
1.08661458586287	0.0419002581050685	-0.563174664352428	0.738711953109514	-0.851784287716267
0.961553946439947	0.286391357323503	0.328013550931149	0.640432955100852	-1.12134822045133
0.205277303541269	-0.860264016550712	1.79687749791485	1.92716644303287	2.39067527417101
-1.54025827959639	0.371759550568599	-0.497352376102157	-0.912291117064217	1.68216836036921
-0.705530725175474	-0.374186857506178	0.167203855487281	-0.278024503001862	0.652815089068656
-0.294451411455586	-0.653163196312528	-0.552018700303075	-0.34297109282078	1.75917687477961
-0.944863317088941	0.168130412540941	1.50431214040463	0.28006656961545	-0.141574399410627
0.339125302480019	-1.85320888121231	-0.097784036896514	-1.22604360343848	-0.951099986848867
-0.503855740438737	-0.73932008093641	0.538231123336241	0.579003905735587	1.09838587572625
1.63561743317817	-0.18476808123439	-2.07844669847763	0.202744335931135	0.342214859790041
0.296030773224208	0.121697677519935	-0.0355043557598498	0.600861848788362	0.215692342024469
0.435946384823422	-1.13115048538843	1.18921083316621	0.737333748051869	1.94229841647825
0.468890272568196	-3.1657659357831	0.579075859465512	-0.982629772955859	-0.207405648956927
0.620715399931645	0.138093817232118	-0.755442175398371	-0.59999937368137	0.555066650898136
-1.18107696506878	0.893005276974557	1.50634934018061	0.113118440693359	-0.107217163375775
-1.31709439770602	1.68876014989476	-0.847710565621269	0.526103411519737	1.08490242822346
-1.80927643239967	-0.428796696874572	-1.29582897799441	1.22936089875849	-0.336363991332758
0.0593337383024354	0.218108866205177	-0.334613875267773	0.289516066061391	0.0359198141272969
0.458962587836351	-0.763206127918163	-0.653761050415249	-0.854744541886968	0.392820636002212
0.557573737036333	-0.57273605494425	-0.212007271881327	0.321322055833701	-0.975577256052849
1.51634556314143	-0.0207351543738394	-0.572838738034345	1.01484891077211	0.21353313698
-1.97301871803978	0.119605097348968	0.0680476390506712	0.691756701467597	0.345050463610803
1.09584480532957	0.711646956839182	0.816064388855551	-0.531876969051934	-0.141176808962822
-0.423386983497517	-0.159098430545254	0.371197887330366	0.898765052853141	1.90170499528604
-0.710395935538616	0.341132051548292	-0.86519688944052	-0.79336064232942	-0.0562613503384362
0.900309826492204	-0.452467886121902	-0.0265767888174772	-1.83301392474027	-0.461752960490203
-1.68958916361807	-1.23452790038506	-1.00979731237358	1.09698525034479	0.715556650583837
-0.343162273437463	1.14610640758245	-0.858155206425482	-0.261903949111922	-0.699752372748755
0.599598668897501	-2.71366748943319	-0.0990682008554331	1.35141225668461	0.691098679274413
-0.972809855081452	-0.0619171000831077	-0.0291545504361693	-0.679910411840414	-1.31198146490895
0.1803247766151	-0.489028678219459	-1.47799272075346	-0.227941747367456	0.455211331719586
-0.0665239584821157	-1.47094702750464	-0.934575256683725	0.0482540600039776	-0.784701602754339
1.79834176574975	-0.464133605722919	-2.16070124744694	-2.63268383908408	-0.242700153907498
-0.25537873550719	-1.01459464524842	1.46882609166341	0.865261007548679	0.539741681766134
0.924188828452537	-0.71916519918039	1.54193978615624	-0.616136653761474	1.12879163202162
-0.801715933885983	-0.52584470456227	1.05473699435671	0.161433319258379	0.224173903728661
-0.268070222494076	-0.493740510058554	0.0262371073137598	2.08775558588772	0.193389789013477
-0.699981661397909	-1.52783656745367	-0.155014892467661	0.998308428231043	1.3863612404999
0.397629554434926	0.261625665992701	-0.475910701513004	0.299555689511328	-1.56191055615678
0.652676253194222	0.954726116047317	-1.11741537061014	-1.0653382408262	-0.365097250933338
1.66486602815213	-0.63031837869827	-0.45543792595159	-0.73818697598505	-0.827513503596815
1.4246138422578	0.332741520399987	1.25759090452211	-0.714928802916813	1.01023183117258
-1.31942768829359	0.252733260142604	0.806460961604364	1.2066640935389	1.15704054269415
-1.56631036279823	-1.42200585961361	-0.976070727527505	0.189337201940242	-0.021543342491632
-1.19734098624084	0.032107940695751	0.588472760404396	0.172782833179837	-0.777940057500251
1.54832493612015	-1.50452287777162	1.45459130433687	2.18129006795238	-0.0865338687030073
0.440100655954204	0.0754092108418074	-1.17159865118056	0.234607953331656	-0.136431832125039
-1.67884235910225	-0.759506920355066	0.569680780559004	-2.00284602605009	-0.405693084946822
1.18139455534627	-2.01651814306587	-1.53252374443299	-0.751350882678945	-1.44926477689772
-1.10291068589047	-0.270525413324157	0.568021913226225	1.19169334316573	0.392451353615427
1.16885098819006	-0.353418863523611	-0.0242593567284624	-0.395838806233229	1.73956169763632
-0.811011586060271	1.26938892259946	-2.11232830038009	0.0825600847200115	-0.66503183643931
-0.839490475619108	-0.242180650480946	-0.177616404236002	-1.26977523907865	0.298561007892201
-0.2325342233892	-0.644960305080287	0.571044329076242	0.0404098356941515	-0.469944375134917
0.731083845381374	0.887273116683707	1.20850686452014	0.912806627711652	0.317848360444302
0.177671123372865	-0.0476578779440031	-0.475583009564134	-0.47912095866229	1.21509825194129
-0.0725732971492416	-2.18693413415603	-0.761842287534761	0.408943336829537	0.419351598563169
-0.423142179155457	2.31202282128451	2.37931227072315	-1.38512183816496	0.811819747546449
1.22834393224334	1.94308396128753	0.376994096917878	-0.0360984786572573	-0.33539349560627
0.913901192320597	0.00355997528596387	0.107942114516148	0.463225593921462	-0.203153848314158
-0.274574111533841	-0.401499829956165	0.657013388205044	1.40206538459785	0.813270961499035
-0.877447857280016	-0.643776836622417	-1.79933678127385	-0.177771185000421	-2.46499379823268
0.0910375982028675	0.523866669963816	-1.62284818092455	-0.823203858280124	1.23438699790537
-0.303452693604466	0.312385341413357	0.468569916354353	0.931020106324975	-2.26281025248638
0.810194103024952	2.72591269864522	-2.29047436142168	0.0900580475467717	1.45147526546344
0.389500111293951	0.408739504655485	-0.359371240506221	-0.698543557380761	1.0824361292303
-0.376491228307975	0.829740143421407	1.08190330710533	0.532308453351535	-0.737226770353714
-2.10484966344295	-0.0831049014811978	-0.166051260545136	1.04806100724069	0.590377458906693
-0.773137069323077	-0.831482298566087	0.255648101428393	-1.22622023823609	1.68100226288942
0.0645105339277029	1.24017136582598	-1.20936549923339	-0.585437801288438	0.853153262461284
-0.369357417501995	-0.0362032969481651	0.494534819839479	-0.808961358484529	-0.94852480307384
-0.224245130919771	1.00408804573869	0.927954762975212	0.37430841898885	-1.40215906724143
-0.715752365535846	-1.06229200993642	0.118350990183216	0.212870795427429	-1.21589298511752
-0.531392631866148	-0.505217016905658	1.31658069122793	-0.0347967825349739	-0.570238594315176
-1.7570299516471	-2.00771165914825	1.66173701595202	0.160833425109926	1.39683211630823
0.829111779101714	1.03876120351764	-0.678743293695395	0.657480125003621	-2.34301374261393
-0.237389257871514	1.04459530341483	-0.535981808858417	0.958786349918186	0.030670708715258
0.671591887826002	-1.04371192108153	-1.46253121746937	-0.655084080506468	0.416090876854757
1.34319634245801	1.52058350038289	-0.183704121312655	0.656415532861319	-0.991200533173344
0.408504902861183	0.453514033367635	0.167919024710524	0.0503841510096803	0.246541850611068
0.396001128029013	-0.337932050225336	-1.61423158382044	1.4121349607039	-0.218783967285968
0.527140759096592	1.57677649957798	0.84090970521998	1.31886494232027	0.986456309760447
0.327978216146651	1.661112890593	-1.6685303180747	-0.901593571040525	0.225934813145626
-0.0982773431572729	1.37413951565265	1.76823620314349	-0.2871292279256	1.51334250138144
1.54418648689803	-0.36814761980571	1.65646478179277	1.24163492215992	0.655453611013702
0.718924575099314	-0.0853573878413658	0.91636993668314	1.06240870188138	0.340581151039845
-1.17181619439805	-0.000607998598039166	1.24370451026798	-0.653057565280247	1.46164182487045
-0.436238761076093	-0.192539889243066	-0.0678640701792387	-0.0495548712467454	-0.381502173844787
1.17360747826848	-0.333589173467821	0.761998336716256	1.72640395940576	-2.18696534748607
-0.937843843705949	0.783926622216566	-1.0645246385873	-0.83135791987116	0.594804490757193
0.0800355139522295	0.025436407205322	1.04171614619537	-1.77923514945626	1.88440711974233
0.149216374161265	0.773103016850666	-0.367764680915146	0.0910420905712049	-0.306428411043179
0.492832726772061	-0.0989504997020734	-1.02800974523973	0.832026037519809	-1.58163930290813
-0.421008784025984	-1.45766766375402	-0.915678195415683	-0.862146008287907	-1.26318379101152
-0.0836886518496796	0.718705929359496	-0.725016307157897	1.05612284857894	-0.0576982921507119
0.330462576727636	-0.639063396866693	0.584106727185181	1.02622734386652	-0.00187317226128677
-1.15679986712605	-0.259539904291006	0.541775341594431	-0.0194946038931867	-1.21140057648665
-0.228480218889931	0.248953120851816	-3.05917482970625	1.57462017300833	1.87557221773265
0.383645301805349	-1.93233838920662	0.06220839670271	2.38454411808311	-1.13686023786295
-0.528106650297726	0.0924243904814771	-0.254405445551311	-1.0481677632377	-0.741345129870567
1.57151941939031	-1.59549486324712	-1.18116023491234	0.411455699846611	1.44068202367192
1.22384102312624	-0.0736830038018735	-0.722729126102518	1.16347545563001	0.030862710639733
0.123385640913887	-1.18755226099389	-1.62656212229361	1.12026769469492	1.54949368450499
-0.710650817523963	0.219475646566903	-2.04180744748551	-0.351580411945493	0.320746844433611
1.15013205073673	-0.486699064419802	-0.378923403825879	-1.36750102107551	0.934442798771379
-0.0406431661611132	1.63145548985619	0.617209903505202	1.0901531170729	0.126050544954927
-1.0423715377213	1.82984960371441	1.58396075575589	-1.1215199327413	-1.11354282501501
0.771582401896663	1.02924188601953	-0.558995691167934	-0.469072493068143	-0.427988936813343
1.16069448620864	1.19194040703926	-1.31973877915347	1.43453657707395	0.680234307774535
0.246477573415019	0.269131173669192	0.21435272241045	-0.838563215799363	-1.01014821666098
-0.988444154274939	-1.5740972507266	0.203426727539758	-1.21730766998674	-0.52790165665113
-0.0212407274475233	-0.0573467617446536	0.388114894283569	0.393114572932372	1.5097977674952
1.34428501197963	-0.581739214333663	-1.69243838994285	-0.22311804445977	1.19427154782866
0.979620829918174	0.794352879341909	0.42603180169442	-0.715007519373527	-1.2459382422109
-0.489392452463644	0.387165806305221	-0.180157216353122	0.155336117189429	0.964593023477792
1.07967712189817	0.749155281068092	-1.71450589928914	1.19740689813377	0.337680997791988
0.84942242119031	0.167492920506347	0.742283763937245	0.894304610856314	-0.239947157264346
-0.0765033254425905	2.04570618048959	0.558732896934064	-0.0350472478321425	0.568861891708335
0.237958896050762	0.240418661523111	-0.636793771787745	0.121472015625994	-1.15569355196876
-0.672302733335845	-1.32173927761305	-0.896980894195453	-0.446386598219758	0.927351491147903
0.127937343219375	-1.09258638403561	0.356783872239873	-0.744381172293769	-2.42358063908539
-1.24672274241058	0.290748638051643	1.89343397269447	0.0886461205998061	-1.29795240653922
-0.0821747632070659	1.07698570249051	-1.62980624292077	0.652112180421411	0.662775546024174
0.93888298815402	0.65432788009841	-1.5917676477206	-1.14698449036747	-0.158975882205029
-1.53712114416528	-0.777681065736528	0.0924476797216345	-0.0353769410766764	0.0883893585041092
0.85630194632189	-1.38927333321411	-0.335185345312356	0.133925926108572	-0.673279404178918
0.32772306283095	0.585180413969896	1.7640010612973	-0.00905607138767679	2.34084180554413
-0.385306580067931	0.00558603423515889	-0.815648913090446	0.502268780195511	-0.721590404468393
-0.307570366933123	-1.04774942763968	1.80023350333454	-1.35412101216528	-0.0188727444508726
0.256607834374143	-0.343981415151421	-0.386418261278443	-1.59548708412015	-0.417659209215901
-0.596280694326473	1.62102267272782	-0.963823412964029	-0.827879544406316	0.252665333668372
-1.53603740047601	-0.927717284637664	-1.60206440805591	0.653330640857413	0.204963175796151
0.822659491040572	-0.285274782441662	0.892691955240173	0.511373398491431	0.684937026201206
-1.05010792303497	0.135292573207591	1.35490590843249	0.089391703653782	1.94768637020654
-0.337772032229213	0.0699456955345312	-0.224618200014931	-0.141043275105766	0.196978288509835
-0.237852061516542	-0.294843152419442	-0.368647223240976	0.546699946788135	1.92878873994459
0.0703089032685469	-0.101043691982152	0.303183240717717	-1.21216050598367	1.29413749633978
1.10540278704226	0.321231983459007	-0.212464102528849	1.91635355881861	1.01147300660911
0.0624537122992553	-1.40484374507298	-0.570956228316479	-0.93592325631715	0.540462222925389
0.431309712011927	-0.313673305364032	-0.138388392633388	0.430243877308387	0.291744357248835
0.397260733777513	-0.331270267147984	1.18941354806085	1.04016215176831	1.02687049151273
-2.8119319288996	-1.57174773955467	-0.195763793664708	0.256912579887861	0.143004838667843
0.170547026826476	2.05667359307908	0.458340786802191	-0.521444594285992	-0.525791620577944
1.33007468695636	0.375609404045123	-1.87656408673398	-0.269645305735522	-0.262964523295736
-0.672305632538186	1.4244302595013	0.126660651528433	0.88901830051809	-0.123164965916345
-1.30562750214637	0.350571839886071	0.608100105396062	-1.50325538101941	0.0846077676498881
-1.47971992341546	-0.279637365925831	1.69759362254481	0.693378732324827	0.0267693186762392
1.62859088197439	0.891258407697735	-0.547210216917068	0.0793373206556512	0.445069375082423
-0.607883685989077	-0.249101143182048	0.203286144457976	-0.263175562327886	1.13165778407829
0.808504412461802	0.52504587055062	-1.07177294362018	0.836017648699518	0.542349910280467
0.0186216868850581	0.375286731468883	0.480499186199201	-0.633849022316171	0.387481130279839
-0.701981145485335	1.22811092970484	-1.68131552582286	-1.64898114355878	0.231412622687596
0.242651194361573	1.6936213616179	-0.691076060295248	0.335687704180239	0.125023141655954
1.31164898827598	-0.176546477033903	0.0712220397756653	-0.983762490270474	0.14422318905888
0.188084584214307	0.236253984801672	0.0561702268637956	-0.257559020226348	1.03699193886573
0.828196573341536	-1.21481004247079	0.607350946043664	0.47723107397166	-1.28119046051785
-0.146169305442039	-0.644938594006097	0.884420927113866	-0.863428083527694	-0.420510886691655
-0.117575899607178	0.87753569884084	0.981403200642251	0.655247258513437	-1.35488954173564
0.0088480475369701	0.110243430009721	-1.85065608228995	2.11582324715954	-0.631203762648364
-0.0292843954058558	-1.43063832761442	0.203718767660997	-0.059204626471897	1.00003612956438
-0.425122771578044	1.82540219795682	0.014842053258723	-0.159628381330822	-0.144460534881731
0.38546346746662	-0.364099777331167	2.27492245186033	-0.183325084729879	0.689034783509423
1.60226383797881	-1.41266774312182	1.9319042697415	0.783917655880533	-0.623202084130896
0.0671356553415367	0.0863108449683907	-0.518040692468468	0.312227288300164	-0.473889952772331
-1.30192482710611	0.778607265091081	1.52454109431131	-0.0101933443630167	0.356639337956821
0.272286863894091	1.83066513451412	2.02384456324164	-0.367355726894189	-1.13157904122006
-0.0802256004261657	0.240911132413036	-0.232609577026885	0.154019606827744	-0.58986825608885
-0.28788810380966	-1.52687472928491	0.87374190039432	0.500029814495517	1.51755671592542
0.401029372110221	-1.02071669589919	-0.24712732988373	-0.111273387635506	1.37298759778804
1.09076688172835	0.155681322540825	0.0188862932115567	0.261270481301162	-1.65992260773367
-0.704162695211877	0.792366442814436	0.263957558827733	0.213647257001644	-1.46666975688705
1.03098762471053	0.307604212628351	0.205645656513925	1.4458588986103	0.205518019603377
-0.0508753204208119	-0.17678692853117	0.902287522255259	-1.53929599217109	0.670514082822496
0.79370294270525	-0.22173477512043	0.559757046289887	0.222467228820115	0.577036502413667
0.729648596947464	0.275705796254824	0.887934538360392	-0.00295591152510107	-0.314406357820267
-0.52267024586729	0.521379374719345	-0.800570434152639	0.410483176974525	0.518357950601915
0.15652053950182	0.0756259118946906	0.225998425648287	0.0726455643684261	0.209402899717853
0.628358710560066	0.755569382310472	0.514892069330914	-0.210538651999097	-0.567875856758503
0.774225989139426	-0.0410347390931436	-0.278143528328333	0.0377147379981532	-1.83493808290726
-1.06457897390403	1.81943192426386	0.934899679903157	-0.119968690790668	0.290231022465939
0.734206572011171	-0.533013981532904	-0.897457434860893	-0.590245680901915	-0.995483185128114
-0.853642046864979	2.60154760745837	0.853505475881863	0.848633958514212	0.837952322571495
-0.0707516856802995	-1.65961569729777	-0.624504030012811	0.230801139499509	-0.931240036256817
0.309285353431587	-0.292000263532521	0.0873127938565724	-0.745064805140232	0.854556139359343
-1.0833441953826	-0.034729242103676	-0.0535058583266091	-1.22755132319215	1.0193337602366
1.96526764497175	1.12585524117865	1.30142212836485	-0.398685190266718	0.238064643044351
-2.12381383815243	-1.04509721120387	1.03471622941334	0.0272893795103414	-2.4383569058044
-2.01427115442422	0.119794690213263	-1.7177277872639	0.508355015635874	-0.426159023278674
1.68358067012562	-0.382403794824202	1.10008419045453	0.535969249167226	0.290665822893538
-0.361447100399529	0.131504238994833	0.179530802157744	-0.384639335478764	0.290323766194264
0.035630420124693	0.673774169066969	-0.422665327714501	-0.908651226841979	2.21571662859265
-0.351770199415314	0.590589823057418	-1.0651125904967	1.1447188407226	-0.390221319924267
0.289168963614967	0.175395577342705	-0.203975937526983	-0.380964442540699	-0.299324823293803
-1.20508016894915	-0.387805796732551	-0.878339592283867	-0.370489554293426	-1.65820985004079
0.753886271070009	-0.320913202526981	-0.479586361011286	-0.183641264257549	1.29568743157685
0.549383454559666	-0.0785716973204757	-0.453692151894786	0.701442731416356	-0.569683551641257
1.50738888314868	-0.229929003272158	0.515011948103321	1.23740807936245	-0.732102106949855
-0.315475838936805	-0.794678312173194	-0.12519177785839	-0.109789149699813	0.0743938777617983
0.733566320059344	-0.641598085179389	-2.14711176379379	-1.51361166897557	-0.879419455788112
0.674045476063417	0.453434168566882	0.102519255614175	1.13582531920752	-2.09665042911276
0.245925331830494	-0.377634649734758	-1.58862062529805	1.31483290556014	-0.909001655239208
-1.14781831805821	-1.55038132636147	0.255257631070368	1.60363973638391	0.60351331589505
0.88735439322073	1.50935894000062	-0.497906437215662	-0.223006004964739	0.75841287815401
-0.315755708066408	-0.761632470801941	-0.422642699795612	-1.31792602365125	0.746964036236601
-0.409992087161338	0.733806676455576	0.0450247797170529	-2.72776936251083	0.809323664604687
0.382691127472664	-1.0416306245333	0.0321110706188979	-0.784998409666603	0.286772562355626
0.0813153652061775	-2.22598875088001	-0.0465867579210215	-0.82931112572478	1.19556115955339
0.53158808958732	1.05030976266992	-1.50302152388312	-0.701289954289574	-1.49048574069483
-0.584092588414875	-0.548168016206175	-1.47200531922927	0.277646911476863	-0.0941194973422872
1.13355643053128	0.0678384135281056	-0.378422047248196	-1.47846072290498	-1.17377161527435
-1.8309253375405	0.668260265566439	0.597189850428435	0.186481279306555	0.827812858514381
0.085564510169128	0.205379201699293	2.29731601307182	0.290244038183086	-0.364787811051077
-1.0764555417506	-0.761675671725257	-1.31472891213891	-1.75658374790174	-2.60584291298693
-0.432832836275878	0.00326075039964775	-0.0222108846521853	-0.435260915306966	0.03118718086812
0.450763634721371	0.996073530928682	1.10398811509214	0.479045882909265	0.694635878647316
-1.33039759142846	-0.293601270159765	0.131610119092447	-1.0255438013236	-0.495112620768463
-0.0691925935918268	0.149982950494265	1.16001210721717	-0.102391486806215	-0.0250892625845126
0.445815214221107	0.0376911665626542	0.979712365035934	-0.509077440328933	-0.59734623111951
0.423703294267396	0.00164376011071026	-0.408194260090935	0.706158892827064	1.89945986770054
0.460668859299328	0.883763527938444	-0.66289623467557	-0.419233228619054	0.521444979755198
-0.85698987911409	-0.544733058620736	-1.17612081306519	-1.40388371406991	-0.477196048825053
0.139632706131838	-0.820608576401529	-1.17901133217693	-2.20396304172592	-0.369361662290617
-0.615100704514356	0.00281584989044254	-1.63593466471125	0.805248322551065	1.35793214349961
-0.0789971761013378	0.155229475289281	0.501786190638688	1.24805022483533	0.502036698808031
-1.56002542160518	0.522305684851827	-0.77479609021483	0.800832615987246	-0.864117219256149
0.0989529759946686	-1.08250159297909	0.0745941473521563	-1.75873805496144	-0.500029236228207
-0.687790953450254	1.05310413047508	0.219528557812083	-1.20084541091661	-1.19829988181136
0.220820479889772	0.492893585990349	0.370917676614845	0.889251654307553	-0.922360138363605
0.959396257028179	-0.245291253046583	-1.22429223654019	0.597256339888721	-0.830578197173664
0.938293661320013	-1.35375701130823	1.74009102800615	0.320942325051946	0.866475142727675
-1.39820391683349	-0.283434127386675	0.871760491867532	1.49721932456936	-1.20329769503103
-0.548523029128137	0.727113767437043	-2.08511448757865	-1.65229302747628	-2.01289381663922
-0.627279607893271	-1.38829884618365	-1.23320227286369	0.564422549657976	0.256633771171888
0.33299162416115	1.68073025823992	-0.668365044583413	2.71364931712345	-0.491283281973929
2.10793330722233	-1.24038469601736	-1.6359259297419	0.907454574544097	0.655199031672131
1.38873346436903	1.30377622262741	1.54236825314898	-0.0623254208839402	-0.304222826889196
-1.49541361501195	1.37269371264982	-1.78776928037724	-0.20942577009392	0.196789950524193
-1.23046222072483	0.247984629722844	0.503089101852629	-0.503970526193515	-1.43139709099977
1.55070164998121	1.92201398954144	-1.38777148131662	-0.00260519476725877	-0.1385691137783
-1.1745231828153	-1.52855928895471	1.6572954508303	0.0230891646993911	1.17822798910937
1.84261616165252	-0.161887592403018	0.499703839601088	1.24476119678236	0.0643517168958511
-0.587834228112516	0.0950537671463469	-0.198944437743645	2.22363266249348	-0.420388356830504
0.143268448947741	0.113952721238519	0.784734366244628	-1.33479564199396	0.57176081400463
0.0975824015685459	0.252906228739824	-0.969585824755825	0.762504638149862	-0.626256197391317
0.373193484760889	0.123825232463084	1.2756980955561	-0.11585241269155	-0.778890645666089
-1.23425399413385	0.0991699693772934	-1.17964881836163	0.456975271586992	1.24307355257671
-0.436609570624879	0.215314211692128	0.292743964786347	1.02887218580159	-0.891745011701499
0.867403864327001	0.582251520231519	0.430379669040726	-0.239706380429868	-1.83046100042953
-1.29183486698633	-1.66947398431178	-0.131515733562834	0.676648169895666	0.456828163726038
-0.446794243811365	0.960448098270184	1.78682488047374	0.185789191795915	0.0692939146236507
0.367891234392387	0.36309650721304	0.677855396070472	-0.264857613149327	1.23434509532529
-0.286165946077856	1.47184317319	-0.208415307071185	-0.870961719848328	-0.499064573147388
0.0262012161245103	-1.32877387041655	-1.64434468355578	0.486016118332617	-0.947828707084742
0.575632430349319	0.0012965143669464	-0.150581348598653	0.165053965964845	0.210053316441345
1.28759228304378	0.0878122777296769	0.112636532770551	0.906338104429871	-0.396224441902897
-0.75354429261703	-0.814539670036718	1.25964795342128	1.22058940110165	-1.34155177078913
-0.050795617015765	0.227378193756844	0.688675202218551	-0.506370731892013	-1.77725599629426
-0.127495368750641	-0.75241408139601	-0.245986385063403	0.263814637896162	0.358219703051594
-1.07392278998875	0.211330564370068	0.456020684796232	-0.399028202816495	-1.65277878047517
-2.81471307932837	0.0439489027685335	-1.05808537781426	-0.719100449439844	-1.18560297591805
-0.273373830792339	-1.38274418238241	0.345044161360507	0.461946971576151	-0.0939702164981438
-0.753800565843651	-0.175622396619381	-0.969259311023397	2.44767370684329	0.975580505319071
-0.545996909248021	-0.537346591045229	0.982602270989004	-0.382155170219695	-0.859100510471682
-1.13447662070974	0.271705019923553	2.40963142234882	1.38234308011564	0.492996959113001
-0.235854349212272	1.02978407848375	0.309930374739362	1.18020211889754	-2.07728885821264
0.250096372282915	0.497666569035477	1.39214876487474	0.0678566024208005	-0.0912168772690008
1.43242733395989	1.05135910261386	1.39671401496947	1.29371867858925	-2.70432852226456
1.0696773648856	1.35625447645024	-0.610680024245462	0.979382706340407	-0.87252410280397
0.221821175925397	-0.828502560931842	0.222715838329461	0.710220594735871	-0.00488595501227103
-0.746377487395232	-1.2317390502782	-0.818663038288717	-0.47911379268552	-1.51980678076967
-1.26110717503437	-0.323262781078212	1.51005262785702	0.725859959464607	-1.18182287595849
-1.17659369143045	-0.011586583822305	0.617927942973171	-0.150122795523849	0.173054345847074
0.841623905869256	0.189155306685163	0.36424714576192	-1.4459001857003	-0.888278611507847
0.233986447746179	0.227029200492863	-0.841346012180496	-1.00311899085199	-0.974187314941012
-0.515496025155208	1.12042321359284	1.26497097944214	0.367079717570342	2.27401631627236
-0.276143906206142	0.233838365772915	0.320068412394521	0.764402163474577	-1.23081705298093
0.522107897631417	-1.19557403104863	-0.603949387040475	1.18380394526811	-1.5053974183571
-0.623812333543931	-0.366044002322331	0.536635051311685	-0.533087816088003	1.54129391037695
1.46721250986692	-1.10538070793024	-1.22995868615152	-0.446492755449689	-0.607468534501604
1.50434691701753	-0.0830776229119709	-2.4517686938299	1.87592341535414	-0.29209596797593
-0.365185927528885	-1.53575435391361	1.23465107985696	-0.36114106155495	0.641828958819684
-0.46017164174978	-0.599975114260351	1.6146142183577	-0.787958499243077	0.163546503197397
-1.14170896887274	-0.753525875664116	1.82391742552575	-1.04872230412406	1.55866568210206
-1.59074692102432	-0.275921890644601	-0.425665544646489	0.0716611284653564	0.253512365488075
-0.528274836663221	-0.0168101821256053	0.747364032894539	0.000313100563639923	0.279480917243588
0.5690188780438	-0.556598671406705	0.729178107848624	-0.461172605101299	0.708662668618726
-1.62979291317492	1.80669575431003	-0.176236503552491	-1.25798256609675	-0.00529926696376942
-0.437866232932545	0.4355602496295	-1.24080047212637	0.511148439012631	0.357361608489135
2.73071998844172	-0.595536213186395	0.73924795595012	-0.815534567349493	-1.20136767496522
0.259501015645739	-1.95802580423881	0.201081172976489	0.515530365051404	-0.374406123479755
0.941077236119768	-0.0167402854936011	1.66620275535754	-0.36524215904057	-1.38741146298885
0.539886624144747	-0.389198472563564	1.9340291424927	2.46486482704485	0.97829025223219
-1.09332314144086	-0.222208408171981	0.401154687439944	0.939859094902694	-0.163907024587661
-0.551285111468434	0.586720421841348	-2.08345795975833	0.585263948850649	-0.18535963200544
1.1102559958753	2.32827800762269	-0.471303055793216	-0.109218729377979	-0.389488906823436
-0.393641667773893	0.262528987745194	-0.769147438835574	-0.939409648105394	0.603723443708193
0.216039298769989	0.515575614350372	-0.207126592478281	-0.227042018622198	-0.160677289333458
1.00150524201262	0.0842752578175726	-1.21601340383424	-0.64052185248916	0.565959991419877
-1.51962726947099	2.58925004218074	-0.501656362212069	-0.464809322425649	0.838798853228726
-0.310336052687648	0.917563752544346	1.70537994004974	1.88894442728206	-0.0784191129898508
2.46888621564183	-0.471107338827135	-0.719307817175927	-0.587121145008236	1.202823614977
0.652924602128065	-0.153200139853695	-1.21517487440837	1.30574049136662	-0.821502610162896
-0.120033611539123	0.454099320918914	-0.663303970206323	1.95295653220526	-0.914116268340436
-0.0422264937396217	0.675981130703316	0.515128905805494	0.487572469760536	1.64676237826998
-1.35825709114382	-0.241138331319408	0.853324975135422	-0.139114388063184	-0.816902090522782
-0.887674832971999	0.0362285278656603	0.709618669166422	-0.512909917182961	-0.846381775770797
0.694227634899546	0.388123952209991	-1.26787526686649	0.698468004293069	1.55837517811808
0.28711444179186	0.473708880899633	-0.480002037838716	0.754578999244362	0.853338545402374
-0.246555054265594	0.0807366219129733	1.83424969237076	0.497131926738725	1.45348331775925
1.38675863996623	1.27664387405857	0.121528452749056	0.846742971041177	0.586564725276482
0.857190013377496	-0.0535502285468167	0.0850405847942406	-0.28259242304804	-0.0641945920131341
-0.125910159684442	-1.48608129149869	-2.84738009310886	-0.0653539453293892	-0.625960070558766
0.624753899840633	1.67491286981583	1.02698886695254	0.559731416968457	-0.0382526365819763
1.52379186424388	2.42248071746086	0.95421707107302	0.913717131294838	1.66317733708949
-0.776951420716652	-0.490033982224976	1.33331670278448	-0.538592466707429	-0.591594351828184
0.416272310052635	0.128477788738143	0.367161455867756	-0.63359988472412	1.28367112994804
1.24876934219838	-0.354934184501794	-0.457423173924969	-0.0978600499272946	0.249010568021761
1.45125473926848	-0.789888904033098	-0.0630480032249926	0.930743411244555	-0.213388435313403
-0.845954162815502	1.48469853978609	-1.647209146576	1.55279140795739	-0.275357976755416
-0.312597793984316	0.234368830006926	0.331410972230691	-0.216074686972249	-0.372608476738437
-0.172418733325676	-0.0231283093118319	-1.0571904657182	0.991054798450095	0.949885267069537
0.139619441708067	0.102169416840518	-1.04261784678217	-0.676141755615142	-0.866803649349867
1.1946825355193	-0.961694667599125	-1.3277683764036	2.01798752402113	-0.804412626919786
-0.387399848589482	0.540137747026939	0.542234112614411	0.545841724337711	0.33091205793379
0.257675526902123	-0.0743568041151134	0.890770680553483	0.132513671266234	0.0907321721440732
-0.846107089378793	-0.13113176016951	-0.773415919778791	-0.591216108586078	1.51192694520786
-0.466844358357068	0.860583965614313	1.25106256096877	0.358472967573669	-0.456594775141821
0.0739176838198819	-1.64185634381079	-2.02507020511563	1.24800852656508	1.09822205728477
-0.175196657287018	0.296336819757097	-0.527273580988947	0.99681397703033	-1.2043458405026
0.687368027748118	-0.587474597579398	-0.0679024948062437	0.986641282946485	-0.00798099723543793
0.185945254650314	-1.90271713710412	0.242271559342547	0.946792789993781	-1.79671994186904
0.122057612918594	0.175256355716902	0.628309321647901	-0.414225168110592	-0.6019186041763
-1.38835562439591	0.565469443898936	0.0161777368985871	0.0111363178759572	-0.817702310617648
2.22829012015067	2.42175319786696	-0.621871603940835	-0.409349148368133	0.0174473718461777
0.548292148503726	0.832589824482559	1.64302227404785	0.915519066328108	-0.289751925939014
1.12721847326698	-1.30556674123365	0.192707312159191	-0.270460683098165	1.40966291849805
0.904439106064414	2.03160381282576	1.41577059635836	-1.19861268455159	-1.33930313960538
-0.702477836221947	-0.6284882896771	0.584162536939497	-0.0526902954437044	-0.739301104415214
-1.84883417802229	-1.61129843789934	1.94582045564101	1.33459429046759	0.980791453288333
-1.02253051111398	0.532687060445775	0.947483251314969	-0.870116603502292	0.0856094695480286
-0.346797590255089	-0.286991414382465	-0.688267594257963	0.211309635907288	0.332305519318888
0.901270589089003	-0.726962049430306	0.418766715152938	-1.45322966432168	1.73478573239103
-0.260109518248986	1.03364569994079	0.174654344126111	-1.37351046193624	-0.155087526045474
-0.588575670741797	0.0900001447104338	-0.377511952544198	-1.60619995597838	-0.707782270132311
-0.887372124349408	-1.15042992863019	-1.87275503615111	1.03220341413073	0.223051290905786
-1.18046303924336	0.925001132758524	-0.855194682255361	0.857447912979231	0.873681757664505
0.498578452021664	0.182542612602588	0.454204544699093	-0.318653443990134	-0.118668382726827
0.537598917967057	0.587281894565841	-0.273162925160067	-0.353199882488775	1.82914322023331
-0.0821321687754705	-1.16962543711071	0.545819846316448	1.17822774963964	-1.14228555782846
-0.28472794986273	1.63793356494199	0.275138535838995	-0.993108882772352	0.943817128504763
-0.794919250896178	0.846631414638361	0.159953159159955	-1.20266614768597	-0.496985675471099
-0.385333844012201	-0.539813137092751	0.714344378753189	0.310313529063278	-1.34904485669407
-0.884084111265139	-0.554059123771344	1.44099798686231	0.874722202881117	1.86155493587974
0.384453629430899	-1.7238418216595	0.263349524443325	0.226111014272272	0.75792983483963
0.366113361126292	-0.369316516406596	-0.317351309000858	-1.69655120527142	-2.12874745340338
1.07830036214082	1.86689601924648	-0.194218481113563	0.301002913914258	-0.619318216900293
0.406125661901844	-0.299313749262473	-2.29105164057633	-0.942430857180326	0.70815600701275
0.268208270527894	-0.340162610238088	1.39805622953384	0.127329572977337	-1.53309162742168
-0.431816040558709	-0.246030236630743	-1.21838979191924	-0.926035698127046	0.460057202820556
0.133713087579321	0.00875092748862436	1.18277376098293	-0.217163611153949	-0.386579896655626
0.747714637980029	0.515076144807236	0.732016212425177	-0.861979302122556	0.546898442764499
-2.06477696638206	0.0323725257904617	-1.11914219493113	-0.100195538682281	-0.0513793121947132
0.511755687369552	-0.203062421985301	1.20426118726451	-1.07472615108225	-1.3395305976537
-0.301027083917548	-1.15648483370407	1.50354786801959	0.246646142927419	-0.144682326197348
-0.90560035260537	0.241165728180487	-1.30977632185809	0.0686759183947419	-0.319174070690492
-0.866255220092298	0.789075705113341	1.24041079033826	-0.145132602018234	1.06801390099081
-2.23440870482819	1.36619000844851	-1.59364966723038	-0.868195043703243	1.52848676631353
2.64903942827866	-0.0700652719484759	1.14394844492842	-0.975053404210783	-1.10467317559939
-0.574946099303648	1.07017942296737	2.07670710209151	-1.32543345611631	2.27653270954847
0.418961488800088	-1.32594019612696	-1.26855921575189	0.862047827392107	0.184575538561158
-1.10761284543617	0.326739613087208	1.10464293531169	0.231018238563594	-0.573488364326178
0.754278302608496	0.945898575732784	0.299261992172201	-0.767779539552087	0.37258353457104
-0.219619460890108	0.504453619015325	2.36945304674105	-0.0288983439389427	0.551243240393641
-0.677821799247056	0.787020065784375	-0.702264948260962	-0.212712958930566	0.955507812329045
-0.651620261554899	2.5716380926332	-0.872437973460992	-0.31631102353439	1.33311878480706
0.0507318817614163	-0.270805911002165	0.574740342181406	-0.0472523700976903	0.0125708469950286
-0.402152819643818	-0.796118798514163	0.740041426355684	1.02989466076462	0.624964732518617
0.635715212465664	0.790029575958949	-0.657680523730067	0.693132297177329	0.236280763250915
0.361369223175018	0.655542769314642	0.0803388440235185	0.022431182104282	-0.395165246642478
-0.855769364141817	0.037073814716951	-0.628014563666138	-0.36285035303014	1.2190929427091
-0.384912696353311	0.264768322882166	-0.893706783031585	-0.351027236206376	2.17504342303993
0.746467681519702	-0.511602989879833	0.77193169522375	-0.245197025242525	-0.636003445260357
1.11985733693099	0.558630919850262	-0.185852658739087	-0.620764194568812	-0.130571191928617
-0.894240467120191	-2.68983197773145	1.76034881729789	-0.128818053305945	0.956394431061626
-1.07192700962561	1.09150020224757	0.874556009036023	-1.24731019121311	0.325117621561131
-0.109324104851533	-0.0899767799638806	0.0855872212016073	-0.302781072115065	1.29521832113168
0.987703079226014	0.0372977957477001	0.335072151280157	0.735387491376618	0.456000624670523
-0.99290457376678	0.0197223826999807	-0.0701005928825496	-0.468132449818205	0.422902619819809
0.693660825437326	-0.713605621451336	-0.195288310684321	0.472041462993543	-1.52898144980779
-0.0575761828383666	0.637123123114429	1.03208690728278	2.41424497269017	-2.3888379894316
0.0534140889703129	1.79505447656399	0.922123815129719	1.72281283997696	-0.113047596550259
-0.960959099067437	0.539860297085451	1.4843515481484	-0.435482039043869	0.938990083236227
-0.63586501529691	1.16791097541922	-0.03964908003305	0.110292952297404	-0.155975255690838
1.51642029444619	-1.09237629446605	-0.70622197908099	-0.572802603580335	-1.02924767368711
-0.256852097535408	0.35424105418863	0.666298432806823	-0.467766814944484	1.99318204135578
-2.75374558496214	-0.408859930949063	0.936913927470686	0.589875551663973	0.0783336114869978
-0.195746274502138	-0.199721433830228	-0.1236117321653	-0.430553907001873	0.509121170792952
-0.070784839923517	-0.914694733406179	-0.523754258662443	-1.30045582069297	-2.04884608927943
-1.42762884638548	-0.6063447614445	-1.50992227469138	2.02993193245279	-2.07343901351087
-0.194379927723384	-2.36459321216649	0.447312192773738	-0.0134098357012191	-0.82142622956012
1.28860348259927	-1.0594549526226	-0.316362506603513	-0.55319262491402	0.259201399091561
-0.83936204155986	0.0126919979925621	-0.292611510877237	-1.1650398648064	0.311881662841357
0.16351628973745	-0.125371725379233	-0.249173687357736	1.22285289783946	-0.900231741186395
1.34067208699695	0.212609967281507	0.12057059075881	0.145870001964743	0.0110973748195895
-0.127563882820181	-0.811212193303376	-0.331172487896962	0.65608339783967	-2.48724269264523
-0.0860700356652669	-1.14485753743802	0.611439869117781	0.983709953997309	1.66075380183832
-1.89343608393247	0.676663191726729	0.897318411293824	0.215519378779713	1.6356282709189
-1.01616904137453	-0.838639312407237	-1.76417995284059	0.543103975292824	1.06744070280446
-1.41411586575559	-0.864278278285853	-0.991622023569593	0.695735741863347	-1.4167785443822
-0.728944010892241	-1.46860009357623	-0.369874275096573	1.20688417006726	-0.137393455583885
0.952773810799993	0.687110207037781	1.37997843676253	-0.39961747915099	-0.0155013670551165
-0.828431901571326	-0.929936576306264	0.324715292543824	2.15244666624677	1.08712751967542
-0.596991527581467	0.286922317049764	0.402298249948385	-0.0706521012158701	-1.12808506275327
0.967323759673983	0.886657527327597	0.162549783313223	-0.403265547808786	-1.23492872527041
-0.794555283284222	-1.64012281190864	-1.04907936903514	0.850814443572713	-0.17416486216582
-0.409733115247588	-0.730371815995402	-1.56449827284761	0.490032260622995	-0.161877400979868
-0.84983741401915	-0.6837223240047	0.664145160984784	-1.06181347162281	0.146345165447892
-1.61953103194217	1.47852607506628	0.857476185769326	0.755519524015715	-0.85199344617831
-1.32186582865135	0.391796432691784	-1.80165819985374	0.438360470296742	-0.141014238992853
-0.304155733380611	-0.247284650646311	1.19103064047223	-0.573374540242284	0.369376900571606
0.355098088856337	0.33194591890348	-0.00583238747725186	1.05988643269184	-0.428924141681487
0.113975868253751	2.09994586725685	-0.422205860988411	-0.70916123804104	-0.495578045531874
1.36283950316778	-0.251498606215665	-0.920565382482591	-1.95451466006329	-0.836211229620864
-0.666783102791634	-1.9183611360096	0.333673623224036	0.921794994667949	0.0564554772749174
0.276801306658219	1.67191755155708	-0.567983337920054	-1.23678685210865	-1.26602871359044
-1.19600378519233	-0.375487250013837	-0.698083168142999	1.1833631384478	0.457266573171379
-0.149876600799586	-0.224405534353607	0.466789817896064	1.37288093575861	0.191824513232436
-0.663974853379941	0.523179014670933	0.329830986324999	0.416831605458352	0.912432746950007
-0.138390279701454	-0.4153393234684	-3.97227501878061	-0.385507069446306	-1.07906213682873
0.775292723050233	0.286385118786193	1.6967307626876	-0.956766481432934	-0.346587931644372
-1.3120408146387	0.674171642240366	-1.82496047574511	-0.587082071586089	0.697303301164517
0.253536547874702	0.621436545961806	0.0173959849231741	-0.0343266765969632	0.859385146894236
1.02323423984507	-1.06475065459218	0.749418008043388	1.40896591132152	-1.0904543741482
-0.0934668292958949	-0.0593666237461244	-0.474155280730808	1.58219018951359	-0.209649118105523
0.207591744665023	0.677807891433912	-0.515010867904791	0.0363587908877998	0.107050140149664
-0.494761179444125	-1.16692676353429	0.167645534520449	2.04067496536153	-0.914071973830696
-2.0138233610206	-1.49378706371015	-0.0564938768299967	0.210992448936262	-0.20538485726107
-0.530870830604434	-0.273314183307841	-0.815203488270299	-0.349276180779328	0.917950582015543
0.727811517555558	0.870927566808734	-0.494622523828278	-0.332261628108778	0.0980052920606342
0.338340500802824	-0.142983733599364	0.562287225011012	1.20659333927621	1.2651132582906
-0.0256705410369987	-0.269879652329905	-0.237025721414664	-0.475338605055467	-0.625249687763036
-0.746331054939242	-0.698348747360969	0.0219246357320119	-0.417081968169494	1.61434893031505
-0.56235959221994	0.735673404877516	0.705873230024719	0.477379474662222	-0.214295955575514
-1.11874561327736	0.261226158252087	0.473874313111473	-0.960083417315619	0.176263986758355
0.243990253177123	0.0770604518646557	-0.126474182882871	0.568739372588365	0.308632366955914
-1.23822446567195	0.127473275412639	1.07390075746401	-1.27920029039197	0.0847098204409533
0.065157769834307	-0.561873994494687	1.14682087655575	1.32177211446038	-0.678757315203554
-0.28881343542908	-0.313948004818203	0.211786769920307	0.604446786408663	-0.150624508961817
1.50462779105023	-2.14601209363353	1.38289772446173	-0.279612906075815	0.131040842406352
-1.22059956726238	3.69329496790938	-0.352461906209002	-0.757984512039765	1.08999170483526
-0.532916176784963	0.264904504809479	0.481885696950989	1.65802437650089	-0.316301444378391
2.26465045796395	1.20710007818265	-1.13931628915557	1.44128613585647	-0.242705104913504
-1.16215278341663	0.558237672946965	-0.278098839831257	0.568679377013297	-0.0127528389280875
1.04610247183066	-0.727585954292672	0.478948890259078	1.11628071927288	-1.00350852269188
-0.385304379886577	-0.750970683042839	0.506825063456321	-0.258262036284886	0.913671577104436
-0.208348345993585	1.29524108441514	0.830410557300766	0.225033129155108	-0.59238626344985
0.0768577314258108	0.617571799405162	0.817994555702396	-0.515637387131347	-0.637358726828546
0.895333411884217	0.9993748514402	-0.605261098725121	-0.767125774659976	-0.514416257321858
0.219400809994923	-0.719122371411262	0.169703262867157	-0.386314465876323	0.341225763475665
0.439772318243564	-0.33613473170275	-1.24275567462575	-0.632634698037881	-2.60329663236468
0.163881545085313	0.982517945936812	0.620737455280896	-0.0812664439433218	0.581141512283418
0.830367361101673	-2.26938176212887	1.40513254178842	0.902664396409118	-0.827621052591544
-1.00119702453005	1.32366378993006	0.8449840678529	-0.89364268001393	-0.0947350368022961
0.640229132238332	0.889296510980904	-0.387192037642222	-1.28074585492673	-0.752585075739297
1.24295974464966	0.608516486020184	-0.542430122243276	2.04043083658696	-0.462483883772856
-0.219064283137808	0.976514071149141	1.74258762595919	-0.610990298310612	-0.155890569888119
-0.434727809734949	0.348802441722897	1.49710443439939	0.38244337349469	-0.799310667193672
-0.157293838411095	-0.394056205967485	-0.702331436364734	0.26139443870701	-0.444615645110792
0.089930189873267	-1.80310779457273	-0.622077651733357	1.34829385056195	0.944181305380236
0.705377539969776	-0.673903789336	2.01879663636995	0.422066590610807	1.60723717387639
0.504378566244083	-0.617340894101598	1.65920218621727	0.15471377286465	0.323971272022893
-0.384156587865947	0.455521634854127	-0.523384005853174	0.83728391901503	-0.850536010659069
-0.122391820560585	-0.50498050826576	-0.25690552798271	0.915414012329188	1.00698309112879
-0.627863075953037	0.023605290250824	-1.03753373189746	-0.331190183994837	0.585464541971563
-0.46398416970086	-0.0413498019777484	0.563336176977549	1.16111435631069	0.685552868936108
-1.33494173488007	-0.193107974263036	-0.758169546352591	0.316933728536029	-1.05102095906097
-1.7319052746918	0.266272297043822	-1.7931417363731	-0.980917981470575	-2.10342426319834
-0.423629778469422	-0.0793778612134097	-0.739408963896438	-1.60608087104098	-1.07124413484172
-0.659707064692564	1.98622186765205	-0.761389778753824	-0.730639760603989	-1.02881999494886
0.125827016285063	-0.684152703846125	-0.0806036424044873	0.0638327128034359	-0.431054774499303
-0.649789915011282	1.53150199844981	0.00792424660542188	-0.204730999844061	-0.33744876304019
1.50245244864293	-0.796320484792079	-0.712044439955598	-0.99446834956431	1.64796871163134
-1.08890508785082	-0.405541964117073	-0.733251008941162	0.450436097663061	0.0247722817457836
-0.548629242793392	0.693180073746749	1.53102465539541	0.573699752891974	-1.19264576490552
-1.16045373210763	2.05632379758605	-0.234746502485904	-1.18357694039383	0.146574034461993
-1.21155560499786	0.0924407408877472	0.60469725608419	-1.22823146976385	0.946579162393769
0.859624655307983	-2.3890956778137	1.50508381240464	0.897929775310492	-2.64731925194818
0.913502680628743	-0.294035722955909	-0.119691412243658	-0.63626417459533	-1.81850747073492
1.14123367625006	0.822064500701193	0.396991667447909	-1.33145517340788	-1.10254041425752
1.87096663396332	1.24051691994319	-1.37285811095289	0.0271099557488784	0.436218456971485
1.28234144889046	0.958752951993397	-0.350145203655928	1.76335475939844	1.36485658946499
1.2570779995761	0.859801034458685	0.144942604729718	-0.159218460787603	-0.598691952908276
-0.869351837651124	1.07447164027124	1.60848519563453	-0.334934421755863	-0.623802253596712
0.677991153654067	0.312852695495277	-1.35926281665238	-1.76364481813168	2.04451503015116
-0.0164506673271189	0.179971484802617	0.574827753494337	0.472762239222164	0.255362454137958
0.571711427698698	0.18718181322218	-0.517445722506575	0.753603422761265	0.576275640573432
0.0843568035858401	0.889460965985696	-0.563071018837598	-1.27532329252107	2.33051409949759
-0.123264216162068	-0.238210603235302	0.832116618046397	-0.533055909726301	0.188131014945139
0.544995355002774	1.97300718145151	-0.811837433176857	-0.20058271589231	0.774041465240969
0.360256597389299	-0.761655427864838	-0.774542225118063	-1.21752972081003	1.0034659274895
-0.969716721328338	-1.73106210142289	-1.76913019799995	-0.436644251520197	-0.180464035893756
-1.07496495933667	1.97878831466575	2.31278363128895	-0.782635593285043	-1.17500194372627
0.386685325748598	-0.0663718526123131	1.02543364092125	-1.79785365080579	0.480995822789692
0.183577444483719	1.36543804490006	-1.5913498032939	0.28645778966044	-1.50093225520235
0.370227786424537	-0.735771543386887	-1.7031427927244	1.11431533241806	-1.74198152986555
-1.61484999800431	0.211096788296242	1.1369512987261	0.962698507452648	0.0523976451464065
0.374262720223574	0.72507702481617	-0.150740442809668	-0.180835155909478	-0.00988480524944284
-0.502550286872403	-1.54491816564285	-0.0385231046470805	2.35965548679946	-0.810758660087598
-1.72372022515748	-0.443129739668522	-0.146454184938918	0.514646915473527	0.0525337879184225
0.118292526772583	-0.636225267927767	1.12840901074749	-1.10987974003926	-1.06679375689731
0.462501405149574	-0.90090803364321	1.25650917666884	-2.11464399109283	0.124070604215338
-0.946667377184842	0.576528199266441	-1.16481877992782	0.579748446112052	0.0882546451299188
-0.312597275105592	0.0630268983331375	-0.27026107851429	1.99085611023249	-0.174771745787566
-1.10102599495425	1.03355872167811	0.271589605470354	0.833896458456816	1.48439121770711
-0.597234704451881	0.734586485067883	0.739915220354014	0.434149973832678	-1.60165934408287
-0.164824495878364	0.146578514747002	-0.125513961321504	0.288934083078639	0.909320397476132
-0.999404888744258	0.0664932478617017	1.4098203453607	1.9670228547991	1.23013724621486
-1.93014221425	-0.115921282860523	-1.05658987140923	1.23818627881755	-1.23164672168747
0.68677625508877	0.273160277702317	-0.305260702058126	0.846395133031485	0.947341423771687
0.799125490614335	-1.50872503606754	-0.514943881760452	0.307634974803922	-0.329426197553229
-0.109352013456041	0.403857008374776	1.99265131818165	1.47957246542224	0.187214703488938
0.559850870092039	0.604965139275788	0.723612956814085	1.35025784034544	-0.780169003103927
-0.487617133287787	1.22575369220901	-0.477841565584617	-0.394902347905531	-0.75026559152939
-0.0504349955160511	1.83630401223192	-0.115374870261829	-0.880078780907337	1.63978551788583
0.115050351604194	-1.10397448614877	0.594232411031935	0.411632650494235	0.506415082729243
-0.226961678474754	-1.52921333308276	0.127458347112868	0.394410480635526	-1.4648719939014
-0.59981920795039	-1.20799203880683	0.354071379525901	-0.665234819764681	3.1232923328415
1.48578048216621	1.23690673460028	0.631981393475724	-0.213854377260409	0.0356414242192236
-0.170961579071684	-0.576685025918681	-1.27993143113029	0.452168047623247	-1.46919517500993
0.207207569363605	1.05681943631343	1.85668600218353	0.619978096462702	-0.686253430835621
1.12588430667751	0.503815844839646	0.584435331061675	0.502556208190933	-0.333337849454371
-0.949464580060178	-1.98818690593701	0.18451902158977	-1.23223269338363	-0.0166783309645773
3.14509455205555	-0.905374247592618	1.01374084694734	0.968284958081346	-0.604569322309762
0.766227827483424	-0.770100298175468	1.51647799443398	-1.57203599056984	-0.564821929761109
0.11977534487687	0.699510730331327	-2.41313325600428	1.04934355305355	0.302162044441695
1.10684807730768	-2.4492228105329	0.224361289810703	0.971206759178708	-0.553205521323022
1.19045660863974	-1.79537553725745	-0.676532422186375	-0.183723410375441	-1.57787209264146
0.484238558759259	0.994160217644748	0.630381025269456	-1.6932100159752	-0.566938272008937
1.59934246353597	-1.66101035152874	1.73601933330372	-0.940720373689103	-0.697986182947208
-0.258716061038857	-1.15449556977062	0.250195178930229	-0.219817475695088	-1.03506283254538
0.285448696221371	0.010234664116049	-1.38684592528768	1.43218960362067	1.01352945406217
1.67484758470561	0.952077014861058	-1.28482962644846	-0.337295574488622	-1.00865365902176
0.289369247552066	-1.29894365786351	-0.514156608302487	0.966822482372187	0.0822482180915441
-1.45663073944366	-0.747699434035095	0.170760831661431	-2.23126543043882	1.62115511140853
1.41298843414264	2.84363767682251	0.0512767298039316	-0.055772598146294	0.128752925077303
-0.455049394982055	-1.11863038826334	0.475170993878705	-0.802291790216161	0.673197648283456
-2.00147502225232	1.11950739874628	0.434111366025026	-0.343851300257828	0.297316472025794
-1.01272917862761	0.528208163254696	0.585631514437149	0.206125556760275	-0.128832751715426
-0.425323784303865	0.833025442632973	-2.27851621676366	-1.25948447291354	0.62713717313405
-0.584500817338959	-0.569993421668663	1.6372960341613	0.844017978590222	0.0285579922462313
-0.986599850906855	0.404516963159444	0.579362713499775	-1.33993090960191	-0.331936442924363
-0.109151652814379	0.0698420252472573	1.57895167491666	-0.198784421576715	1.75017433333356
2.16170675630632	0.284666655877936	0.7273494672636	1.02200793878103	-0.651201387777215
0.929488864892295	0.154867379060126	-0.802326189445504	-0.912851321906799	0.561430668796763
2.37064486236777	-0.269584460248732	-1.31820610790579	-1.51028319241864	0.947907686991306
0.790930745209601	0.0743465792412348	-0.959225094489666	-0.0721615863189067	-2.67587141234994
0.100070379646936	0.618422906510566	-1.45622164369405	-0.417632859078105	0.492825243215014
-0.207847700244003	-1.48010447423477	-2.03049358615959	-1.46287470879623	-0.952641892048092
0.997740385802616	-1.97958665356306	-0.046309596268714	0.228251913867438	-1.57426230812059
-1.10774310093011	-2.20557951920348	-1.003391624671	-0.5029561166814	1.35775584384056
1.5723006999962	-0.210412662332055	0.607363744699876	1.0474523391979	-0.691399079754208
-0.0427369038546782	1.2648073070808	0.455490643498244	-1.68711442348635	-1.55664718307119
-0.317872005979661	0.276346002996422	-0.906621286455218	0.0522670002795649	-0.87710702685257
-0.0689696021413364	-0.636585906641455	-0.115729188286578	-1.09455085741955	1.18389646419622
1.62823174047498	-1.8149548770214	0.284531005963408	-1.10101683089331	0.584437943877667
-0.385308204730916	1.50276686514699	-1.61343495913976	0.479898724743617	0.462865027652665
-0.227719230229563	-1.15100532593044	1.1427047905925	-0.631362675164074	0.893218675083847
-1.20688549109236	0.782416599659731	0.706123626809938	1.24219094037892	0.0706995031330964
0.0802491106276874	-0.597237781911327	0.237964646144244	0.713654865178353	-0.0374781547345803
1.17042391060157	0.752023038587991	1.32839018357701	0.698061820058951	-0.3990429616951
-0.437414509461798	-2.55852516364929	-0.551833186902122	2.03269293721783	-1.37122207385923
-1.88353928073012	-0.822173353238844	-0.525152327985016	-0.0664146288403548	-1.03484924727375
-0.466397907410303	0.590068531391963	0.235180046424511	0.462297035579603	0.917119032599919
-0.116934201755556	0.0933278887730949	1.09934592060276	-1.90532426666447	0.692172483773826
1.09133195792591	2.84274497630106	0.343728274862936	-1.05627026159479	1.00686580824109
-0.0996416247538938	-0.492998159079216	0.40894999983298	-0.00052680394369578	1.18834126041718
-3.23819261289843	-1.08064258157433	0.918419524383714	0.0121591653575703	-0.33289984389108
-1.07645120703676	-0.756744801069298	-2.20608567693219	0.108276364253514	0.485173078946272
-0.0328102298325589	-1.68539664861281	0.964417955569541	-0.870379965665595	2.38925458536807
1.32692591610026	1.72181896891195	-0.280086389876509	-0.12054795116168	0.535578539325771
-2.10437900932042	0.327623462366437	-0.574702560032177	2.53186076353364	-1.2436720064345
-0.360791569788855	-1.43886755367351	-0.457944802836773	1.67005283173285	-2.51855927681225
-0.282322883349097	-0.95492059834784	0.081535056515339	-0.366692751343921	1.32711887983786
0.0890144325254152	-0.445409804896375	-0.734870565953586	-0.582827760277978	-1.15547429062528
-0.236842002621353	0.928147994455939	-0.463088727323015	-0.683625369445299	-0.84995794436609
-1.53761837408361	0.0159136175199834	-0.429723336904851	0.249772074272136	1.35325995079629
0.119633614341329	-0.309593123738593	0.138509850678065	-1.46862208417276	-1.92376704146151
0.729643730927733	-0.0649032287268859	1.19475821786043	-0.627805505378352	0.393556607816266
-1.26775132808596	1.27180071710707	-1.21988850789633	-0.742976927163044	0.398321454440297
0.181452605260396	0.98723263232733	1.26547881084938	1.67322481349989	1.69956071900326
0.598919741122693	0.904182921516422	-0.209790666644021	-0.464709020028999	-0.877588100797766
1.58004750595676	0.806497647823181	-0.778688372228843	1.62618726927045	0.300542887024056
-0.395449325327802	-0.939001105004852	-0.133957304206616	-0.0506595885813045	0.523333200064091
-1.11229099947169	1.47814975368043	0.237347001399534	0.805017337088713	2.02327803169516
0.808741870835174	0.486619632958623	-0.429429354708162	-0.943096640243851	-1.46379283645118
2.91107137940217	-0.446319895779449	-0.0850410000846777	-1.99195956765794	-0.547854262368618
0.331433840212742	0.358088343966962	-1.05131981905834	-1.59905832047215	-1.37004487771862
-0.888236408634666	-0.287143701840605	-0.277615209927626	0.395293436463423	0.843179965686894
0.315017717828662	-0.0881930102696164	0.241757349949146	-1.0606361167507	0.424295410047368
-0.0958877946257941	-1.29583596312656	1.51328463971134	0.262032491922664	-1.15616406621362
0.0708154049087678	0.266512826548312	1.62633433354472	0.888069484616555	-1.90321895729691
0.308736152482021	1.71832788519449	0.968966749527782	-0.305662083731986	0.611172326643599
2.40085073779223	-0.241120010406707	1.83830812777275	-2.09466610301909	-0.500646614099584
-1.10979960500665	-0.633576418512274	-0.726553616245881	-1.03755873355625	1.14709456750814
-1.24901754520017	-0.710144955459482	0.398641188220086	0.508455502737917	0.279616736906722
-0.164925706181241	-1.3527542434013	0.353912696806389	0.715718237693024	-0.148179159618231
-0.663400017781326	-2.21798433827603	-0.373295465333991	1.84087872634111	0.966420764532717
-0.805425866459846	1.01387858902042	0.0312375029270272	-1.31054823154521	-0.230713053890783
1.22004277488275	0.822823052602821	1.78026008403031	0.859252098492347	-1.91325464762003
-0.302470334437142	1.5238492808472	1.68813488330365	0.714642134105325	-0.694369289760055
-1.40194290177979	-2.09070167345473	-1.62559326919389	-0.72805294498502	-0.798182147554239
0.0779902730157472	0.327398143465938	1.43103749920203	0.0678195561495837	1.38627661579966
-0.745256074165911	-1.11268331071539	-1.00281733245633	0.930396977491216	0.0320729102860463
1.91848948982892	0.912116014760887	-2.20101988764797	2.29248707020778	-0.334061090383829
-0.790911688427439	-0.202866472389375	-0.341579336147316	-1.3166172963191	1.01555602851162
-0.500259117917629	1.42302471245336	-2.17468341374921	0.802833265813141	0.0810795939372424
0.136031766357724	1.08034659495473	1.48393055070106	-0.0212139274343741	-1.78030571450774
0.671437517915272	-0.573150103125169	-1.152945708832	-0.271193901387875	0.600507085666117
-2.42971817363636	0.396157897647463	-2.06127786357913	0.873971512749735	0.137335531518471
-0.14777709472687	-1.94515203404507	-1.90016717688945	0.900080144502555	0.242003145716184
2.14585185886546	-0.897124045724201	-0.295260343169733	1.17754679897709	-1.14849264968031
2.38652119762823	1.0757289214643	-0.934750161036165	-1.05350609337522	-0.953262881644095
0.012043632182816	-1.30191099610521	1.35062288385483	0.387267104644167	-0.0754801792286808
0.247098963576794	-0.308331598064917	-0.0994204297090759	-0.331986563881081	-0.0104460232474175
0.434544754709756	0.310746007568413	1.7951682808688	0.154410025643978	1.00630560955267
1.0719402125197	1.41550796495399	-0.882415453859303	-0.96238836827229	0.814576684581051
0.885067197751758	0.510598392824822	-0.773013227943485	-1.1447179988503	0.359160380892589
1.81560930894849	-0.655569750521912	-0.422455793365692	0.575382720980893	-1.19554200194068
0.198960973314855	-0.743218045663922	-0.645137752256542	0.993866410121051	0.88019557336149
0.819520833402506	-0.483213270382485	-0.492872031641436	0.420312015651341	-0.583632547733961
-2.88879072684863	0.276809191284406	-1.57404503443154	0.0708853855205417	0.85437956539724
1.34571598914249	0.923703768776547	0.449231646736591	-0.534111482483027	-0.396148868844422
-0.808811023301404	-0.789627670147147	0.040136649493628	-2.07554140356193	0.879607607280313
1.44801951746213	1.11403006395469	-0.467910470227099	-0.260446511706695	0.6136989437751
-0.45072277630515	-0.308696347672387	-0.058622546954933	0.204638881404752	-0.479768459089287
-0.771271743051651	-0.430810352804905	0.865255856610316	1.60035642104614	0.557292196310393
0.317504542917384	1.06513275398677	-0.0432667002633638	0.720648040508636	1.15162523169715
-1.41371530351778	-2.32389660189519	-0.916862232530846	-0.109965906552794	1.25063924413534
-2.80648656354571	-0.316626121429952	-0.479594571976319	-0.641354939529473	-0.108400115871007
-0.116944454254031	0.391605930611528	-0.329733040858016	1.26021986777117	0.142797062910724
-0.252466481847113	-0.973292857539399	0.45601452156504	1.43191130893978	-0.272732333968195
0.763195433230829	-1.36111883788903	-1.26035390287916	0.133401911693328	-1.01879265650538
-0.360514843627961	-0.255774204146231	0.103346351602335	0.341870185630792	-0.77906797375693
-1.80520377528362	-0.251693237940955	-1.15730463067943	-0.928603391377281	0.161533241358245
0.593995429201563	-0.797688808226275	1.32432591852031	1.22387339116589	0.105981408233826
-0.331085519631447	-0.311027010746345	-1.21130766989704	-0.807745583236358	0.491729786608774
-1.88033773970394	-0.815542349822002	2.06076811453777	0.210101642310098	-0.670358012045816
-0.718523599394358	0.34994305259222	-0.511099883896555	1.35006736227277	-0.495169686025192
0.23454118812913	0.12139348392772	1.53181091545603	-0.459081502115274	0.236707402965594
-0.328163539039422	-1.21138315841095	-0.246185261977541	-0.39870277406977	-0.759117762811725
-0.771856468879215	-0.702389176983719	0.752410738341718	0.873702298904835	0.27486348615674
0.431680457574122	0.512386193088356	-0.632298403929172	0.288198468148368	1.26696437237146
-0.0725232618818451	-0.528880481648402	-0.538666275228328	0.276571455003437	0.455980435267159
-0.581638727709631	-0.930055129689301	-0.720351309514603	-1.10117614417259	-0.978251780926364
-1.73582336027075	-0.262685686033825	-0.434113806546496	0.698530637390153	0.0342199112737756
0.8196836897608	-0.267333974477398	-0.810652674063635	-0.627630546453325	-1.11957655060115
0.963066189726734	-1.54420795803722	0.549076435786925	0.209953863181024	-0.829221540446594
-1.1499944271029	1.38946076808297	-0.0961614484835189	1.44829480345942	1.57778641349293
0.221848251038081	-0.676458599780041	-0.17507674084261	1.41882448487418	-0.568099948463515
0.593627335456391	1.56105616867455	-0.490768708754429	-1.10923169500357	0.460230118096835
-1.40916707141513	2.43454248568742	-0.277099802903552	-0.129097256404771	-2.78852384936874
-0.174337555534385	1.46839302048084	0.156841157930491	-1.93345851450227	2.33462806031123
0.23059345786633	2.74127999067008	-0.981310980921808	-0.697986323787861	-0.773436778544816
-1.99104286240668	-0.482330316629432	1.21650017898039	-0.766511787245642	0.145826481258348
1.06367906869973	0.092253855040822	0.698095398163136	0.955557673665267	0.622206304411264
1.73438300541938	-0.0327633954520518	-0.7254061229325	-0.796431752888817	-0.621484626453483
0.257058906732097	0.934432910601485	0.113448345699442	-0.210799323249998	1.11116009542801
-1.24068626197525	0.762025291060983	0.577556562273876	-0.200996021471814	1.44994010361289
0.721013076686144	1.0392696657679	-0.247460649222775	-0.571228832481818	0.691874164869195
0.137180460834144	0.516710972428281	0.975073482206522	0.342155953081542	-0.354138492473146
-0.494010896955516	0.00459586938419418	0.873969221824381	-0.551509284835331	-0.286743259705737
-1.21946842406703	0.53829816453422	-0.0223967704220734	-1.49786463592226	0.34852724743456
-0.0244621860088358	0.945489057654279	-0.857896806845193	0.672411668868969	-0.979612122550558
-0.749298731488759	0.950034890123502	-0.815227433876344	-0.366443973266677	0.374578556944622
-0.303774116387987	0.882421883782633	1.21704170936159	-0.535988629989364	0.344635466157299
-0.540157446534662	-0.3677139988705	-0.617865649012993	-1.49384148000548	-0.175829038304532
1.97513076815336	-0.062034914827965	-0.572433752569253	0.437893706622281	0.591428190511507
-0.063862496937068	-0.66156210822522	2.01742778336303	-1.43733584262135	-1.14839899454752
0.331613198363921	-1.72115665438935	0.785226480148175	-0.20882574007758	1.83556727454306
1.59922549841433	-0.816530399878562	0.554281485562389	-1.66563625748113	0.884081974396847
1.21830065289598	-0.663651878240783	-0.432060088457025	1.15434371928672	0.415730309066534
-1.86159595832382	-0.622223016026806	-0.777659672225462	2.20120799611531	-0.280103491389219
-0.289346685322509	-1.60431581697732	-0.979679816568706	-0.0325093504069375	-0.672922897266984
-0.276922204578723	-1.88691585094398	0.292528703013714	-0.197513302323579	1.06972240030686
0.10512492295684	0.253975755130734	-1.03399090393359	-0.0565274820391643	1.06366786130699
-0.635371879641761	0.904892926308004	0.221002119560962	0.905497454700029	-0.418019873779535
0.276044851204124	0.0968442083115375	-0.288056498183631	0.556741261495165	-0.958555487780255
0.820664312436905	0.0324935094125599	-1.00128881002297	0.716300791353415	1.30317868975284
2.10520114810908	-0.317501864187796	1.4018524424613	-0.952951091432741	0.800384921899749
1.47975012630192	-1.41458974173335	-0.512824594730189	0.687548976993915	1.20462173917299
-0.603951348428381	0.073564153066308	1.10371990243212	0.00867480964947305	-1.78988564728734
0.992654590196349	-0.0490501435547876	-0.15929933225202	-0.0451835352834282	0.907620696780606
-0.00765243808834656	0.31333338263406	-1.37727207639127	0.382711084913697	0.0965114059175857
0.154415998874167	-0.556047220492095	-1.31654067445356	0.112196163066274	1.30262347040301
-0.417853695791214	-2.55674432776792	0.00171244294562465	-0.327027346598557	-0.687990063524704
1.22806620424649	1.12054861197509	0.60664622641753	1.1269613995657	0.225355727808903
-0.199706190557783	-0.405472516340042	-0.659044021365158	0.820069515621856	-0.277599293022033
1.44889705297698	0.464053471453114	1.50526916172576	0.676064811448178	-1.94823397393013
1.85485390157862	0.293381566225199	-0.105162943205373	-0.958723220091471	0.938812802435324
0.513208706677854	-0.697427602064019	0.657395555562524	-1.24688607509803	2.10387186670176
-1.34055161743381	0.0563511606259879	1.44551458803744	0.189725910873374	-1.12415260875532
0.00326092327071798	1.28123678312496	-0.55208281512926	0.872587232261784	0.457910833245966
-1.28501608257731	-1.59536188107216	-0.185653247802302	0.134561821628511	0.51086685525068
0.0966067700551653	0.480514222877176	-1.67239245688687	0.757555011663228	0.367333548429758
-0.376410036469186	0.869564450141647	-0.253918023436724	-0.716333211823567	0.736882640662785
0.441354725148399	0.392022628925833	0.51595425018593	-0.484117742184336	0.243500021701477
-0.472626717437632	1.48106522747894	2.46747341116035	-0.700709785425951	0.0696572769307225
-0.128762833263979	0.0431644264994091	0.857650754411419	-0.692140887175729	0.165442822943628
0.818693338295324	-1.12845560273984	-0.314921439563555	0.307961049793827	0.0620772746214885
-2.16998840544078	-0.359789836013119	-1.35461491670553	2.76150509860818	-1.82448236884362
0.946195507694009	0.834079539130175	0.285831999849722	0.330934841830496	0.518464860236138
-0.699033527969904	0.625952656141786	0.65863291609262	0.6117615734276	-0.069823649526058
-0.0675289053764573	2.13327413800502	1.49615976407265	0.514343926983752	-0.775533408384428
-0.343209858126836	0.0197261239391105	0.739052893428409	0.761026480216944	-0.717461273853325
-0.0691297626786531	2.19327358371827	-0.580605679565924	0.414630318456292	-1.91537140941957
0.489940969355689	0.759146633163878	-0.528085021766606	0.0049023809873926	-0.0686271142517663
-1.37719682975285	0.469060751067854	-1.76629150840969	1.7028661106586	-0.929226100590135
0.694592747648239	-1.1463983544116	-0.362761643660172	1.64506204281298	-1.23679456913588
-0.0564571255572489	0.904580938440309	-1.13718679779507	0.201551994545793	1.04072890167376
-1.152174307901	0.664411732892158	0.975718432472045	-0.728337485244305	-0.387887615854759
-0.280161379510544	2.21466709627937	-1.65104180795437	-0.718366152489848	-0.654133868925453
-1.08880167609752	-1.18627877811803	-0.272244729139129	0.199708948096465	0.573227430169955
1.36365910690677	-1.85692506995322	1.46450511774195	0.377539888420417	-1.16783057101509
-0.707894654895632	1.04508066522956	-0.404073798928778	-0.749221107551987	-0.871348168413597
0.131747513056253	-0.159698728510222	1.88440985479462	-0.701453773349423	1.24819412946639
1.65250704729623	-1.26379766600425	1.08712849780543	0.386851471536455	-1.19788064469504
-0.378349920446816	-2.45898895391566	-0.168888483510019	1.29876965594567	0.731965442982749
0.184130667045384	-1.62990646626518	0.509547467945481	-0.509768031187502	-1.1325856822398
0.292511798058603	1.34812434401224	-0.136844171192727	-0.584099314183251	-0.91415311733673
0.0142761655726999	-1.02208579254961	-0.316996956485121	0.103860996374386	0.0013432077220026
0.691110725047699	-0.221262280898066	0.974341476599307	0.405368827688969	0.643792275733445
1.11520755935407	-0.977173883408555	-1.0786596422084	0.887195255734358	-0.194282866754889
-1.27394196081221	-0.0938197571184016	-0.279875524958317	0.0748162500584637	0.187108299127944
-0.825285227018721	-0.987462536807723	1.30652414574771	0.758579891324292	0.151885216075083
-0.906802822358273	2.08989833303341	-1.11599118431237	-0.486147629563658	-1.20466628341474
0.109833849083208	-0.107974332020182	0.338606997556505	1.12614716074352	1.8402616603447
-2.37449505185047	-0.633598279945055	-0.00454266906056357	-0.550282149583784	2.05257789073837
1.24160550740588	-0.772039798535521	0.596190281772282	-1.21634665475945	1.30944494792582
-1.19199612622807	0.291747770218541	-1.30987823915772	1.6472291605561	-0.0341185715845728
-0.0982441433948013	1.00504733647182	2.20343998450984	-1.28882036741934	-0.220442271277759
-1.80232564026906	-0.497876492409663	0.521380318170046	1.99812863877499	0.271285030963986
-1.29609449332059	-0.215960310239682	-0.470435402210357	0.535118539562003	0.33291617476651
-1.2843722690164	-1.0910304009901	0.371935397761816	-0.254852291390108	0.0814427263815977
-0.314699005090966	1.46056149511317	-1.4417836577912	-0.884686789250787	1.08758609050749
-1.06376061559967	1.16693131773771	1.09316669616199	-1.1061970909869	0.827375347677772
-0.450946844219191	0.0746540688031981	-0.408094530568914	0.425396349698036	0.601620001399443
2.12184327437721	-1.33033383069608	-0.00907715468282788	0.191005914735114	-0.54523453694675
0.595167647706046	-0.131304851252199	1.77833121665951	-0.655277644919637	-1.39109111912697
0.226776384676571	-1.45693479339545	0.443775031453855	-0.103380112500776	-0.824655183384529
0.0453197975365805	-0.80885061581136	-1.72454069599669	-0.0884665930715514	-0.744413103509438
-2.43780692481673	0.627404915152661	-0.298177665064081	1.93432584181355	-0.939932643041338
0.29426774420491	0.0128582907347099	-0.254728351231912	0.289028531740972	0.900858055708414
1.36962402941727	-0.664948569658452	-0.695161384631075	1.28969119400239	0.473891929887191
0.447384361523667	-0.405350797888666	-1.39923650502963	1.24089649609216	-0.13764865622652
-0.00171122413180537	-0.136125039787041	-0.559725955548567	-0.958045262087047	0.165782274732932
1.5191989857807	0.47776181894301	0.531725551301871	0.10010840888622	-2.30357193077923
0.266898163556429	0.748603852970294	0.237201397427409	2.4477845650813	-0.618762511093625
-1.85444477980568	0.066172739158308	-1.35271678684526	-0.457116759956533	-2.14469494555892
-0.738975569640757	0.952406708627587	-0.490079692261401	0.223907034870868	-0.135274421400348
1.44338466546239	-0.381900092772534	0.235085860371957	-0.0369829374471784	-1.25313576885043
-0.764268876303913	-0.0236380355674846	0.132430162021214	1.15014909875503	-0.43822123446141
1.12038148780858	1.48786343732566	0.650575845667127	-0.577736211005742	-0.228340533585971
1.27199390355169	-0.0773144423249468	-0.990545032770662	0.491249157734781	0.32844111122657
-0.876730681842877	-0.496502744121874	1.96256542819379	-0.221118492756799	-0.667769414792645
0.161875863895404	1.35400114678348	-0.0799553792401551	-0.804127205510641	-0.00494361817459945
-0.211546610113619	-0.196779706846751	-0.95986084856187	0.393238232524515	0.392812480803368
1.49031285250578	-0.180110467916374	1.27049433870952	-0.324945632324752	1.1366955602594
-1.68692627375193	0.530984990682207	1.16825981576916	0.649913751179245	0.464485515580685
1.69184912126608	-0.947947706853796	-2.12466158212196	-0.542954916721056	-1.23519157060055
-0.0876217316792401	-0.148395688814769	0.355783613709151	0.711631148572864	-0.746089204346738
-0.587495515874031	0.525549391516536	-0.64263905484728	2.98665304536458	-0.286311189360527
0.297087217125295	0.813160235304136	-0.0895879073276595	0.256241810308957	-1.64033754050937
0.893109404642199	-0.415149177490488	-0.0133067080203195	0.549339553389614	1.24291440547928
-0.100573661974537	0.327122747040129	-1.00664320842959	-0.653862968182345	-0.392749174000704
0.264924273179533	0.507607384831778	-0.602083367840055	-1.55761007724416	-0.50387366274759
-1.52479192849271	0.886627410971312	-1.09549578538726	0.480822664119487	1.07193688844682
0.665823380282963	1.01542610460857	-1.29187209543426	0.0127612867181337	-0.757155780193076
-0.726275618174047	0.400330941594484	0.952364987263446	0.962600483167086	0.3286061946478
1.20582849658534	0.828489461129166	2.07891061950033	1.43130419453966	2.00732855734767
-1.79321825871573	-0.217184621719019	-0.614397536064273	-0.478174812325218	-1.31008819569759
-1.3626385958723	-0.386606611577861	-0.435725951634298	0.280632249451087	-0.768356227413679
0.582622872535162	-1.21176034908058	-0.88454352588117	-0.625711855321001	-1.65269400352921
-2.3512058327443	-0.00945261592003709	0.224356405210308	-0.297493657527274	-0.476551467460456
0.827930134693122	0.803779263354772	-0.928118987261628	-0.744065952754166	-0.564211308137123
0.797932470379341	-0.641947430846146	0.494623767538974	0.472579193006237	0.434511961658761
0.0494245155250565	0.051721420406269	-1.12972513193116	-0.488813171992795	0.165884629470208
-0.852176056506224	0.134871198361796	0.378388340173044	-0.674216645070049	2.50222644855773
-0.857093046060001	-1.69545979882072	-0.857318048410562	0.0722048061049899	1.25133080760475
-0.789754543302966	-0.85271778302071	1.65362538748908	1.52763062992604	1.9827643962684
-0.0343816858601667	0.40622038056247	-0.657982282594851	1.35376879603042	-1.92759536190488
0.444209708242666	-0.223668869122819	-0.749647372082886	2.44526011474293	0.430813967486311
0.614938506608319	0.673848610774396	-0.12912320630593	-1.07348917722171	-0.108572644557548
2.37788935499305	2.37620472944718	0.679441070356229	-0.127288518130756	0.563108580751128
0.260972670009804	0.395698246797148	0.467327762336612	-2.01669484587173	0.12740752106952
0.0960551707332	-1.17157005748339	0.0704178811104466	-1.38934151092831	1.6380069173037
0.109202769317716	-0.543676208654019	0.33530017680944	-1.904915028948	-0.210056384185404
-0.644580672113366	0.452953768399404	-0.504281252443128	0.20596502178852	0.736469453845957
-1.38904074709208	-0.256959735581618	-0.678276716186043	-0.770743863687211	0.918593699276531
-0.319774733281427	0.319400782140912	-0.247539521973573	0.428680795542809	-0.082240407277927
0.219047285013565	-0.585347513582732	-0.670085677397714	-2.11654565292601	1.50355873452712
-0.98562472283949	1.12046945349387	-0.556547580168807	0.600007079988807	-1.24603201146201
0.382584657276382	-0.259573388343957	0.710137974480859	0.136805061953812	-1.12788201699993
1.00796857893262	-1.4709600317786	-0.0088142935319633	-0.257447924935506	-0.726876089366008
0.373349362540798	-1.08332669593554	1.92471493706126	-0.418023866796331	1.05800093348884
-0.274372277377687	0.641687669509656	-0.162513987195136	-0.041984572021237	-0.525119154313148
-0.372517202850123	-0.261869255281235	0.821719134195919	-0.224726734435753	-0.82823613818219
1.36953006260146	0.527214587063209	0.390383248141915	-0.566009378750544	0.944355585740579
1.40581962641184	2.93809362849483	0.402145773767837	0.47370218249942	-0.176366523385809
-0.4564023663108	1.20235232880657	-0.767377942062158	0.927717433759697	0.684855945290996
0.959499872342648	0.0849122190907925	1.17082009508543	0.660985204382148	-0.552558835423574
0.55785834885387	0.25348541734706	-0.653748599391998	-0.928980656362122	1.59478319870321
1.26952347494488	-0.744519949073801	2.226969013874	1.0380386376881	-1.45412441416021
0.0888840335290376	1.80098451993124	-0.786518349106412	1.77633872560503	-0.644432347821091
0.0389971564432231	0.398334137650976	1.44771681740914	2.03881182904363	0.462711105688141
0.616120827617323	0.731281750656488	0.408436969196916	0.513784131052759	-0.818811585529452
0.548887701658789	-3.59327445066351	-0.626996001935268	-0.00424556351335658	-1.48412504676854
-1.17044418095469	-1.82259905906556	0.293492490613993	1.8798646191508	-1.17439831006887
0.299824106456667	0.427496077132104	-0.248208643876061	0.501279930358283	-0.0452927285604027
2.27808305381779	1.02855242420802	0.208403968874858	0.743388361868503	0.832051464165046
0.794858870517457	0.424947720969106	-1.1185786140414	0.958808233736442	0.29783310120943
2.20089837638495	0.415670917252737	-0.0589599129468612	0.535939272536931	1.58701141620216
0.0141266533629127	-1.02314261619177	0.056614980131615	0.50794412536981	-1.37490985344729
0.760835520805643	-0.966285848460605	0.552026736704985	0.57777155959126	-0.54595775913181
-1.34269090199628	-0.121024257598251	1.09601258775164	1.21313392428577	-0.67616223727744
0.485458764055711	0.492389809923859	0.507847828557272	0.186053530778448	-1.70090979936292
-0.904265299909203	-0.305468696115259	-0.871017479315669	-1.7245493334709	1.19756545497084
-0.389695592507202	1.17312489014279	0.52114557046961	0.859332457059757	-0.0664683497738179
-0.0158178402796956	0.966752853223024	-0.781937672158153	0.448445941211572	-0.439152782748431
1.56758936290686	-0.727206116154538	-0.40940377894068	-0.250243638261556	-0.949561022203618
-1.0454196351743	0.669347022785202	-0.473410746624811	0.284335117690385	-2.0071030038375
-0.986362082953824	0.80894618616818	0.511184178464449	0.474845110484438	1.91816895620367
-0.356981496620071	0.10172266601287	0.0882545452888201	-0.228192598989192	-0.319583208928236
1.36306683889479	-0.671215193065692	1.84770501791018	-0.588308072174377	0.427364575955783
-0.0310890403376539	-0.751995961955318	-1.14667903452504	1.71755100360841	-2.463258240406
1.56142045680748	-0.148043332435481	0.322837207604875	-0.344592869610705	-0.209210843325787
0.505444456454685	0.895412320365418	0.340936977905398	-0.163178358528524	-1.14253797339212
-0.134965115548085	-2.54676204420452	-0.924487363666655	1.12295144179197	0.887792430423471
-0.316024382286315	-1.0289473721598	0.101298286339784	-0.340190792852083	-0.194633335016175
0.367239839284584	0.767526259886048	-0.598198195895401	0.406447181092328	-1.56299298341871
0.954247319849786	-0.28845610756228	0.257945214671318	-0.699763531191316	0.106623722755007
1.14409340037822	1.20941757853881	2.45744614009712	0.997998574643063	-0.0818942100878659
-0.721454195799001	-0.468356335597645	0.292981890421301	-0.464854186571621	-0.725560973776781
2.21455445427613	2.13331975271309	-0.999755364410474	-0.940240370044566	0.35241022812361
-0.493450041858445	1.57564424295383	1.08944565456267	0.37838201502228	1.85049912334123
0.563421179178725	-1.04861458815059	-1.04136707092709	-0.834907608987293	-0.821189310990143
-1.05946500996029	-0.842581693207816	0.76780270072259	0.747483909200297	0.805783599218601
-0.840848957151979	-0.82859085565429	-0.220540272840977	0.45057096523536	0.959725062273735
1.06649122240889	0.16507821881742	-0.258600319386076	-1.56343594503895	-0.254742186419798
-0.567305475291021	-1.70635276943529	-0.187925060794245	0.945263941733313	-0.398759522696188
0.195492325986714	0.439922978663693	0.266168248181151	-0.597356846044083	-0.523923687912096
-1.47346747124666	-1.1224367585335	-0.654000745657716	0.919337284411709	0.60664708046953
1.50037730072171	0.689185695367418	0.869432864701935	0.16083654281904	-0.861413226417731
0.386492383511261	0.0755692307462432	1.64403471476028	-0.363142772570879	1.63286375657474
-0.228870055698499	0.305651885640952	-0.804830306164456	0.292984909912646	-0.00133771712460501
-0.162405609236146	-0.686132308101377	-0.468268621477034	0.56978659909094	-2.43299422039648
0.457884062353683	0.542239566431642	-1.81613686433541	-1.79792618388808	-0.4976375523073
1.23267204460338	0.413072271512359	1.16516146833711	1.11969342494661	1.41298945881075
-1.49736644434232	-0.849085411320708	0.263630596879844	-0.507001720760775	0.0382829524294244
1.79994224851744	1.66113179562541	0.623722663874794	0.196818112364637	1.83405944100124
-1.34812904703261	0.249729443329168	0.848317076276647	-0.0737877104899749	0.320668777434953
-1.03935609571647	1.17099202924451	1.27335349734241	-0.133562242564613	-0.612029701538511
0.358307824511385	-1.19996261387818	-0.855173786297244	0.20746851041738	1.71389813889555
-0.986621926013069	-0.707987339733943	1.96860225550891	0.817988849855384	-1.48036839531736
-0.473375728787461	-1.18254027288007	-0.735132950192648	1.13811527840425	0.290148403788428
0.865152983384389	-0.566436544420407	-0.220177619993103	0.506240990720208	0.810402628607383
1.51089516522792	0.405509853451244	-2.74479191031581	0.388748824204857	0.604194872150708
-0.774216889015967	0.764053461676802	2.01039383222178	0.330038551357343	-0.191644313359435
1.18230136873907	-1.91418980797988	-0.264279598604597	0.935243695327443	0.815704732361413
0.847847252552797	-0.747184133073039	1.11584236008563	1.12576278309612	-1.02591616283782
1.17421633426324	-0.304872342753543	0.682243486845293	-0.777246508941653	2.14329441722859
-0.707816623353404	1.7561712102002	-0.694106798233304	1.46748250837115	-1.46413499748587
1.11393855919565	-0.222443819356529	0.916305892627131	-0.353520759310381	-0.149139839229398
-0.024881347409932	0.83704262139692	-0.754697900675965	-0.63330465422084	0.419766069481208
-1.49097862369445	-0.210414414774886	-0.901039184128045	1.0819730552328	0.929764139790511
-2.19315091790888	0.215572297798914	-1.62549130021778	-0.696733427993574	1.41543907928843
-0.0185119597035785	-0.259468419165733	-1.40250023269415	-0.77112167897968	0.669458996407526
0.938994137746008	-0.481554526970567	0.38064498829953	-0.730818130561439	1.52267651945764
0.595084930588612	0.553731700922681	0.402611948278824	0.258906076514586	-1.893455954201
0.291038007991602	1.26638947699202	0.145507181964924	1.45374941455626	-0.348974915388771
-0.101425255807037	1.83401872104033	-1.2397805778931	-0.314840513797243	-0.575738391263863
-1.6417294112006	-0.527646758003031	-1.52093876331293	-0.136859573201267	1.80015556830224
1.8014168668586	0.769610971700049	0.9798820934366	0.583009201288386	-0.765192465890865
1.39822937028153	0.343737300267074	-1.51658574314459	0.122236629982212	-0.376485294988318
1.01408022986075	0.287360988030853	-0.853217299388563	1.0065124848767	0.471386019914967
-0.0219683518363652	1.97312057830803	-0.156522658786445	0.71675254182343	-1.18985432022141
-0.753846268828826	-1.25726340790457	0.00463891488296089	-1.20930729409482	1.21422331438931
-0.0912789678116129	-0.443208871915089	1.1792852273736	-0.924141424664378	-0.28593538439351
-1.2583882031068	-0.142178131655707	-2.1847463874782	0.0691141661876084	-0.141304126566057
-0.483258407043546	0.820319234459218	-0.0978546689074258	-0.38692576595747	-1.04258113639977
-2.01179408349011	2.5312596494826	1.46307070742679	-0.121911475047643	-1.0726824421716
-0.250022848253342	-0.764836669768111	0.778157913440994	-1.77736962410206	0.471787252915541
-0.585500181132432	-1.02994914116076	-0.18602314831265	-1.4097437408617	-2.46321381818608
-1.32627229595396	0.458130758818963	0.272941429034041	0.161690926686739	-1.32115135662033
0.201178589474732	0.630333740498362	2.58814333249296	-0.369770922938055	1.82441878019746
-1.40142494147135	-1.1609930832841	2.02309933471993	-0.69106465876906	1.11369071403855
-0.365852230195252	0.83086018718305	0.614321885086873	0.423777803337665	0.0914649821028872
0.141279831069972	2.0518734358828	1.2320979627847	-0.0288114229702506	-1.21415473380383
0.54255303928416	-0.141475132206402	1.69484552628455	-1.11234980378949	-0.426561535417235
1.2261734676525	1.14087375635002	1.61900679903998	0.358131156148002	0.776131081339299
0.646376511685622	0.725034621456375	-0.0712443636839783	-0.345755748739163	0.0535593356214471
-0.457010866349193	-1.78833590550371	0.719076908381563	1.56187412697504	-0.263903645939351
-1.76792878629721	1.24665605231117	-0.738178552410904	0.0856869738126811	-1.44608168154793
-0.280212194606851	1.23061384986856	0.375858486862747	0.813566019080405	1.98612217240315
-0.607442930329665	1.11368499197356	-0.698905861327614	0.921972049252932	-0.663162351586854
0.273936194695869	-1.12805451764653	0.257999407022405	-0.372158666245033	0.0475453088337207
1.05505787100654	-0.0522633232804734	1.06170365120154	-0.201260146956921	0.87093081126852
0.113259422578475	0.263645472570136	-1.23690066444326	-1.43448358129298	1.71926756380786
1.43303285078399	-1.30258422936359	-0.0456882230668977	0.38336386385082	0.768364690404999
-0.469648956624776	-1.25838104184987	0.797908476808069	-0.680792112747651	0.345331062744902
0.44144041573075	-1.41549419359	0.540046819999067	0.698388847188315	1.07527073520817
2.11490208276488	-0.0313608259467287	-0.430771814604	1.12924544039709	0.257063250257444
-0.521278295053312	2.07893661844653	-1.30425573669401	1.06548775724684	-1.4408566194941
1.6055080102099	-0.906691599038534	0.43707512611934	0.323006295578253	-0.174885104513623
0.114876580886846	0.886889856481753	-0.827336691873284	-0.402106159964613	-1.13814944756116
0.786955838537648	0.504705228265106	-0.34136185051382	0.614139897790729	0.247472144977386
-0.462498302564945	-2.69683348711636	0.10943047389102	1.16631486188269	-1.60722746979008
