Gene	L12023_WT_d0_1_R1.fastq.trimmed.segemehl..bam.rnacounter_Count	L12087_miR-124KO_d0_2_R1.fastq.trimmed.segemehl..bam.rnacounter_Count	L12024_WT_d0_2_R1.fastq.trimmed.segemehl..bam.rnacounter_Count	L12088_miR-124KO_d0_3_R1.fastq.trimmed.segemehl..bam.rnacounter_Count	L12025_WT_d0_3_R1.fastq.trimmed.segemehl..bam.rnacounter_Count	L12089_miR-124KO_d0_4_R1.fastq.trimmed.segemehl..bam.rnacounter_Count	L12026_WT_d0_4_R1.fastq.trimmed.segemehl..bam.rnacounter_Count	L12091_miR-124KO_d0_6_R1.fastq.trimmed.segemehl..bam.rnacounter_Count	L12027_WT_d0_6_R1.fastq.trimmed.segemehl..bam.rnacounter_Count	L12092_miR-124KO_d0_7_R1.fastq.trimmed.segemehl..bam.rnacounter_Count	L12028_WT_d0_7_R1.fastq.trimmed.segemehl..bam.rnacounter_Count	L12093_miR-124KO_d0_8_R1.fastq.trimmed.segemehl..bam.rnacounter_Count	L12029_WT_d0_8_R1.fastq.trimmed.segemehl..bam.rnacounter_Count	L12094_miR-124KO_d1_2_R1.fastq.trimmed.segemehl..bam.rnacounter_Count	L12030_WT_d1_1_R1.fastq.trimmed.segemehl..bam.rnacounter_Count	L12095_miR-124KO_d1_3_R1.fastq.trimmed.segemehl..bam.rnacounter_Count	L12031_WT_d1_2_R1.fastq.trimmed.segemehl..bam.rnacounter_Count	L12096_miR-124KO_d1_4_R1.fastq.trimmed.segemehl..bam.rnacounter_Count	L12032_WT_d1_3_R1.fastq.trimmed.segemehl..bam.rnacounter_Count	L12097_miR-124KO_d1_5_R1.fastq.trimmed.segemehl..bam.rnacounter_Count	L12033_WT_d1_5_R1.fastq.trimmed.segemehl..bam.rnacounter_Count	L12098_miR-124KO_d1_6_R1.fastq.trimmed.segemehl..bam.rnacounter_Count	L12034_WT_d1_6_R1.fastq.trimmed.segemehl..bam.rnacounter_Count	L12099_miR-124KO_d1_7_R1.fastq.trimmed.segemehl..bam.rnacounter_Count	L12035_WT_d1_7_R1.fastq.trimmed.segemehl..bam.rnacounter_Count	L12100_miR-124KO_d1_8_R1.fastq.trimmed.segemehl..bam.rnacounter_Count	L12036_WT_d1_8_R1.fastq.trimmed.segemehl..bam.rnacounter_Count	L12101_miR-124KO_d2_2_R1.fastq.trimmed.segemehl..bam.rnacounter_Count	L12037_WT_d2_1_R1.fastq.trimmed.segemehl..bam.rnacounter_Count	L12102_miR-124KO_d2_3_R1.fastq.trimmed.segemehl..bam.rnacounter_Count	L12038_WT_d2_2_R1.fastq.trimmed.segemehl..bam.rnacounter_Count	L12103_miR-124KO_d2_4_R1.fastq.trimmed.segemehl..bam.rnacounter_Count	L12039_WT_d2_3_R1.fastq.trimmed.segemehl..bam.rnacounter_Count	L12104_miR-124KO_d2_5_R1.fastq.trimmed.segemehl..bam.rnacounter_Count	L12040_WT_d2_5_R1.fastq.trimmed.segemehl..bam.rnacounter_Count	L12105_miR-124KO_d2_6_R1.fastq.trimmed.segemehl..bam.rnacounter_Count	L12041_WT_d2_6_R1.fastq.trimmed.segemehl..bam.rnacounter_Count	L12106_miR-124KO_d2_7_R1.fastq.trimmed.segemehl..bam.rnacounter_Count	L12042_WT_d2_7_R1.fastq.trimmed.segemehl..bam.rnacounter_Count	L12107_miR-124KO_d2_8_R1.fastq.trimmed.segemehl..bam.rnacounter_Count	L12043_WT_d2_8_R1.fastq.trimmed.segemehl..bam.rnacounter_Count	L12108_miR-124KO_d3_1_R1.fastq.trimmed.segemehl..bam.rnacounter_Count	L12044_WT_d3_1_R1.fastq.trimmed.segemehl..bam.rnacounter_Count	L12109_miR-124KO_d3_2_R1.fastq.trimmed.segemehl..bam.rnacounter_Count	L12045_WT_d3_2_R1.fastq.trimmed.segemehl..bam.rnacounter_Count	L12110_miR-124KO_d3_4_R1.fastq.trimmed.segemehl..bam.rnacounter_Count	L12046_WT_d3_4_R1.fastq.trimmed.segemehl..bam.rnacounter_Count	L12111_miR-124KO_d3_5_R1.fastq.trimmed.segemehl..bam.rnacounter_Count	L12047_WT_d3_5_R1.fastq.trimmed.segemehl..bam.rnacounter_Count	L12112_miR-124KO_d3_6_R1.fastq.trimmed.segemehl..bam.rnacounter_Count	L12048_WT_d3_6_R1.fastq.trimmed.segemehl..bam.rnacounter_Count	L12113_miR-124KO_d3_7_R1.fastq.trimmed.segemehl..bam.rnacounter_Count	L12049_WT_d3_7_R1.fastq.trimmed.segemehl..bam.rnacounter_Count	L12114_miR-124KO_d3_8_R1.fastq.trimmed.segemehl..bam.rnacounter_Count	L12050_WT_d3_8_R1.fastq.trimmed.segemehl..bam.rnacounter_Count	L12115_miR-124KO_d4_1_R1.fastq.trimmed.segemehl..bam.rnacounter_Count	L12051_WT_d4_1_R1.fastq.trimmed.segemehl..bam.rnacounter_Count	L12116_miR-124KO_d4_2_R1.fastq.trimmed.segemehl..bam.rnacounter_Count	L12052_WT_d4_2_R1.fastq.trimmed.segemehl..bam.rnacounter_Count	L12117_miR-124KO_d4_3_R1.fastq.trimmed.segemehl..bam.rnacounter_Count	L12053_WT_d4_3_R1.fastq.trimmed.segemehl..bam.rnacounter_Count	L12118_miR-124KO_d4_4_R1.fastq.trimmed.segemehl..bam.rnacounter_Count	L12054_WT_d4_4_R1.fastq.trimmed.segemehl..bam.rnacounter_Count	L12119_miR-124KO_d4_5_R1.fastq.trimmed.segemehl..bam.rnacounter_Count	L12084_WT_d4_6_R1.fastq.trimmed.segemehl..bam.rnacounter_Count	L12120_miR-124KO_d4_6_R1.fastq.trimmed.segemehl..bam.rnacounter_Count	L12085_WT_d4_7_R1.fastq.trimmed.segemehl..bam.rnacounter_Count	L12121_miR-124KO_d4_7_R1.fastq.trimmed.segemehl..bam.rnacounter_Count	L12086_WT_d4_8_R1.fastq.trimmed.segemehl..bam.rnacounter_Count
MMP2	1815	2145	2070	2109	1954	1954	1912	1666	1899	1830	1893	1808	1751	8088	7120	8139	6717	7600	7128	10056	6736	8349	6355	7700	7016	9597	5928	2768	1235	2827	1284	2911	1562	3144	1460	2770	1236	2505	1140	3430	1411	644	508	743	478	806	432	873	385	1023	484	732	703	716	467	188	300	199	313	237	342	305	309	248	357	262	340	244	281
TUG1	5970	4947	6097	4743	5087	5053	4915	4751	5317	5122	5526	4958	5300	5117	5795	5538	5602	5585	4876	6343	5649	5389	5210	5696	5879	6850	5667	4540	5430	5069	5100	4997	5153	5599	5066	5279	4553	4981	4459	5699	5071	4757	5704	5530	5313	5043	4747	6156	4195	5561	4694	4888	5573	4199	4934	4711	4703	6035	4714	6523	4730	6826	4402	5947	4265	5906	5752	6736	5009
SMARCAL1	1090	982	1140	848	1019	772	1018	727	1017	850	1034	792	1037	1074	1270	1347	1393	1277	1473	1437	1482	1198	1248	1180	1406	1382	1303	1217	1217	1108	1232	1094	1291	1220	1266	1100	1091	1021	1106	1307	1077	1203	793	1318	779	1232	1044	1815	890	1659	1013	1337	1243	1297	938	1271	1056	1498	1124	1801	1112	1865	1108	1659	1002	1993	1288	1857	1258
PAICSP7	10	2	16	3	2	3	10	6	3	4	3	3	4	1	0	2	2	1	0	1	0	1	2	1	1	3	4	0	0	1	0	0	0	0	0	0	1	0	0	0	0	1	0	0	0	2	0	0	0	0	0	0	0	0	0	1	1	0	0	0	0	0	2	0	0	0	0	0	0
EFR3A	2722	2838	3157	2965	2627	3119	2553	2655	2533	3032	2393	3349	2720	3251	2678	3365	2622	3655	2110	4169	2714	3481	2528	3984	2785	4319	2521	1443	1289	1379	1250	1382	1348	1497	1269	1554	1009	1415	1113	1845	1138	832	552	1005	534	975	534	1153	624	968	755	892	828	849	750	700	707	891	740	1062	634	1030	625	1049	713	1077	904	1021	754
MSX2	23	11	11	15	7	15	10	8	9	10	4	15	12	35	48	53	46	34	50	68	53	42	48	42	43	61	55	35	20	17	15	33	18	30	25	31	27	18	21	27	38	12	14	6	8	8	11	28	10	31	10	12	19	16	14	4	6	1	5	7	9	6	4	1	6	7	0	8	4
MAF	79	100	109	106	88	95	80	100	96	104	61	105	61	366	621	416	832	424	800	448	958	440	685	402	849	504	777	767	683	716	641	780	743	935	834	859	641	779	625	930	796	393	785	429	815	485	582	712	643	628	674	566	789	574	601	165	224	189	276	226	302	242	210	241	270	292	337	249	306
SNHG19	905	686	1015	655	794	636	821	629	831	697	872	612	823	619	706	638	957	647	901	805	873	736	649	694	809	749	706	577	475	330	441	389	482	495	506	446	473	446	392	524	401	399	260	447	399	491	297	594	321	628	363	465	411	539	333	325	254	430	251	536	293	518	257	447	312	524	295	465	253
LEPR	436	282	281	235	294	284	355	368	322	329	313	354	286	418	512	349	607	334	535	447	604	504	615	421	646	457	624	469	439	576	391	524	508	624	384	615	422	588	420	668	447	350	211	346	197	332	192	391	159	348	170	351	231	310	205	320	309	486	272	456	301	516	285	459	244	505	374	446	355
CYFIP1	3240	3183	3724	3100	3362	3245	3577	2523	3353	2728	3351	2857	3342	3486	3591	3694	3954	3552	3863	4142	4219	3610	3755	3457	3878	4198	3507	6183	5934	5073	5800	5678	6157	5939	5763	5456	5668	5526	5334	6460	5674	6562	5691	8035	6109	7819	4964	10334	4952	9766	5028	8080	6027	7779	5182	7620	3542	9272	3675	10993	4257	11049	3476	10035	3604	11141	4255	10655	3830
AF111168.1	1	2	1	1	1	2	1	2	1	2	1	1	1	1	1	1	2	1	1	3	1	2	2	1	2	3	1	2	2	2	2	2	2	2	2	1	1	1	2	3	3	2	3	2	2	2	1	2	2	2	2	2	2	2	1	2	3	2	3	3	1	3	2	3	3	3	3	4	2
HCN4	463	660	506	607	530	527	485	534	591	602	504	523	468	1106	1160	1051	1468	1007	1299	1237	1357	1146	1109	953	1304	1282	1186	1220	1266	1205	1229	1301	1303	1463	1346	1259	1154	1199	1175	1410	1293	1000	1254	1085	1547	1308	991	1558	1047	1288	996	1080	1124	789	1018	1217	1118	1464	1110	1919	1061	1885	1001	1653	810	1778	981	1849	1161
KCNK6	1177	1327	1220	1169	1264	1143	1162	1153	1275	1212	1183	1217	1211	1868	1762	2039	2063	1792	2172	2578	2206	2237	1971	1880	2232	2106	1890	1177	885	1033	868	1076	922	1260	926	1024	827	1021	730	1309	893	513	178	517	222	593	205	761	215	779	214	576	249	575	209	548	203	591	217	667	198	687	144	663	226	777	183	822	199
DGCR2	2945	4023	4325	3913	3805	3575	3409	2923	3910	3283	3675	3297	3682	2750	2446	2920	2825	2639	3051	3516	2888	2766	2536	2706	2737	3375	2624	3177	2969	2829	2868	3084	3094	3451	3076	2838	2797	2897	2609	3359	3229	2650	3588	3202	4409	3418	3083	4383	3676	4236	3256	3254	3547	2863	3020	3416	3359	4004	3504	4834	3565	5081	3281	4140	3072	5005	3546	4586	3692
SBDS	975	669	817	717	837	692	817	668	832	647	723	768	803	974	1069	963	1241	1125	1077	1132	1261	988	1094	922	1246	1211	1138	1745	1672	1597	1683	1625	1829	1722	1826	1574	1648	1714	1549	1908	1607	1861	1784	2080	1704	2088	1662	2565	1458	2304	1740	1795	1974	2106	1775	1870	1316	2410	1358	2833	1476	2819	1407	2675	1742	3054	1722	2941	1501
PSMB1	6218	4533	5799	4653	4862	4965	5363	3974	5128	4369	5042	4868	5094	4570	4592	4969	5031	4938	4839	5922	5345	5064	4373	4843	4890	5586	4574	4275	3730	3727	3653	3802	4079	4251	3902	3976	3346	3885	3188	4419	3591	3050	2618	3729	2803	3489	2694	4295	2541	4364	2911	3677	3221	4478	2795	2717	2208	3198	2214	3923	2348	3773	2256	3201	2775	3584	2718	3516	2478
AC000120.7	9	10	6	4	6	4	4	4	5	2	6	5	12	6	7	3	7	7	3	12	2	1	2	17	6	8	14	5	20	10	10	14	13	14	30	9	7	18	11	16	11	11	22	17	27	13	29	24	36	26	29	26	16	9	12	13	17	20	25	11	25	32	32	28	27	35	33	24	22
TMEM165	2886	2311	2685	2313	2469	2701	2400	2152	2597	2265	2315	2795	2575	2325	2333	2605	2569	2794	2466	3333	2741	2687	2512	2630	2588	3092	2546	2447	2106	2372	1938	2449	2237	2337	2207	2553	2105	2328	2002	2792	2098	2094	1702	2262	2080	1993	1608	2756	1311	2382	1706	2274	1794	2317	1585	1456	1115	1935	1124	2313	1119	2665	1044	2073	1283	2348	1291	2498	1185
RP11-144G7.2	1	0	0	0	0	0	0	0	0	0	0	0	0	0	0	0	0	0	0	0	0	0	0	0	0	0	0	0	0	3	0	0	0	0	0	0	0	0	4	0	0	0	0	0	4	0	1	0	0	0	1	3	1	0	0	0	0	1	1	0	2	1	0	0	0	1	3	3	1
PLPPR3	1203	1835	1783	1758	1654	1659	1648	1175	1955	1295	1571	1524	1691	728	501	834	640	799	730	975	790	765	640	711	722	925	637	874	1103	788	961	896	1110	902	1128	787	1000	688	1069	707	1245	1339	4513	1924	6091	2080	4014	2513	5365	2584	4911	1951	3942	2308	4665	5336	6472	5934	7162	8124	6914	8703	6417	7413	5754	8151	5921	7416	7569
ZSWIM7	818	727	779	612	629	687	742	600	663	673	740	674	682	658	728	797	761	776	757	966	782	733	612	742	812	855	781	765	716	771	668	737	788	758	674	855	580	693	520	867	692	746	431	784	428	745	464	855	506	922	530	693	579	725	546	567	580	708	547	702	502	829	510	735	651	855	588	857	562
RP1-20N2.8	37	29	31	21	14	20	17	16	18	20	22	29	22	3	11	10	3	7	15	8	8	15	14	5	15	4	10	14	13	19	14	10	14	8	18	7	11	27	13	16	14	22	17	10	18	11	11	22	6	20	18	11	26	7	20	23	21	24	30	31	37	19	21	13	33	21	32	27	35
RP11-291L22.9	157	197	258	176	204	155	180	137	239	156	244	157	197	172	164	192	170	198	178	260	129	186	141	175	201	215	189	144	216	176	230	179	197	161	251	170	148	137	154	176	178	196	194	172	239	186	203	239	265	228	190	201	237	135	224	171	244	202	240	260	256	252	247	229	187	237	261	273	240
CDH15	21	38	34	22	29	42	43	16	34	16	28	22	25	69	138	67	192	71	229	75	212	79	174	75	185	85	182	376	913	302	814	285	947	319	968	245	762	307	803	289	834	273	833	320	1241	390	775	540	820	380	855	347	1258	360	805	377	326	349	401	521	633	583	387	426	498	567	580	524	382
AC025165.8	14	24	23	25	16	29	20	18	24	23	21	18	27	54	73	70	101	61	108	93	89	67	89	78	108	68	93	94	128	114	107	86	130	130	129	119	73	128	124	156	101	79	47	101	31	94	54	115	79	83	61	91	87	55	53	68	63	100	102	96	67	107	64	86	86	101	80	124	76
GABRA3	246	308	346	316	261	384	263	253	292	296	246	255	300	253	182	235	197	241	166	287	206	281	189	260	240	339	190	57	55	50	44	96	72	84	76	89	86	62	46	71	60	13	32	34	23	20	24	18	28	21	22	11	16	10	22	12	51	8	65	36	47	12	50	17	40	10	42	8	51
U47924.6	71	63	110	71	65	80	51	35	77	56	64	61	62	64	59	65	63	55	75	93	94	70	48	63	53	70	61	60	55	37	58	45	54	55	61	26	41	46	58	56	48	29	48	50	40	45	64	57	50	56	60	30	55	35	56	45	59	72	65	47	69	71	63	55	71	67	45	61	74
RP11-158J3.2	4	4	1	1	2	2	0	1	1	2	1	0	0	2	0	2	7	5	3	8	6	15	0	5	0	4	1	4	0	4	2	4	4	4	1	2	10	1	4	2	1	0	3	1	5	4	3	1	4	1	2	1	1	4	8	2	5	0	1	1	1	0	5	0	6	6	8	0	1
DEAF1	1501	1732	1527	1479	1575	1353	1492	1361	1575	1278	1628	1319	1299	1098	995	1077	1189	1046	1298	1412	1318	1206	1058	1063	1217	1305	1102	1431	1248	1160	1202	1338	1371	1359	1208	1170	1295	1120	1124	1486	1272	936	1113	1266	1516	1239	1063	1630	1298	1510	1134	1268	1348	1274	1028	1047	954	1238	1071	1442	1048	1367	1016	1274	982	1666	1129	1615	1132
PCDH12	48	44	76	38	46	49	60	53	57	62	58	50	42	328	334	283	315	237	299	350	300	325	271	311	348	349	291	65	142	100	126	103	110	126	105	106	81	119	102	84	106	127	122	136	211	115	99	137	135	131	139	99	146	103	159	123	184	145	141	164	130	166	120	146	135	176	167	164	187
ZNF449	340	246	355	230	272	260	334	242	267	230	320	306	298	438	394	370	462	448	371	572	522	414	442	442	444	520	353	394	471	389	381	412	361	438	327	379	348	363	282	449	423	478	362	589	344	530	434	591	451	681	528	496	507	397	502	530	638	703	476	794	556	933	481	682	479	667	593	820	574
AC007952.6	11	7	11	8	5	7	9	9	9	11	12	5	7	10	17	13	18	10	11	22	11	22	9	20	17	16	12	5	4	6	8	5	8	3	3	6	3	4	9	6	5	3	0	2	0	4	2	4	1	2	0	1	3	1	1	2	0	0	2	2	1	1	0	0	2	1	0	2	1
PTDSS1	3271	2765	3638	2847	3011	2878	2818	2405	2930	2450	3109	2762	2937	2636	3040	2520	3239	2587	3009	3118	3348	2609	2751	2517	3209	3074	2928	2985	3411	3042	3444	2932	3713	3470	3494	2925	3069	2821	3042	3605	3520	2330	3927	2737	4321	2886	3003	3293	2905	3017	3118	2513	3196	2445	3080	1854	1999	2220	2116	2603	2434	2728	2111	2144	2314	2418	2393	2142	2202
TCEB2	1617	1926	1809	1675	1662	1686	1816	1348	1734	1541	1642	1674	1772	1512	1290	1527	1719	1594	1762	2001	1834	1703	1442	1557	1561	1700	1225	1551	1225	1174	1131	1403	1398	1479	1287	1234	1113	1207	1103	1336	1214	966	1083	1225	1224	1237	1111	1501	1128	1676	1298	1289	1138	1527	1076	1162	1050	1423	1073	1654	1108	1767	1026	1381	1281	1956	1057	1793	1149
PDZD8	2030	1791	2004	1800	1902	1934	1653	1806	1924	1987	1761	1882	1771	3037	2917	3036	2840	3112	2459	4073	2947	3330	2805	3607	2995	4032	2927	1825	1649	1709	1532	1859	1709	2079	1529	1973	1710	1901	1535	2166	1692	1430	995	1468	880	1492	907	1844	776	1698	864	1441	1171	1201	1038	1022	957	1234	938	1448	965	1548	859	1362	918	1431	1183	1544	1033
STT3B	7309	5490	6892	6230	6417	6868	6485	6005	6367	6419	6321	6714	6339	7092	6963	7752	6884	8075	6131	9100	7745	7737	6910	8060	7653	8875	7379	7324	6369	7380	6371	7625	6955	8107	6383	7726	6102	7515	5843	8702	6737	5331	4197	5741	4151	5461	3642	6772	3133	6654	3547	5672	4621	5709	3785	3905	3206	4901	3133	5762	3204	6052	2863	5602	3503	5930	3911	5912	3540
ZFYVE9	1377	1027	1416	1174	1250	1074	1169	982	1220	1151	1296	1161	1220	1172	1196	1115	1275	1156	1101	1425	1288	1213	1087	1351	1304	1396	1231	886	1066	988	1120	950	1177	1070	1090	1088	943	1049	826	1172	1082	971	932	1044	916	1013	832	1108	762	1109	852	980	1051	777	1022	1063	1166	1341	1127	1499	1112	1425	1095	1199	967	1342	1234	1617	1196
SYNGAP1	1224	1806	1817	1695	1478	1628	1387	1242	1548	1546	1675	1396	1653	988	1016	1105	1122	1127	1204	1384	1027	1148	1039	1135	1356	1378	1165	1121	1696	1035	1419	1159	1543	1171	1337	1060	1216	1230	1277	1159	1284	1302	2143	1362	2504	1401	1575	2041	1745	1621	1403	1441	1717	995	1492	1315	1276	1692	1228	2024	1279	2022	1155	1710	905	2002	1382	2117	1269
AC006386.1	235	168	218	176	183	199	190	182	192	165	180	212	169	177	187	186	194	200	183	219	210	202	202	198	212	211	200	180	134	144	139	156	153	163	147	168	137	146	131	186	136	92	69	100	100	94	77	122	74	136	95	112	91	145	74	57	46	77	48	82	59	95	47	79	73	91	61	88	52
ARNT2	864	1053	1227	1095	962	971	898	897	1002	1006	983	863	938	1031	844	1088	1061	1122	1156	1389	1106	1090	930	1019	1075	1263	877	1571	1975	1521	1959	1721	1972	1807	1977	1616	1822	1612	1721	1856	1998	2212	2433	2667	2738	2407	2561	3340	2828	2940	2660	2519	3238	1853	2703	2456	2914	3060	3065	3572	3284	3399	2958	2877	2732	3406	3342	3730	3344
AC073254.1	40	58	51	42	20	32	36	26	40	38	56	21	37	33	37	44	44	37	42	38	29	39	44	56	32	51	41	31	42	68	50	33	44	48	37	30	31	28	33	32	42	57	61	55	57	62	57	69	59	47	57	58	52	60	42	48	47	65	51	81	63	62	51	60	84	83	56	83	65
GCLC	2926	2167	2805	2218	2431	2302	2440	1941	2391	2005	2483	2226	2494	1405	1345	1489	1317	1835	1177	1905	1351	1545	1262	1576	1374	1892	1333	960	828	955	893	940	971	1135	895	1020	777	975	815	1151	923	816	993	932	1005	864	889	1087	840	1021	834	885	1023	928	956	759	1024	1048	994	1169	928	1180	977	1014	1040	1146	1028	1193	1044
GPHA2	15	23	18	20	14	10	17	4	16	17	27	13	26	67	96	86	122	74	100	42	109	76	90	49	73	95	104	54	54	55	62	76	62	63	62	64	65	64	63	45	60	20	12	7	30	20	20	15	29	15	24	24	43	12	15	4	17	9	10	15	14	1	15	19	16	11	18	11	8
TMEM33	3741	2655	3358	2968	3234	3587	3015	2864	3206	3158	3217	3421	3316	2882	2908	3084	3015	3284	2621	3752	3257	3176	2998	3540	3364	4052	3061	2735	2580	2895	2515	2805	2713	2932	2642	2962	2448	2693	2309	3276	2561	2652	2395	2936	2352	2843	2391	3464	2209	3300	2341	2599	2782	2897	2430	2739	2374	3677	2286	3967	2424	4286	2163	3773	2740	3807	3010	4366	2801
KCNC3	132	174	177	153	137	181	140	173	176	124	149	134	194	105	84	116	125	130	106	156	85	130	88	150	148	189	82	188	244	159	225	172	238	174	180	165	173	164	195	170	221	208	330	247	348	227	246	335	279	272	300	228	363	197	324	220	327	245	285	339	357	330	280	283	288	277	351	311	335
DHX32	1138	795	1006	758	921	803	932	724	947	806	1005	815	867	655	663	602	654	570	474	760	656	687	626	625	704	743	615	687	587	550	529	570	553	685	585	627	518	592	525	800	592	536	299	463	270	514	267	688	235	629	325	511	344	509	339	384	366	523	347	516	338	652	287	460	285	564	382	505	368
RP11-319G6.1	41	33	15	25	29	31	13	28	23	28	36	32	27	40	33	20	57	22	43	32	37	46	35	44	43	37	28	33	45	43	50	74	55	50	40	47	29	75	48	54	39	40	64	45	46	49	55	83	42	61	41	38	44	29	51	57	70	68	69	76	75	94	47	100	52	89	75	137	74
PHGDH	24215	31152	27582	29286	25943	26948	25518	25403	26109	27604	24136	28195	24080	23068	19123	22867	21436	20533	22417	29020	22088	25028	19364	22656	20912	26644	18351	11480	6661	10795	6423	10278	7600	11850	7588	10099	6389	10242	5909	12962	6848	4900	3615	4229	4087	7069	3341	6772	3632	5363	3464	5259	4040	4515	3322	12587	6959	18548	6985	22073	6854	23128	7084	17351	6659	20187	7001	29039	7924
TMEM88B	18	22	22	17	21	21	8	12	20	16	18	19	18	7	5	11	16	15	9	27	17	11	15	17	5	10	6	5	22	14	12	14	12	6	20	16	18	6	16	22	18	10	15	19	40	21	9	31	16	26	15	39	26	27	12	37	28	39	24	69	30	59	12	42	13	45	12	50	18
ADAM22	1032	998	1078	1004	882	1104	939	948	922	1068	926	1007	1056	1472	1608	1408	1783	1545	1484	1719	1916	1612	1632	1617	2006	1939	1575	3659	5100	3557	4684	3702	4947	4187	4549	3545	4234	3794	3990	4208	4656	5126	6843	5494	6529	5322	5636	6696	5170	5594	5591	5092	6000	4033	5978	6620	6024	8174	5667	8629	5917	9331	5334	9052	5107	8404	7348	9995	6404
CCL3	0	0	0	0	0	0	0	0	0	0	0	0	0	0	0	0	0	0	0	0	0	0	0	0	0	0	0	0	1	0	0	0	0	0	0	0	1	0	0	0	0	0	0	1	1	1	2	0	0	1	1	0	2	1	1	2	1	3	2	4	3	2	2	3	1	5	3	1	0
RP11-697M17.2	1	2	1	0	1	1	3	0	1	0	0	0	1	2	0	2	3	1	0	3	1	0	1	1	2	0	1	1	1	0	0	1	0	0	0	0	0	1	2	0	1	0	2	0	1	0	1	0	0	0	0	2	0	0	0	0	0	0	0	0	0	0	1	3	0	0	1	0	0
SCN8A	865	1086	1236	1063	948	1055	771	929	922	1059	975	1033	1029	1956	2439	1858	2797	1791	2767	2531	2711	2028	2422	2252	2949	2453	2974	3113	4673	3260	4328	3464	4216	3579	3921	3504	3666	3761	3805	4330	4045	3875	4771	4095	5829	3756	3334	4768	3331	4381	3419	4144	3582	2398	3489	3548	3263	4382	3064	4839	3102	4990	2924	4424	2138	4892	3651	5371	3133
RP4-539M6.14	0	3	1	0	0	2	1	0	5	0	4	0	2	1	0	1	0	0	0	0	0	4	3	0	0	3	0	0	0	0	0	0	0	0	0	0	0	0	0	0	0	0	0	0	0	0	0	0	0	1	0	1	0	0	0	0	1	0	0	0	0	0	0	0	0	0	0	0	0
COL2A1	286	517	412	478	415	406	378	398	437	396	472	384	427	261	70	252	141	194	203	314	152	256	181	246	186	253	156	100	39	106	35	92	16	83	45	95	26	72	39	84	25	8	7	13	22	16	14	14	16	6	23	14	7	18	11	8	14	14	10	25	21	4	8	17	10	0	12	5	25
RAP1BP1	6	10	10	11	11	10	9	11	11	9	5	8	9	8	5	8	8	10	11	7	6	8	9	7	7	11	5	8	5	7	4	3	6	4	7	6	4	10	6	7	6	7	2	8	3	6	5	10	2	9	9	3	2	5	6	6	2	5	2	8	5	4	6	9	4	10	5	8	5
CLCN2	548	641	660	467	513	448	519	422	619	466	566	487	597	372	329	394	305	299	431	484	364	384	372	443	335	448	372	283	257	240	245	296	267	240	260	275	186	249	251	324	206	227	321	161	480	243	192	293	173	304	193	211	200	222	226	313	319	319	350	401	288	480	281	370	300	392	308	452	291
RP11-74C13.3	1	0	4	1	0	0	1	2	0	0	0	2	2	0	0	0	0	1	0	0	2	0	0	0	0	0	0	0	0	2	0	0	0	0	0	0	0	0	0	0	0	0	0	0	0	0	0	0	0	0	0	0	0	0	0	0	0	0	0	0	0	0	1	1	0	0	0	0	0
KCNJ10	86	102	77	76	84	91	63	78	110	76	98	85	96	148	134	165	179	140	156	180	153	167	161	148	140	172	138	85	46	77	28	75	39	63	45	72	47	69	43	104	46	18	7	22	15	24	9	17	16	24	12	23	6	29	12	3	5	9	8	4	15	3	8	6	4	9	6	17	3
STEAP3-AS1	9	9	16	16	5	11	9	8	7	9	10	10	12	4	11	11	15	12	16	23	4	7	15	11	14	9	19	11	12	3	5	7	14	12	12	2	3	1	14	3	3	3	6	5	5	5	6	8	7	8	3	7	10	1	11	3	3	4	6	13	5	18	4	3	9	10	10	12	9
RP11-332P22.2	1477	1456	1756	1527	1453	1347	1378	1163	1344	1408	1471	1338	1360	1487	1403	1538	1436	1634	1510	1888	1502	1490	1210	1572	1520	1983	1320	1123	1196	1088	1072	1192	1152	1424	1145	1230	1034	1133	1064	1438	1184	1173	1235	1226	1216	1272	986	1514	914	1369	938	1119	1225	935	1032	1102	1016	1324	864	1558	873	1538	874	1286	730	1404	1124	1470	974
ZNF423	1124	1635	1753	1679	1678	1546	1362	1108	1427	1316	1485	1273	1595	1502	1878	1555	2114	1551	2457	1823	2439	1451	1871	1467	2190	1961	2116	4480	4157	3841	3905	4258	4189	4569	4429	4210	4190	4090	3541	4545	4416	4319	4976	4928	6222	5493	4224	7001	4743	6262	4135	5245	4448	4541	3874	6029	3975	7373	3995	8756	4300	8727	4018	8196	3457	9126	4281	9130	4170
HOXA10	0	0	1	0	0	0	0	0	0	0	0	0	1	0	0	0	0	0	1	0	0	0	0	1	2	1	0	0	1	0	0	0	0	0	0	0	0	0	0	0	0	0	0	0	0	0	0	0	0	0	0	0	0	0	0	0	0	0	0	0	1	0	0	0	0	0	0	0	0
GRM1	37	24	30	25	42	32	21	17	34	32	26	36	32	21	14	6	16	24	8	22	24	24	19	21	20	27	7	16	14	10	9	21	11	23	27	12	9	13	9	21	19	13	8	15	16	11	6	22	18	20	9	17	5	10	17	3	25	12	19	15	13	23	11	9	13	8	28	3	17
C8orf4	6	2	1	0	5	2	1	0	0	4	0	0	0	49	99	23	70	48	73	71	108	70	96	41	85	75	105	40	30	26	36	26	22	29	32	28	20	16	15	37	21	13	21	16	10	30	18	32	13	18	24	19	38	16	19	2	6	12	7	11	14	5	18	5	14	15	13	5	11
NOTCH3	6687	11188	10940	11283	11197	9620	8698	7455	10075	8555	10023	8609	10035	5010	2429	5536	2755	5602	3308	7016	3089	5030	2458	5178	2843	7071	2635	2338	1588	2596	1504	2704	1680	2869	1672	2536	1484	2423	1514	2873	1687	1067	663	1172	808	1341	523	1592	582	1768	533	1184	804	1002	654	414	363	387	386	568	392	699	353	465	369	446	457	503	297
RP11-268P4.4	0	0	4	0	1	4	1	1	8	0	2	1	1	0	2	3	0	1	3	2	0	0	0	4	0	4	2	0	0	2	3	5	6	0	3	1	1	0	2	0	3	0	11	2	10	3	3	1	3	3	2	2	0	1	2	0	3	3	3	7	3	1	4	3	5	0	2	1	5
PRAC2	1	0	0	0	0	0	0	0	1	0	0	0	0	0	8	3	5	0	0	2	2	1	7	2	3	0	5	0	1	5	0	1	1	3	0	0	0	0	2	0	0	0	0	0	0	0	0	0	0	0	0	4	0	0	0	0	0	0	0	0	0	0	0	0	0	0	0	0	0
TNFSF11	249	202	237	286	246	255	151	184	186	304	146	252	188	98	48	159	71	141	43	172	46	104	69	164	55	131	50	14	5	8	8	5	5	9	1	18	4	8	13	19	4	2	5	2	0	2	0	4	4	0	3	5	2	0	1	2	5	1	2	1	0	6	4	5	1	1	2	0	0
COLGALT1	2940	3026	3095	2552	3086	2818	3100	2413	3165	2493	3268	2603	2783	2505	3645	2531	3451	2384	3617	3217	3513	2677	3181	2427	3755	2925	3119	3525	2681	3207	2500	3413	3026	3938	2933	3300	2709	3373	2331	3761	2699	2320	1853	2830	2209	2896	1992	3897	2076	3608	2201	3023	2543	2591	2223	2617	2398	3022	2474	3708	2632	3719	2337	3115	2370	3905	2561	3629	2623
RP11-830F9.5	0	1	0	6	0	6	1	3	0	2	6	6	0	36	68	32	84	34	70	49	61	38	50	27	89	40	62	60	102	61	106	59	121	77	116	71	94	67	88	41	80	76	99	70	105	72	70	69	91	64	94	57	91	36	96	56	75	65	95	86	89	72	86	94	41	72	69	87	79
METTL24	7	8	4	8	0	12	4	6	3	2	3	7	1	77	84	60	92	40	56	96	52	66	62	55	75	61	75	87	33	69	46	56	32	65	41	63	48	39	28	58	54	25	35	26	28	39	17	44	9	39	12	36	12	22	27	11	17	22	16	19	13	6	19	12	23	20	15	20	20
CDK13	2527	2269	2700	2559	2271	2172	2391	2030	2474	2163	2578	2241	2348	2009	2238	2243	2121	2240	1942	2677	2287	2128	2034	2364	2385	2759	2097	2254	2411	2194	2233	2187	2185	2582	2126	2312	2063	2101	2022	2572	2383	2397	2845	2443	3151	2414	2292	3090	2088	2972	2198	2447	2536	1995	2227	2169	2285	2615	2124	3109	2448	3108	2074	2681	2044	2875	2477	3118	2326
RIC1	1639	1464	1797	1380	1465	1523	1562	1295	1586	1432	1604	1494	1619	1407	1809	1620	1663	1515	1510	1868	1657	1595	1465	1705	1894	1794	1656	1485	1364	1431	1387	1412	1535	1807	1231	1488	1185	1550	1223	1825	1557	1151	789	1163	827	1154	795	1483	692	1465	802	1339	1109	1011	812	523	517	677	558	748	561	856	545	720	495	729	756	862	555
C8orf37	145	107	145	98	117	113	85	123	98	115	118	139	109	120	126	126	124	132	134	133	127	132	111	139	134	140	148	139	124	144	110	124	133	203	111	171	70	165	98	181	131	119	32	114	17	113	54	124	24	151	39	105	68	98	47	62	42	130	46	110	64	105	68	131	61	120	75	190	54
RPL24	9820	8105	8850	7913	8479	7807	8662	7007	8783	7879	7937	8040	8060	6974	7216	7132	7978	7080	7899	8786	8538	7725	7061	6962	7549	8116	6924	7727	5581	5562	5418	5743	6524	6664	6344	6142	5306	6037	5408	7167	5907	4782	3855	5759	4257	5515	3761	7223	3451	7197	4151	5482	4382	7256	4136	4481	2893	5632	2981	6714	3292	6626	2862	5984	3619	7313	3504	7177	3252
SLC22A11	1	2	2	0	1	2	2	0	1	1	2	1	1	2	0	1	0	0	2	1	0	7	1	1	1	0	1	0	0	0	0	1	0	1	2	1	0	0	0	0	0	0	0	0	0	2	0	0	0	0	0	0	0	1	0	0	0	0	1	2	3	2	1	1	1	2	1	2	0
NDUFA8	1638	1153	1539	1206	1450	1203	1459	1001	1382	1062	1315	1236	1417	1239	1399	1276	1740	1400	1716	1664	1762	1397	1527	1313	1705	1655	1567	1827	1484	1531	1421	1625	1656	1631	1563	1526	1420	1582	1348	1964	1438	1153	721	1406	781	1316	767	1738	926	1749	951	1329	1122	1748	949	903	758	1010	760	1217	681	1302	737	1108	793	1375	825	1239	816
MTND5P2	1	0	1	0	0	0	0	0	0	0	0	0	0	0	0	0	0	0	0	1	0	0	0	0	0	0	0	1	0	0	0	0	0	0	0	0	0	0	0	0	1	0	0	0	0	0	0	0	0	0	0	0	0	0	0	0	0	0	0	0	0	0	0	0	0	0	0	0	0
FBXO39	0	0	9	0	7	0	2	0	4	0	3	0	8	0	0	0	1	3	0	0	0	0	0	2	0	0	0	0	0	0	0	0	0	0	0	0	0	0	0	0	0	0	0	0	0	0	0	0	0	0	0	0	0	0	0	0	0	0	0	0	0	0	0	0	0	0	0	0	0
CTB-131B5.5	2	2	1	0	0	1	9	0	0	1	3	0	3	0	3	0	4	2	2	11	2	1	2	1	0	2	0	3	5	2	2	6	5	2	5	4	1	1	5	7	3	2	14	2	4	9	14	21	7	5	9	7	10	5	6	10	17	8	10	13	12	16	9	11	9	7	16	5	23
GRIK2	116	84	70	67	87	69	93	67	104	67	91	72	98	31	31	33	19	60	9	39	20	20	28	39	37	44	25	29	77	41	112	46	122	50	107	37	61	36	71	27	101	158	1027	189	1180	165	964	250	863	178	798	145	795	166	822	856	1256	1072	1305	1246	1313	1327	1391	1234	1164	1153	1509	1202	1519
CTD-2666L21.1	64	89	86	79	80	88	81	59	79	72	86	104	91	99	66	59	55	86	53	108	94	70	63	81	79	80	80	41	48	55	47	78	61	58	46	41	55	71	39	101	35	51	45	80	74	57	47	73	40	70	71	83	39	63	36	40	53	67	76	99	56	81	45	81	50	81	46	62	58
PLCH1-AS1	3	2	5	0	1	0	1	4	0	2	0	2	2	0	0	0	0	3	1	0	0	0	0	0	0	0	0	0	0	0	0	0	1	0	0	0	0	0	0	0	0	2	0	0	5	0	0	0	0	0	0	0	0	0	0	0	0	0	0	0	0	0	0	0	1	0	2	0	0
PIR	677	498	608	497	520	549	672	459	535	404	630	474	451	466	460	499	518	484	430	633	511	480	443	516	547	625	465	429	169	440	204	334	246	419	265	354	200	378	147	471	228	175	66	207	30	201	74	263	76	289	93	211	112	261	114	131	101	124	84	195	82	154	90	166	75	143	84	241	135
GOT2	6688	6124	7677	5955	6834	6098	6448	4799	6973	5399	6430	5997	6309	4321	4643	4425	4645	4519	4599	5405	4872	4856	4332	4730	4953	5527	4103	4171	3815	3663	3780	3596	4042	4074	4139	3851	3675	3538	3392	4301	3677	2928	1879	3536	1985	3470	1951	4336	1782	4091	2151	3450	2617	3680	2145	2713	2220	3459	2200	3970	2351	3958	2087	3478	2404	3884	2486	3878	2349
RP11-456O19.5	0	0	0	1	0	0	0	0	0	2	0	0	0	0	0	2	0	0	0	1	0	0	3	0	0	0	0	0	0	0	0	0	0	0	0	0	0	0	0	0	0	0	0	0	0	3	0	0	0	0	2	0	0	0	0	3	0	0	0	0	0	0	0	0	0	0	0	2	0
RP11-545P7.9	6	14	3	6	4	4	6	3	2	4	3	4	13	8	5	13	12	18	10	17	7	11	12	12	5	9	17	6	6	4	7	2	3	5	4	3	8	4	14	1	8	7	0	5	0	0	1	7	2	9	0	3	2	9	2	0	0	1	1	1	0	5	4	7	2	6	0	2	0
TRH	8	1	6	9	2	7	4	9	6	5	11	1	0	10	30	19	10	4	37	14	22	8	21	9	32	9	18	13	16	1	8	2	10	10	15	12	14	3	13	9	22	4	13	7	21	5	9	9	24	5	19	1	17	3	19	34	62	39	62	38	65	43	55	37	65	29	63	47	52
RPP14	871	650	749	595	654	682	671	644	771	674	676	667	681	666	729	643	677	669	612	740	752	679	623	661	728	689	701	826	821	776	787	833	817	880	814	788	693	843	735	971	812	867	865	1017	1121	930	766	1225	810	1193	746	955	865	994	716	705	683	1083	664	1078	687	1191	647	1090	743	1179	857	1212	758
CC2D1A	1218	1543	1767	1499	1587	1367	1506	1213	1572	1198	1537	1309	1570	1472	1386	1356	1602	1357	1772	1924	1611	1682	1467	1395	1716	1744	1474	1849	1528	1594	1465	1548	1475	1699	1612	1495	1366	1637	1246	1778	1507	1304	1168	1466	1330	1721	1233	1957	1331	1845	1149	1624	1325	1345	1149	1347	1287	1544	1480	2098	1484	2189	1272	1772	1345	2096	1438	2380	1342
RP11-57C13.6	18	18	17	12	15	14	13	6	17	16	12	15	18	8	1	9	8	8	4	12	11	6	6	9	10	18	3	1	4	1	3	1	2	1	2	1	0	2	5	1	0	0	0	0	0	5	2	0	0	0	5	1	1	0	0	0	2	0	0	0	0	0	2	3	0	0	1	0	4
BANP	487	615	527	661	580	602	549	446	563	469	503	569	533	571	603	615	704	690	719	767	714	601	658	557	676	730	639	588	589	503	550	563	693	637	587	563	594	466	519	593	598	454	554	455	654	591	473	694	569	525	497	528	619	462	462	512	513	599	523	691	592	874	479	701	465	755	509	693	586
PCNPP2	3	3	2	0	4	0	2	2	2	2	0	0	2	2	1	4	4	1	0	6	2	2	2	6	2	0	4	2	0	2	2	0	1	2	1	0	1	4	0	3	3	4	0	1	0	1	1	0	1	6	0	4	0	0	0	0	1	1	0	4	0	2	0	1	0	4	0	1	2
TPR	10864	8919	10614	8861	8731	8228	8516	7540	8704	8878	9852	8658	9458	9323	11204	9787	10219	10177	9508	11518	10420	9244	9545	11295	11522	13164	10867	9657	11434	10285	10356	9784	10511	11032	9985	9715	8676	10471	9270	11785	10037	10491	9756	10991	8604	10421	8163	12791	6794	11508	7817	9747	11082	7585	9148	7093	7739	9586	7238	9922	7695	10297	7362	9303	6621	9320	9141	10334	7921
GOLGA2	2384	2573	2459	2289	2311	2147	2399	1963	2371	2061	2494	2152	2050	2213	2508	2451	2703	2345	2906	3018	2699	2730	2466	2370	2799	2852	2507	2010	1853	1788	1713	1864	1915	2048	1808	1729	1498	1891	1486	2285	1813	1732	2504	1877	2776	1905	2210	2446	2145	2270	2024	1818	2324	1941	2235	2218	2441	2690	2513	3291	2660	3203	2632	2737	2255	3337	2600	3165	2664
CTD-2108O9.4	0	0	0	0	0	0	0	0	0	0	0	2	0	0	0	0	2	2	0	0	1	1	0	0	0	2	0	1	1	0	0	0	2	0	0	2	0	0	0	0	0	0	0	1	0	0	0	0	0	1	0	0	0	1	0	0	0	0	1	3	0	0	0	0	0	0	1	0	0
ZEB2	28	14	10	4	17	15	13	10	12	12	5	6	16	863	1658	862	1874	1051	1832	954	1962	805	1597	816	1886	1086	1930	4014	4820	3515	4663	4011	4867	4143	4684	3933	4264	4037	4120	4416	4859	5068	7724	5562	8486	5747	5942	7230	5571	6322	5794	5571	6604	4901	6211	5689	4117	7354	4111	8001	4553	8736	3868	7619	4012	7624	5362	8151	4434
GRM7	10	17	4	8	8	6	6	5	2	6	12	6	8	11	24	22	31	13	46	27	16	19	24	8	43	17	32	9	22	37	18	14	19	20	13	19	23	21	16	34	20	1	6	5	2	9	2	6	0	5	6	14	5	2	8	4	14	0	1	10	3	13	5	4	3	9	4	9	5
RP11-424M24.3	7	6	14	7	6	13	8	2	11	6	8	5	8	7	8	7	4	6	4	16	7	8	3	3	6	12	5	0	2	0	4	2	2	0	1	4	2	4	1	2	1	6	2	3	1	1	4	1	2	2	1	7	7	2	8	4	3	2	4	1	7	1	4	10	1	4	7	7	4
HPRTP4	0	0	1	3	1	2	1	4	1	2	1	2	0	0	2	0	3	1	0	1	1	0	0	0	2	1	0	0	2	0	0	0	0	0	0	0	0	1	2	0	0	0	0	0	0	0	0	0	0	0	0	0	0	0	0	0	0	0	1	0	0	0	0	8	0	0	1	0	0
RP11-291H24.1	1	0	1	0	1	2	0	0	1	0	0	0	0	0	1	0	1	1	1	0	1	0	1	1	2	0	1	1	1	0	0	0	0	0	2	1	0	0	0	0	0	0	0	0	0	1	0	2	0	2	0	0	0	1	0	0	0	2	1	1	0	0	0	0	0	0	0	0	0
GOLGA6L17P	25	35	37	31	25	32	19	31	39	30	31	26	27	30	33	35	39	32	41	42	28	30	26	30	44	46	37	55	85	47	71	45	64	45	66	39	43	53	56	61	66	75	83	78	68	79	81	86	73	76	68	76	101	44	93	73	104	100	114	112	123	112	104	101	85	112	131	128	100
TBX20	5	2	3	6	4	1	9	9	4	3	2	0	0	38	42	15	44	17	41	21	28	20	14	22	23	25	24	58	27	47	18	48	43	64	31	67	27	61	33	43	26	22	7	31	0	25	7	18	18	25	3	36	36	21	18	10	3	4	3	8	5	9	6	10	11	16	3	16	8
SLC16A6	8	6	10	2	14	1	9	12	7	7	11	0	12	15	23	18	39	21	31	16	30	23	37	14	49	19	33	56	46	33	44	30	45	58	47	40	44	44	53	56	31	53	1	41	0	32	3	67	6	34	13	42	2	17	1	16	10	32	7	42	22	43	11	44	17	47	11	92	12
SRCAP	145	255	303	276	297	194	242	174	220	181	263	199	262	282	302	274	318	251	354	325	378	241	286	249	400	376	328	226	345	299	404	285	359	295	344	242	296	291	286	316	363	251	393	311	613	312	307	442	391	407	363	326	431	154	387	267	306	350	333	373	374	342	291	317	188	333	364	320	394
ITPKB-AS1	0	0	0	0	0	0	0	0	0	0	0	0	1	0	0	0	3	0	0	0	0	0	0	0	1	0	0	0	0	0	0	0	0	0	0	0	0	0	0	0	1	0	0	0	0	0	0	0	0	0	0	0	0	0	1	0	0	0	0	0	0	0	0	0	0	0	0	0	0
RP11-400K9.2	32	32	32	36	40	40	31	27	29	46	33	33	40	33	31	44	22	26	21	49	47	24	22	24	24	48	22	20	24	33	26	25	43	24	33	26	29	23	18	28	24	38	33	21	42	29	32	33	23	30	31	22	37	16	39	23	41	39	44	26	43	20	30	21	30	34	35	35	32
PGM2	2353	1667	2016	1479	1837	1744	1902	1550	1860	1595	1909	1666	1703	1317	1057	1254	1298	1289	1004	1617	1320	1353	1152	1338	1167	1634	1097	1083	731	950	739	1050	774	1167	757	970	608	987	653	1213	638	643	463	804	434	791	495	714	512	809	499	768	470	733	499	489	446	704	423	693	393	886	412	498	375	593	383	562	420
CEP135	974	730	1096	786	732	798	927	590	797	706	871	842	912	724	671	757	530	899	556	962	628	705	497	950	744	907	644	534	456	523	405	540	454	588	417	565	397	593	401	625	388	314	277	349	211	303	285	426	253	371	299	355	356	344	388	141	217	146	225	173	216	227	178	123	214	133	328	133	228
GIT2	485	480	539	482	488	457	464	406	509	425	573	430	470	661	997	761	1135	761	1017	874	994	697	944	697	1124	985	1009	1221	1486	1389	1368	1404	1435	1350	1398	1310	1315	1338	1295	1483	1391	1608	1541	1734	1515	1656	1422	1900	1338	1864	1277	1601	1567	1220	1522	1389	1179	1699	1126	1886	1275	2047	1197	1734	1034	1798	1393	1812	1164
RP11-334C17.5	92	116	101	92	66	98	99	122	104	104	101	74	108	80	60	92	78	91	74	143	68	109	64	109	72	112	69	62	54	32	68	41	50	46	77	41	47	44	49	57	54	26	10	34	21	43	24	42	32	50	38	30	35	28	42	34	78	58	88	61	73	68	96	58	65	49	95	83	101
RPL8	38126	43697	42207	41489	39695	38545	39856	34400	40598	37459	37700	39619	37163	35779	33351	35636	40196	32413	42872	45229	40872	39263	33766	34666	35882	41153	31842	31144	21997	24036	20573	25321	24931	29255	24782	24334	21579	25000	20130	29707	23081	16048	12289	20179	15501	21147	12430	28098	12665	27154	15287	21976	14887	23223	13323	16096	9344	19531	9727	24086	10967	24083	9386	21290	10942	26605	11020	24891	10310
SPTLC1P2	0	1	0	0	1	0	1	2	0	1	0	0	0	2	0	2	1	0	0	1	0	1	0	4	0	2	4	3	4	1	0	1	1	1	0	0	0	0	0	0	0	0	0	0	0	2	3	0	0	0	0	0	0	0	0	0	0	0	0	0	0	3	0	0	0	0	0	0	0
GTPBP3	1224	1626	1679	1428	1482	1412	1592	1204	1708	1291	1652	1327	1590	993	1050	1022	1157	977	1295	1330	1230	1054	1037	956	1324	1166	1069	1328	1237	1126	1171	1314	1216	1316	1316	1199	1192	1235	1145	1381	1085	1015	913	1262	1060	1351	871	1640	1042	1515	930	1327	1186	1295	966	1124	1125	1342	1280	1777	1238	1776	1064	1470	1124	1814	1223	1838	1179
CTD-2515H24.4	3	5	9	6	4	4	5	2	8	10	9	6	7	1	3	2	3	1	3	3	4	1	2	3	1	5	4	1	5	1	1	1	2	1	1	4	1	3	0	2	1	1	1	3	1	4	0	0	1	1	1	1	1	0	4	0	1	0	0	1	0	1	0	0	0	4	1	0	3
OTUB1	3701	3859	4330	3609	3733	3465	3720	2984	4146	3211	3762	3486	3590	3040	2547	2995	2990	3074	3083	3897	3284	3293	2715	2823	3067	3611	2785	3289	2969	2758	2833	2764	3267	3216	3121	2846	2755	2917	2630	3061	3044	2648	3427	3522	4573	3424	3272	4387	3535	4204	3702	3326	3789	3691	3172	3533	3126	4145	3297	5385	3536	5320	3176	4542	3394	4988	3502	5007	3454
ARHGAP31	300	455	408	394	372	331	340	356	381	364	355	374	376	383	490	418	442	369	396	553	357	399	411	370	397	582	378	168	216	101	219	157	187	184	232	135	185	144	140	196	224	42	40	67	40	76	43	80	39	47	50	58	105	41	75	33	56	20	54	63	26	59	31	21	59	46	41	31	34
RP11-732A19.1	1	2	4	1	0	0	1	3	0	3	0	0	3	1	1	0	1	0	5	3	4	1	0	0	1	0	1	0	1	2	3	3	1	0	0	0	0	0	0	0	0	0	0	0	0	0	0	0	1	0	0	1	3	0	0	0	1	0	2	0	0	0	1	0	3	0	3	0	3
RP11-126K1.9	2	1	4	1	3	0	1	2	1	1	0	0	0	1	0	2	0	0	1	2	2	1	0	1	1	1	2	3	0	0	0	2	0	0	0	0	0	0	0	2	1	0	0	1	0	3	1	1	0	0	0	2	0	0	0	0	0	0	0	0	7	4	1	1	0	1	0	0	1
CCND2	6739	7433	6968	7124	5897	7419	6096	6977	6073	7465	6246	7452	5822	5805	7824	6381	6739	6628	6713	7563	6880	5954	6314	6265	6847	7478	6577	6461	5996	6142	5730	6798	6360	7162	6101	6343	5535	6020	4960	7706	5989	5576	4559	5590	5343	6461	3726	6936	3411	6409	3594	5208	4188	5236	3613	8181	3001	10695	3136	12928	3312	12448	3016	11275	3362	12812	3911	14139	3286
PSMB5	4630	4412	5245	4380	4360	4147	4510	3502	4399	3949	4207	4430	4421	4428	5308	4556	6448	4821	6254	5469	6563	4777	5436	4179	6007	5444	5544	9678	8577	7615	8134	8051	9092	9102	9061	7724	7812	8301	7672	9246	8583	7528	6650	9128	8204	9227	6208	11576	6390	11064	6876	9206	6675	10578	6343	7015	4058	8270	4406	10152	4636	10525	4122	9022	4663	10759	4695	9894	4525
GUCY1A2	56	70	85	76	71	68	40	69	61	59	79	52	83	113	213	145	187	182	116	172	130	156	143	161	165	157	169	492	579	521	540	540	514	619	509	485	416	522	522	578	574	882	1517	824	1508	916	1079	1180	932	851	1035	797	1200	639	1043	1150	1118	1707	1023	1895	1232	1943	1015	1877	931	1792	1586	1972	1206
HERC1	3358	3396	3959	3250	3282	2907	3103	2492	3211	2956	3680	2882	3409	3698	4958	3572	4813	3678	4139	4310	4530	3573	3896	4011	4943	4751	4446	4716	7389	4664	6819	5194	6936	5418	6405	5000	6029	5275	5804	5591	7467	6980	11089	7356	11064	7170	8771	8398	8850	7954	8510	6919	9802	4329	9465	10029	12143	11903	11013	12810	10922	13406	10701	11260	7017	11690	12647	12569	11769
NCRNA00250	0	0	3	3	0	0	0	0	0	0	0	0	1	0	4	0	1	0	0	0	2	0	0	1	0	0	2	0	0	0	0	0	0	0	0	2	2	0	0	1	0	0	0	0	0	0	0	0	0	0	0	0	0	1	0	0	0	0	0	0	0	0	0	0	0	0	0	0	0
RP11-313M3.1	889	916	905	877	839	818	874	757	873	788	825	920	811	829	747	775	969	717	1086	1025	892	881	833	748	906	952	789	904	726	692	682	741	871	922	749	707	636	809	674	871	761	524	436	728	606	687	402	975	466	949	592	810	529	892	507	542	348	625	360	817	416	896	323	752	430	1002	430	838	366
MARS2	1324	1130	1343	1090	1215	1116	1250	1008	1266	1008	1169	1121	1222	713	787	762	822	783	821	949	852	797	763	814	796	842	781	494	518	452	455	425	513	529	523	482	446	453	484	532	469	387	314	426	367	440	304	535	284	470	287	406	371	367	319	242	251	323	244	397	267	422	249	342	253	378	264	419	305
PSMC1P3	32	20	30	28	23	20	27	24	31	17	28	24	28	28	27	27	27	31	17	27	28	23	17	24	27	24	23	32	24	15	21	22	26	23	24	24	18	21	17	25	19	27	24	25	20	24	20	34	20	29	19	20	27	30	19	16	20	20	19	25	21	33	14	20	26	22	26	27	24
RGR	3	0	0	0	1	0	2	2	0	1	1	0	0	0	1	0	2	4	4	0	2	1	2	0	5	2	0	10	1	6	0	1	9	7	4	9	2	2	0	3	0	8	1	5	0	2	0	1	0	10	2	3	0	6	0	2	2	19	1	18	0	6	0	13	2	9	0	11	0
MANF	1778	1810	1987	1837	1658	1745	1668	1446	1635	1635	1544	1779	1724	2308	2948	2672	3369	2873	3374	3190	3597	2413	2880	2605	3252	3137	3079	3077	2212	2535	2109	2677	2482	3122	2403	2678	2029	2665	2054	3369	2089	1434	1176	1787	1349	1635	1104	2054	1154	2025	1227	1778	1319	2256	997	903	994	1067	968	1262	993	1236	1064	1064	1238	1180	1145	1319	1040
RP4-715N11.2	0	0	0	0	0	0	0	0	1	0	0	0	0	0	0	0	0	0	0	0	0	2	2	0	0	2	0	0	0	0	0	0	0	0	0	0	0	0	0	0	0	0	0	0	0	0	0	2	0	0	0	0	0	2	0	0	0	0	0	0	0	0	0	0	1	0	0	0	0
MISP	24	15	14	10	23	15	27	8	14	14	11	17	11	17	50	22	58	10	47	15	50	22	28	18	57	19	45	81	89	51	76	63	93	67	52	60	62	49	61	62	64	62	24	68	90	55	32	126	29	60	43	65	56	60	39	61	19	49	33	41	18	51	44	47	44	98	30	87	43
ANKRD17	6956	6780	8438	6842	7062	6525	6076	5224	6976	6423	7399	6010	7294	5745	7191	5878	7043	6043	6276	7151	7287	5575	6084	6239	7322	7348	6652	5295	6848	5108	6494	5464	6622	6227	5967	5426	5686	5732	5685	6277	6504	6079	6686	6323	7430	5804	5870	7532	5368	6930	5823	6008	6998	4168	6178	5843	6518	7208	6309	7529	6560	7693	6001	7193	4862	7144	7650	7693	6755
ZNF252P	831	653	829	683	679	746	640	598	694	718	749	736	744	575	656	758	610	846	569	882	661	605	600	779	715	1008	656	656	827	604	704	612	713	719	655	615	705	670	600	665	659	862	975	830	837	841	924	903	831	807	1037	756	1032	675	1001	846	939	1114	932	1292	921	1307	954	1140	882	999	1231	1344	1028
CSNK1G2P1	387	544	543	459	542	442	425	403	509	399	475	411	488	284	319	320	362	287	337	433	330	318	284	311	315	412	295	335	269	268	249	324	281	350	322	310	248	316	242	321	302	268	360	353	549	356	326	472	375	424	325	376	347	352	309	353	266	403	256	468	333	555	292	399	225	521	283	499	240
YIF1B	1663	1953	1906	1715	1755	1774	1841	1581	1970	1504	1846	1789	1643	1710	1990	1761	2318	1646	2468	2205	2477	1988	2074	1643	2325	2058	1921	2313	1864	1837	1770	1907	2140	2326	2205	1920	1869	1870	1741	2218	2093	1409	1061	1742	1485	1944	1281	2395	1412	2404	1536	1696	1655	2049	1411	1966	1437	2372	1489	2897	1759	2996	1401	2624	1542	3219	1486	2968	1513
CTC-490G23.6	0	1	2	1	0	2	0	0	1	0	2	1	0	0	1	0	0	0	5	3	1	5	0	0	1	0	2	3	0	4	0	0	0	0	3	0	0	1	2	0	0	1	0	0	0	0	0	4	0	0	1	0	1	0	0	0	0	0	0	0	0	0	0	0	1	4	1	0	0
PRR19	73	90	80	104	91	78	81	78	94	90	72	77	79	55	37	62	50	46	50	52	38	31	38	55	51	63	53	22	15	17	29	27	25	20	15	27	14	28	21	32	17	4	33	13	67	18	45	9	43	10	55	12	28	6	32	8	54	16	41	33	47	19	40	7	43	18	38	13	58
DNAJC6	375	350	274	240	267	207	285	229	265	240	268	180	213	1179	1105	1193	1348	1127	1202	1444	1343	1417	1308	1204	1448	1481	1217	2124	1997	2166	2010	2192	2120	2367	1910	2282	1848	2153	1607	2560	1981	2346	2540	2583	2617	2375	2199	3120	1897	2632	2203	2340	2259	2092	2319	2187	3104	2536	2799	3016	2756	2890	2865	2791	2348	2957	3294	3011	3370
BRD4	4295	5398	6242	5511	5717	4908	4683	3941	5436	4616	5223	4665	5416	4224	4026	4701	4291	4635	4795	5723	4602	4408	4128	4399	4591	5727	4213	4745	4877	4536	4433	4967	4865	5402	4504	4716	4507	4671	4034	5102	4621	5302	6519	5904	8376	6890	4952	8367	5418	7792	5221	6151	5509	5485	4880	6378	4748	7552	4436	9150	4997	9403	4387	7884	4021	9189	5164	9393	4972
EEF1D	542	763	788	680	630	655	648	510	645	700	674	646	750	698	779	834	911	722	988	900	905	768	802	700	908	905	875	1064	930	871	842	922	1033	930	901	898	798	913	822	989	853	819	865	898	1304	1023	793	1299	850	1230	889	994	1003	898	845	1021	671	1225	708	1635	844	1748	651	1411	647	1606	809	1663	731
NSUN3	269	214	245	196	205	244	202	164	223	241	222	215	239	327	353	329	353	322	275	339	386	316	355	331	425	418	364	420	459	417	466	396	471	462	464	393	452	368	453	502	455	452	408	495	351	526	400	582	381	541	481	451	535	421	495	388	351	505	410	584	376	673	345	559	441	490	457	517	454
WDR36	3203	2232	2972	2316	2502	2463	2576	2332	2675	2406	2591	2422	2852	2007	2065	2150	2041	2452	1759	2570	2117	2330	2097	2454	2292	2863	2101	1637	1657	1726	1621	1652	1783	1804	1563	1912	1534	1758	1494	2011	1598	1626	1197	1860	1098	1660	1124	2290	1044	2009	1237	1751	1586	1498	1225	1367	1189	1618	1088	2004	1260	1961	1013	1849	1312	1905	1395	2120	1286
RP1-4G17.2	0	0	0	0	1	0	0	0	0	0	0	0	0	0	3	0	1	0	2	0	1	3	2	0	0	0	0	0	1	0	0	0	0	0	0	0	0	0	0	0	0	0	0	0	0	0	0	0	0	0	0	0	0	0	0	0	0	0	0	0	0	0	0	0	0	0	0	0	0
RPS21P1	3	1	0	2	5	0	0	1	2	0	2	2	2	0	0	0	5	2	0	1	0	4	3	1	0	2	1	0	1	1	1	2	0	1	1	2	0	1	0	1	0	2	1	0	0	2	1	2	0	5	3	0	2	4	1	0	1	1	3	0	1	0	0	1	4	2	2	1	0
MIR130B	29	26	31	40	25	41	40	34	40	27	36	48	36	25	22	27	20	29	16	41	22	28	14	25	26	42	11	22	28	29	24	27	43	34	33	18	30	27	38	37	21	34	15	45	11	37	45	42	43	43	46	34	39	31	56	43	46	60	68	62	63	75	62	49	53	70	46	68	60
RP11-404K5.1	6	7	6	7	7	19	16	11	10	7	9	3	5	2	6	2	5	6	5	2	9	6	4	4	6	2	7	5	11	5	8	3	9	10	9	4	9	5	11	8	9	7	7	7	8	6	12	10	8	8	11	8	10	9	12	8	9	13	10	13	12	12	9	12	6	13	9	15	16
IQCA1	419	193	422	197	424	158	334	204	370	197	317	252	418	221	533	223	598	257	590	274	657	250	554	235	623	266	474	269	223	198	211	207	266	250	208	195	197	226	206	267	218	130	85	126	107	114	60	136	64	124	52	107	54	75	87	40	33	79	53	65	43	72	50	54	44	76	54	57	48
ST3GAL4-AS1	86	83	68	69	56	75	83	64	78	95	74	64	54	126	164	96	204	113	173	185	160	139	149	93	203	123	178	164	153	176	169	225	162	208	136	217	142	136	115	233	120	135	39	145	60	165	62	179	79	143	77	126	76	184	50	121	85	171	90	222	92	202	76	204	90	190	73	277	100
NRG2	4	11	11	11	18	11	20	12	12	6	13	4	10	12	20	22	40	16	38	11	45	23	40	17	35	31	16	46	28	9	22	35	34	23	23	33	29	34	17	32	35	19	16	22	50	25	27	25	29	25	31	15	21	14	30	14	47	7	71	10	33	26	57	13	29	13	55	22	48
OR10A7	0	0	0	0	0	0	0	0	0	0	0	0	0	0	0	0	0	0	0	0	0	0	0	0	0	0	0	0	0	0	0	0	0	0	0	0	0	0	1	2	0	0	2	0	0	0	1	0	0	3	0	0	0	1	0	0	0	0	0	0	0	0	0	0	0	0	3	0	0
LINC00310	12	12	10	7	17	9	9	10	9	4	16	13	9	2	0	4	8	2	0	4	3	7	4	8	2	1	11	0	9	1	2	3	3	0	0	1	4	0	0	1	5	2	3	0	7	4	3	1	2	1	1	2	4	6	6	2	8	3	4	4	4	7	6	5	5	6	3	2	6
AF228730.5	0	0	0	0	0	0	0	0	0	0	0	0	0	0	0	0	0	0	0	1	0	0	0	0	0	0	2	1	0	0	1	1	0	1	0	0	0	0	0	1	0	1	0	1	0	0	0	1	0	0	0	1	0	0	2	0	0	1	0	1	1	0	0	0	0	0	0	0	0
LINC00102	7	2	6	0	3	0	4	2	11	5	6	4	1	2	4	2	5	4	4	3	4	1	1	5	7	0	2	2	2	0	1	2	1	2	0	4	0	1	4	2	1	4	1	4	0	1	0	1	0	0	1	0	0	0	0	0	2	0	1	0	1	0	0	0	0	2	0	0	0
RP11-61L19.2	3	0	2	2	1	1	0	1	7	1	1	2	5	4	0	3	2	4	0	2	4	3	0	0	0	3	3	0	0	0	1	1	2	0	0	1	1	0	1	0	0	0	1	0	0	0	0	4	0	2	0	1	1	0	0	0	0	0	0	0	2	0	0	0	4	0	1	0	0
CRBN	1184	821	1126	809	916	925	1007	863	919	957	956	962	964	896	941	923	1040	973	810	1154	976	1098	890	1013	1050	1194	894	1212	1056	1105	960	1065	1100	1157	1126	1115	971	1056	957	1244	1087	1190	1120	1320	1237	1364	979	1601	1080	1351	1064	1203	1232	1369	1164	1225	1203	1488	1229	1856	1287	1826	1023	1598	1179	1827	1393	1836	1323
RP11-302I18.1	5	4	3	8	3	4	6	3	6	6	6	6	4	3	3	5	7	5	5	9	7	6	3	5	12	6	8	10	3	3	7	10	9	7	8	10	11	2	2	5	5	5	2	5	2	4	0	4	1	6	4	2	1	11	0	2	2	4	1	12	1	10	2	9	0	3	0	5	2
RP11-53O19.1	43	23	32	15	51	15	42	38	26	34	19	50	10	33	54	28	35	29	29	45	50	36	22	26	24	38	29	17	24	26	27	25	31	37	23	34	26	11	27	27	14	20	2	21	5	13	4	30	0	25	6	7	15	24	4	14	11	7	13	35	10	8	6	14	8	13	20	28	7
TDRD10	11	13	11	4	6	7	15	14	15	12	4	9	6	9	5	8	11	4	11	14	12	8	10	5	8	10	7	7	4	0	1	6	0	1	6	4	2	1	5	6	3	1	1	0	2	1	5	1	1	0	4	2	4	4	0	0	5	0	4	0	3	0	1	4	0	0	3	0	4
ARHGEF10	153	124	140	76	105	141	125	118	132	140	145	147	157	88	67	68	78	65	56	91	46	91	80	92	89	94	78	78	54	69	53	51	64	63	63	78	49	71	50	89	40	55	13	61	15	53	14	69	19	60	17	64	25	30	21	22	23	45	25	44	28	44	22	39	22	42	29	58	27
KMT2D	4276	6635	6931	6426	5953	5117	4995	4615	5843	5783	6701	4895	5933	6376	7484	6326	7418	5883	7559	7511	6790	5430	5907	6538	7735	8301	7076	5190	8581	5196	7525	6229	6920	6322	6847	6125	6566	6297	6418	6243	7578	7667	13039	7854	15748	7701	9518	10353	10527	10100	9621	8344	11940	3647	10201	9094	10952	10497	9609	11850	10378	12438	8918	9212	5484	11218	11340	12574	9734
C2CD5	5319	4213	4534	4045	3944	4290	4230	4017	4189	4156	4353	4618	4575	2917	2306	3250	2421	3303	2378	3928	2536	3406	2329	3562	2704	3865	2574	2524	2950	2682	2681	2667	2941	3038	2917	2757	2580	2703	2453	3079	2716	2796	3512	2980	3170	2976	3337	3640	3228	3272	3710	2741	3699	2703	3727	3069	4772	4052	4468	4298	4551	4730	4483	4272	4344	4039	5286	4409	4999
RP11-395B7.4	39	19	42	28	43	27	43	28	53	24	26	28	14	33	31	50	36	20	35	30	18	42	17	48	29	49	24	2	0	2	2	0	1	0	0	4	1	1	3	8	3	0	0	6	3	1	1	0	0	0	7	1	0	0	1	2	3	3	1	0	0	1	9	0	3	1	3	0	1
HPD	9	7	8	0	6	10	9	13	3	7	17	11	7	7	8	14	13	11	13	5	8	6	20	19	21	3	11	9	7	10	1	7	13	6	5	10	9	8	3	7	5	2	0	6	0	13	0	4	0	6	1	1	0	8	0	2	4	4	2	5	3	3	5	0	6	0	3	0	1
EMP3	144	188	170	107	120	140	180	111	158	105	121	132	145	179	327	166	292	169	309	308	316	259	284	179	298	263	323	205	141	126	116	155	156	134	131	137	121	121	101	167	131	41	32	71	36	64	54	120	18	101	29	83	53	103	32	32	58	44	36	46	65	78	33	42	50	65	66	71	33
DHX8	2819	2762	3625	2641	3032	2382	2915	2061	2781	2446	2848	2338	2925	2566	3191	2929	3321	2942	3132	3137	3426	2742	2837	2749	3372	3426	2971	3128	3748	3008	3495	3127	3514	3288	3559	3166	3172	2934	2930	3569	3490	3211	3463	3794	3672	3658	3189	4663	2915	4344	2992	3572	3955	2864	3224	3424	2933	4074	2981	4595	3157	4960	2990	4178	2659	4204	3368	4161	3132
AC002467.7	51	30	55	54	42	25	40	31	29	46	36	39	32	43	35	24	32	49	40	67	41	49	34	62	38	44	31	42	42	34	41	29	38	34	33	42	39	32	55	43	47	20	25	23	16	30	18	23	30	57	20	23	25	21	16	19	27	19	13	29	20	25	28	16	17	26	49	19	17
LHX4	59	104	87	97	58	77	66	64	72	105	77	86	81	358	177	357	211	318	197	454	220	386	243	402	249	459	215	98	151	107	132	107	126	113	124	97	118	89	109	113	95	122	113	122	74	121	161	141	203	137	160	111	276	71	198	122	279	180	334	209	281	226	283	204	224	222	322	252	328
MIR6816	1	1	2	0	1	1	0	0	1	0	1	0	1	0	0	0	1	1	2	1	2	1	1	1	2	1	0	1	2	3	1	1	2	1	1	1	1	1	1	1	1	1	0	0	2	2	2	0	4	1	2	2	1	1	1	1	1	1	1	2	1	2	0	1	0	2	7	1	1
FTH1P10	1049	952	1007	945	924	939	931	935	957	964	882	1008	848	901	835	933	844	966	822	1118	931	936	782	960	879	1070	752	700	442	619	431	602	525	674	472	617	432	572	419	739	444	367	304	446	340	451	325	527	269	528	324	446	391	527	350	400	439	560	444	614	439	644	484	516	561	627	525	604	535
SBSPON	198	198	207	202	156	269	190	200	226	267	186	310	171	91	54	94	61	109	38	122	62	108	78	141	94	174	77	80	32	70	42	55	61	58	60	72	53	64	41	77	27	56	37	57	29	56	24	74	38	54	27	51	33	50	28	36	35	40	54	40	28	61	40	49	46	58	42	59	35
SMARCE1	1432	1002	1364	1143	1144	1185	1151	955	1131	1048	1139	1161	1204	1154	1327	1347	1386	1469	1151	1698	1554	1280	1348	1355	1386	1785	1452	2186	2255	1975	2242	1915	2420	2065	2207	2094	2134	2046	1952	2197	2165	2906	2591	3188	2587	3044	2637	3775	2272	3502	2808	2903	3070	3343	2847	3071	2824	4269	2793	4799	2877	5005	2618	4273	3212	4691	3482	4688	3215
RPL10	15478	14741	16245	14483	14244	14098	15085	12759	15219	13188	14496	14613	13929	15231	16006	15792	18426	15336	18098	19273	19319	16577	16274	14737	17106	18370	15861	15856	12915	13419	12265	13521	14163	15720	14218	14437	12984	13839	11848	16525	12822	9716	8474	11954	9515	12226	8448	15405	7918	15352	9405	12016	9923	14101	8864	10445	7518	12764	8102	15889	9041	15844	7736	13963	8966	16787	8983	15602	8494
HBZ	1	0	1	1	0	1	0	2	0	1	1	3	0	0	0	0	0	0	0	3	0	0	1	0	0	0	0	0	0	0	0	0	1	0	0	0	0	1	1	1	0	0	0	0	0	0	1	0	0	2	0	0	2	0	3	0	3	0	2	0	1	4	0	2	0	2	5	4	1
SPTBN1	15494	18596	19957	18310	18494	16236	15982	13302	17409	15559	18235	15239	17248	14536	14979	15379	14130	14756	14346	17815	14325	14703	12472	15275	14802	18645	12965	10094	12057	10646	11055	10792	11566	11695	11078	10618	9941	10305	9171	11955	12025	10698	25737	11956	27305	12293	19253	14632	18788	13301	17404	11172	17005	7906	18488	18530	27603	22825	26615	24861	26201	26192	27000	22117	19321	23081	28531	23464	30510
RP11-310E22.4	6	16	7	7	15	13	16	10	19	10	14	7	11	14	21	11	17	18	13	7	17	16	13	14	27	13	22	11	8	4	17	11	10	9	14	8	8	9	31	11	16	4	7	3	7	12	6	14	4	16	11	13	18	11	15	5	17	12	19	13	25	30	10	22	9	21	14	16	20
LMCD1	364	496	563	526	425	544	384	404	510	458	385	446	460	1202	709	1188	912	1115	847	1603	876	1417	817	1270	781	1582	725	625	281	614	258	597	323	591	326	622	344	552	266	777	295	213	42	203	30	276	52	277	59	338	73	236	88	191	87	87	66	94	70	119	70	108	81	78	82	92	82	87	47
NUDT4	1716	1483	1772	1720	1740	1902	1667	1507	1748	1652	1577	1892	1598	1377	1074	1497	1340	1471	1141	1704	1379	1574	1300	1560	1298	1681	1307	1137	778	1339	725	1267	823	1354	813	1369	790	1156	736	1468	838	992	589	1078	606	1057	535	1286	495	1231	604	1107	666	1141	609	704	636	983	637	1129	596	1126	630	936	691	1163	795	1201	767
DALRD3	705	817	820	754	684	730	879	595	833	599	833	737	787	477	320	478	391	468	465	552	371	396	328	452	400	537	335	301	231	245	212	220	250	324	333	220	210	254	229	326	280	173	247	173	260	229	273	220	359	211	277	198	307	188	346	234	425	265	418	288	420	311	386	313	424	288	395	328	439
RP11-44F21.5	61	49	37	42	43	53	78	84	80	66	53	67	55	54	60	66	70	59	68	90	86	56	95	69	60	63	71	31	30	49	25	39	27	64	26	45	16	44	13	38	22	14	4	5	0	18	6	13	11	9	2	6	5	9	12	8	5	29	8	26	12	7	1	8	8	12	9	10	4
FLJ35934	55	75	50	41	41	55	51	48	54	55	50	48	54	48	48	78	38	55	54	82	39	76	45	63	56	66	42	54	27	36	26	44	33	44	34	32	35	39	30	46	31	22	6	15	3	11	8	19	10	14	9	23	14	11	12	7	15	20	13	15	12	22	11	12	14	17	14	26	9
WASIR1	8	11	9	6	16	16	10	8	13	11	13	11	11	6	3	6	10	6	7	10	10	6	6	10	12	3	5	1	2	5	2	0	2	2	2	1	3	2	1	2	4	1	1	2	1	1	0	1	0	1	1	1	1	0	1	0	0	1	1	1	1	0	0	2	1	2	1	1	1
RALGPS2	2539	1815	2345	1956	2108	2110	2021	1951	2230	2180	2094	2348	2199	3425	3328	3415	3186	3600	2577	4131	3409	3854	3353	3905	3613	4240	3324	2692	2072	2974	2138	2807	2175	3092	2237	2876	2024	2955	1812	3360	2364	1932	828	2050	900	1847	906	2436	763	2262	971	1882	1223	1727	1076	868	931	1114	846	1290	966	1449	774	1215	877	1316	1125	1561	1050
RPL35	6943	6462	6828	6123	6243	6153	6666	5344	6834	5820	6237	6226	6053	5425	5030	5390	6162	5444	6208	6677	6234	5780	5199	5166	5722	5932	4960	5224	3388	3706	3470	3930	4019	4426	3880	3917	3459	3890	3508	4664	3664	2621	1955	3280	2226	3114	1849	4225	1972	4090	2093	3127	2651	3822	2103	1934	1516	2474	1545	2901	1731	2881	1652	2427	1961	3234	1829	3042	1620
KDM3A	3264	2752	2615	2358	2421	2770	2662	2690	2699	2659	2974	2747	2491	1396	1408	1540	1430	1862	1519	1876	1511	1675	1279	1578	1484	1899	1398	2036	1708	1889	1626	2011	1558	2399	1545	2733	1414	2251	1248	2199	1605	2384	3159	2978	3198	2158	2719	3016	2434	3132	2768	2680	2895	2326	2817	1801	2845	2496	2809	2727	2926	2871	2672	2479	2622	2556	3400	2572	3122
APP	41592	39996	39155	37473	39201	38285	38603	35193	38727	37072	38576	36836	35934	33315	37850	34360	35076	34226	36420	41750	37760	35865	32454	33712	36254	41070	33055	27474	28096	25454	27780	26429	30030	29458	28432	27360	25761	25846	24092	31489	27962	21241	28334	24474	30313	23936	25694	31057	23586	28634	24098	22872	26875	22763	24880	29004	31829	35288	31033	40649	32423	41816	32466	36921	29023	39308	33479	40433	33660
RYBP	3432	2397	3297	2743	2807	3113	2683	2374	2957	2687	2821	2929	2812	3805	3164	3673	3400	3626	2853	4424	3622	3807	3311	4058	3604	4527	3330	2752	2319	3065	2199	2981	2491	3031	2173	3190	2073	2730	1899	3521	2268	2295	1794	2119	2102	2338	1378	2784	1277	2740	1381	2144	1683	2262	1524	1143	1232	1449	1223	1667	1291	1748	1216	1577	1412	1602	1590	1739	1457
CTC-487M23.7	1	6	7	2	2	3	0	10	3	4	4	6	0	9	12	7	4	3	15	6	7	3	12	13	3	4	13	7	19	12	26	24	15	6	13	1	5	5	16	8	6	18	16	17	34	14	13	2	9	11	17	10	29	13	16	13	12	19	24	30	16	20	14	23	14	19	15	26	21
PJA1	1573	1342	1676	1321	1468	1320	1502	1073	1535	1162	1590	1328	1371	1464	1351	1500	1520	1589	1563	1770	1704	1572	1252	1589	1623	1835	1411	1122	1062	1085	1151	1146	1140	1131	1140	996	984	1000	988	1335	1130	846	1295	1080	1507	1017	1352	1248	1247	1206	1256	993	1406	1048	1376	1594	1979	1730	1883	2099	1845	2159	2059	1788	1980	2096	1974	1997	2168
SLAMF9	1	0	0	1	0	0	0	0	0	0	0	0	0	0	0	0	0	0	0	0	0	0	0	0	1	2	0	0	0	0	0	2	3	0	0	0	0	0	0	0	0	0	0	0	0	0	0	0	0	0	0	0	0	0	0	0	0	0	0	0	0	0	0	0	0	0	0	0	0
TKT	39255	49823	44743	44481	43968	43009	42805	38529	44850	40907	42204	41441	38974	28710	24513	29232	26398	26398	28570	37329	28600	31766	24743	28185	26120	34291	23881	20594	14988	17527	14271	18728	16437	20810	16583	18437	14840	18089	14195	21886	15422	12544	8877	14374	10772	15018	8195	19985	8538	19328	8930	16204	10079	14920	8446	10742	6886	12708	7130	16533	7680	16250	6870	14371	6795	18442	7483	16590	7407
RP11-562A8.4	13	11	20	10	15	8	10	18	10	12	15	10	17	3	7	8	3	10	7	11	4	11	5	7	6	12	11	14	15	8	12	8	12	14	17	14	6	10	19	11	12	8	15	15	15	5	14	18	4	9	11	7	11	15	19	13	13	25	16	20	13	16	13	17	18	11	25	22	15
LINC01312	0	0	1	0	0	2	0	0	0	0	1	0	0	0	0	0	0	1	0	1	0	0	0	0	3	0	0	4	1	0	0	4	0	0	0	0	0	0	0	0	3	0	0	0	0	0	0	0	0	0	0	1	0	0	0	0	0	0	0	0	0	0	0	0	0	3	0	0	0
LTB4R2	32	41	45	45	42	54	58	54	47	57	46	40	52	50	38	41	50	49	52	72	35	57	43	38	38	50	50	42	70	47	68	35	69	40	70	31	45	42	61	55	61	34	61	48	87	32	67	46	63	59	56	39	125	16	85	34	80	50	97	51	63	61	68	31	35	46	115	54	100
SEPHS1P6	2033	2135	2174	2047	1855	1867	1950	1734	1825	1744	1810	1832	1786	870	558	914	624	1052	574	1208	624	938	518	910	563	1040	580	302	262	256	253	305	332	371	253	336	236	262	199	336	263	209	190	286	207	277	174	270	160	263	171	265	227	237	162	135	189	232	179	230	151	196	152	177	139	244	168	234	163
NUDCD2	2132	1554	1923	1483	1701	1603	1782	1523	1771	1576	1663	1843	1630	1439	1245	1240	1511	1373	1234	1614	1499	1428	1470	1360	1409	1631	1374	1399	1200	1152	1143	1268	1170	1230	1235	1187	1106	1344	1226	1435	1097	920	739	1037	725	1094	672	1262	606	1230	779	993	868	1245	791	531	560	781	514	930	591	933	565	836	758	915	631	1021	639
RP11-729I10.2	0	0	0	0	0	0	0	0	0	0	0	0	0	0	0	0	0	0	0	0	2	0	0	0	0	0	0	0	0	0	0	0	0	0	3	0	1	0	0	0	0	0	1	0	2	1	0	4	10	3	3	0	4	1	0	0	0	0	1	0	0	0	1	1	0	2	3	4	0
FNDC3B	2580	2390	2805	2263	2424	2388	2353	2016	2494	2327	2440	2455	2512	2915	2537	3255	2394	3329	2206	3611	2322	2945	2162	3414	2498	4002	2400	1421	1168	1457	1103	1613	1312	1674	1236	1688	1166	1475	1041	1752	1198	915	404	890	342	991	374	1175	328	1112	377	908	622	838	435	524	382	575	301	710	385	687	321	604	383	686	466	689	377
ARPC1A	2524	2208	2393	2181	2330	2171	2209	1756	2115	1951	2183	2076	2220	2395	2462	2397	2798	2538	2795	2988	3016	2536	2618	2485	2725	2923	2492	2868	2504	2459	2472	2552	2677	2657	2727	2653	2267	2525	2301	2969	2385	1948	2025	2314	2317	2332	2001	3030	2075	2881	2176	2135	2314	2875	2173	2195	2004	2702	2118	3123	2284	3113	2110	2711	2197	2986	2382	2937	2110
MTCO1P42	2	0	4	1	1	0	0	0	0	1	2	1	8	0	0	0	2	0	0	1	0	0	0	0	0	0	0	2	2	0	7	0	0	3	1	2	0	2	1	0	1	0	9	0	5	2	5	5	8	0	7	1	5	1	1	2	11	2	9	4	3	7	6	5	3	2	7	4	11
LEFTY1	1942	893	1520	815	1321	914	1816	516	1497	570	1845	817	1576	2640	1546	3319	1093	3634	1043	4155	1212	2781	873	2761	996	4022	1023	195	109	206	78	231	94	188	94	250	65	71	76	209	84	80	117	70	142	90	119	36	164	110	149	32	105	61	136	67	172	55	189	69	172	72	167	45	221	43	175	32	130
PAK1	12189	9818	10569	8351	10193	9433	10594	8311	10437	8446	10964	8827	9203	5908	5667	6143	6229	6363	5613	7526	6482	6347	5444	6497	5973	7444	5657	5586	5784	5131	5681	5230	5881	5839	5603	5593	5600	5112	4749	6106	5654	4263	4608	4877	4352	4766	4422	5713	4161	5470	4726	4484	4790	4522	4578	5358	4667	6675	4623	7688	4769	7703	4421	6652	4815	7512	5480	7384	5023
AL022345.7	1	0	2	0	0	0	0	0	0	0	1	2	1	0	0	2	4	0	1	0	0	2	2	0	1	0	1	1	0	0	1	0	1	0	0	0	0	0	0	1	0	0	0	0	8	2	1	0	0	0	0	0	2	0	0	0	0	2	0	2	1	1	0	0	0	0	0	1	1
FAM183DP	2	0	1	1	0	0	0	0	0	0	0	3	0	1	1	0	1	0	0	0	0	0	0	0	0	0	0	0	0	0	0	0	1	0	0	0	0	0	0	0	0	0	0	0	0	0	0	0	0	0	0	0	0	0	0	0	0	0	0	0	0	0	0	0	0	0	0	0	0
NF1P4	1	0	0	0	2	0	1	2	1	1	1	0	2	1	2	1	0	4	1	1	0	1	0	1	1	1	1	1	2	0	1	0	1	1	1	1	1	1	1	0	2	1	1	1	1	3	0	2	1	1	2	1	1	0	0	0	3	1	1	1	1	1	1	0	1	4	1	2	2
ISG20L2	2008	2100	2472	1998	2058	1884	1879	1558	2127	1669	2114	1781	2040	1430	1381	1635	1516	1539	1484	1913	1613	1486	1407	1452	1548	1820	1427	1394	1481	1297	1340	1361	1438	1531	1435	1262	1304	1368	1262	1582	1340	1204	1034	1378	1158	1392	971	1757	1033	1493	1036	1491	1162	1213	992	1103	951	1346	990	1507	1013	1388	904	1224	1028	1455	1000	1478	1001
GRIN1	113	185	170	163	193	120	124	139	195	133	140	143	197	35	47	50	72	30	73	63	79	57	66	60	76	64	92	27	144	31	83	29	137	22	111	23	83	21	106	25	101	31	182	15	229	29	173	28	217	37	213	28	168	28	263	78	581	57	522	124	504	122	503	109	399	116	503	111	550
SLC3A1	9	15	8	9	8	4	9	11	11	7	5	7	12	6	5	13	3	12	3	16	8	6	11	6	13	4	2	5	3	6	12	2	6	8	6	7	7	3	12	13	9	10	8	12	5	7	9	20	14	4	2	14	2	6	10	7	17	15	15	15	9	23	8	13	11	19	9	14	11
RP11-31H5.1	1	2	1	1	0	0	0	1	0	0	0	0	2	0	1	1	0	1	0	1	1	0	1	0	1	0	0	0	0	0	0	0	0	0	0	0	0	2	1	0	0	0	0	0	0	1	0	3	0	0	0	2	0	0	0	0	2	0	0	0	0	0	0	0	0	2	0	0	0
AC016735.2	0	0	0	0	0	0	0	0	0	0	0	0	0	0	0	0	6	0	0	0	0	0	0	0	0	0	0	0	0	0	0	0	0	0	1	3	2	0	0	0	0	0	0	0	0	0	0	0	0	0	0	0	0	0	0	0	0	0	0	0	0	0	0	0	0	0	0	1	0
LINC01482	1	1	1	4	2	1	3	0	1	2	3	1	2	0	0	4	0	2	0	2	1	1	1	1	0	1	1	0	0	0	0	0	0	2	0	0	1	0	0	0	0	0	0	0	0	0	0	0	6	0	1	0	0	0	1	0	3	0	0	0	0	0	0	0	0	0	0	0	0
RP11-14N7.2	12	7	15	7	13	8	7	7	13	3	8	7	9	36	99	42	99	31	100	52	108	44	93	32	103	36	96	133	114	73	109	87	116	104	134	73	92	92	92	135	100	137	57	129	95	132	62	185	67	172	69	132	75	126	78	123	51	166	60	203	71	209	55	183	71	199	75	207	56
RP11-136C24.1	20	23	14	23	10	27	7	14	10	22	13	9	17	16	10	15	17	19	33	10	11	23	21	17	16	16	11	26	17	12	23	22	23	10	14	19	17	18	10	17	12	17	9	17	5	11	10	17	0	15	9	27	6	13	17	17	10	12	3	18	7	13	3	18	2	22	11	19	3
PLCL2	272	243	373	306	296	304	214	299	301	317	263	300	338	754	719	750	980	796	846	971	1032	863	878	805	1017	952	979	2567	2494	2250	2357	2517	2447	2829	2228	2604	2060	2667	2006	2928	2277	3988	3139	4330	3006	4233	2684	5488	2196	4843	2426	4180	2295	4200	2512	4180	2904	5485	2897	6012	2762	5878	2700	5462	2837	5623	3433	5825	3172
TUBB3	43	46	74	50	53	43	44	21	55	41	35	35	60	53	76	67	88	69	109	60	73	36	57	58	89	57	88	139	334	187	321	145	289	163	281	185	227	140	236	165	314	395	980	470	1264	453	874	574	1043	580	970	454	875	364	934	733	1181	857	1183	1125	1328	1299	1197	1067	1073	1090	1239	1143	1267
RP11-132A1.3	681	491	811	511	640	438	650	421	686	538	629	472	652	82	88	114	87	102	102	137	100	107	76	100	96	112	92	7	11	11	3	13	7	6	9	7	10	4	12	5	9	0	12	5	2	3	9	5	1	5	2	0	5	2	9	2	10	10	17	10	9	9	22	9	31	3	20	8	16
RP11-660L16.2	335	292	304	257	286	254	308	288	304	239	282	322	269	183	162	215	190	203	217	250	207	253	204	213	176	262	154	131	104	130	89	131	115	173	124	158	108	150	91	161	113	142	119	163	134	208	93	185	118	212	90	160	104	217	96	100	96	123	105	162	105	127	101	142	90	175	96	134	103
CTNNB1	21529	19475	22538	18792	19117	19874	19503	16301	18856	18349	18916	20177	19359	26835	23183	27609	25643	28557	24292	34163	26741	29252	23871	28178	25638	33534	23423	19711	16292	19540	15775	19466	16861	21980	16591	20478	14715	18926	14134	22905	15532	12780	12874	14949	13718	14873	11028	17742	10247	17371	11604	14437	13868	15019	11624	11744	11899	14577	11525	15974	12050	17505	11722	14491	12044	15465	13015	16368	13270
S100A11	1351	959	1196	853	1037	848	1044	773	1018	832	1216	795	908	1046	2365	1158	1846	1163	1836	1485	1934	1147	1629	1083	1847	1285	1697	1214	1017	919	871	1052	1010	1102	1108	904	881	1038	873	1137	884	175	176	182	167	241	163	389	224	313	268	215	433	330	224	65	92	115	108	123	188	104	128	94	186	106	212	102	136
SNX5P1	721	570	665	531	593	567	567	483	645	510	558	617	615	461	479	518	437	501	440	591	522	501	536	530	575	580	491	417	361	419	347	392	361	464	313	385	315	390	272	526	309	247	118	264	138	278	94	376	91	365	116	238	149	285	116	133	74	147	75	177	88	192	83	188	98	179	95	155	109
GALNT4	19	10	6	17	10	12	26	9	21	18	14	11	15	17	16	18	14	11	20	24	12	16	14	15	12	14	20	9	3	9	4	7	2	10	4	1	4	6	0	25	3	1	3	5	6	5	0	5	8	3	2	10	8	1	5	3	4	6	2	1	3	2	4	4	1	0	2	6	2
NUTF2	3603	3163	3606	3074	3388	3404	3337	2681	3337	2769	3307	3352	3032	3540	3613	3652	3755	3814	3855	4672	4128	3795	3453	3755	3947	4352	3651	2883	2960	2776	2785	2660	3088	3030	3148	2692	2614	2588	2667	3138	2881	1920	2396	2345	2874	2413	2273	2764	2310	2741	2576	2308	2737	2820	2256	1938	2113	2448	2279	2885	2284	2924	2289	2478	2534	2589	2485	2771	2358
ATAD3C	532	670	865	659	681	595	659	438	701	485	706	637	742	457	423	471	437	464	491	579	420	444	387	461	499	535	417	443	434	425	384	481	406	478	429	453	381	398	305	478	414	575	548	562	779	577	431	778	469	765	468	622	497	579	416	853	495	999	554	1333	598	1330	522	1021	499	1155	505	1259	531
RP11-115D19.1	974	607	525	512	646	576	777	684	705	692	663	648	655	1032	1381	1032	1174	938	1012	1389	1264	1357	1282	1281	1396	1294	1291	795	846	825	767	859	832	894	803	823	672	842	658	990	778	706	606	659	496	637	548	835	470	708	568	600	826	630	618	377	380	448	357	472	378	563	339	414	374	464	456	574	386
NACAP7	0	0	0	0	0	1	0	0	0	1	1	0	0	0	0	0	0	0	0	0	2	0	0	0	0	0	0	0	0	0	0	0	0	0	0	0	0	0	0	0	0	0	0	0	0	0	0	0	0	0	0	0	0	0	0	0	0	0	0	1	0	0	0	0	0	0	0	0	1
GRID2	2428	2279	2236	2070	2063	2241	2086	2099	2045	2078	2173	2196	1942	1627	1110	1673	952	1580	920	2147	1101	1737	971	1751	974	1821	932	446	327	487	299	478	354	499	362	464	368	459	252	623	364	159	180	153	142	128	115	175	134	117	146	164	181	116	124	84	98	112	102	91	115	97	119	95	88	68	98	72	76
MEST	5479	4351	5153	4485	4206	4514	4424	3990	4702	4084	4497	4415	4535	4678	6050	4945	6392	5707	5322	6207	6822	5134	5656	5044	6351	6053	6033	3810	3337	4071	3189	3806	3601	4556	3515	4381	2963	3758	2917	4742	3417	3808	3080	4529	2968	3999	2940	4512	2480	4820	2790	3796	2840	4300	2775	4744	2591	6114	2508	6947	2362	7527	2301	6254	2740	6633	2844	7718	2546
SYT1	2638	2146	2369	2315	2196	2482	2200	2080	2262	2528	2297	2338	2342	1235	1448	1291	1177	1350	1139	1648	1395	1403	1126	1413	1281	1618	1207	1538	2888	1738	2520	1679	2818	1929	2539	1675	2216	1472	1963	1769	2803	2916	6742	3197	6660	3289	5859	3971	5019	3054	5039	2793	5053	3038	5290	5625	7129	6947	6734	7254	6102	8521	6519	7408	6238	6843	7252	7438	7863
SMARCE1P3	186	220	205	183	182	208	162	166	229	184	153	189	148	220	221	196	231	185	236	216	228	172	208	194	220	229	221	258	275	199	216	236	266	280	239	272	212	231	238	309	248	249	218	322	240	329	219	393	189	354	267	287	263	264	238	271	222	328	223	406	229	433	206	409	174	454	256	432	228
EEF1DP7	0	2	4	0	1	4	2	2	1	2	1	1	5	4	1	1	5	0	3	3	2	0	2	1	0	1	1	5	7	1	0	5	0	1	1	0	0	0	8	0	2	3	3	1	22	1	4	2	1	1	7	10	11	6	3	6	5	10	4	10	4	9	11	13	7	2	3	6	14
SMAD4	3233	2602	3335	2656	2847	2804	2776	2600	2828	2598	2919	3068	2703	2818	2964	2833	2853	2912	2488	3377	2993	3134	2692	2796	2983	3466	2906	3602	2942	3443	2900	3549	2986	3540	2860	3583	2594	3596	2449	3968	2808	3660	3034	3982	3244	3680	2621	4826	2436	4455	2507	3731	2831	3987	2540	3068	2517	4161	2315	4614	2660	4990	2281	4295	2583	4446	2866	5109	2857
SNORD91B	3	5	4	2	2	7	2	1	6	3	4	9	2	4	7	3	1	8	2	3	2	8	6	6	1	9	2	4	1	3	4	2	4	4	1	3	8	7	1	2	2	4	4	5	2	3	3	2	1	1	0	2	3	5	3	5	9	3	2	0	5	3	3	4	4	7	7	4	7
RP11-400N13.3	0	0	0	0	0	0	0	0	0	0	0	0	0	1	0	0	0	0	0	0	4	0	0	1	0	0	0	0	0	0	1	1	0	1	0	0	0	0	0	0	0	0	0	0	0	0	0	1	0	0	0	0	0	0	0	0	0	0	0	2	0	0	0	0	0	0	0	0	0
DNAAF2	1626	1265	1616	1230	1598	1313	1436	1046	1429	1225	1357	1373	1595	1006	988	979	1094	1119	928	1348	1192	1125	936	1024	997	1343	1017	1121	1068	1012	1039	1040	1137	1144	1160	1013	1047	1053	1020	1235	1063	1064	1190	1183	1256	1218	982	1578	950	1427	1089	1162	1229	1327	1031	991	862	1381	890	1597	889	1635	850	1546	951	1515	967	1605	827
AC068580.5	3	5	1	2	2	0	2	0	5	1	3	4	5	4	5	2	2	7	0	1	4	1	1	5	4	2	4	0	2	1	1	1	2	1	1	3	4	6	6	4	1	6	2	6	3	7	5	3	14	7	8	4	8	6	11	5	10	8	2	7	8	11	10	12	2	10	8	5	3
CH17-472G23.2	68	54	78	57	73	54	80	48	65	48	61	57	62	68	31	71	45	58	45	91	46	75	43	78	50	88	37	7	6	9	4	10	7	14	5	9	4	10	5	10	10	4	3	3	2	3	4	2	5	8	6	7	3	5	5	5	14	5	4	8	5	7	10	6	10	8	4	4	9
HNRNPA1P13	5	1	3	6	6	4	3	2	4	3	4	2	4	3	2	4	1	1	2	2	1	1	0	3	6	1	7	0	0	0	1	1	0	1	1	0	1	1	1	0	1	0	2	2	0	0	0	1	4	1	0	0	0	0	1	6	0	0	0	1	0	2	2	1	0	0	0	0	0
RP11-47G4.1	132	139	179	164	157	117	168	124	122	140	106	143	182	130	100	149	153	148	131	209	175	167	104	131	136	212	128	102	134	136	153	114	128	131	118	115	99	120	92	115	127	136	161	159	108	143	115	203	155	146	142	145	171	124	150	125	140	156	168	222	146	171	181	222	145	187	168	233	195
HMGB1P9	0	0	2	0	1	1	1	0	1	1	2	1	0	1	0	1	2	3	1	1	3	2	0	1	2	1	1	1	2	1	0	0	2	2	0	0	1	1	2	0	1	1	4	1	0	1	0	0	1	1	1	0	1	0	1	1	1	1	1	2	3	1	0	0	4	2	2	0	3
TSEN54	1185	1216	1370	1163	1341	1112	1197	921	1384	1094	1208	1128	1360	792	723	837	902	863	989	1204	868	938	802	719	1013	1069	795	910	714	761	716	807	818	891	831	761	753	816	753	872	739	620	624	729	791	732	476	916	580	891	637	783	645	653	618	487	497	516	415	639	476	678	508	572	498	748	472	711	450
STAU1	6413	5553	6872	5888	6302	5969	6037	4790	6176	5241	6138	5662	5867	5170	5167	5399	5538	5534	5241	6192	5955	5238	5040	5419	5589	6348	5122	4423	4565	4095	4334	4280	4737	4914	4820	4501	4221	4286	3857	5397	4550	3820	4849	4563	5025	4649	4169	5642	3685	5369	3882	4500	4502	4194	3998	3976	3851	4852	3783	5409	4067	5380	3923	4822	3731	5213	4374	5445	4224
RP3-468B3.2	0	0	1	0	0	0	0	0	0	0	1	0	0	0	3	2	4	2	4	4	5	1	11	1	9	0	15	5	13	7	4	7	4	3	1	2	6	4	9	2	10	0	3	7	5	6	4	5	5	7	8	3	6	4	9	4	5	4	5	3	3	2	2	3	7	10	4	10	9
RPL12P32	38	42	37	38	29	32	31	41	30	36	31	49	39	28	37	31	35	41	32	37	44	33	33	42	33	27	35	24	20	32	29	23	35	22	23	31	21	17	27	31	20	11	8	20	10	23	7	30	8	25	13	17	7	18	15	10	8	16	8	9	4	15	7	14	8	18	11	19	12
ZADH2	152	157	145	134	157	127	206	170	144	158	142	124	123	335	372	305	407	280	328	427	422	384	395	291	416	377	397	632	600	528	611	530	607	664	639	615	601	574	549	646	652	571	521	685	373	721	526	783	557	784	656	570	608	605	657	495	634	703	598	860	633	884	565	761	577	854	733	1015	691
LINC00402	17	5	16	7	12	18	8	12	20	17	9	5	5	11	9	18	13	5	11	16	7	4	16	12	11	19	10	0	0	3	3	4	1	0	5	9	1	0	1	3	2	0	0	2	0	0	2	0	0	0	1	0	3	0	1	2	0	0	1	1	3	3	0	2	1	1	1	5	0
LNPEP	379	381	461	399	336	374	338	405	361	437	428	442	405	460	518	514	460	420	423	593	504	483	469	557	544	623	564	428	601	578	589	563	540	623	513	567	506	599	552	621	544	587	410	515	325	487	384	722	474	579	447	678	600	452	546	383	581	509	496	513	568	511	479	596	464	514	760	790	684
CTD-3080P12.3	0	0	0	0	0	0	0	0	0	0	1	0	1	0	0	0	0	0	0	0	0	0	0	0	0	0	0	0	0	0	0	0	1	0	0	0	0	0	4	2	0	0	0	0	0	0	0	0	0	0	0	0	0	0	0	0	0	0	0	0	0	0	0	0	0	0	0	0	0
FCER1A	0	1	0	0	0	0	0	0	0	0	0	0	1	0	0	0	0	0	0	0	0	0	0	0	0	0	0	0	0	0	2	0	0	0	0	0	0	0	0	0	0	0	0	0	0	0	0	0	0	0	0	0	0	0	0	0	0	0	0	0	0	0	0	0	0	0	0	0	0
CABP4	3	7	0	3	4	1	2	4	4	3	5	1	4	0	1	6	4	4	2	1	1	2	2	2	1	0	1	1	1	2	0	2	1	2	3	1	4	0	0	0	2	3	4	5	9	1	1	5	1	5	2	2	0	7	0	6	1	2	2	2	1	2	0	6	0	5	13	5	5
CCND2-AS1	22	21	5	13	17	13	20	11	26	17	9	11	20	4	14	10	7	1	12	13	15	9	1	8	20	13	7	4	6	3	2	4	1	3	8	0	4	4	4	5	7	4	3	0	2	5	4	2	0	2	8	2	7	0	3	7	9	5	2	7	5	7	6	9	14	6	12	19	5
AC023590.1	2	1	0	2	1	2	1	1	0	1	1	1	0	0	2	0	4	1	0	0	2	2	0	0	8	1	1	2	1	3	0	1	4	2	1	2	0	1	1	3	1	2	0	3	4	1	2	2	1	1	1	1	0	0	1	2	1	1	1	1	1	7	1	2	0	2	2	2	0
RP11-552E20.4	2	16	11	11	7	12	5	5	14	10	1	5	2	5	2	4	0	6	5	3	3	0	1	5	1	6	0	0	2	0	1	0	0	0	0	0	4	3	2	0	0	0	3	1	0	0	1	12	0	0	3	0	2	1	1	0	0	0	6	0	4	0	2	1	4	3	0	2	0
FANCA	1636	1886	2073	1699	1696	1643	1935	1548	1970	1702	2075	1537	1818	1663	1524	1947	1713	1756	1756	2334	1731	1989	1720	1841	1909	2271	1910	2959	2270	2694	1997	2603	2348	2722	2224	2696	1921	2875	2066	3346	2013	1841	732	2002	764	1982	718	2259	622	2422	746	2024	1034	1461	781	649	615	912	586	1065	603	1039	590	838	507	924	632	990	600
MAGOHB	730	510	666	510	515	560	536	461	598	553	581	605	579	502	495	569	448	625	397	637	519	546	539	655	507	662	583	558	446	558	419	538	470	588	477	577	438	627	396	726	409	479	173	540	175	506	195	608	213	561	273	443	347	534	283	249	219	326	207	398	214	487	185	335	256	427	248	448	275
RP11-616M22.2	0	0	0	0	2	1	0	0	1	0	0	0	0	0	1	0	0	1	1	0	1	0	2	0	0	3	0	7	0	1	0	3	1	0	0	0	0	3	3	2	0	4	11	5	11	1	1	5	12	2	13	5	6	0	6	8	5	9	4	7	3	12	1	2	4	7	4	11	6
RP11-429J17.2	22	21	10	12	18	20	13	15	17	19	16	13	22	17	13	21	22	16	26	28	22	18	17	24	21	17	13	19	14	15	17	12	7	13	16	12	13	8	12	10	9	14	28	15	33	14	24	21	28	17	9	14	16	15	15	16	19	17	19	19	19	26	16	25	19	36	24	26	26
BCKDK	1842	1960	2145	1735	1971	1534	2096	1342	2115	1444	2023	1534	1784	1394	1625	1491	1872	1482	1966	1837	2075	1659	1668	1419	1985	1796	1854	2216	2107	1879	1912	1993	2267	2260	2373	1943	2002	1979	1895	2174	2063	1698	1031	1877	1169	1828	1164	2773	1479	2597	1440	2001	1663	2109	1353	1629	1095	2078	1246	2423	1257	2562	1137	2332	1258	2523	1368	2477	1221
SKA1	334	272	321	272	288	288	263	265	296	279	285	281	266	366	387	324	416	359	370	433	425	405	433	374	451	431	398	517	296	458	330	431	350	465	362	461	279	424	278	565	318	280	62	227	51	364	70	378	55	300	73	296	140	258	96	77	35	134	36	130	55	158	29	135	41	126	49	145	24
AC099344.3	2	0	0	0	0	0	2	0	3	0	1	0	0	1	0	2	1	0	2	0	1	1	0	0	0	0	0	0	0	0	2	1	0	1	0	0	0	1	0	0	0	0	0	0	0	3	0	3	0	1	0	0	1	0	0	0	2	1	1	2	0	0	0	0	0	0	0	0	0
RP11-44K6.3	29	30	42	21	12	41	26	40	24	37	22	28	40	5	0	0	0	0	3	1	0	2	0	6	0	0	0	0	0	0	0	0	0	0	0	0	0	0	1	0	0	0	0	0	0	0	0	0	0	0	0	0	0	0	0	0	0	0	0	1	0	0	0	0	0	0	0	0	0
AGTRAP	1304	1539	1563	1353	1581	1222	1500	1166	1394	1246	1425	1376	1363	862	687	930	764	788	843	1194	780	966	690	799	761	1090	704	450	278	363	312	363	288	480	303	373	314	342	280	367	308	143	53	184	70	164	62	227	88	208	87	218	64	131	85	67	90	106	87	110	64	118	80	112	77	98	61	130	75
S1PR2	429	482	435	431	461	437	439	374	529	374	414	418	425	606	542	511	595	465	579	659	616	589	565	510	571	525	559	196	117	151	115	149	152	200	175	196	158	154	140	193	114	104	78	117	110	122	88	151	130	137	122	107	125	93	92	202	244	200	269	288	236	268	269	261	254	289	282	321	235
KHDRBS1	14628	12229	15272	12549	14253	12991	13330	10589	14398	11817	13408	12628	12954	11495	11027	11879	11721	12852	11532	14509	13370	12040	11010	11919	12614	14199	11524	14109	12942	13032	12297	13653	13531	15289	13054	13857	12314	12700	11877	15502	13347	12972	13207	15155	14104	14596	11873	18850	11227	17562	11912	14121	13782	15916	12330	13596	9764	17706	10127	20238	11227	21035	9495	17595	11239	19034	12024	19828	11029
AGL	714	472	615	521	554	523	566	471	607	515	551	640	675	539	415	448	518	639	407	776	544	652	503	631	514	720	514	576	425	602	445	524	542	657	476	678	477	478	435	634	484	681	778	791	786	758	619	786	590	838	614	710	438	792	568	512	441	865	387	970	391	1125	425	727	445	797	504	750	495
AC079779.6	0	1	0	0	0	0	0	0	0	0	0	0	0	0	0	0	1	0	0	3	0	3	0	0	0	0	2	0	1	0	1	0	0	0	1	0	0	0	0	0	0	0	0	0	0	0	1	0	1	0	0	0	1	0	0	0	2	0	0	0	1	8	0	0	3	0	3	0	1
CRYBB1	89	68	107	91	110	123	101	71	108	68	78	70	58	185	157	162	204	146	205	174	189	144	157	126	156	189	145	26	30	29	23	29	24	15	27	17	19	26	11	21	19	1	5	11	6	0	1	2	16	4	4	3	1	2	3	6	2	0	1	3	2	5	6	3	3	0	5	4	0
PNMA1	1539	1682	1913	1727	1804	1534	1438	1373	1677	1466	1664	1668	1588	1516	1292	1528	1668	1435	1599	1788	1632	1568	1373	1478	1621	1873	1488	1653	2389	1449	2137	1669	2479	1715	2294	1502	2039	1478	1994	1785	2336	1866	4809	2439	5417	2356	4452	2768	4530	2715	4397	2081	4387	2343	4519	3266	4991	4035	5013	4817	5079	5150	4879	3948	4986	4502	5116	4325	5687
ARHGEF26-AS1	11	5	10	5	10	4	6	4	4	7	2	4	7	0	5	6	8	1	4	13	8	6	10	4	2	3	9	5	4	8	6	2	15	5	6	10	0	10	0	9	4	3	0	3	0	9	3	6	0	4	1	11	0	3	2	2	11	9	3	7	7	2	5	8	2	1	4	4	5
RP1-317E23.3	6	9	3	3	4	0	4	0	3	5	3	1	4	3	8	1	10	5	10	10	10	3	6	2	10	4	5	10	20	4	11	11	23	15	19	17	18	9	17	14	14	15	20	34	24	17	15	9	28	15	11	27	24	6	26	29	16	32	19	30	19	34	9	21	7	32	17	27	17
AC098820.4	1	0	0	0	0	0	0	0	0	2	0	0	1	1	0	0	2	4	1	1	1	0	10	2	1	0	2	1	1	0	1	0	0	1	3	2	0	3	4	3	3	0	0	3	1	0	1	3	4	4	1	1	4	2	2	1	0	6	0	8	3	1	2	0	2	4	1	1	4
RP11-461O7.2	0	0	0	0	0	0	0	0	0	0	0	0	0	0	0	0	0	0	0	0	0	0	0	0	0	0	0	0	0	0	0	0	0	0	2	0	0	0	0	0	0	0	5	0	0	0	6	0	0	0	0	0	0	0	2	0	3	2	1	2	0	0	0	0	0	0	1	1	1
ALPK3	2136	3253	3042	3127	2688	2551	2409	2060	2802	2548	2919	2415	2786	1193	1386	1207	1422	1134	1394	1508	1244	1334	1211	1301	1569	1511	1250	1053	1291	958	1199	1083	1258	1140	1126	946	1028	1032	961	976	1290	1218	819	1348	873	1395	879	1504	959	1468	902	1296	994	821	1018	1713	1022	1828	1094	2307	1047	2288	1038	2001	894	2182	1296	2462	1137
PLCG2	378	369	361	292	392	322	363	320	372	290	388	321	275	235	275	282	334	292	344	365	385	421	345	283	335	458	263	105	58	115	54	104	67	119	83	107	60	103	51	200	77	49	8	29	31	24	13	27	4	58	11	42	44	13	19	15	14	10	20	5	19	8	16	12	19	12	18	12	19
RP11-488C13.1	344	586	388	579	440	522	457	544	472	772	406	559	411	476	323	545	447	498	480	566	548	520	390	409	437	622	353	505	242	426	209	371	348	467	337	387	232	492	248	533	317	266	115	320	117	336	114	499	96	498	228	421	166	378	156	205	99	271	81	262	97	346	82	268	153	291	144	302	123
TFEB	41	51	74	73	48	59	48	46	67	52	55	70	43	57	75	70	75	32	87	83	98	57	83	62	88	92	66	166	135	127	117	137	136	117	118	120	99	122	104	131	115	109	72	146	87	133	50	230	47	205	42	142	80	167	45	97	23	99	18	145	21	159	24	126	47	199	40	167	26
HNRNPCP2	10079	8246	9949	8202	8599	8142	8722	7260	8838	7928	8833	8311	8479	8850	8034	9142	8909	9281	8470	11240	9189	9628	7824	8854	8811	10561	8059	7337	6289	6357	6099	6434	7042	7400	6769	6726	5761	6601	5735	8065	6315	5804	3816	6634	3861	6496	3466	7915	3323	8014	3624	6494	4678	7214	3719	4473	2603	5781	2714	6529	3226	6366	2660	5662	3322	7127	3451	7214	2942
RP11-1023P17.2	0	0	0	0	0	0	0	0	2	0	0	0	0	0	0	0	0	0	0	0	0	0	0	0	0	0	1	0	0	0	0	0	0	0	0	0	0	0	0	0	0	0	0	0	0	0	0	0	0	0	0	0	0	0	0	0	0	0	0	0	0	0	0	2	0	0	0	0	0
RP11-16B13.1	0	0	0	0	0	0	0	0	2	0	0	0	0	0	0	0	0	0	0	0	1	0	0	1	0	0	0	0	0	0	0	0	0	0	0	0	0	1	0	0	0	1	0	0	0	0	0	0	0	0	0	1	0	0	0	0	1	0	0	1	0	0	1	0	1	0	0	0	0
AK4P1	757	608	724	530	675	559	669	529	669	551	833	547	615	664	450	733	370	730	401	807	434	725	357	624	385	824	407	117	43	113	58	124	62	116	51	157	58	115	57	116	55	41	33	30	41	37	35	29	32	58	24	33	33	22	23	24	30	14	48	24	41	29	43	23	28	6	30	14	27
AC108463.1	0	0	0	0	4	3	0	2	0	0	0	0	0	0	0	0	0	1	1	0	1	3	2	0	1	2	3	0	1	0	0	0	1	0	0	0	0	0	0	0	0	0	0	1	2	0	0	0	0	0	0	0	0	0	0	0	0	0	1	0	2	0	3	0	1	0	0	0	1
PRR20E	0	0	0	0	0	0	0	0	0	0	0	0	0	0	2	1	0	1	0	1	2	0	1	0	1	0	2	0	0	1	0	0	0	0	0	0	0	0	1	0	0	0	0	0	0	0	0	0	0	0	0	0	0	0	0	0	0	0	0	0	0	0	0	0	0	0	0	0	0
ACTBP8	9	5	10	3	8	3	5	7	8	10	7	3	5	4	7	8	10	3	10	7	5	7	4	4	7	8	7	8	7	7	4	4	9	4	4	5	5	6	6	7	3	5	8	2	9	4	4	10	4	10	4	6	7	5	9	6	7	8	5	9	6	5	7	6	5	6	7	9	7
DEPDC5	779	746	926	707	872	702	760	677	801	710	834	666	852	760	809	774	1013	777	1023	901	916	729	870	741	916	896	854	837	960	766	904	899	956	860	836	915	816	818	745	929	854	922	596	942	591	790	649	1094	528	986	683	961	848	656	723	664	788	787	770	961	787	1055	811	896	631	990	885	946	821
IQCF3	0	1	4	4	3	0	5	6	1	1	7	2	6	0	0	0	2	0	6	2	4	2	1	1	1	3	1	6	2	0	0	2	0	4	4	3	1	1	1	1	0	3	2	1	2	1	0	7	0	0	2	1	2	0	0	3	0	4	0	3	0	2	0	2	2	9	0	5	0
RP11-454L9.2	21	13	11	20	23	21	22	15	15	16	13	17	27	24	10	20	11	18	18	11	8	8	14	20	17	22	19	14	18	10	9	22	17	15	25	29	11	17	17	37	22	13	19	13	19	20	26	9	23	8	25	17	36	6	28	32	28	22	29	41	33	40	36	34	28	32	29	20	33
E2F1	1255	1287	1437	1186	1231	1206	1247	1001	1341	1077	1291	1156	1168	2674	3311	2644	4172	2289	3985	3269	4080	3060	3465	2592	3994	3083	3475	9759	7292	7901	6979	8650	7969	9040	7932	7998	6735	8375	6670	9570	7115	8740	5550	10247	7464	10875	4681	14398	5157	13043	5173	11004	5925	10669	4662	5394	1934	6488	2089	8003	2528	8103	1972	6849	2453	8604	2609	7968	2060
DDX60	193	142	166	110	151	101	205	159	175	124	166	134	113	132	116	160	83	112	102	140	94	143	113	200	157	187	101	34	29	47	44	58	33	45	39	60	31	45	24	62	22	12	1	19	0	16	6	29	7	12	1	20	19	11	12	0	7	1	12	1	14	5	3	1	7	0	7	4	4
AP000281.1	13	22	15	9	7	15	8	13	14	13	12	5	17	11	14	6	11	17	11	12	23	15	10	12	18	19	18	6	10	14	11	13	7	7	8	10	9	12	14	14	13	8	6	14	11	9	4	13	7	9	6	9	4	8	9	4	5	10	4	15	6	13	8	12	7	4	3	13	4
RP11-517O13.1	0	2	1	1	3	2	1	1	1	4	5	0	4	0	5	4	1	3	0	5	2	5	0	1	1	2	2	1	1	2	1	2	5	6	7	3	8	2	2	7	0	4	9	1	0	5	0	3	6	0	0	4	1	4	1	3	4	10	5	5	3	3	5	9	8	2	5	11	4
TP53I11	1549	2418	2236	2351	2132	2089	1625	1725	1998	1878	1845	1868	1779	23624	33153	24854	30436	22648	31412	28617	31056	23504	25066	21120	30004	27767	26532	26467	23611	24343	21909	26494	24758	30445	23772	25206	21699	26327	20032	27919	23031	17592	15248	21712	17366	22129	15493	29418	15428	26908	15332	21768	18088	19144	15502	18225	12795	21384	13853	26096	14616	27651	13360	23288	12148	26856	13828	27081	13717
TMCO1	1591	1210	1635	1287	1431	1398	1328	999	1428	1268	1274	1459	1330	1482	1688	1617	1873	1791	1684	1973	2031	1572	1591	1622	1837	1903	1819	2264	2157	1957	2070	2119	2438	2358	2003	2352	1956	2106	1983	2457	1946	1833	1736	2174	1683	2245	1744	2547	1381	2600	1929	2012	2252	2583	1947	2097	1705	2592	1638	3038	1811	2937	1662	2848	2032	2782	1866	3035	1946
LINC01096	0	7	6	5	3	5	3	2	1	2	0	6	3	8	3	7	4	7	6	5	12	7	6	6	14	6	3	2	3	0	2	3	2	3	1	3	8	2	1	0	0	0	0	3	0	0	1	2	0	2	0	1	0	3	0	8	1	0	1	0	0	1	0	0	1	2	1	1	0
AMDHD2	440	549	689	562	581	493	543	378	569	470	552	479	623	359	318	417	439	445	455	554	453	402	373	391	414	524	388	451	519	381	468	405	496	360	520	271	474	427	518	391	462	260	491	305	615	293	557	417	679	441	683	374	715	245	632	233	571	278	557	345	600	403	529	286	535	352	515	264	566
PEG13	17	15	20	18	18	13	9	17	22	11	13	7	17	10	4	5	13	9	12	12	3	6	8	4	11	19	13	9	10	12	16	9	14	13	4	10	16	19	6	20	18	25	39	32	60	28	36	57	27	38	46	35	42	23	51	53	132	57	107	101	102	82	128	78	108	84	133	70	167
SP5	122	29	64	9	87	30	88	17	59	14	176	21	41	19	41	4	23	14	20	12	25	10	11	2	19	14	26	3	6	8	1	0	4	7	1	1	6	0	5	6	1	1	5	0	15	0	4	0	17	5	13	1	18	1	13	0	8	4	10	8	18	4	9	1	19	2	18	5	13
APPBP2	905	779	789	653	714	750	839	679	745	775	686	766	777	949	1164	969	1056	1076	1008	1262	1092	1030	932	1121	1086	1183	1011	1301	1522	1288	1510	1366	1460	1447	1570	1449	1320	1275	1303	1585	1466	1672	2021	1717	2023	1832	1829	1941	1657	2019	1777	1720	2075	1697	1902	1730	1810	2157	1683	2538	1764	2883	1660	2331	1772	2235	2408	2468	2109
GPC6	3246	2782	2429	2256	2466	2739	2608	2464	2461	2370	2782	2645	2351	2502	2027	2443	1566	2508	1542	3196	1638	2868	1589	2804	1696	3185	1485	1505	812	1653	811	1462	861	1639	761	1624	753	1488	732	1914	869	1091	484	1131	414	1081	370	1320	326	1364	304	1099	436	950	309	611	381	711	323	790	387	827	382	845	353	871	505	840	328
RP11-386I23.1	10	4	5	10	10	6	3	8	8	5	4	17	5	19	11	14	18	6	7	8	12	13	9	5	6	10	12	16	14	16	10	3	6	15	9	11	2	8	5	15	8	3	2	8	9	9	0	10	0	5	5	13	4	8	3	4	4	2	2	4	2	3	3	8	3	10	1	10	6
CPT2	738	582	693	530	677	538	666	495	672	528	669	554	628	507	539	541	584	460	586	638	510	528	528	517	550	670	499	536	655	456	575	553	622	490	633	504	571	560	551	564	543	509	246	602	243	622	336	807	351	705	420	524	509	576	456	537	443	673	438	834	489	853	388	718	494	832	536	916	457
AL355480.4	3	3	6	2	3	5	3	4	2	3	3	3	2	4	3	3	2	3	2	4	2	3	2	3	3	3	3	3	1	3	2	3	2	3	2	2	2	2	2	3	2	1	1	1	1	2	1	2	0	2	1	2	2	2	1	1	1	1	1	1	1	1	0	1	1	2	0	1	1
RP13-26D14.2	56	54	91	63	68	39	42	50	61	54	55	64	81	49	53	39	60	50	61	51	77	48	74	49	66	56	68	38	73	46	50	41	50	64	47	61	52	43	50	49	89	30	34	35	36	54	29	58	35	57	32	28	58	61	40	34	10	38	21	56	39	48	23	34	44	26	26	31	28
TIGAR	1209	719	1052	855	958	804	951	673	949	733	904	865	971	729	743	807	842	868	774	1025	818	815	781	800	885	943	756	896	984	890	919	935	974	1085	902	838	796	820	810	1139	909	974	732	940	610	954	718	1219	586	1135	853	808	892	1052	759	570	680	776	607	784	573	933	580	908	659	942	766	793	616
RN7SL208P	2	0	1	5	0	0	0	4	3	2	1	0	1	2	2	1	3	1	1	7	1	0	0	3	0	1	1	0	0	0	0	0	0	0	0	0	1	0	0	0	0	0	0	2	0	0	0	0	0	0	0	0	1	0	0	0	0	0	0	0	0	0	0	0	0	0	0	0	0
RSU1P1	22	13	12	12	14	15	13	19	21	14	19	9	11	13	21	12	13	15	20	14	18	21	9	6	18	16	17	7	13	9	9	14	9	13	8	9	9	6	8	15	13	8	12	5	3	16	7	17	9	7	5	6	7	7	8	9	7	14	10	12	9	10	6	17	8	12	10	12	10
METTL7A	2389	2748	2314	2606	2211	2744	2248	2328	2148	2396	2345	2666	2252	278	78	290	133	293	160	344	125	262	93	374	113	361	106	49	51	55	50	83	31	74	57	74	63	60	29	52	48	28	20	72	29	27	17	44	33	56	24	38	23	25	21	25	19	11	19	22	13	26	18	5	16	7	23	14	24
GATM	704	475	422	434	474	450	540	487	494	514	516	454	507	4736	7697	4111	8674	4008	7241	5381	8766	5483	8525	4664	9238	5274	7718	12826	9683	11582	9716	11985	10393	13037	10121	11854	9635	12057	8556	13988	9554	7185	2447	8892	2607	7602	2591	9494	2557	9862	2882	8250	3632	8626	3277	2559	1410	3656	1444	4070	1528	4102	1290	3845	1846	4234	1859	4526	1479
COPS6	3839	3497	3782	3235	3431	3135	3446	2793	3526	3126	3489	3143	3152	3527	3352	3527	3851	3589	3646	4502	3764	3768	3120	3254	3548	4231	3252	3331	2930	3008	2712	2946	3274	3475	3145	2997	2696	3066	2437	3716	2754	2131	1849	2763	1953	2613	1690	3409	1749	3360	1949	2677	2181	3039	1776	1822	1674	2307	1708	2942	1708	2705	1590	2280	1782	2810	1930	2665	1852
AGGF1P4	15	4	14	4	8	9	8	10	8	6	7	9	7	6	4	7	2	6	10	4	8	6	7	9	4	15	8	8	3	8	8	8	6	7	12	12	14	6	14	8	9	4	4	12	0	10	1	8	4	5	5	5	4	12	3	5	6	6	4	9	4	16	6	7	11	7	4	6	7
RP2	744	466	608	483	560	470	574	431	530	438	565	565	578	570	618	631	645	744	543	871	668	686	675	642	748	878	674	742	745	750	719	799	872	916	713	852	746	749	606	969	719	797	777	819	891	710	697	857	713	890	737	662	825	813	759	519	555	703	556	767	540	822	563	678	663	742	679	702	617
NDUFA12P1	0	0	0	0	0	0	2	0	0	4	0	0	0	1	1	0	0	0	0	0	0	0	2	2	0	0	0	0	0	0	0	0	1	0	0	0	0	0	0	0	0	0	0	0	0	1	0	2	0	0	0	0	0	0	0	0	0	0	0	0	0	0	0	0	0	1	0	0	0
CYP2W1	3	2	5	11	6	3	6	6	10	9	11	7	3	22	17	16	23	10	22	9	31	22	24	21	27	21	16	96	62	65	70	67	104	92	81	68	82	106	74	84	59	102	41	140	37	141	47	239	55	145	57	112	77	98	56	131	38	143	33	218	56	171	39	149	32	227	33	244	39
SHISA2	394	421	275	391	323	456	381	467	316	445	257	537	303	771	600	751	630	724	605	1073	753	1136	626	935	728	932	607	1814	1562	1606	1467	1816	1545	1865	1457	1677	1388	1771	1275	1908	1472	2012	2003	2183	2402	2374	1722	3313	1413	2792	1548	2322	1947	2539	1672	1538	1173	1910	1132	2364	1425	2445	1115	2247	1540	2311	1561	2419	1469
PLCD1	773	942	819	753	823	706	793	585	907	761	739	809	782	399	414	370	382	334	468	599	341	445	345	396	379	470	318	470	460	424	385	379	476	436	428	350	381	287	381	400	443	438	575	557	696	515	838	539	913	528	901	455	792	401	815	1165	1527	1506	1604	1744	1557	1767	1529	1519	1413	1749	1463	1533	1621
POLR1B	2594	2175	3124	2308	2328	2242	2512	1777	2387	1857	2477	2244	2489	1388	1684	1576	1735	1829	1546	1856	1815	1637	1484	1544	1773	2040	1691	1155	1243	1166	1253	1095	1216	1187	1187	1215	1122	1016	989	1265	1223	1045	694	1008	619	1114	697	1437	620	1179	847	1061	924	981	825	759	651	939	656	1031	697	1115	620	915	714	1025	769	1094	715
GTF2H1	804	582	752	543	642	589	678	492	671	575	635	674	797	609	624	730	672	719	643	808	717	590	626	626	624	793	632	689	652	635	746	651	807	654	768	617	696	610	604	773	706	652	629	745	639	726	699	920	689	727	681	607	858	676	709	515	606	707	534	829	646	909	592	764	629	747	738	801	704
LINC01101	0	0	1	2	0	1	3	1	0	0	5	2	0	0	1	1	3	0	0	1	0	0	0	0	0	0	0	0	0	0	1	0	0	0	0	0	0	0	0	0	0	0	0	1	0	0	0	0	0	0	0	0	0	0	0	0	0	1	1	1	0	0	1	0	0	0	0	0	0
ZNF843	7	9	1	9	10	6	14	12	10	2	2	9	17	14	30	10	32	8	21	8	30	16	19	17	20	6	22	23	41	15	26	23	51	47	31	25	32	7	48	33	31	43	17	25	22	53	31	51	38	51	51	49	42	26	43	50	53	79	65	60	72	47	53	65	67	89	69	82	71
RP11-713M15.1	0	2	2	0	0	1	0	0	0	0	0	0	0	0	0	0	0	0	0	3	0	0	0	0	0	0	1	0	0	0	0	0	0	0	0	0	0	0	0	0	0	0	0	0	0	0	0	0	0	0	0	0	0	0	0	0	0	0	0	0	0	0	0	0	0	0	0	0	0
HSBP1	4533	3346	3945	3410	3535	4155	3729	3585	3632	3461	3455	4042	3598	3297	3269	3430	3487	3525	3108	4134	3758	3728	3334	3589	3628	4317	3460	4066	3687	3724	3650	3776	4021	4135	3784	3984	3804	3735	3433	4508	4003	4314	3925	5051	4212	4804	3683	5615	3433	5765	3867	4621	4077	5870	3841	4896	3945	6341	3922	7424	3897	7465	3885	6454	4487	6976	4699	6949	4752
PHF24	38	17	17	18	10	27	19	28	22	7	26	14	12	13	14	8	24	7	38	14	26	19	20	20	21	11	19	41	67	28	68	25	75	36	66	38	56	39	70	40	72	76	51	77	57	60	67	63	108	67	80	52	53	41	91	79	176	101	208	140	142	115	186	112	111	154	187	105	217
WFDC10A	0	2	0	2	0	1	1	0	1	0	0	0	2	2	0	0	0	0	0	0	0	0	1	0	0	4	0	0	0	0	0	0	0	0	0	0	0	0	0	0	0	0	0	2	0	0	0	0	0	0	0	0	0	0	0	0	0	0	0	0	0	0	0	0	0	0	0	0	0
RP4-735N21.1	0	2	0	0	0	0	1	1	0	3	0	0	0	0	1	0	2	2	0	0	0	0	2	0	0	0	0	2	0	0	2	0	0	0	0	1	0	1	0	2	0	0	0	0	0	0	1	0	0	0	0	0	0	0	0	0	0	0	0	0	0	0	0	0	1	2	0	1	0
RP11-529E10.6	20	32	52	16	43	43	38	27	18	35	28	24	22	24	29	32	35	25	60	41	45	46	36	27	38	47	37	61	65	71	64	43	52	59	62	59	46	57	57	82	56	102	78	84	93	103	82	100	117	128	106	89	103	117	103	94	78	96	86	99	82	118	87	138	90	121	101	108	97
CRLS1	1501	1185	1406	1192	1365	1437	1458	1130	1377	1235	1312	1334	1526	1177	921	1204	1039	1309	1053	1434	1242	1318	1123	1247	1138	1376	1141	1162	807	913	702	899	944	1026	888	1102	823	1033	777	1188	856	815	555	885	579	796	578	1091	546	1036	641	826	825	1071	640	602	459	802	542	879	586	856	523	895	722	938	628	851	651
TMPRSS11E	69	33	60	29	50	33	39	26	38	27	84	22	53	48	52	79	37	66	25	54	31	39	17	59	28	66	39	21	9	12	14	10	18	6	7	12	9	6	8	14	13	10	6	5	7	5	4	2	2	4	8	5	20	2	2	2	0	3	8	6	5	0	12	3	6	2	10	0	2
ZNF682	980	731	828	655	684	827	707	685	778	729	766	834	782	479	425	551	509	556	389	611	487	602	456	585	560	698	463	515	479	374	501	515	571	493	476	424	549	498	421	536	482	616	717	534	588	636	662	620	683	688	680	506	630	534	626	420	511	615	512	664	521	694	478	570	580	486	596	637	670
IL17RA	481	673	719	682	626	576	486	432	574	481	551	496	533	611	527	711	553	706	654	794	606	593	467	597	570	837	516	578	637	490	520	523	612	549	639	559	533	561	499	545	603	577	675	688	703	696	675	822	822	667	796	621	741	484	750	856	897	1028	831	1097	831	1351	838	1066	742	1239	965	1311	897
RIC8A	2100	2155	2698	2173	2429	1962	2147	1676	2321	1797	2290	2013	2396	1918	2085	2041	2240	2152	2323	2391	2303	1921	1821	1736	2061	2423	1931	2260	2403	2046	2308	2052	2577	2288	2567	1966	2104	1853	1961	2123	2382	1803	2636	2391	3002	2507	2556	2945	2849	2694	2747	2317	3071	2219	2580	2453	2662	2952	2653	3591	2875	3471	2627	3126	2551	3425	2896	3208	2875
RP11-157K17.5	4	2	6	0	3	2	1	6	3	2	1	4	0	3	4	6	1	2	6	4	1	0	2	5	2	6	4	9	10	3	4	3	7	5	3	3	5	2	5	6	2	4	8	4	13	0	2	6	11	11	12	7	6	1	10	1	5	0	5	1	1	7	10	2	4	4	10	14	9
FECHP1	20	12	14	12	16	14	7	10	16	15	24	16	21	16	12	10	14	8	8	8	16	18	14	14	14	13	14	19	6	12	10	11	20	14	8	12	6	10	11	14	14	7	8	12	15	10	7	14	4	6	13	8	16	8	10	5	10	5	4	16	8	13	10	10	4	10	6	10	11
ABCB9	164	176	238	156	201	189	151	139	213	137	135	161	156	145	68	172	103	145	110	153	114	144	75	128	116	194	88	71	73	70	89	92	85	99	96	92	95	74	107	70	94	72	116	99	143	87	123	76	110	79	117	85	134	47	101	94	147	104	181	141	170	155	165	131	138	127	157	149	177
RP11-486I11.2	2	3	1	4	3	8	7	1	1	9	2	6	3	7	4	6	14	5	12	5	2	4	4	1	14	13	9	6	8	11	13	4	7	21	23	7	14	5	0	5	7	9	9	13	7	14	8	13	9	13	7	8	8	11	9	6	1	9	8	15	10	9	1	10	8	10	8	21	13
FRMD7	0	0	2	0	0	0	1	0	2	0	0	1	1	0	0	0	0	0	1	0	0	0	0	1	0	1	1	0	0	0	0	0	2	0	0	1	0	0	0	0	1	0	0	0	0	1	0	0	0	0	2	2	2	0	0	0	0	0	0	1	0	2	0	0	0	0	0	0	0
ZNF540	7	2	15	7	13	4	4	6	11	7	4	8	9	14	13	7	16	18	11	16	8	27	15	26	21	36	29	25	52	32	60	35	37	31	48	24	48	36	54	46	46	85	74	105	73	66	67	98	63	69	80	68	48	52	91	133	122	201	95	200	97	221	110	204	116	222	97	243	142
FAM229B	334	253	230	191	238	296	226	234	279	240	276	274	235	194	168	178	140	169	145	175	195	157	135	150	203	144	139	207	254	155	219	177	253	244	287	180	165	162	203	150	221	183	125	173	98	184	175	208	157	212	151	128	220	212	231	143	289	229	300	247	300	224	349	204	285	183	307	204	321
VPS4A	1455	1593	1750	1463	1678	1471	1669	1224	1511	1333	1515	1315	1477	1400	1412	1418	1650	1351	1554	1715	1594	1495	1315	1390	1547	1786	1346	1961	1864	1596	1791	1721	1995	1867	1951	1795	1663	1632	1589	1873	1723	1767	1708	2209	1879	2130	1614	2777	1658	2504	1623	2062	1907	1902	1577	1827	1748	2294	1762	2722	1909	2745	1784	2310	1788	2754	1942	2615	1838
SERP1	6094	5159	5822	5255	5229	5892	5190	4745	5371	5225	4965	5798	5353	5523	4775	5480	5294	5782	4841	6569	5909	5990	4933	5825	5496	6591	4894	5009	3502	4299	3411	4406	3849	4860	3803	4743	3342	4460	3264	5678	3460	3454	2019	4184	2201	3828	2037	5065	1996	5020	2313	3756	2470	4522	2274	3438	1884	4621	1808	5185	1980	5449	1774	4986	2375	5257	2409	5323	2156
ALG3	969	1189	1218	1135	1097	1069	1067	896	1012	1005	961	984	1020	922	989	1056	1034	930	1089	1110	1146	919	961	934	972	1142	991	966	994	845	883	964	1030	951	986	928	925	895	778	994	809	738	592	907	684	859	615	1174	686	1030	683	892	804	835	651	701	518	895	586	1066	519	985	536	960	530	1010	580	1182	489
ARHGAP42P4	37	32	41	31	44	36	34	33	48	36	30	31	33	72	89	79	84	77	67	91	90	84	65	90	98	83	77	65	80	87	77	84	70	73	69	75	53	78	63	89	75	50	60	59	64	56	39	69	39	64	44	72	55	48	57	23	14	40	24	44	18	43	17	39	16	47	25	46	14
CPNE1	4323	4668	4675	4174	4367	4041	4455	3902	4676	4326	4546	4338	4257	4146	3745	3991	4004	3802	4279	5265	4170	4506	3721	4185	4329	4883	3843	3706	4009	3625	3631	3420	4273	3611	4118	3183	3538	3330	3183	3867	3745	3500	4573	3865	5321	3605	3810	4713	3868	4882	3642	3891	4233	3715	3443	3526	4041	4690	4211	5521	4127	5434	4279	4698	3935	5417	4400	5497	4615
CTB-33O18.2	0	0	0	0	0	0	0	0	0	0	0	0	0	1	1	0	1	1	0	0	0	0	0	0	0	0	0	0	0	0	0	0	0	0	4	0	1	0	0	6	1	0	2	2	0	0	1	5	0	0	0	0	0	1	1	0	0	0	1	0	1	2	0	0	1	0	2	0	2
NBPF13P	14	6	11	7	8	6	12	6	8	6	8	6	8	6	8	8	8	15	4	9	8	11	16	10	5	6	8	4	6	6	8	6	10	6	7	6	8	4	6	6	8	3	16	4	9	10	20	6	23	12	10	5	16	2	16	10	28	14	26	19	24	17	28	18	26	10	26	17	27
RP1-122P22.2	3	0	0	1	0	1	1	1	1	1	4	2	0	20	36	16	24	15	40	19	27	13	25	10	23	18	27	51	64	42	40	41	67	43	45	48	28	54	39	49	42	64	71	78	63	105	82	128	68	91	84	66	63	41	79	118	93	128	74	153	84	145	91	101	68	160	90	152	95
RPL21P13	2	0	0	0	0	1	0	0	0	0	0	0	4	0	0	0	0	2	0	0	0	3	2	1	2	0	0	0	1	1	1	1	0	0	0	1	1	0	2	0	1	1	0	0	0	0	0	1	0	0	1	4	1	2	0	0	0	0	1	0	4	5	2	1	0	3	7	3	0
LRRC37A16P	29	32	43	40	38	34	27	32	40	36	38	39	22	32	48	58	64	41	38	63	49	46	65	49	42	45	59	28	54	38	52	52	30	51	29	21	42	46	38	50	39	32	43	35	35	50	33	54	49	34	39	43	54	38	37	35	61	52	63	66	76	51	52	65	44	50	79	108	52
EDRF1-AS1	41	22	46	27	17	24	36	27	25	22	35	30	29	30	21	25	33	25	17	27	14	22	19	29	29	22	29	21	23	30	23	17	21	21	23	26	13	27	26	32	19	39	29	25	16	34	22	39	41	28	33	31	45	16	26	20	23	13	26	31	32	38	34	41	30	48	47	53	43
RP11-20I23.13	23	32	25	28	21	19	16	25	29	24	25	28	27	30	20	31	29	26	37	33	29	34	25	26	33	44	27	35	44	37	48	44	46	29	38	40	50	30	35	39	38	44	54	59	114	55	55	69	55	72	54	42	73	45	65	58	79	72	100	80	86	75	100	62	89	92	90	95	100
LINC00599	1650	3073	1799	2601	1541	2712	1805	2848	1907	3112	1755	2754	1643	6839	5251	7656	6355	6935	6444	9428	6180	8859	5901	8177	8006	9100	7094	15274	10774	14692	10257	14064	11067	13659	10425	14252	8492	16358	9191	18200	8539	15975	7527	17591	7027	16005	7734	17801	7709	18562	8051	15816	8877	12946	8163	17019	8649	21713	9201	27262	9446	28592	8317	25993	8948	26749	10151	30200	9291
GALNS	564	674	802	716	709	649	600	516	671	622	585	599	740	699	920	776	1163	772	1261	1017	1173	756	986	689	1228	969	969	1009	883	783	901	988	956	1022	878	830	933	954	758	1058	818	602	567	681	727	672	534	922	540	937	581	692	691	682	675	445	533	525	650	665	694	689	663	629	520	752	680	657	663
RP11-793A3.2	0	0	0	0	0	1	0	0	0	0	0	0	0	0	0	2	0	1	0	0	0	0	0	0	0	0	5	0	0	0	0	0	1	0	0	0	0	0	0	0	0	0	0	0	0	0	0	0	0	0	0	0	0	0	0	0	0	0	0	0	0	0	0	0	0	0	0	0	0
PRKCG	472	660	614	633	484	618	520	600	576	522	595	529	548	339	185	363	250	353	267	499	232	408	180	375	272	405	188	188	338	170	326	234	406	166	377	192	251	194	286	217	314	453	568	544	718	418	493	638	711	579	544	417	537	348	527	776	404	1089	454	1348	437	1373	371	1265	376	1351	416	1471	443
PDCD4-AS1	22	25	24	21	21	42	34	20	42	33	21	16	21	52	64	68	95	42	65	60	114	65	72	65	76	55	97	142	136	133	154	108	148	132	186	108	126	122	114	153	138	112	82	129	73	109	81	179	63	148	87	121	123	125	110	55	43	71	49	103	63	108	46	112	47	70	66	92	77
HNRNPA1P21	8	9	7	12	18	5	11	6	10	8	9	12	7	14	17	16	13	13	12	27	10	16	9	17	12	14	8	9	10	3	7	5	5	6	5	6	3	5	2	7	4	3	4	3	3	2	4	8	1	8	2	5	6	7	8	6	8	2	2	2	1	2	2	4	2	3	2	6	3
TGFB2	43	35	22	34	21	27	28	25	35	17	38	27	22	173	171	204	157	238	192	229	194	180	201	208	152	270	225	232	267	228	282	265	257	294	234	230	259	213	222	313	261	254	323	250	382	328	216	475	220	333	267	265	371	325	221	284	103	367	126	467	180	405	94	429	175	474	226	616	113
PPIAL4C	506	397	490	428	420	420	427	333	419	346	397	416	394	381	365	405	401	405	366	495	401	397	326	395	336	451	352	409	329	357	319	371	399	419	346	382	298	359	284	429	307	319	234	375	286	338	209	416	220	442	248	347	277	443	237	200	180	251	187	284	200	296	151	258	241	305	218	274	202
CLCN3	2831	2029	2406	1998	2206	2072	2216	1737	2327	1956	2426	2175	2308	2298	3138	2563	3067	2635	2642	2984	3427	2628	2901	2656	3359	3096	2923	2762	3349	2843	3178	2914	3533	3068	3019	2870	2987	2778	2778	3373	3134	3244	3432	3399	3341	3492	3145	3941	2952	3754	3234	2998	3291	2632	3259	3537	3601	4814	3482	5292	3305	5515	3444	4500	3278	4770	3963	5115	3898
FAM66C	56	34	61	38	29	46	54	39	34	34	44	57	38	44	33	42	41	40	39	58	35	56	30	30	32	51	27	54	33	27	36	46	35	37	49	48	29	32	37	69	28	39	51	41	44	33	50	50	36	47	58	35	59	28	40	38	90	37	88	64	74	66	95	62	82	56	86	65	103
ZNF708	1022	683	933	743	769	816	815	744	791	816	747	844	948	676	580	661	644	829	523	774	648	742	491	732	690	913	675	685	900	722	853	688	893	804	813	704	728	724	763	733	826	1171	1317	1095	1249	1173	1344	1332	1245	1143	1349	1015	1342	1010	1310	1680	1217	2133	1354	2261	1225	2746	1214	2227	1310	2073	1504	2239	1525
RPS12P20	1	2	2	2	0	1	0	0	4	0	3	2	1	1	1	5	3	2	0	2	0	1	1	2	2	3	6	0	1	0	1	0	1	1	3	1	3	0	0	0	0	3	1	0	0	2	2	2	3	1	1	2	1	0	0	1	0	0	2	0	3	1	0	1	0	2	1	0	1
NPM1P51	2	0	1	1	1	0	1	0	1	1	1	11	1	1	0	1	1	1	3	5	0	5	3	0	1	1	1	2	0	1	1	0	0	3	0	0	0	0	0	1	1	2	2	0	0	0	0	1	0	1	1	0	0	0	0	0	0	0	0	0	0	0	1	0	0	0	0	0	0
ZDHHC8	1077	1757	1794	1602	1539	1473	1543	1217	1729	1336	1506	1395	1566	836	902	950	993	784	1099	1271	960	1048	872	864	1034	1205	851	1523	1490	1242	1339	1396	1561	1346	1394	1168	1289	1365	1178	1403	1375	1215	1965	1431	2550	1670	1704	2149	1900	1919	1791	1592	1947	1487	1721	1838	1631	2020	1727	2560	2009	2728	1633	2477	1636	2761	1761	2748	1692
CTD-2337I7.1	0	0	0	0	0	2	0	1	0	0	0	0	0	0	1	0	0	0	0	0	0	0	2	0	0	0	0	0	0	0	1	0	0	0	0	0	0	1	0	1	1	0	0	0	0	0	0	0	0	0	0	0	0	0	0	0	0	0	0	0	0	0	0	0	0	0	0	0	0
TMEM240	63	65	87	91	56	106	58	35	97	70	86	74	99	61	58	39	63	67	70	91	69	36	64	46	83	84	54	80	88	71	80	93	80	94	94	95	80	73	74	91	85	71	115	123	180	128	120	144	148	169	148	161	180	111	141	177	220	206	212	282	189	355	211	247	197	314	153	278	216
ZNF268	1099	818	970	806	756	1019	787	698	820	772	812	902	844	880	749	937	714	1156	681	1103	752	967	750	985	924	1190	799	729	794	713	753	733	795	759	767	798	690	771	622	885	859	840	807	977	701	843	889	992	857	992	1061	821	1156	799	1174	1049	1195	1522	1113	1657	1154	1614	1188	1496	1265	1477	1531	1442	1314
CNN2P8	104	97	106	89	104	69	87	93	121	80	89	113	115	72	41	82	71	49	56	88	50	72	48	60	54	64	58	24	23	19	19	22	32	33	26	14	23	23	30	19	25	6	30	14	6	16	12	10	8	22	10	17	12	10	14	13	14	24	22	14	36	28	13	18	38	8	13	13	14
KLHL31	54	39	37	27	41	42	51	28	37	33	35	18	38	48	50	38	36	31	39	61	38	43	43	33	42	52	56	35	21	29	8	31	13	22	14	27	13	35	10	25	2	15	2	11	1	5	4	16	10	8	6	11	12	9	5	2	5	1	7	5	6	4	5	4	3	5	6	4	9
NPIPB1P	14	32	31	29	19	32	23	29	31	25	35	26	29	20	21	30	15	24	22	21	22	16	13	35	34	30	16	20	31	18	25	20	30	21	24	18	16	19	16	29	25	18	24	21	39	27	22	28	37	25	22	40	29	19	26	22	41	33	29	53	33	48	32	38	29	34	34	42	37
CTD-2370N5.3	0	0	0	0	1	0	0	0	0	0	0	0	0	0	0	0	0	0	0	0	0	0	0	0	0	0	0	0	0	0	0	0	0	0	0	0	0	0	0	0	0	0	0	0	0	0	0	0	0	0	4	0	1	0	0	0	0	0	0	0	0	2	0	0	0	0	0	0	0
MPP7	771	491	601	512	576	544	525	462	569	535	530	561	622	1623	2205	1626	2327	1572	2136	2048	2356	1826	2346	1829	2575	1978	2286	1765	1618	1707	1527	1855	1691	1932	1596	1810	1446	1837	1451	2228	1606	1256	1122	1428	1297	1486	984	1754	769	1590	895	1343	1123	1265	952	1084	729	1376	657	1744	728	1778	703	1480	747	1485	923	1808	799
GPRIN1	517	630	885	735	699	602	614	434	667	461	694	511	641	947	1995	1005	2332	1063	2363	1128	2386	967	1890	857	2244	1053	1931	3801	4438	3412	4275	3968	4673	4047	4411	3413	4012	3497	3677	3691	4411	3316	3382	4143	3420	4183	3430	5427	3282	5238	3636	4173	4704	3759	3871	3476	3592	4188	3653	4960	4054	5091	3464	4512	3256	5600	4231	5033	3923
CNFN	94	135	125	101	123	109	149	101	97	133	131	106	125	86	85	81	114	81	139	140	144	97	135	90	86	119	109	114	60	82	48	82	75	112	78	111	60	108	42	115	85	43	21	89	25	63	22	95	22	79	27	61	20	66	22	23	19	28	8	59	20	48	5	50	10	75	10	71	17
OR5J2	0	0	0	0	0	0	0	0	1	0	0	0	0	0	0	0	0	0	0	0	0	0	0	0	0	0	0	0	2	0	0	0	0	0	0	0	0	0	0	0	0	2	0	0	0	0	0	0	0	0	0	0	0	0	0	0	0	0	0	0	0	0	0	0	0	0	0	0	0
NES	10631	11415	14194	12341	12186	10642	10836	7957	12305	9027	11507	9757	12089	83444	92688	88198	103837	86165	108046	103930	105472	82192	88965	79028	100388	104710	90162	81543	76717	74443	74249	79758	80324	89134	78166	73185	68371	77656	64057	87165	77686	47913	44874	55366	46242	54828	40840	68323	37560	69696	39286	54204	50302	48841	42617	29405	34618	34500	35781	40260	36077	41873	32325	31776	34899	39136	37514	34737	33250
AC061961.2	0	1	0	2	1	6	0	0	0	1	0	3	1	2	0	0	1	1	2	1	4	0	2	0	3	0	3	2	6	0	5	6	7	2	1	1	11	3	9	2	10	2	21	10	13	20	20	24	16	13	13	15	15	12	6	29	9	41	14	55	17	56	13	44	8	34	12	61	21
ZNF8	1078	1058	1247	1014	1044	1236	1006	991	1176	1037	1132	1071	988	872	835	838	847	877	824	1172	908	964	849	972	847	1089	935	1066	1090	928	1071	1030	1086	1000	1054	1072	1035	1000	889	1274	999	1226	1347	1452	1674	1361	1247	1798	1242	1612	1172	1430	1265	1301	1152	1407	1358	1949	1268	2133	1440	2290	1327	2067	1302	2155	1531	2333	1438
GCNT4	64	112	96	136	67	134	35	76	71	110	50	141	77	51	86	79	42	74	43	64	51	93	37	74	40	84	52	41	36	63	38	53	30	67	18	54	34	49	28	69	36	10	107	14	109	35	92	46	69	33	98	32	101	29	75	10	417	14	404	13	307	25	386	22	339	31	403	26	483
RP1-269M15.3	3	3	5	3	12	3	4	3	1	3	2	5	7	4	5	6	1	2	5	7	4	4	15	6	5	3	2	4	0	0	1	0	2	0	0	4	0	7	0	0	2	0	0	0	0	0	3	3	0	0	3	0	0	0	0	0	4	0	3	0	17	0	6	0	2	0	8	0	9
RP11-449H3.2	120	91	100	104	118	95	99	89	119	107	100	115	90	85	91	85	111	102	82	142	109	99	80	98	96	110	84	106	71	80	77	87	87	88	87	75	60	63	63	100	75	62	48	58	49	70	49	109	48	95	66	72	56	107	55	59	38	63	32	66	43	80	38	52	48	93	45	64	37
ITGB7	10	9	12	5	6	8	5	7	15	2	11	8	6	8	4	8	9	4	6	2	11	11	9	7	5	5	7	6	14	3	3	8	0	6	1	3	4	12	4	13	3	2	1	0	0	0	0	5	5	3	2	5	4	1	5	1	0	10	3	8	2	5	5	4	0	0	2	1	6
RP11-214O1.2	138	261	173	176	180	147	154	145	161	124	162	201	134	453	555	440	514	348	539	466	501	534	505	421	579	469	445	224	142	275	148	196	171	258	150	228	132	195	147	258	157	131	32	136	25	114	35	160	42	151	59	130	42	127	64	48	62	33	67	53	64	43	67	31	58	47	90	67	70
CTD-3020H12.4	5	1	1	5	1	8	4	2	7	4	8	9	8	2	0	5	2	0	4	3	3	4	0	2	3	2	2	0	0	0	4	0	2	0	0	2	0	4	0	1	2	0	0	2	0	0	1	0	0	1	4	1	5	1	0	1	0	6	1	1	3	7	2	1	1	4	1	3	1
FO538757.2	0	0	1	0	0	0	1	0	0	1	0	1	0	0	0	1	0	1	1	0	1	1	0	1	0	1	1	0	1	0	0	0	1	0	1	0	1	0	0	0	0	0	1	1	0	1	1	2	0	3	1	0	2	0	1	1	2	1	2	0	1	2	4	1	3	1	2	0	3
DLG5	1113	1412	1584	1334	1468	1238	1258	1011	1420	1049	1451	1050	1356	1394	1381	1427	1320	1333	1326	1679	1266	1415	1156	1347	1380	1672	1166	844	697	803	686	860	725	870	747	823	658	859	624	938	710	495	377	583	415	549	395	699	406	685	366	576	521	364	422	455	643	570	667	679	649	683	639	514	440	653	653	744	675
RNA5SP522	1	0	0	0	0	0	0	0	0	0	0	0	0	0	0	0	0	0	0	0	0	1	0	0	0	1	0	0	0	0	0	0	1	0	1	0	0	1	0	0	0	1	0	0	0	0	0	1	0	1	1	0	1	0	1	0	0	0	0	0	1	1	1	1	0	3	2	0	0
THBD	22	33	19	24	21	15	21	27	21	20	25	19	12	20	11	19	12	10	20	19	9	24	6	23	19	31	10	3	2	0	1	0	1	1	0	0	1	2	0	4	0	0	0	0	1	1	0	0	0	0	0	2	0	0	0	1	1	3	2	0	0	0	0	1	0	0	0	0	1
C17orf82	0	0	0	0	1	2	2	0	0	0	1	4	0	0	4	1	0	0	4	0	4	0	2	3	0	2	3	2	2	1	4	3	0	4	1	0	3	2	1	5	2	4	2	5	6	5	0	5	6	2	4	0	0	1	2	4	4	0	5	5	4	5	6	3	4	17	6	5	3
DHH	0	0	5	0	1	0	0	1	0	1	0	0	0	0	0	0	1	0	1	4	0	0	1	0	3	3	0	3	4	0	1	2	1	0	0	2	2	3	4	3	2	3	2	6	1	12	1	3	5	6	0	2	3	5	2	11	3	3	5	6	9	3	0	4	0	1	2	3	1
RP13-379O24.2	0	2	1	0	0	0	0	0	0	0	0	0	0	0	0	0	0	0	0	0	0	0	0	0	0	0	0	0	0	0	1	0	0	0	1	0	1	0	0	0	0	0	0	1	0	0	0	1	0	0	0	1	0	0	0	0	0	1	0	1	0	0	0	0	0	0	2	0	1
RP11-831A10.1	6	2	6	11	3	3	1	5	11	2	4	0	5	7	3	5	4	4	9	12	1	8	10	5	1	10	9	1	1	6	0	1	2	0	0	2	2	0	0	0	0	0	0	0	0	0	1	1	1	1	0	0	0	0	0	0	0	1	0	0	0	0	0	1	0	1	1	3	0
PP12613	1	0	2	1	6	1	2	1	2	0	2	0	3	13	5	8	1	9	10	11	10	11	16	8	5	10	7	1	1	4	0	2	3	3	1	0	0	1	1	2	4	0	0	0	0	0	0	4	1	0	1	0	1	0	0	1	1	0	2	0	0	0	0	0	0	0	0	0	0
RP11-195E2.1	71	85	74	59	61	52	57	52	52	56	51	68	71	28	24	26	13	38	34	45	10	28	30	32	17	38	20	6	9	20	16	10	5	19	16	20	5	12	9	9	20	23	34	17	13	18	22	14	20	12	36	24	14	12	24	11	29	11	24	37	36	37	28	31	37	28	34	25	23
CWF19L2	1680	1106	1413	1122	1290	1230	1246	1103	1242	1122	1278	1284	1149	1262	1128	1287	1223	1390	1132	1480	1284	1252	1103	1301	1267	1497	1223	1232	1052	1084	911	1123	1097	1102	1014	1118	920	859	943	1345	1051	883	781	899	792	990	761	1230	603	1042	799	844	936	1019	875	688	648	903	645	947	642	1029	611	886	752	1036	785	1018	707
MRPL22	1212	947	1208	902	1133	981	1217	843	1083	889	1106	1014	1027	930	961	864	907	992	859	1125	1004	978	1024	1026	950	1208	969	987	845	866	812	849	1035	998	869	975	877	886	724	1147	793	662	507	836	665	865	518	1033	476	1005	591	755	692	909	661	534	451	794	479	887	487	783	410	724	538	775	527	839	455
ANKRD20A5P	21	16	27	21	13	34	18	20	27	20	28	26	17	27	50	30	43	37	31	39	29	40	41	51	60	33	61	109	98	82	89	75	100	79	74	79	77	72	88	69	83	81	63	53	37	52	39	103	39	83	49	93	101	56	68	26	39	57	25	55	28	49	32	52	51	54	52	64	40
RP11-19G24.2	1	0	0	0	1	0	2	1	1	1	3	4	0	0	0	4	0	1	1	0	1	0	0	1	0	1	0	0	3	6	2	0	0	0	0	0	0	1	0	0	0	0	0	0	0	0	0	0	6	1	0	0	0	0	1	0	0	2	0	0	2	0	2	2	0	0	1	2	0
RP11-676J15.1	10	21	18	4	15	19	32	12	14	18	12	20	12	14	5	5	3	0	3	11	5	2	6	13	3	2	8	2	2	2	0	1	0	6	1	0	4	2	3	5	2	0	1	2	0	0	1	1	0	0	0	0	0	1	0	0	0	0	2	0	2	4	0	0	0	0	0	1	0
PTH2	6	8	2	19	8	6	9	10	15	6	5	6	8	9	17	7	18	6	14	17	7	6	15	9	26	3	13	15	7	14	10	10	3	24	14	12	5	4	6	15	9	3	4	2	7	6	6	12	4	23	3	9	8	11	2	10	0	4	3	4	1	6	3	17	2	24	3	9	1
RP5-906A24.1	7	1	6	7	3	1	2	0	2	5	7	7	4	2	3	1	3	1	4	4	1	4	8	6	0	8	4	0	5	6	0	0	3	0	1	1	0	0	1	0	0	0	0	1	0	1	0	1	0	4	0	0	0	1	0	0	1	1	0	0	0	0	0	2	1	0	0	0	1
KIFAP3	333	209	277	211	207	198	245	233	227	208	273	259	264	385	519	423	466	438	439	367	517	326	481	388	523	410	518	748	1119	811	1154	852	1085	959	1129	874	997	781	1007	862	1009	1149	1631	1280	1180	1339	1855	1355	1800	1433	1778	1038	1770	1264	1912	1835	2883	2263	2763	2856	2899	2754	2793	2350	2957	2435	3365	2362	3362
RP11-278H7.3	0	0	0	0	0	0	0	0	0	0	0	0	0	0	0	0	1	0	0	0	0	0	0	0	1	0	0	2	1	3	1	1	1	1	0	0	0	0	3	1	4	6	1	1	0	4	0	3	3	3	1	6	1	9	1	2	0	1	0	3	0	0	0	0	0	0	0	1	0
RP11-522B15.3	0	0	0	0	0	0	0	0	0	0	1	0	3	0	0	0	0	0	0	0	0	0	0	0	0	0	0	0	0	0	1	0	0	0	0	0	0	0	0	0	0	0	0	0	0	2	0	1	0	0	0	0	0	0	0	0	0	0	0	0	0	0	0	0	0	0	0	0	0
RNU6-611P	2	0	3	0	3	1	3	4	2	3	0	1	2	2	2	4	2	1	1	0	4	1	2	1	5	3	4	3	1	1	0	2	1	1	2	1	2	1	7	0	2	1	5	5	2	4	2	0	3	2	1	2	2	1	2	3	2	0	2	3	1	1	3	2	3	3	8	5	4
AC008753.4	32	16	42	27	29	18	21	28	30	26	31	14	16	22	17	25	21	14	36	34	31	12	19	23	30	23	19	0	0	0	0	0	0	2	0	0	0	1	1	3	0	0	1	0	0	0	1	0	0	0	1	0	0	0	0	0	3	0	0	0	0	0	1	3	0	0	0	0	2
DHPS	1780	1913	1993	1837	1856	1686	1858	1609	1908	1650	1888	1843	1750	1911	1945	1933	2257	1789	2424	2234	2531	2067	2088	1867	2316	2172	1989	2930	2388	2452	2260	2547	2503	2782	2429	2576	2167	2506	2140	2874	2472	2167	1593	3030	1969	2863	1499	3898	1750	3609	1800	2996	2023	3201	1848	2357	1481	2853	1685	3439	1771	3651	1620	3089	1617	3695	1847	3668	1686
RP11-730K11.1	3	9	6	1	5	4	1	3	5	4	3	10	7	8	5	3	7	5	5	16	2	9	9	4	1	7	3	2	0	1	0	1	0	1	1	3	0	0	1	0	3	0	1	0	0	0	1	0	0	1	0	0	3	1	0	0	0	0	0	2	0	0	0	0	0	1	1	0	5
RP11-8P13.1	2	2	3	2	2	0	1	2	1	1	2	3	2	1	0	2	3	2	1	2	3	2	1	4	1	1	4	1	2	2	0	1	2	1	0	1	1	1	1	2	0	0	1	1	0	0	2	2	1	1	2	1	1	1	1	2	1	0	0	1	1	2	0	1	1	1	1	2	0
RP11-498P14.5	54	47	50	58	55	55	71	55	72	53	65	46	45	29	35	23	35	21	42	38	39	56	25	46	46	22	32	5	14	11	5	3	10	11	6	13	3	13	7	17	7	5	2	1	8	3	1	5	3	4	7	5	2	2	2	0	2	2	2	0	1	2	3	0	0	3	2	0	15
RP4-734C18.1	0	1	0	0	0	2	0	0	0	0	0	0	0	0	0	0	0	0	0	0	0	0	0	0	0	1	0	0	4	0	0	0	0	0	0	0	1	0	0	0	0	0	3	0	0	1	0	0	0	0	3	5	0	1	0	0	0	0	0	5	1	1	0	0	0	0	2	0	0
RP11-353H3.1	4	3	5	3	2	3	3	2	2	3	3	2	7	1	3	2	3	3	4	3	3	3	3	1	3	3	3	2	4	2	4	4	4	1	1	3	2	4	2	1	2	2	1	1	12	3	1	2	6	3	1	2	4	3	1	2	1	0	1	2	1	2	1	2	1	3	1	1	2
RP11-309L24.6	12	30	24	25	28	32	32	27	24	14	40	19	34	247	322	227	405	261	430	235	484	171	365	205	434	256	346	694	837	590	854	732	888	794	830	626	733	652	692	702	887	791	813	1014	846	1030	695	1304	767	1216	698	912	865	920	834	1022	547	1385	699	1579	636	1447	538	1216	602	1342	715	1581	558
DNAH5	50	83	77	72	62	76	64	72	62	81	71	76	47	37	32	52	12	57	20	54	24	30	22	47	27	37	17	4	9	9	5	1	4	6	5	10	3	10	8	5	4	6	5	5	10	3	18	7	17	1	15	20	12	0	15	3	14	1	10	6	13	6	17	8	13	1	24	8	17
MT-TN	121	309	129	284	224	271	219	196	228	400	189	233	203	220	112	224	176	169	195	220	222	226	164	215	217	250	149	291	109	247	93	224	182	298	174	244	134	255	145	316	179	151	77	184	68	197	81	282	68	317	130	289	91	226	90	153	91	149	79	220	67	293	72	284	121	315	120	282	127
LINC00346	5	11	13	14	11	13	9	3	5	12	15	5	8	9	11	14	7	8	11	9	13	16	15	12	15	6	3	2	11	6	5	0	1	4	2	1	0	3	4	1	4	5	3	5	9	1	11	4	0	1	11	1	9	0	2	5	19	1	23	4	21	9	23	4	21	0	35	3	24
TSC22D1-AS1	28	27	46	36	58	29	33	36	29	25	44	43	33	35	14	33	22	40	15	58	29	36	11	36	30	71	17	10	23	17	13	12	14	11	18	14	14	8	16	14	22	9	25	7	24	13	25	20	24	13	30	13	24	3	48	13	35	31	40	29	38	21	39	14	36	18	47	34	82
WWP1P1	1052	807	1007	773	927	841	897	747	880	794	967	808	880	880	984	859	887	957	819	1097	1064	991	987	1048	1100	1082	921	631	578	639	571	656	558	756	527	669	522	719	435	745	529	485	226	482	197	477	233	530	248	509	325	428	269	435	324	343	261	432	296	506	306	531	332	471	321	470	342	479	334
RTP5	1	0	0	0	0	0	0	0	0	0	0	0	0	0	0	0	0	1	2	0	0	0	0	0	0	1	0	0	0	0	0	1	0	0	1	0	0	0	0	0	0	0	0	0	3	0	0	0	0	0	0	0	0	1	0	7	0	0	0	1	1	0	1	0	1	1	0	4	0
RP5-991C6.2	1	0	0	0	0	0	0	0	0	0	0	0	0	0	0	0	0	0	0	0	0	0	2	2	0	0	1	0	0	0	0	1	0	0	2	1	0	0	0	0	0	0	0	0	0	0	0	0	0	0	0	0	0	0	0	0	0	1	0	0	0	0	0	0	0	0	0	0	0
C9orf170	12	7	2	7	12	14	14	8	2	3	6	4	5	1	4	3	2	0	0	0	4	5	0	5	4	3	0	3	2	1	0	3	9	0	3	3	0	5	1	0	4	1	5	1	0	1	2	1	4	0	3	1	5	1	6	3	4	3	9	2	13	4	10	3	16	4	5	6	20
CCNI2	43	66	79	43	46	41	42	34	42	29	40	36	39	19	14	8	17	23	26	25	15	24	13	27	18	23	20	3	11	2	0	9	4	6	5	11	2	10	3	3	1	2	0	0	2	2	3	0	7	0	6	6	4	6	4	4	13	5	9	7	2	8	14	5	5	2	15	12	20
RAB3GAP1	2881	2177	2762	2142	2507	2237	2326	2183	2425	2382	2584	2313	2497	2109	2202	2145	2139	2245	1864	2646	2243	2239	1933	2340	2119	2652	2066	1784	1758	1773	1669	1820	1856	1875	1675	1996	1500	1842	1586	2089	1697	2014	1878	1991	1850	2075	1560	2422	1410	2408	1673	2045	1874	1785	1809	2276	1677	2736	1873	2931	1857	3226	1763	2660	1650	2767	2064	3055	1811
NAV2-AS2	2	2	2	2	1	2	4	2	3	1	5	1	1	2	0	2	2	1	1	1	1	3	1	2	3	2	1	1	1	3	1	0	0	0	0	1	0	0	0	1	2	1	2	0	8	1	0	0	0	3	1	0	1	1	1	0	2	1	2	1	3	2	4	3	1	0	4	2	3
AC124944.3	3	1	2	0	0	2	1	0	3	3	0	0	2	0	0	0	0	1	0	1	1	1	0	0	3	0	0	1	0	1	0	2	1	0	0	1	0	1	0	0	0	0	1	0	0	0	0	0	2	0	1	0	0	0	0	0	1	3	0	0	0	0	0	1	1	1	0	1	0
RNU6-1316P	0	0	0	0	0	0	0	0	0	0	0	0	2	0	0	0	0	0	0	0	0	0	0	0	0	0	0	0	0	0	0	0	0	0	0	0	0	2	0	0	0	0	1	0	9	0	0	0	0	0	0	0	0	0	0	0	0	0	0	0	0	0	0	0	0	0	0	0	0
MVK	606	704	779	468	622	572	647	453	634	447	622	497	606	831	1005	781	1201	854	1203	1045	1188	834	1019	765	1217	960	988	1833	1736	1623	1495	1737	1787	1947	1677	1474	1510	1632	1529	1796	1506	1932	1910	2386	2133	2277	1931	3059	2087	2741	1724	2332	2281	2278	1698	1521	1870	1799	1791	2119	1834	2185	1766	1673	1643	2104	1535	2061	1894
COL5A1-AS1	0	2	6	0	1	0	2	3	0	0	1	1	1	1	5	3	3	7	5	3	2	0	4	3	0	6	3	1	1	4	1	1	1	0	3	2	6	4	0	1	0	3	2	0	4	0	0	0	2	3	0	0	1	1	0	1	0	2	1	4	0	0	0	0	1	1	0	3	0
PSMC1P2	0	1	0	6	1	0	0	0	0	0	0	0	0	0	0	2	0	0	0	6	0	1	0	0	0	0	0	0	0	0	0	2	0	0	0	0	2	0	0	0	0	0	0	0	0	0	0	0	0	1	0	0	0	0	0	0	0	1	0	0	0	2	0	3	0	0	0	3	0
AC016708.2	1240	948	1050	836	828	767	864	780	909	751	905	748	774	875	1204	927	1124	972	1045	1210	1083	952	883	832	970	1073	828	965	848	728	836	744	899	864	870	760	755	771	669	909	753	643	563	804	582	751	588	919	451	817	481	613	618	747	524	641	470	890	536	925	580	945	574	719	607	958	570	888	511
MYL6P4	0	2	0	0	1	1	7	2	1	0	0	0	0	1	1	2	0	0	1	0	1	1	0	2	1	0	0	0	0	1	0	0	2	0	1	0	0	1	0	0	1	0	1	0	0	0	0	1	0	0	1	0	0	0	0	1	0	2	2	1	0	0	0	0	0	0	1	0	0
CACNG7	1385	1849	1492	1890	1497	1716	1585	1664	1730	1838	1387	1838	1461	1322	890	1243	1056	1189	1136	1715	1186	1461	924	1228	1081	1562	1029	1156	1141	1038	1092	1190	1290	1276	1271	1141	1195	1124	991	1222	1209	1109	1447	1424	1960	1558	1271	2072	1354	1861	1250	1496	1233	1298	1351	2167	1477	2426	1580	3300	1543	3079	1504	2879	1405	3495	1491	3329	1701
TRIML1	0	0	0	0	2	0	0	0	0	0	1	0	0	0	0	0	1	1	0	0	0	0	0	0	0	0	0	0	0	0	0	0	0	0	0	0	0	0	0	0	0	0	0	0	0	0	0	0	0	0	0	0	0	0	0	0	0	0	0	0	0	0	0	0	0	0	0	0	0
FN1	12964	16571	15782	15951	15151	14187	12582	12532	13790	13988	15558	12986	13180	10600	11813	10626	10513	10646	10898	13301	10125	10411	9715	10995	10832	13712	9362	4350	3371	4310	3414	4648	3475	5044	3502	4496	3151	4340	2770	5281	3442	1992	1780	2256	1752	2225	1634	2845	1680	2857	1657	2225	2564	1563	1989	1920	1831	2286	1776	2645	1889	2674	1750	2231	1511	2317	2333	2695	1683
GBF1	2205	2630	2971	2390	2411	2122	2201	1926	2507	2038	2604	1864	2461	3278	3797	3030	3909	3099	4120	3751	3957	3164	3526	3091	4159	3852	3764	4163	5371	4093	5010	4380	5203	4904	4726	4155	4552	4432	4430	4628	5025	4399	5682	5148	6339	5044	5051	6723	5582	5747	5200	5062	6342	3741	5328	5012	5740	6361	5709	7257	6236	7028	5776	6172	4335	6853	6428	6513	6192
RP1-213J1P__B.1	68	62	70	72	81	79	60	77	60	101	96	85	55	26	12	28	16	42	18	32	14	31	9	37	19	35	12	1	1	0	1	3	0	0	0	0	1	0	1	1	1	0	0	0	0	2	0	0	0	0	2	0	0	6	3	2	1	1	0	2	3	0	4	6	2	0	2	0	0
MIR4748	0	0	0	0	0	1	0	2	0	2	0	0	0	0	0	0	0	0	0	0	1	0	0	1	0	0	0	0	0	0	0	1	3	0	1	0	1	0	0	0	0	1	0	1	0	1	1	1	0	1	2	3	0	1	4	1	0	2	0	1	0	1	1	1	0	0	0	2	0
RP11-289F5.1	0	0	0	0	0	0	0	2	3	0	0	0	0	3	0	0	0	3	1	2	0	2	0	0	0	4	0	0	0	3	0	0	0	0	1	3	0	0	0	0	0	0	1	0	4	1	0	0	0	0	0	0	0	0	0	1	1	0	0	0	0	3	0	0	0	1	3	1	1
RP11-267N12.1	0	0	1	0	0	2	0	0	1	0	0	0	0	0	0	0	0	0	2	0	4	0	0	0	0	1	0	0	0	0	0	0	2	0	0	0	0	0	1	0	0	1	0	0	0	0	0	0	0	0	1	0	0	0	0	1	0	1	0	0	0	0	0	0	0	0	0	0	0
RPL12P27	2	1	0	1	0	0	0	0	1	0	3	0	2	0	1	1	1	0	0	0	0	1	2	1	0	0	0	1	0	0	0	0	0	0	0	0	2	0	0	0	0	0	0	0	0	0	0	0	1	0	0	0	0	0	0	1	0	0	0	0	0	0	2	0	0	2	0	0	0
GEMIN7	658	602	711	487	586	502	501	423	561	454	607	512	592	714	699	729	817	735	763	885	789	765	751	765	790	868	742	695	552	558	599	617	527	646	563	619	555	514	515	636	538	520	460	550	512	618	461	746	489	687	452	544	495	671	442	558	372	635	412	736	415	741	390	632	404	813	390	786	452
ZNF37BP	637	625	699	548	474	646	556	608	659	666	654	658	685	990	1237	1163	1138	1204	1158	1525	1108	1147	1062	1206	1550	1476	1376	1617	1873	1626	1795	1637	1785	1732	1736	1827	1476	1788	1630	2063	1661	1632	1696	1628	1594	1444	1497	1783	1415	1793	1470	1685	1699	1128	1610	1151	1649	1527	1326	1685	1396	1903	1365	1540	1293	1454	1805	1652	1431
UHRF2	1620	1251	1573	1383	1426	1382	1411	1262	1380	1393	1394	1480	1278	1784	1770	1896	1896	2086	1684	2176	2023	1918	1850	2078	2136	2346	1958	2318	2021	2270	1979	2445	2103	2674	2008	2676	1731	2433	1914	2859	1838	1946	1326	2167	1152	2017	1210	2529	1186	2317	1243	1952	1702	1740	1328	1258	1433	1775	1280	1855	1370	2069	1257	1781	1384	1754	1699	2053	1462
MIR4263	0	0	2	0	0	0	0	0	0	3	0	0	0	0	0	0	0	0	0	0	0	0	0	0	0	1	0	2	0	1	0	0	0	0	0	1	1	2	0	0	1	0	0	3	0	0	0	1	2	0	0	1	0	0	0	0	0	2	0	0	0	0	0	0	1	0	0	0	0
RP11-382N13.1	1	0	0	0	0	0	0	0	2	0	0	0	1	1	0	2	1	3	0	0	1	2	0	1	1	1	3	0	0	0	0	0	0	0	0	0	1	0	0	1	0	0	0	0	0	0	0	0	0	0	0	3	0	0	0	0	0	0	0	0	0	3	0	0	0	1	0	6	0
MRPS21P6	253	298	257	279	252	276	281	284	278	314	221	279	259	214	210	263	262	314	260	313	298	231	190	264	250	315	197	302	182	236	197	248	279	231	207	246	212	202	182	252	213	171	172	224	202	224	171	327	195	312	277	224	219	262	160	204	143	278	161	270	191	321	152	276	234	293	190	280	236
RP11-318K12.3	0	1	0	0	0	0	0	0	2	0	1	0	0	0	5	1	6	2	2	1	1	1	4	0	2	1	2	2	6	1	1	4	2	4	2	5	4	3	9	3	7	5	1	10	3	10	4	5	2	6	3	3	0	4	1	4	3	1	1	12	0	6	1	11	0	5	5	11	0
RPS27AP1	110	76	88	72	115	84	72	73	81	67	101	89	91	63	95	58	95	70	67	92	87	78	82	73	106	80	73	87	58	39	67	64	80	67	46	62	59	66	48	57	38	38	26	42	34	47	23	37	26	36	23	45	22	43	29	12	17	31	15	23	17	33	16	29	31	26	19	32	18
PNLIPRP1	8	0	9	0	7	7	8	7	2	2	4	7	1	0	0	5	5	6	4	6	3	1	5	1	2	3	1	0	0	3	1	0	0	0	1	3	0	2	0	4	0	0	0	0	0	1	0	0	0	0	0	0	0	0	0	0	0	0	0	0	0	0	0	1	0	0	0	0	0
AC104076.3	0	0	3	0	0	1	1	1	0	0	3	0	0	0	6	0	0	2	3	1	0	2	0	4	0	0	1	0	1	0	2	4	0	0	4	0	0	0	0	0	0	0	0	0	0	0	0	0	0	0	0	0	0	0	0	0	0	0	0	0	0	0	0	0	1	0	0	0	0
RIPK4	332	290	280	300	334	309	270	261	302	286	349	352	279	928	637	897	636	987	677	1096	697	914	558	842	646	1137	585	540	394	480	400	462	367	562	384	446	374	404	354	499	378	537	175	557	202	629	199	662	177	631	221	507	224	441	236	606	145	607	163	814	150	907	177	717	133	858	156	723	155
CD2AP	7152	4890	6445	4948	5564	5455	5911	4691	6037	5317	6234	5730	5960	4074	4063	4389	3929	4681	3145	5696	4134	4322	3921	4955	4357	5604	4083	2237	1681	2434	1721	2374	1872	2613	1797	2390	1722	2509	1592	3053	1703	1468	979	1555	813	1529	901	1706	682	1767	835	1277	865	1377	832	840	773	995	758	1245	775	1370	776	1174	838	1254	882	1317	823
TSC22D3	442	496	444	444	498	438	339	480	406	522	444	455	404	938	1347	942	1398	989	1363	1209	1447	1001	1234	808	1327	1066	1181	2592	2585	1982	2375	2163	2612	2558	2532	2198	2286	2393	1968	2782	2309	3626	2946	4084	3135	4537	2810	6073	3046	4928	3318	4108	3017	4403	2943	6332	2475	8848	2586	10438	2708	10273	2519	9217	2846	10294	2826	10910	2686
MESTP1	1473	1387	1564	1326	1303	1437	1314	1108	1390	1263	1259	1369	1331	1373	1748	1415	1880	1475	1834	1853	1986	1326	1554	1427	1810	1630	1644	1102	931	1004	926	1141	929	1217	998	1155	720	1044	783	1283	916	1049	757	1106	808	1096	793	1245	658	1240	815	1084	857	1057	761	1308	662	1709	651	1976	672	2050	675	1808	674	1799	759	2019	694
AC074019.2	428	343	446	444	380	403	370	306	415	362	336	314	364	350	418	395	487	470	383	512	466	400	358	347	410	500	358	416	389	335	386	375	426	394	397	394	402	318	330	373	356	316	333	410	378	350	347	415	354	431	364	362	412	380	356	314	271	376	303	411	304	445	351	360	335	402	294	430	291
GNG4	1502	1905	1566	1873	1538	1848	1553	1669	1606	1816	1496	1779	1470	1125	1547	1118	1652	1150	1615	1597	1658	1291	1346	1164	1653	1505	1573	3712	3430	3102	3097	3328	3379	3486	3232	3408	3015	3090	2912	3742	3366	3633	3560	4363	3727	4208	3631	4933	3361	5250	3302	4011	3719	3816	3617	4708	4596	6041	4647	6688	4585	6823	4534	6141	4433	6786	5091	7230	5051
MTCH1	5818	7025	7070	6772	6123	6397	6114	5441	6291	5777	5840	6235	6122	5977	5277	6185	6048	5871	6252	7459	6370	6293	5221	5749	6088	7092	5404	5845	4393	4826	4198	5099	5125	5713	4773	5115	4268	5117	4096	6041	4331	3843	3412	4661	4334	4648	3591	5782	3703	5884	3902	4713	3899	4523	3597	4094	3643	5170	3782	6046	3990	6407	3770	5363	3868	6470	3899	5917	3898
NANS	1458	1118	1358	1217	1383	1241	1422	1092	1308	1147	1181	1342	1183	1120	1077	1048	1226	1053	1270	1277	1300	1109	1103	1032	1177	1334	1053	1153	849	987	758	956	889	1085	917	1073	758	931	720	1206	760	693	498	754	485	728	364	942	447	864	589	702	567	853	492	440	416	606	381	750	469	710	380	669	448	783	445	643	433
GLOD4	2747	2270	3011	2238	2508	2358	2419	2005	2517	2219	2371	2439	2433	2433	2316	2374	2570	2751	2368	2862	2664	2411	2368	2317	2584	2826	2258	2583	2670	2191	2600	2328	2597	2479	2600	2299	2534	2369	2345	2681	2554	2416	2528	2873	2881	2560	2291	3351	2203	3228	2668	2410	2742	2975	2590	2501	2253	2973	2250	3604	2207	3538	2054	3090	2557	3434	2448	3622	2461
RP11-1191J2.2	35	57	43	30	37	28	55	26	45	23	36	41	48	33	12	27	12	28	19	27	6	32	9	40	22	45	16	9	14	23	11	20	14	13	12	19	6	19	17	31	10	5	31	9	53	13	35	17	26	16	27	1	47	8	33	14	69	6	55	21	106	28	66	18	59	13	108	32	71
ARHGAP26	1089	1209	1277	1159	1119	1091	1062	977	1242	1079	1315	1058	1242	1135	2082	1235	1786	1259	1736	1650	1839	1258	1608	1240	2086	1418	1719	1697	2532	1522	2428	1701	2574	1772	2393	1571	2107	1731	2050	1855	2321	1307	1338	1407	1408	1183	1219	1733	1009	1314	1249	1328	2033	922	1274	477	808	866	777	869	1027	809	744	763	762	902	1003	818	795
HTR3A	336	379	511	345	374	340	345	286	395	364	329	260	376	317	272	306	332	245	377	450	359	406	284	326	353	354	266	286	137	303	169	295	168	349	173	284	112	279	122	322	129	124	227	162	286	136	217	111	235	139	240	101	188	114	211	238	338	309	346	341	236	342	298	254	285	243	324	213	294
RP11-476I15.6	0	1	0	0	0	1	0	0	3	0	1	0	0	1	1	2	6	1	8	1	8	1	4	1	6	3	7	14	16	9	16	10	18	14	27	10	22	16	15	11	20	15	21	24	37	21	27	16	31	23	33	18	35	15	31	23	28	37	25	33	33	42	24	48	19	48	28	39	36
LINC00960	235	146	229	154	156	154	192	146	188	170	195	169	182	242	368	183	396	180	282	235	301	195	285	210	358	251	261	347	327	224	301	269	310	338	315	214	322	266	304	308	295	181	85	176	135	194	147	281	223	210	147	225	197	256	174	150	181	177	214	255	155	190	184	151	168	247	161	230	175
PLEKHH3	695	942	805	801	882	675	859	650	861	809	790	749	702	367	373	304	546	311	590	487	523	462	445	329	445	451	476	872	820	609	740	676	944	763	776	603	697	631	764	683	740	709	1241	746	1980	957	1180	1154	1387	1093	1267	960	1191	845	1222	1240	1212	1536	1281	1964	1317	2167	1191	1594	1173	1951	1231	1823	1405
HSPA8P16	21	35	41	25	29	38	22	31	32	25	27	27	33	41	44	34	57	37	60	43	66	38	61	32	55	36	56	27	37	40	37	28	38	34	54	33	41	26	47	46	32	11	17	16	13	15	28	9	24	29	23	13	23	22	19	7	29	5	13	6	14	6	14	5	23	9	15	6	21
RP11-973N13.4	6	4	7	3	1	4	4	0	1	7	1	10	0	10	4	6	5	4	7	15	4	11	2	9	11	4	7	6	12	5	10	5	9	7	14	4	3	4	9	8	4	18	8	15	1	6	6	12	13	14	10	17	11	6	10	11	5	8	11	8	7	13	12	10	6	14	9	18	3
PQLC2	302	353	420	345	351	370	357	299	387	339	394	267	359	358	442	394	473	414	509	412	531	347	453	271	486	429	498	1264	1049	878	960	942	1132	1066	1076	1005	942	1068	857	1067	993	1191	830	1235	1099	1409	875	1850	924	1662	1014	1342	1133	1179	973	1275	762	1489	789	1919	948	2077	703	1691	824	2069	875	1881	789
ANGPTL4	57	52	47	58	71	66	59	57	49	62	56	50	49	25	39	33	37	13	30	35	25	43	34	39	42	25	40	5	10	8	11	4	11	15	15	15	9	13	2	2	12	8	6	9	11	10	6	13	18	10	14	3	11	9	15	6	17	10	11	7	16	12	17	14	6	15	11	36	7
PCDHGA7	38	79	44	67	40	48	29	57	46	37	53	52	38	75	73	89	60	100	43	106	47	85	47	73	79	116	58	103	77	79	82	112	63	94	83	85	71	119	48	96	62	120	98	145	123	143	122	219	144	172	101	146	134	88	92	183	134	262	113	271	111	268	121	234	108	210	123	264	131
TMEM105	3	1	0	0	1	4	0	0	2	0	0	0	1	8	8	2	15	1	9	5	13	2	11	0	3	5	7	8	10	3	6	2	4	5	5	2	7	0	0	10	8	5	15	2	34	3	5	15	7	3	6	7	9	3	2	1	2	2	8	5	8	3	0	2	6	8	4	8	7
PARP1P1	7849	7548	8725	7221	7749	6630	7323	5682	7419	6408	7909	6413	7279	7204	5675	7182	6539	7218	6449	8876	6705	7199	5683	7264	6434	8905	5669	6937	6205	6421	5723	6544	6181	7162	6180	6376	5700	6416	5106	7378	6090	5293	2578	6094	2651	6089	2613	7607	2264	7432	2466	5931	3517	5413	2621	3360	1922	4078	2071	4820	2198	4878	1975	4193	2088	5070	2448	5036	1931
RP11-30P6.1	1054	787	1066	906	932	983	864	761	960	839	905	858	976	792	710	877	736	880	654	1140	770	884	682	997	733	1035	715	555	504	525	546	553	640	615	571	625	551	535	509	628	552	590	585	544	609	550	506	710	483	495	464	496	527	472	460	520	598	678	584	686	558	823	585	674	520	699	715	778	644
RP5-827O9.1	0	0	0	0	0	0	0	0	0	0	0	0	0	3	2	0	0	1	0	1	0	0	1	0	1	0	0	0	1	1	0	0	1	5	0	0	3	0	0	0	0	1	0	2	0	0	0	1	0	2	1	0	0	0	0	0	0	0	0	0	0	0	0	0	0	0	0	0	0
RP11-673E11.2	5	4	6	2	3	2	2	3	3	0	4	2	3	2	4	1	3	2	3	2	1	0	6	0	0	1	0	3	2	1	1	0	6	1	0	1	1	1	1	1	2	1	0	0	0	0	1	0	2	0	0	2	0	1	5	1	2	2	0	0	2	0	3	2	0	0	4	1	4
BNIP3P18	2	2	0	3	1	2	2	1	2	1	2	2	3	1	3	3	5	1	4	7	2	3	4	2	1	1	2	1	2	4	1	2	1	3	1	1	1	1	0	1	6	2	2	2	0	2	1	1	1	1	1	2	1	2	0	2	0	2	3	1	3	4	1	1	0	2	2	2	1
LHFPL3-AS1	6	6	11	6	5	5	6	3	5	7	7	4	6	3	2	3	2	4	1	3	3	2	3	3	4	4	3	0	1	0	0	0	1	0	0	0	0	0	0	0	1	1	0	0	0	0	0	0	0	1	1	0	0	0	1	0	1	0	0	1	0	0	0	0	1	0	0	0	1
IGSF21	445	519	460	565	518	457	468	490	545	457	495	484	453	561	440	658	605	456	690	793	660	704	580	457	609	666	536	152	163	211	140	190	166	203	168	193	171	150	177	244	148	79	21	134	28	150	27	213	12	153	21	161	22	143	37	122	33	181	19	216	33	207	18	223	24	304	24	222	10
RP11-662B19.1	0	2	0	1	1	1	0	2	0	0	4	3	2	0	2	0	2	0	4	2	0	0	1	2	1	2	1	0	10	4	7	2	2	1	3	3	0	0	2	0	4	8	10	2	3	3	5	1	0	1	2	2	6	5	3	4	10	9	7	6	5	8	5	2	9	5	4	6	2
RP5-908M14.10	66	42	78	50	64	69	58	41	60	45	50	55	67	56	56	55	62	59	63	74	47	65	55	43	47	73	47	66	83	32	56	47	66	68	72	49	58	64	61	49	48	143	63	102	92	99	60	106	80	135	61	142	62	54	60	124	53	187	65	235	78	252	81	199	67	183	89	219	64
RNU6-39P	0	2	0	2	1	0	2	2	2	1	0	0	0	0	0	0	0	0	0	0	1	2	0	0	0	2	0	0	0	0	0	0	5	0	0	0	0	0	0	0	0	0	0	0	0	0	0	0	1	0	1	0	1	1	0	0	0	0	2	0	0	3	1	0	0	3	0	0	3
ZDHHC24	230	382	308	314	325	316	342	354	353	324	321	317	326	342	355	332	463	284	460	433	461	395	386	346	471	377	382	694	584	530	491	547	600	634	550	560	521	539	532	642	534	544	207	669	261	613	310	872	368	851	458	654	481	600	431	464	342	607	396	785	437	782	323	624	437	886	463	776	442
BCL7C	342	518	425	381	424	381	425	303	436	354	444	488	364	362	318	372	387	292	380	499	356	442	338	311	391	372	349	437	323	353	320	346	404	366	438	287	333	333	373	330	361	289	377	274	464	341	403	370	508	444	512	314	497	303	550	335	552	363	570	444	537	475	541	454	485	525	585	406	643
CTD-2303H24.2	18	23	31	25	22	29	26	24	30	23	28	39	43	23	26	28	23	13	24	31	9	12	24	25	31	23	37	17	20	16	25	22	24	14	21	11	6	15	16	29	22	31	20	17	20	27	9	22	15	15	18	26	29	16	26	22	38	30	28	28	28	42	19	22	22	16	29	37	32
RP11-53B5.1	5	3	14	4	2	3	8	0	1	2	3	0	2	0	1	4	0	0	0	3	0	0	1	0	1	2	1	0	0	0	0	0	0	0	0	0	0	0	0	0	0	0	0	0	0	0	1	0	0	0	0	0	0	0	0	1	0	0	0	0	0	1	0	0	0	0	0	0	0
TRMT61A	641	759	921	821	773	709	716	486	773	614	723	686	790	393	473	481	509	490	537	535	509	399	497	386	494	518	431	519	480	363	430	359	494	412	474	356	448	352	424	425	409	346	442	434	666	475	430	703	477	549	443	434	551	392	472	378	385	483	365	599	452	641	382	535	371	654	442	617	419
MGA	3453	2961	4009	3193	3085	2918	2778	2408	2959	3023	3442	2888	3342	2731	3158	2682	3241	2780	2749	3109	2852	2356	2529	3012	3559	3580	3137	2633	3287	2451	3190	2394	2753	2784	2749	2535	2480	2973	2772	3323	2973	2657	2614	2762	2559	2604	2092	3085	2114	2970	2482	2740	3296	1851	2626	2199	2621	2664	2530	2893	2702	2718	2348	2444	1918	2472	3302	3127	2731
RP11-534L20.4	423	359	397	370	368	365	392	323	381	348	377	389	366	346	379	340	411	312	425	431	449	381	391	351	426	398	391	376	362	321	329	343	379	358	384	345	365	320	338	411	353	230	220	293	235	282	206	364	197	363	233	301	263	327	207	197	134	242	154	318	172	304	143	253	178	354	176	330	144
CC2D1B	602	710	841	652	687	654	678	508	741	590	689	604	730	894	864	997	915	971	887	1280	933	891	754	871	1006	1283	834	1057	975	957	884	1031	960	1037	982	862	838	974	824	982	809	1042	1415	1267	1399	1255	1296	1556	1386	1357	1307	1102	1529	998	1377	1226	1655	1500	1653	1900	1759	1930	1499	1688	1447	1854	1643	1869	1555
IGKC	0	1	0	0	0	0	0	0	0	1	0	0	0	21	9	7	13	15	21	24	34	8	26	6	22	6	13	5	2	5	6	6	0	5	1	2	4	2	1	0	7	0	0	1	0	0	0	0	0	2	1	0	1	1	0	0	7	0	0	0	6	0	1	0	0	0	0	0	0
RP11-173M1.5	31	36	27	18	11	23	18	18	45	23	14	25	36	28	29	32	35	33	29	61	22	50	16	46	19	40	17	17	19	19	7	14	24	16	13	15	8	15	10	16	19	14	12	17	17	30	20	16	23	10	14	14	26	10	29	35	56	39	40	29	48	38	40	29	47	27	66	29	60
NPSR1-AS1	6	3	2	4	7	1	3	3	10	2	10	4	2	5	5	1	0	10	3	3	5	1	4	10	6	7	3	0	1	1	2	0	0	2	0	0	3	1	1	4	2	14	1	1	3	0	0	0	0	0	0	1	1	0	0	0	3	1	1	0	0	7	0	5	2	3	7	5	2
L3MBTL2	1063	1130	1441	1109	1207	1016	1141	855	1272	951	1214	980	1219	931	970	1058	1114	1090	1115	1223	1037	993	907	912	1116	1219	980	1162	1162	972	1086	1017	1107	1208	1187	1061	1023	1135	987	1137	1010	745	656	950	600	990	764	1223	797	1146	783	888	1023	840	902	748	895	869	949	1099	979	1010	993	898	913	941	1081	1050	1050
CBX1P2	326	275	335	303	329	286	296	278	283	346	307	302	338	312	271	334	337	373	358	420	332	369	300	290	311	409	319	300	281	310	306	287	309	345	340	289	295	274	223	415	322	300	329	379	314	353	237	426	268	409	282	307	288	348	303	249	186	304	230	370	221	427	250	307	214	428	299	389	211
MTIF3	696	563	576	504	519	564	562	494	588	538	548	579	523	597	607	561	615	608	531	644	728	617	568	567	628	679	665	707	600	515	604	569	592	621	598	588	564	619	519	701	603	508	522	708	509	636	516	859	501	747	616	632	570	696	588	634	518	889	572	949	542	952	477	898	629	1065	570	1024	635
PANK4	729	660	779	676	766	705	767	568	772	656	762	640	722	965	994	911	1253	811	1310	1082	1209	959	1096	906	1115	1053	1046	1471	1169	1256	954	1161	1230	1531	1046	1189	1022	1342	937	1439	1024	1040	758	1250	930	1301	715	1788	882	1600	785	1319	806	1288	656	918	627	1088	674	1464	693	1444	679	1232	613	1580	672	1429	792
CDK17	1141	881	902	826	898	918	911	850	960	872	996	1039	930	2046	1964	1960	2027	1876	1642	2128	2192	2088	1951	2046	2086	2262	2010	2297	2119	2304	1963	2289	2211	2577	2043	2519	1861	2217	1837	2701	1870	2304	1747	2547	1664	2560	1576	3327	1416	2880	1590	2429	1884	2662	1748	2119	1586	2823	1524	3328	1446	3603	1389	3007	1550	3045	1856	3116	1759
RP5-1142A6.10	15	18	23	9	16	17	15	7	11	13	24	12	10	11	19	11	14	16	9	19	15	13	18	8	22	15	8	14	18	7	26	14	23	14	26	14	19	14	19	27	11	12	10	14	12	11	14	17	25	24	24	9	16	4	16	23	27	15	23	28	19	35	29	28	20	28	35	26	27
MEMO1P1	431	381	411	348	307	338	371	329	343	347	308	328	388	282	283	325	255	309	261	347	308	304	258	276	311	347	326	229	235	208	201	230	218	287	220	248	187	237	180	267	246	211	266	238	228	197	222	256	210	265	246	241	208	221	251	210	200	304	228	313	247	296	242	334	246	280	268	346	240
RP11-30G8.1	0	0	0	0	0	0	0	0	0	0	0	0	0	0	0	0	0	0	0	0	0	0	0	1	0	0	1	2	0	0	2	1	0	0	2	1	0	0	1	0	0	0	0	0	0	1	3	1	0	0	0	6	0	0	0	0	0	1	0	0	1	0	0	0	0	0	0	1	0
RP11-540K16.1	4	1	2	1	1	2	2	1	3	0	3	1	4	0	0	1	0	0	1	1	2	3	3	0	0	3	1	0	2	0	0	2	2	0	0	0	0	4	0	0	0	2	0	0	0	0	2	0	0	4	0	2	0	0	0	0	0	0	0	0	1	0	0	0	0	2	1	2	0
MT1HL1	66	45	51	54	53	64	63	42	51	50	38	60	36	12	6	34	14	17	18	41	29	36	11	16	19	26	19	0	0	7	0	0	0	1	3	0	0	1	0	1	1	0	0	0	0	0	0	1	1	0	2	0	1	0	1	0	0	0	0	0	1	0	4	0	2	0	2	0	0
ALPP	117	53	132	45	136	50	102	37	130	48	121	40	119	193	529	231	706	182	684	276	655	259	686	179	560	235	546	118	139	86	114	116	132	119	159	125	116	101	125	116	143	32	42	38	51	68	63	46	72	69	40	47	102	49	76	22	46	31	54	25	74	29	38	44	34	36	53	31	44
AC005033.6	2	0	0	1	0	0	1	0	0	0	0	3	0	0	0	0	0	0	0	0	0	0	1	0	0	0	0	0	0	0	0	0	0	0	0	1	0	0	0	0	0	0	0	0	0	0	0	0	0	0	0	0	0	0	0	0	0	0	0	0	0	0	0	0	0	0	0	0	0
RP11-203B9.4	19	15	16	10	12	9	4	13	16	7	8	10	6	9	11	16	25	18	14	17	14	12	17	15	12	11	10	24	28	23	18	16	24	19	20	31	27	23	26	26	24	27	39	20	33	28	27	30	19	32	18	44	26	18	32	15	39	28	29	24	19	36	16	38	15	19	38	42	34
FAM133B	784	535	727	613	620	713	622	569	605	606	613	756	678	571	449	599	415	678	382	721	502	642	442	615	549	727	550	454	365	457	352	450	439	474	433	462	357	452	343	495	395	375	368	402	345	461	365	461	275	462	362	356	361	572	321	295	291	384	320	488	345	515	311	439	428	435	413	456	362
RN7SL683P	0	0	2	1	0	1	0	0	0	0	0	0	0	0	0	0	1	0	0	0	0	0	0	0	0	0	0	0	0	0	0	0	0	0	0	0	0	0	0	0	0	0	0	0	0	0	0	0	0	0	0	0	0	0	0	0	0	0	0	0	0	0	0	0	0	0	0	0	0
RNU6-388P	0	0	1	0	0	0	0	0	0	0	0	0	0	0	0	0	0	2	0	0	0	0	0	0	0	0	0	0	1	0	0	0	2	1	1	0	0	4	1	3	0	3	1	0	0	4	0	2	1	2	0	1	0	2	0	1	4	1	3	2	2	2	1	1	2	0	1	3	0
GBA3	13	3	6	8	9	7	16	3	4	7	13	1	6	202	419	158	579	150	473	233	589	266	610	194	609	158	565	426	322	407	252	348	314	424	295	399	263	370	293	466	272	203	16	214	24	192	22	279	28	260	44	178	25	223	26	46	13	84	9	79	12	95	4	82	11	77	18	110	9
PCK1	0	0	1	0	0	0	2	1	0	1	0	0	4	0	3	1	5	0	0	0	7	2	0	0	1	1	2	0	9	3	3	0	5	1	7	0	4	3	6	5	6	3	0	3	4	4	3	1	2	2	3	4	7	0	0	0	0	0	1	0	3	1	0	0	4	0	0	1	1
MTX1P1	132	122	141	129	125	128	156	92	150	98	151	122	123	110	138	127	158	115	162	155	149	139	125	129	156	158	134	126	92	91	92	119	111	126	112	103	91	86	101	128	86	85	64	87	83	92	66	121	80	110	58	96	75	96	71	67	70	73	73	90	69	121	54	65	76	99	80	92	65
AC068538.4	0	0	0	0	2	0	0	0	0	0	0	0	0	0	0	0	1	0	0	0	0	0	0	0	0	0	0	0	0	0	0	0	0	0	0	0	0	0	0	0	0	0	0	0	0	0	0	0	0	0	0	0	0	0	0	0	0	0	0	0	0	0	0	0	0	0	0	0	0
RNF6P1	0	0	0	0	0	0	0	0	0	0	0	0	0	0	0	0	0	0	0	0	0	0	0	0	0	0	0	0	1	0	0	0	0	0	1	0	0	0	0	0	0	0	0	0	0	0	0	0	0	0	0	0	0	0	2	0	3	0	0	0	0	1	3	0	0	0	0	0	0
EIF3G	5750	6264	6766	5823	6321	5682	6372	4951	6334	4995	5890	5507	5825	5271	5206	5433	5927	5217	6285	6294	6067	5442	5226	5048	6028	6285	5184	5612	4689	4685	4287	4774	5416	5663	4916	4491	4417	4923	4416	5509	4648	3888	3030	4767	3371	4432	2990	6113	3007	6174	3142	4856	3586	5131	3079	3228	2424	4048	2688	4994	3073	5014	2496	4526	2847	5329	2973	5040	2561
MIR6885	1	1	4	2	1	1	3	1	2	2	2	1	3	1	1	2	4	2	1	1	1	2	1	1	1	2	1	3	2	1	1	3	3	2	2	2	2	1	3	0	2	0	1	3	4	1	1	1	1	2	1	1	1	1	2	1	1	2	3	2	1	2	1	2	1	3	2	4	1
RN7SL594P	0	0	0	1	0	0	0	0	0	0	0	0	0	0	1	1	0	0	0	0	0	0	0	0	1	0	1	0	1	0	0	0	0	0	0	0	0	3	0	0	0	0	0	0	0	0	0	0	1	1	0	0	0	0	0	0	0	0	0	0	0	0	0	0	0	0	0	0	0
RP11-1090M7.3	1	2	2	2	0	9	6	3	1	2	2	4	6	9	18	10	13	13	15	15	11	15	10	17	19	10	21	30	31	28	23	22	21	18	22	23	16	30	17	15	12	18	20	23	35	20	25	19	15	17	24	33	14	13	20	11	12	35	17	16	22	20	15	39	9	37	21	45	13
RGS7BP	107	91	134	92	106	98	123	97	103	100	95	112	110	83	17	62	37	71	36	87	49	65	32	72	48	72	22	15	14	13	6	16	11	28	6	22	20	9	8	26	5	18	19	5	15	6	4	15	1	9	4	10	2	3	17	3	3	1	5	5	5	23	2	10	10	15	25	5	8
MAT2B	4047	3211	3582	3119	3088	3368	3468	3078	3250	3210	3124	3656	3254	2120	2038	2160	1960	2274	1691	2522	2154	2260	1894	2142	2201	2713	1893	2290	2085	2056	2091	2032	2264	2290	2048	2188	1805	1960	1847	2502	2034	2151	1301	2265	1143	2139	1325	2684	1186	2735	1313	2057	1675	2524	1396	1329	910	1580	865	1992	1111	1991	854	1679	1235	1922	1277	1980	1027
RP4-781K5.5	1	2	1	6	1	2	0	0	3	2	1	4	2	0	0	0	0	0	0	2	0	0	0	1	2	0	0	0	0	0	0	0	0	0	0	0	0	0	0	0	0	0	0	0	0	0	0	0	0	0	0	0	0	0	0	0	0	0	0	0	0	0	0	0	0	0	0	0	0
RP11-420H19.3	156	98	111	93	127	114	112	89	104	100	81	119	99	99	102	93	106	102	93	123	114	104	91	122	105	127	107	100	71	74	81	80	91	116	105	94	78	79	67	123	63	51	41	60	38	62	35	84	35	74	34	61	48	87	34	36	29	59	30	76	27	67	23	55	46	74	44	67	39
GNL2	5618	4233	5392	4115	5056	4168	4641	3595	5015	3802	5037	4141	4884	4246	4112	4167	4491	4142	4491	5174	4734	4379	4315	4189	4696	5008	4401	3561	3082	3566	3146	3273	3617	3762	3233	3469	2897	3275	2755	3771	2978	2874	2174	3015	2227	2906	2161	3689	1945	3720	2289	2899	2775	2956	2121	1734	1831	2383	1811	2637	1974	3039	1946	2334	1995	2634	2105	2655	1928
XKR8	531	516	643	571	566	498	588	535	563	478	616	542	605	419	445	447	527	438	545	549	526	450	488	364	483	454	480	512	543	431	524	499	597	519	600	428	508	466	453	541	635	445	932	518	1175	620	744	723	813	701	794	598	780	573	742	615	584	660	672	780	669	865	578	786	570	951	663	846	680
PNMAL2	130	131	101	113	126	124	113	98	90	106	120	104	101	36	61	46	69	43	83	81	95	64	70	62	77	78	65	55	25	36	34	50	37	36	42	54	34	51	25	49	31	16	2	21	11	31	14	28	17	38	23	22	7	40	18	10	37	27	13	24	19	30	25	8	23	13	17	22	24
RP11-100G15.12	3	0	1	1	0	0	0	1	3	0	0	0	0	2	0	1	1	0	0	1	1	0	0	0	2	1	0	0	0	0	0	2	1	0	0	1	1	1	1	0	0	1	0	3	0	2	0	0	1	0	3	0	0	0	1	0	0	4	4	0	2	4	2	2	1	0	1	0	2
APOF	2	4	2	0	1	0	2	1	3	1	2	1	1	3	2	0	1	1	0	0	3	1	0	3	2	8	1	0	0	0	2	0	0	0	0	0	0	0	0	1	3	1	0	0	0	1	0	0	2	1	0	1	0	0	1	2	0	2	0	3	0	0	0	0	1	0	0	3	0
RP11-348F1.3	5	8	9	2	8	4	2	3	12	3	8	6	13	0	1	2	5	3	2	8	5	4	6	7	2	3	9	0	2	1	5	2	2	0	3	1	3	3	1	3	2	2	0	9	0	0	1	6	2	7	1	0	2	4	1	1	3	0	2	2	0	2	0	1	1	0	1	3	0
GRK3	2545	2504	3154	2371	2182	2419	2314	2094	2299	2712	2488	2395	2636	2136	1968	2148	2077	2124	1708	2805	1975	2495	1948	2446	2141	2656	1901	1471	1175	1423	1112	1531	1154	1557	1125	1586	1073	1443	978	1929	1243	1133	859	1197	877	1079	863	1325	841	1267	871	1141	880	815	918	1155	1270	1535	1215	1819	1012	2046	1164	1583	999	1659	1329	1918	1449
OR5C1	0	0	0	0	0	0	0	1	0	0	3	0	0	0	0	0	0	0	0	0	0	0	0	0	0	0	1	0	0	0	0	0	0	0	0	0	0	0	0	0	0	0	0	0	1	4	0	0	0	3	0	0	0	0	0	0	0	0	0	0	0	1	1	0	0	0	0	0	1
RP11-886P16.6	1	3	0	1	1	0	0	0	3	0	10	1	7	1	0	0	1	1	1	0	1	6	1	0	0	1	0	1	1	0	1	2	2	2	0	1	0	2	0	1	0	4	0	1	1	1	1	3	3	0	3	1	0	2	2	3	0	6	2	2	3	8	4	6	10	8	3	11	4
PDCL2	3	2	3	6	6	5	3	6	9	8	7	9	4	1	1	6	5	6	1	9	3	0	0	8	9	2	9	5	1	0	1	2	3	1	2	2	0	3	0	5	1	2	2	3	0	2	1	4	0	1	0	7	0	0	1	0	0	2	1	1	0	5	0	0	2	2	1	9	0
RNA5S5	0	0	0	0	0	1	0	1	0	0	1	0	0	0	0	1	1	0	0	1	1	0	0	1	0	0	0	1	0	0	0	0	1	1	0	0	0	0	0	1	0	0	0	0	0	0	0	1	0	1	1	1	0	1	0	0	0	0	0	0	0	1	0	1	0	0	0	1	0
EIF2B1	2072	1737	2127	1743	1830	1712	1723	1425	1857	1553	1842	1580	1889	1723	2014	1963	2348	2013	2125	2234	2281	1940	1968	1874	2123	2353	2031	2297	2431	2125	2280	2152	2473	2233	2388	2144	2176	2096	2037	2558	2171	2159	1644	2529	1701	2461	1858	3049	1838	2951	1895	2296	2352	2545	1926	2054	1586	2561	1678	3130	1774	2980	1633	2491	1849	2885	1937	2944	1851
ANXA5	7776	6092	7278	6224	6251	6510	6335	5558	6404	6118	6139	6469	6122	46166	62445	47132	56959	52070	53488	58000	61941	48089	50952	48231	56998	56927	55043	39561	31871	37900	31479	38082	34498	42331	33566	39056	29067	34692	28183	46151	32288	18991	21978	21132	22874	21110	17228	25033	15631	24707	17971	20448	20280	23316	16894	10791	10329	13300	9988	15443	10817	15944	10190	13727	12018	13959	11882	13581	10369
AC010745.2	0	0	0	0	0	0	0	0	0	1	0	0	1	0	0	3	0	0	0	0	1	0	0	0	0	0	0	0	0	0	0	0	3	0	0	0	0	0	0	0	0	0	0	0	0	0	0	1	0	0	0	0	0	0	0	0	0	0	0	0	0	0	0	0	0	0	0	0	0
CABP7	29	24	32	8	13	17	12	9	22	16	11	8	13	1055	1618	1172	2349	1250	2270	1140	2394	994	1720	798	2111	1255	1992	3824	3033	2947	2804	3747	2996	4224	3004	4375	2738	4005	2580	3706	2400	2761	598	3679	653	3040	722	4679	781	4864	965	3772	1172	3638	1027	1682	502	2153	546	2903	603	2525	484	2748	563	3519	631	3234	540
RAB5C	973	801	1118	881	948	810	953	671	941	777	951	922	905	834	1046	994	1106	984	1002	1201	1117	958	955	831	1112	1160	934	1120	1124	884	1054	950	1185	1131	1094	897	998	948	829	1128	1080	952	1086	1187	1110	1200	1056	1575	903	1493	1122	1162	1167	1318	981	1272	955	1454	896	1772	1083	1757	918	1420	1155	1642	1058	1679	1045
DBX1	2	0	2	0	0	10	2	3	2	3	1	0	0	0	0	0	0	1	1	1	1	0	4	1	4	1	2	4	7	3	6	7	9	10	14	10	9	5	14	12	11	7	14	25	32	14	13	4	26	30	17	14	13	17	29	22	9	38	13	51	11	49	8	38	11	51	10	68	2
RP11-7G12.1	0	1	0	0	0	0	0	1	0	0	1	0	1	0	0	0	0	0	0	1	0	0	0	0	1	2	0	3	0	0	0	0	0	0	0	0	0	0	0	1	0	0	2	0	0	0	0	1	0	0	0	1	0	0	1	0	0	0	0	0	0	0	1	0	0	3	1	0	1
ERO1B	165	133	164	131	111	181	139	195	137	179	154	189	138	239	268	236	262	226	197	325	265	259	265	297	291	348	281	223	163	257	171	241	157	263	159	273	172	258	160	289	119	117	94	145	87	142	111	191	108	222	132	138	128	168	162	167	211	210	223	265	213	293	175	217	202	230	221	269	270
RP11-463I20.3	0	0	1	2	0	0	0	1	0	0	0	0	0	0	1	0	0	0	0	0	0	0	0	0	0	0	0	0	1	0	0	0	0	0	0	0	0	0	0	0	1	2	0	0	0	1	0	1	0	0	2	0	0	0	0	2	0	3	0	7	0	0	0	5	0	0	1	0	0
OR4D12P	1	1	0	0	0	0	0	0	1	0	0	0	2	0	1	0	0	0	0	0	0	0	0	0	0	1	0	0	0	0	0	0	0	0	0	0	0	0	0	0	0	0	0	0	0	0	0	0	0	0	0	0	0	0	0	0	0	0	0	0	0	0	0	0	0	0	0	0	0
RP1-60O19.2	0	0	0	0	3	0	0	0	0	0	0	0	0	0	3	0	1	0	0	0	0	0	0	0	8	2	0	0	1	0	0	0	0	0	0	2	1	0	0	0	0	3	0	0	0	0	0	1	0	0	1	0	1	0	0	1	0	0	0	2	0	3	2	6	2	5	1	5	3
PLA2G3	1241	1362	1287	1261	1257	1119	1194	1059	1384	1018	1321	1151	1309	586	429	538	508	590	551	754	573	550	396	517	429	732	478	257	199	249	228	277	220	294	283	292	243	299	187	355	238	207	246	216	277	254	212	319	227	323	190	273	253	264	188	42	69	42	83	39	101	51	68	28	95	56	88	30	87
HIST2H3DP1	0	0	0	1	0	0	0	0	0	1	0	0	0	1	1	1	0	0	1	0	0	0	1	2	1	2	1	0	1	0	1	2	0	0	0	0	0	1	1	0	0	0	0	1	0	0	0	0	0	0	0	0	0	0	0	0	0	0	0	0	0	0	0	0	0	0	0	0	0
KRT8P42	1	0	0	0	1	0	0	1	3	0	0	0	0	2	0	1	0	1	1	1	0	1	0	0	1	4	0	0	0	0	0	0	0	0	0	0	0	0	0	0	0	0	0	0	0	0	0	0	0	0	0	1	0	0	3	0	0	0	1	0	1	0	0	0	0	0	0	0	1
NR5A2	509	330	433	357	341	348	356	291	325	341	384	370	358	2055	1697	2030	1688	2365	1582	2591	1920	2129	1612	2184	1621	2630	1741	1105	568	1284	585	1275	654	1448	668	1469	558	1015	539	1651	642	776	517	757	532	884	401	690	346	823	307	800	363	785	387	308	237	361	252	446	205	433	232	303	259	307	270	344	210
CDYL	3403	3280	3448	3176	3179	3179	3129	3127	3161	3440	3094	3457	3015	2442	2617	2368	2593	2648	2470	3246	2662	2670	2358	2410	2761	3064	2312	2573	1924	2376	1919	2536	2157	2687	1923	2559	1731	2327	1620	2797	1990	1950	1324	2093	1451	2419	1020	2829	882	2461	1045	2157	1347	2110	1153	1578	884	1943	855	2347	1021	2273	850	2018	986	2396	1071	2400	841
ZBTB32	9	13	30	8	22	4	7	5	8	3	7	6	20	2	29	17	25	3	37	7	23	11	18	11	26	12	12	23	6	16	16	7	18	8	17	7	20	15	9	26	15	10	3	8	3	8	2	19	4	11	3	0	8	7	4	6	5	8	4	5	6	2	1	6	5	7	3	9	7
RP11-438L7.3	1828	1506	1711	1557	1479	1483	1645	1400	1577	1549	1502	1415	1476	1490	1740	1594	1600	1470	1543	1955	1743	1624	1491	1507	1684	1728	1511	1741	1503	1523	1377	1650	1611	1797	1469	1662	1239	1674	1157	1935	1449	1655	1209	1790	1201	1729	980	2272	884	1960	1026	1644	1180	1773	1004	1481	758	1964	835	2228	884	2230	826	2177	825	2441	876	2268	799
PRPF39	1797	1198	1572	1266	1391	1481	1568	1349	1501	1383	1540	1582	1531	1604	2054	1734	2216	1931	1788	2104	2169	1859	2077	1967	2284	2326	2177	2239	2019	2377	2042	2288	2334	2191	2125	2319	1930	2259	1812	2661	1982	2071	1912	2373	1724	2360	1598	2893	1465	2645	1760	2105	1803	2487	1794	1404	1527	1915	1488	2080	1498	2411	1459	2154	1677	2042	1794	2320	1585
CC2D2A	891	705	850	763	797	622	755	585	711	668	793	639	817	759	800	799	787	837	680	902	839	728	767	738	827	922	819	616	627	550	593	548	619	647	599	506	532	507	503	610	610	416	569	490	538	508	655	708	618	621	608	419	742	382	735	481	578	537	668	571	664	596	540	470	560	490	753	523	683
ATP8B3	212	189	198	161	207	145	228	156	220	157	223	139	167	87	190	89	172	87	185	128	163	138	167	106	183	106	137	114	53	106	96	83	66	112	75	116	87	90	79	107	106	86	24	86	47	106	39	98	55	108	34	108	31	69	40	55	32	61	23	83	26	106	31	61	43	79	40	87	33
RP11-96J15.2	3	2	1	2	1	1	1	2	0	1	4	0	1	2	3	3	3	5	2	2	6	2	3	1	4	4	1	6	4	5	5	3	5	4	4	6	3	4	4	4	5	6	4	8	1	7	2	5	2	10	6	7	2	6	4	5	4	8	4	12	4	7	3	9	5	7	4	6	5
PROB1	252	280	321	276	302	247	267	213	294	238	267	239	237	160	226	189	275	132	310	245	237	216	221	222	244	145	207	208	177	172	157	175	188	183	173	143	178	157	187	217	178	151	98	184	149	174	79	217	73	250	101	170	62	105	63	147	72	170	66	173	92	209	67	207	63	260	54	188	61
PCNX3	1866	2981	3430	3061	3031	2617	2348	2022	2866	2370	2578	2492	2733	2900	2645	3049	2932	2913	3508	3522	3088	2752	2512	2592	2987	3504	2743	3052	3055	2869	2799	3106	2912	3308	2949	2790	2828	2995	2720	3254	2975	2361	2760	2789	3282	2765	2516	3815	2941	3526	2735	2922	3416	2318	2774	2344	2339	2654	2598	3372	2732	3500	2408	2752	2202	3415	2658	3132	2503
AC016910.1	0	0	0	0	0	0	1	0	1	0	2	0	2	2	4	2	1	0	0	5	0	4	5	2	4	7	4	0	2	0	3	5	2	2	0	3	6	5	7	1	5	5	1	4	1	0	3	0	0	10	2	0	2	0	10	0	0	1	3	5	4	2	4	1	0	0	1	3	2
CTC-338M12.9	43	75	85	69	62	70	64	57	100	83	94	44	89	67	93	95	84	86	83	69	64	90	77	106	86	110	80	95	114	72	85	80	99	60	74	89	84	72	74	85	96	88	104	120	172	140	60	148	122	105	127	120	108	44	131	92	124	145	130	141	130	151	99	131	57	128	124	145	99
RNU6-998P	0	0	0	0	0	0	1	1	1	1	2	2	0	2	1	1	1	0	1	1	1	1	0	1	2	6	4	1	1	1	1	1	1	1	1	1	1	1	0	1	5	2	3	2	0	2	1	1	1	0	2	1	3	1	0	1	5	5	3	5	1	1	2	0	1	2	3	1	3
SLC27A4	703	915	964	879	980	761	820	661	1017	752	880	761	904	986	1289	1101	1478	1004	1440	1281	1466	1109	1341	928	1474	1159	1297	1378	1424	1261	1253	1355	1425	1374	1423	1111	1363	1204	1232	1318	1381	972	1121	1178	1483	1316	1412	1621	1378	1445	1405	1297	1600	1132	1459	1352	1686	1628	1824	1770	1777	2082	1485	1688	1541	1900	1682	1847	1923
EVI5L	581	786	670	649	746	622	702	512	716	598	683	584	665	453	585	510	661	505	711	677	654	572	490	433	590	497	564	806	965	775	802	703	926	900	990	743	865	715	811	833	936	713	981	915	1287	999	1104	1085	1307	1110	1128	846	1093	880	1091	1345	1433	1550	1621	2102	1574	2218	1399	1779	1281	2128	1422	1978	1538
ZNF428	279	283	345	304	321	351	301	189	277	259	278	310	267	303	312	323	438	304	456	380	454	275	327	230	434	376	399	636	758	576	755	601	834	668	904	563	695	465	708	601	913	707	1108	961	1521	1078	1252	1295	1488	1227	1295	920	1390	1056	1336	1270	1540	1514	1616	1872	1636	2114	1448	1658	1616	2007	1524	1852	1742
ANKRD36P1	20	22	29	15	17	19	16	15	23	16	27	12	9	6	13	2	7	20	12	2	6	0	13	11	12	6	7	11	6	15	7	5	15	9	6	5	4	6	5	9	4	6	12	9	27	8	10	9	5	4	5	4	8	5	16	7	12	13	10	18	12	14	13	8	10	3	13	18	22
N4BP3	2534	3041	3400	2919	2984	2733	2729	2338	2977	2728	2806	2788	2841	882	506	971	487	936	667	1264	599	1056	468	1023	494	1176	443	162	144	173	155	186	213	209	170	165	144	163	166	199	179	94	152	136	179	154	130	127	171	137	122	139	181	109	153	118	184	127	160	234	185	175	192	156	193	145	183	169	204
RP11-48B3.2	294	308	244	306	259	357	244	245	188	278	236	284	183	286	201	288	110	254	160	306	158	329	168	328	161	374	132	114	76	112	77	90	67	117	62	140	80	101	78	144	63	104	106	94	73	94	95	131	93	104	70	104	63	98	104	142	118	201	79	206	118	190	140	175	127	224	132	261	109
SNRNP40	2085	1648	2080	1475	1750	1608	1804	1377	1934	1502	1826	1674	1740	1477	1430	1575	1497	1722	1554	1800	1680	1586	1377	1532	1621	1833	1382	1860	1606	1673	1477	1627	1611	1897	1466	1745	1442	1599	1397	2164	1481	1440	911	1509	920	1510	895	1883	790	1827	932	1496	1133	1822	880	872	675	1093	622	1210	792	1378	715	1192	792	1299	773	1316	714
PRR20C	0	0	0	0	0	0	0	0	0	0	0	0	0	0	2	1	0	1	0	1	2	0	1	0	1	0	2	0	0	1	0	0	0	0	0	0	0	0	1	0	0	0	0	0	0	0	0	0	0	0	0	0	0	0	0	0	0	0	0	0	0	0	0	0	0	0	0	0	0
TSPO	264	308	348	277	331	297	386	248	347	255	300	279	303	217	277	169	279	135	268	269	270	224	261	152	231	180	215	150	62	100	57	112	90	119	75	104	68	121	36	150	70	58	13	70	21	72	6	87	20	109	18	70	13	53	13	72	22	75	31	118	25	84	20	96	35	110	28	137	27
RP11-473E2.4	0	0	0	0	0	0	0	0	0	0	0	0	0	0	0	0	0	0	0	0	0	0	1	0	0	0	1	0	0	0	0	1	0	0	2	0	0	0	1	0	0	0	0	0	0	0	1	0	0	0	0	0	0	0	0	0	0	0	0	0	0	0	0	0	0	0	0	0	0
ABHD14A	45	48	57	40	46	56	49	28	49	34	43	51	45	105	84	71	87	85	82	125	74	70	98	51	96	104	70	59	40	38	41	42	57	58	36	48	51	48	39	59	53	39	42	43	53	64	51	39	31	56	50	43	31	37	59	83	83	80	80	68	96	109	61	83	67	83	65	61	93
PABPC1L2B-AS1	19	17	11	16	10	17	16	22	13	18	20	18	9	10	7	9	7	6	8	20	13	18	12	24	9	15	6	7	4	4	2	7	4	2	2	2	2	1	2	5	2	6	2	2	0	7	4	2	6	2	3	1	2	1	4	4	10	5	16	8	4	7	7	6	12	4	5	8	6
RNU6-45P	1	2	0	0	1	1	0	1	0	1	2	0	2	2	2	0	1	2	1	0	0	0	1	4	1	1	0	0	1	0	1	1	0	1	0	1	0	0	2	1	0	0	0	0	1	1	0	1	1	1	4	1	1	0	0	0	1	2	3	0	0	2	1	0	0	1	2	1	1
MS4A6A	0	0	2	0	0	0	0	0	0	0	0	0	0	0	0	0	0	0	0	0	1	0	0	0	0	0	0	0	0	0	0	0	0	0	0	0	0	0	0	0	0	0	0	0	0	0	0	0	0	0	0	0	0	3	0	0	0	0	0	0	0	0	0	0	0	0	0	0	0
CHSY3	90	61	47	55	33	44	47	52	49	34	72	79	39	35	41	34	33	48	40	59	24	48	33	30	30	50	37	44	28	32	13	22	25	45	22	28	24	24	10	33	30	5	8	7	10	14	9	8	3	8	5	12	18	6	7	0	5	0	8	3	6	2	12	4	7	6	4	0	3
UBTFL10	0	0	0	0	0	0	0	2	0	0	0	0	2	0	0	0	0	0	0	0	0	0	0	0	0	0	0	0	0	0	0	0	0	0	0	0	0	0	0	0	0	0	0	0	0	0	0	0	0	0	0	0	0	0	1	0	0	0	0	0	0	0	0	0	0	0	1	0	0
CTAGE4	171	155	200	164	166	171	138	158	159	180	166	171	166	107	103	113	84	139	86	163	81	118	92	136	93	148	94	41	52	47	33	44	40	33	42	49	30	49	18	50	30	28	21	33	13	31	18	25	13	28	25	26	19	22	28	28	22	38	26	47	16	49	21	46	21	37	23	40	20
RP11-4B16.3	4	3	1	1	0	1	0	1	0	1	0	0	1	1	7	0	5	0	6	5	2	2	9	2	6	1	1	0	11	0	4	3	1	0	4	1	3	5	5	2	4	5	6	1	9	0	6	6	6	4	7	1	7	0	2	0	1	2	3	9	2	8	0	10	0	6	5	6	3
GPAA1P1	2	1	2	1	2	1	2	2	2	1	2	2	2	2	3	3	3	1	3	2	4	3	2	3	4	3	4	4	3	2	2	2	2	2	3	3	3	2	2	2	2	2	2	2	1	1	1	2	2	3	2	2	2	2	2	1	2	2	2	3	1	3	1	2	0	2	2	2	2
NRBP1	5874	5035	6225	5096	5342	4909	5481	4113	5350	4563	5467	4730	5017	4605	4115	4706	4738	5081	4435	5971	4563	4640	4033	4686	4510	5451	4148	3952	4472	3935	4384	4023	4523	4413	4431	4067	3994	3777	3739	4553	4134	3598	4528	4265	4811	4363	4160	5378	3840	4700	4505	4021	5009	3989	4546	3922	4215	5080	4612	5851	4798	5697	4476	4980	4587	5589	4841	5722	4805
ARPC5	3580	2921	3355	3116	3242	3308	3236	2750	3093	3040	2963	3446	2947	3446	3366	3628	3388	3786	3232	4302	3596	3604	3090	3714	3376	4573	3089	3870	3374	3533	3234	3763	3651	3793	3372	3650	3205	3522	2868	4154	3417	2618	2716	3318	2679	3040	2687	3810	2509	3897	2767	2862	3133	3372	3057	2687	3026	3215	3013	3914	3239	3762	3222	3495	3589	3456	3679	3558	3315
RP11-77E14.2	14	14	25	18	11	14	16	11	12	15	13	10	4	9	13	11	10	20	7	19	14	14	21	11	10	10	11	3	8	2	6	10	8	6	7	3	10	5	3	20	9	1	25	5	26	6	11	21	20	7	4	8	11	2	8	3	8	10	6	15	10	16	11	10	1	9	6	8	3
GOLGA8N	17	20	14	13	11	15	13	9	25	9	20	15	23	8	11	10	12	10	12	14	8	14	9	12	15	13	10	10	12	15	14	14	16	10	10	11	11	12	12	12	12	15	13	30	5	6	8	14	5	23	4	23	12	11	10	10	9	13	15	28	17	20	14	14	6	13	14	16	12
RPL17	889	866	895	880	821	860	878	768	806	911	842	899	827	660	754	681	711	679	738	884	867	832	678	785	754	832	725	542	408	488	382	437	510	501	445	452	443	494	417	609	416	310	194	352	246	297	223	422	196	441	276	391	295	435	253	281	220	355	223	439	213	423	217	371	238	370	241	399	218
TRIM49D2	71	37	67	30	51	34	61	25	64	36	48	31	69	56	153	48	111	55	102	66	113	61	129	42	118	48	84	69	97	90	94	64	91	52	121	78	66	51	53	58	81	38	219	44	158	41	159	33	140	52	101	39	186	39	162	21	106	30	114	28	112	20	113	27	131	22	119	24	92
RP11-125O18.1	0	0	0	0	0	0	1	0	0	0	0	0	3	0	1	0	0	0	1	0	1	0	0	0	0	0	0	0	0	0	0	0	0	0	0	0	6	0	0	0	0	0	0	0	0	0	0	0	0	0	0	0	0	0	0	0	0	0	0	0	0	0	0	0	0	0	0	0	0
AC016716.1	230	176	209	168	166	223	188	193	226	191	189	202	175	161	169	149	208	183	188	174	168	171	166	187	209	218	196	127	139	108	98	139	146	126	130	119	165	158	109	168	134	122	105	109	107	128	98	129	94	151	103	151	146	135	109	124	86	161	104	168	101	204	97	210	84	218	140	161	100
RPL31P52	4	3	5	1	3	8	3	1	0	5	3	10	0	2	11	11	2	5	3	6	3	5	2	2	7	4	3	9	8	4	6	3	3	3	7	7	7	5	5	1	9	3	8	7	0	5	14	11	2	8	3	6	16	10	1	13	11	15	8	18	12	25	6	7	4	6	7	18	11
PRSS44	13	13	14	13	12	5	18	6	8	14	19	8	7	10	9	3	5	2	3	5	2	10	6	3	8	8	2	3	1	3	1	3	0	0	1	1	1	1	1	2	2	0	1	2	0	0	0	0	0	0	0	0	0	1	1	0	1	0	0	0	1	1	2	0	1	0	0	0	1
PRDM14	2829	2933	4069	3285	3076	2872	2750	2190	3183	2494	3115	2803	3283	1633	1892	1674	1834	1828	1881	2127	1945	1646	1731	1661	1951	2090	1787	1599	1862	1671	1861	1718	1950	1806	1800	1602	1693	1589	1620	1720	1783	2163	2164	2279	2707	2423	1888	3126	1877	2867	1902	2499	2165	1875	2003	2261	1327	2991	1176	3744	1233	3531	1145	3162	1148	3823	1386	3688	1255
RPAP3	2230	1396	2045	1530	1949	1852	1913	1407	1974	1524	1901	1893	1981	1457	1800	1631	1791	1893	1508	2088	1930	1718	1646	1787	1870	2167	1813	1471	1286	1564	1232	1411	1459	1546	1237	1564	1104	1382	1147	1751	1318	1031	939	1211	894	1235	863	1484	718	1427	891	980	1092	1185	970	751	738	1095	763	1142	776	1261	747	1058	855	1003	914	1048	864
FAM102A	1289	1918	1775	1760	1540	1617	1521	1417	1829	1421	1593	1517	1595	1301	1018	1292	1125	1248	1315	1539	1109	1153	918	1102	1107	1381	898	1213	882	983	748	1052	921	1128	1009	1027	799	1075	785	1197	806	717	681	862	870	882	593	1168	660	1078	704	869	635	737	530	712	481	1052	454	1156	544	1292	476	938	439	1192	518	1316	485
ZBTB6	896	577	762	598	707	719	558	606	676	677	659	687	679	801	906	908	901	902	666	1064	988	912	810	924	1029	1106	853	850	779	842	642	829	698	913	679	870	561	772	520	967	686	847	488	838	396	836	525	1017	502	853	544	855	650	904	655	617	538	887	435	832	488	843	495	892	619	900	654	902	619
NQO2	2344	2041	2521	2038	2303	1948	2108	1831	2293	1902	2215	2010	2133	1885	1698	2020	1713	1980	1718	2578	1861	1974	1402	1869	1626	2349	1571	904	720	827	736	854	857	826	696	765	599	797	639	1009	762	522	457	594	460	640	474	571	497	694	617	525	452	510	576	520	969	719	995	740	775	936	956	628	908	768	850	772	998
CHRDL2	8	12	14	17	5	14	6	10	20	3	12	14	16	11	10	21	16	11	25	24	9	18	8	23	12	22	9	5	2	9	2	5	2	2	1	15	1	5	2	8	1	1	5	3	0	0	1	1	1	2	0	0	0	0	0	0	4	0	5	0	2	0	2	4	2	0	1	0	0
PRR29	7	19	15	29	10	9	11	15	13	13	20	14	18	12	6	7	18	6	9	15	16	10	10	8	12	22	12	0	4	1	3	6	1	5	0	2	4	8	11	2	4	6	6	6	1	0	2	8	1	2	1	0	5	1	0	6	3	6	1	0	3	7	1	11	1	3	0	3	1
SPAG1	70	31	38	40	30	29	68	51	49	47	55	43	41	73	91	53	71	82	70	79	79	74	58	77	72	88	82	45	54	54	78	56	45	40	63	57	67	41	63	58	73	71	86	66	69	77	95	96	56	84	80	79	82	51	114	132	82	140	90	231	95	229	83	196	106	198	139	245	97
BACE1	797	857	873	785	886	787	792	655	886	813	891	755	811	772	1048	815	1061	771	1030	983	1109	898	971	820	1259	893	991	1771	2259	1507	2169	1686	2163	1915	2102	1756	1982	1780	1822	1851	2195	2143	2716	2490	3055	2383	2673	2952	2570	2906	2495	2312	3080	1864	2710	2660	2972	3306	3097	3555	3225	3935	2982	3276	2541	3693	3375	3948	3438
DGKQ	700	919	922	713	956	754	817	625	985	688	934	765	827	551	551	631	736	521	825	868	728	706	723	616	683	770	687	851	794	777	727	759	804	836	848	721	689	772	743	903	689	864	653	955	760	1046	724	1293	975	1182	942	1063	850	863	923	1437	818	1563	993	2214	1118	2060	876	1853	776	2300	1034	2401	954
AC012358.7	7	4	1	6	3	6	1	1	2	2	5	1	3	2	8	4	6	6	10	6	10	1	1	8	6	6	4	11	10	4	9	6	5	8	14	4	7	14	12	7	6	10	8	10	5	6	3	5	7	7	8	2	17	7	9	9	11	10	13	5	9	4	13	9	15	10	23	4	8
SLC44A3	205	147	187	128	173	165	154	205	159	160	191	189	180	1904	2537	1978	3043	1900	2812	2418	3160	2129	2807	1961	3156	2389	2952	4520	4339	4161	4090	4403	4443	4649	4169	4722	4001	4479	3539	5263	3863	4749	4259	5276	4780	5121	3659	6334	3203	5994	3798	4721	3615	5740	3593	6266	3046	8164	3105	9355	3219	9636	3006	8639	3428	9255	3546	9375	3347
EXOSC10	4013	3524	4671	3622	3690	3436	3679	2965	3706	3343	3754	3294	3804	2905	3267	3258	3640	3642	3439	3972	3664	3118	3237	3411	3595	4081	3244	3452	3856	3506	3672	3457	3979	3787	3782	3587	3521	3358	3310	3924	3504	3353	4323	3777	4527	3726	3668	4727	3633	4264	4093	3821	4377	3369	3696	3101	3584	3838	3556	4476	4169	4598	3710	4051	3235	4441	4002	4343	3772
RP11-29H23.4	3	0	2	0	8	0	0	4	0	1	1	1	1	0	0	1	0	2	0	1	2	0	3	2	0	0	2	0	3	1	1	4	0	0	0	0	1	0	0	0	2	1	4	3	0	1	1	0	2	4	2	0	1	5	0	0	4	3	3	5	1	0	1	0	1	2	2	0	0
RASSF9	22	33	27	17	25	47	14	27	28	34	23	33	37	26	29	26	20	24	18	38	13	20	15	24	23	40	17	1	2	7	6	8	3	4	2	12	2	0	1	0	6	6	2	2	9	4	3	4	0	7	0	7	8	0	7	2	3	5	3	5	5	11	6	9	4	5	1	4	0
RP11-323F24.4	0	2	3	0	2	4	2	3	0	1	0	2	2	3	1	6	0	8	1	2	2	3	3	0	0	8	7	6	10	10	11	9	7	2	4	3	5	4	4	10	2	4	1	6	3	5	3	4	16	12	7	1	9	9	6	7	3	5	4	6	5	7	7	2	5	8	11	10	5
VWA3B	8	11	4	8	4	6	7	7	6	7	5	8	4	1	1	1	0	2	0	3	0	3	1	1	3	1	1	0	0	0	0	0	0	1	0	0	0	0	0	0	0	3	0	1	0	1	3	0	0	0	1	0	0	2	1	0	1	1	0	1	3	4	4	1	0	3	2	5	2
HGFAC	9	11	2	11	9	2	8	4	2	16	6	2	1	21	15	13	16	7	10	21	22	26	7	11	8	12	7	33	36	18	39	28	27	26	23	17	20	34	26	12	25	39	202	38	296	49	166	56	219	62	154	36	139	57	139	69	364	111	335	126	295	144	328	101	254	86	310	104	350
AC020983.5	66	98	75	78	100	94	97	64	100	93	72	111	82	86	66	82	90	62	94	114	102	103	97	90	91	106	97	97	51	64	46	77	67	92	73	87	66	68	49	84	57	27	20	38	43	46	23	63	28	74	36	61	34	81	31	29	13	25	20	53	20	57	15	45	24	47	27	45	24
CA5A	1	2	2	1	1	1	1	5	1	0	0	1	1	1	0	1	3	0	1	3	0	0	0	1	0	1	2	0	0	1	1	1	2	0	1	1	1	1	1	0	3	1	1	2	1	0	1	2	2	0	3	3	1	0	1	2	1	1	1	1	0	4	1	0	1	2	1	2	0
RPL17P25	1	1	1	1	2	1	2	0	0	1	2	0	2	1	0	0	1	0	2	4	0	2	1	0	0	2	3	0	3	0	2	5	0	4	0	2	0	3	0	0	0	0	2	2	0	0	0	0	0	0	0	4	1	5	0	0	0	0	2	4	0	0	0	0	0	0	3	1	0
RP11-478K15.6	0	0	2	0	0	0	0	4	0	0	0	0	0	0	0	0	3	0	2	0	0	0	0	0	0	2	0	0	0	0	0	1	2	0	0	0	0	0	1	0	0	0	0	0	0	0	0	0	0	0	1	0	0	0	0	3	0	0	0	0	0	0	0	0	0	0	0	0	0
RP11-44M6.3	2	7	2	6	5	0	2	9	6	5	8	3	8	1	4	6	2	7	1	5	13	1	0	9	10	12	6	4	8	4	3	1	3	4	1	4	5	0	1	4	4	1	1	3	5	0	0	3	2	4	2	0	6	0	1	0	3	0	0	1	1	0	2	5	4	3	4	1	0
RP11-347C12.10	22	29	35	24	35	11	17	22	35	13	23	25	15	30	27	29	30	42	43	43	38	33	21	45	29	31	28	27	42	18	45	47	55	26	37	18	24	47	37	40	23	21	30	29	31	40	23	36	31	40	29	24	33	29	28	25	23	33	33	43	25	27	20	34	19	31	31	37	13
FECH	1083	851	1096	830	992	938	958	681	1014	866	1118	820	997	732	909	756	861	865	793	976	1044	860	820	791	958	937	890	989	1072	867	963	907	987	986	1040	818	891	857	919	964	1000	749	662	952	612	817	690	895	563	831	683	729	753	823	720	675	657	775	636	943	727	899	644	879	731	884	783	894	732
RP11-1081L13.4	13	9	7	3	4	6	14	13	15	5	16	9	4	1	4	13	14	2	4	11	9	22	1	9	9	3	11	15	3	4	11	7	18	2	10	11	6	9	11	5	15	8	5	11	5	14	17	5	7	17	9	7	18	8	13	20	6	15	18	10	13	13	14	6	10	10	14	29	9
ZNF775	736	869	863	857	847	830	820	671	847	774	826	786	717	473	410	466	532	399	613	599	515	572	445	513	550	457	444	726	650	584	531	629	614	665	604	567	540	604	456	637	580	557	477	777	571	890	402	1034	561	1023	567	836	567	815	554	852	531	1010	592	1346	692	1359	542	1185	565	1458	685	1417	625
FTCDNL1	43	47	56	32	34	42	39	23	52	25	40	20	31	10	8	17	3	18	8	11	10	11	17	16	10	27	12	29	14	9	33	24	14	29	20	21	12	28	20	18	24	23	10	14	17	28	11	27	6	36	10	20	23	26	8	33	13	23	14	13	14	17	6	13	17	34	6	27	16
ERVMER61-1	5	0	7	2	7	0	0	4	3	0	5	0	4	4	63	3	56	4	50	11	45	9	32	2	59	1	35	2	35	9	32	0	26	7	36	1	23	5	28	4	23	0	11	0	10	0	7	1	30	1	18	3	26	2	16	0	1	1	3	0	5	0	13	0	6	1	8	0	1
EIF4HP2	55	58	46	32	16	54	30	41	48	42	61	45	38	47	32	49	45	41	42	74	27	41	32	34	49	53	41	15	24	30	37	14	36	16	24	25	19	34	14	35	22	61	86	89	143	55	57	65	90	86	78	70	89	57	55	82	67	76	61	101	73	99	64	79	57	89	77	126	58
BTBD11	533	560	548	485	588	560	520	510	575	501	529	474	505	262	238	326	269	254	201	393	243	372	253	303	254	361	269	187	142	159	148	184	142	196	131	177	115	191	115	239	117	95	172	121	164	118	146	107	237	138	141	124	156	74	146	58	322	82	278	87	299	103	374	67	243	84	265	97	421
FAH	616	631	743	605	624	585	658	456	698	474	587	528	506	434	354	464	456	402	427	487	422	487	388	418	387	535	353	259	170	264	204	168	208	280	160	224	185	242	159	265	163	83	60	97	66	116	80	115	103	159	77	111	85	129	87	71	92	90	83	74	120	107	71	66	93	62	104	89	70
MTHFD2P3	0	0	0	0	0	0	0	2	0	0	0	0	0	0	0	0	0	0	0	0	0	2	0	0	0	0	0	0	0	0	0	0	0	0	0	0	0	0	2	0	0	0	0	0	5	0	0	0	0	0	0	0	0	0	0	0	0	0	0	2	0	1	0	2	0	2	0	1	0
RP11-225B17.2	18	16	25	25	22	17	11	21	30	20	12	18	13	8	15	11	18	24	5	23	23	28	19	16	34	30	7	26	20	7	10	30	14	7	21	19	12	25	7	31	14	13	17	15	8	16	13	14	9	8	21	16	12	16	18	23	21	30	26	36	15	52	19	40	13	29	30	42	19
UQCC1	1950	1504	1907	1443	1613	1410	1701	1430	1808	1449	1709	1458	1567	1631	2138	1624	2295	1570	2158	2183	2424	1817	2098	1669	2218	1966	2315	2047	2209	1767	1943	1831	2194	2122	2136	1836	1848	1851	1719	2091	1848	1677	1413	1918	1514	1997	1319	2359	1220	2226	1414	1992	1453	1668	1343	1504	1219	1828	1260	2017	1374	2173	1193	1668	1290	2293	1336	2334	1348
RP11-452G18.2	306	362	358	306	327	311	363	288	359	288	324	342	333	345	334	313	397	304	404	407	380	345	343	309	364	385	338	336	271	262	242	279	303	313	296	263	274	241	238	308	278	167	131	220	217	253	149	316	172	288	174	247	156	281	150	145	82	161	87	226	124	242	98	192	111	229	112	234	101
TAF8	996	1015	1078	1005	996	976	955	969	1097	1099	1064	969	1006	1204	1160	1223	1438	1241	1152	1539	1391	1418	1218	1309	1525	1527	1324	1596	1432	1442	1299	1468	1380	1677	1359	1517	1259	1605	1181	1933	1274	1446	953	1595	1103	1440	847	1853	817	1862	766	1605	1124	1392	906	789	598	942	575	1129	660	1283	574	1020	592	1170	692	1190	644
TMEM120B	1421	1551	1732	1345	1547	1373	1558	1191	1706	1330	1698	1275	1499	2010	3655	2174	4588	1925	4624	2521	4019	2178	3687	2039	4748	2686	4381	7526	8717	6750	7820	7431	8586	7292	8102	6590	7371	7537	7335	8034	7610	8854	9125	10019	11886	10203	8211	13424	9418	12495	8985	10701	9090	8104	8637	11395	8256	13738	8540	16651	9105	17573	8258	14941	7681	17555	9456	17030	8841
PCDHB19P	26	25	35	24	20	30	23	11	20	18	27	25	37	31	49	39	38	34	37	49	36	38	24	52	46	51	30	17	55	28	47	26	35	27	29	22	27	37	54	50	54	59	154	63	127	27	122	55	146	64	96	43	111	26	115	103	102	119	96	155	69	112	69	117	74	124	126	121	101
TNFRSF1B	106	94	90	81	104	66	101	61	147	74	108	77	93	249	710	175	782	177	742	282	795	258	644	168	772	245	721	2008	1197	1423	1115	1723	1365	2035	1232	1669	1231	1869	1100	2060	1191	1371	232	1552	241	1504	268	2472	222	2307	226	1781	484	1438	291	750	110	796	110	987	191	879	98	1027	128	1310	149	1185	96
HM13	6331	6683	8087	6652	6749	6540	6139	5302	7063	5731	6561	5996	6600	8033	8844	8565	9978	8566	10186	10274	10045	8110	8269	8012	10019	9603	9102	7533	8418	6763	7742	7278	8597	7848	8029	6899	7487	6688	7177	7791	7898	6198	7931	7098	9329	7525	7615	9639	7118	8536	8004	7399	8989	7210	7519	7381	6625	8895	6865	10974	7472	11277	6691	9470	6772	10443	7442	10534	7048
CTD-2595P9.4	20	18	27	21	13	29	23	16	16	17	16	24	14	22	19	14	27	27	29	39	12	42	20	28	20	25	31	36	31	27	23	14	25	15	24	36	29	36	27	39	27	32	24	40	13	27	35	26	40	39	18	40	28	25	34	27	22	36	22	31	50	46	26	37	38	32	33	32	31
SURF4	7097	8675	8513	8160	7959	7841	7291	6837	7634	7026	7432	7501	7573	8047	8153	8242	8902	8275	9044	10307	9339	8457	8096	7968	8951	9597	8101	7589	6384	6880	6319	6992	6423	7799	6600	7044	5987	7042	5546	8046	6507	5130	5105	6194	6312	6202	4666	7917	4730	7548	4706	5848	5535	6274	4677	5213	3845	6329	4101	7604	4323	7317	3835	6307	4175	7627	4515	6667	4081
VSIG1	65	36	57	40	60	25	44	44	51	33	39	49	31	8	25	10	11	22	23	15	31	18	20	21	20	16	16	0	2	2	1	3	3	2	9	8	3	1	0	4	1	0	3	0	0	0	1	0	4	0	1	0	2	0	0	4	1	2	1	0	3	0	2	0	3	0	4	2	2
AC005307.1	50	54	60	40	40	54	36	33	54	36	60	40	39	28	22	31	28	25	22	58	16	29	25	25	39	29	29	16	6	19	9	16	10	29	12	20	8	15	9	19	21	5	1	7	0	2	0	3	0	11	5	11	0	15	0	2	0	2	1	2	1	3	3	0	0	0	0	0	0
FLNB-AS1	78	120	109	103	78	93	81	110	101	117	99	80	116	67	39	61	51	56	31	80	39	47	48	67	56	95	56	18	46	35	19	15	27	39	20	49	23	29	12	31	35	58	45	52	73	48	52	36	72	53	42	46	67	18	37	61	93	64	60	99	78	95	59	71	59	65	77	70	80
RP11-330A16.1	14	14	8	2	9	10	4	19	18	4	10	21	13	16	6	7	4	11	19	9	2	7	1	6	0	18	0	0	1	3	0	0	0	0	0	0	3	1	0	0	0	0	2	1	0	0	0	0	0	0	0	0	0	0	0	0	0	0	1	0	0	0	0	0	0	0	0	0	0
RP11-383C5.5	2	3	2	0	0	3	1	2	2	2	0	2	8	1	2	9	4	2	2	1	1	1	2	3	5	3	3	0	5	1	1	2	7	4	4	3	4	5	3	3	3	5	1	5	9	8	1	5	1	4	7	6	6	2	4	4	3	1	3	8	8	8	4	8	2	4	17	7	7
HAUS3	917	558	812	551	638	641	754	500	753	511	632	612	750	646	721	763	709	875	665	961	705	726	716	773	810	888	741	1078	896	998	969	914	972	1003	862	1078	802	959	776	1149	908	924	588	942	549	1003	605	1106	487	1067	735	920	839	878	644	618	521	784	472	857	630	945	519	843	686	878	647	890	648
CTA-397H3.3	0	3	0	1	5	0	3	1	0	0	0	2	1	0	0	0	0	0	0	0	2	0	0	0	0	0	0	0	0	0	0	2	0	1	0	0	0	0	0	0	0	0	0	0	0	0	0	0	0	0	1	0	0	0	0	0	0	0	1	0	0	0	0	0	0	0	1	0	0
RP11-438D14.3	1	1	8	2	0	3	3	0	4	7	0	2	5	4	2	0	0	0	0	1	2	0	2	1	2	0	2	2	2	2	0	0	0	4	0	0	0	1	0	0	0	4	0	0	0	0	0	0	3	0	0	0	0	0	0	0	0	0	0	0	0	0	0	0	0	0	0	0	0
RP11-432N13.2	29	39	37	32	28	32	32	29	30	34	35	25	40	19	12	16	14	13	14	19	19	20	12	21	12	38	8	6	8	9	6	4	3	6	4	8	9	11	8	10	3	4	18	4	11	6	12	15	10	3	8	7	11	8	12	5	10	2	12	4	10	10	10	9	16	9	12	8	6
CPA4	0	0	0	0	0	0	0	0	0	0	2	0	2	7	5	1	10	4	11	4	1	6	6	2	3	3	17	12	2	4	1	14	4	2	6	4	3	8	0	5	8	4	1	3	0	4	1	3	0	14	0	7	1	1	0	6	2	7	1	10	1	5	1	6	1	4	0	13	2
LINC01630	31	17	32	14	26	10	22	14	21	21	33	30	24	10	39	24	24	21	47	35	35	24	30	28	39	29	38	1	5	5	6	0	7	7	17	0	4	5	4	1	2	5	8	0	12	11	22	1	2	0	6	2	21	0	14	2	20	1	11	9	43	3	32	6	21	5	24	4	16
MED28	4471	3543	4442	3431	3740	3683	4008	3424	3940	3594	3900	3920	3888	3175	3056	3518	3234	3519	2918	4117	3319	3561	3049	3532	3405	4103	3166	2787	2824	2630	2743	2609	3107	2838	2722	2853	2431	2698	2289	3244	2677	2796	2375	3099	2194	2771	2179	3512	2157	3423	2316	2765	2556	2776	2271	2767	2278	3629	2252	4215	2265	3907	2193	3729	2268	4018	2445	4169	2354
RNA5SP131	0	0	0	1	0	0	0	0	0	0	0	0	0	0	0	1	0	1	0	0	1	0	0	0	0	0	0	0	0	0	0	0	1	0	0	0	0	0	2	0	0	0	0	0	0	0	0	0	0	0	0	0	0	0	2	0	0	0	0	2	0	0	1	0	0	0	0	0	0
MGAT2	89	102	98	103	104	70	107	90	122	106	121	78	135	118	85	120	140	102	169	157	130	124	88	106	135	141	111	99	104	130	81	134	115	145	130	91	102	96	108	122	113	76	71	93	91	96	71	153	96	129	100	117	106	86	70	87	60	72	82	119	89	126	64	118	58	145	75	125	80
CADPS	650	661	831	613	547	574	642	526	564	632	673	648	612	1755	1646	1814	1889	1954	1865	2058	1856	1779	1433	1900	1921	2191	1794	4348	6039	4485	5744	4406	5659	4662	5395	4370	4789	4239	5074	4759	5760	6572	11468	8037	12255	7137	9632	9544	9343	8334	10053	7516	10725	6462	10366	7999	10104	10859	9509	11629	9822	12595	9012	10261	8473	10740	11211	11877	10236
CDC42P3	2	2	0	0	2	0	0	1	0	0	0	0	0	0	0	3	0	0	1	0	1	0	0	0	1	7	6	1	1	0	0	0	0	1	2	3	2	2	0	0	0	0	0	6	0	1	0	0	0	0	3	0	0	4	2	2	2	0	0	0	0	3	1	1	0	5	0	2	0
RP11-1415C14.4	31	35	39	25	28	31	31	29	32	32	39	27	29	38	35	35	36	44	42	53	28	38	29	46	40	43	36	38	47	45	40	44	39	42	38	34	30	43	38	43	37	44	35	42	38	40	31	46	33	50	40	52	47	30	37	41	53	53	43	48	47	56	36	47	40	55	54	60	49
TREHP1	1	0	0	0	1	1	0	0	2	2	1	1	1	0	0	0	0	3	1	0	0	0	1	0	0	0	2	0	0	0	0	0	0	0	0	0	0	0	0	0	0	0	1	0	3	0	0	0	0	0	0	0	0	0	0	0	0	0	0	0	0	0	0	0	1	0	0	0	0
KCTD9P3	65	31	40	21	35	28	28	18	47	28	31	31	33	33	37	47	44	27	37	49	43	37	38	36	48	49	47	54	52	42	35	59	50	59	48	56	43	64	39	56	46	26	26	37	21	33	17	39	15	38	17	36	26	28	21	23	12	23	13	24	19	27	8	21	20	24	11	44	16
RP11-390P2.4	83	88	75	99	96	85	69	72	71	72	113	65	91	142	137	112	138	90	146	158	135	147	159	111	158	178	136	222	222	181	198	191	247	224	213	195	199	182	166	224	202	123	54	152	60	166	66	183	66	157	50	135	149	166	66	193	81	192	87	301	110	261	88	228	120	264	107	336	65
AC018712.2	1	0	0	0	0	0	0	0	0	0	2	0	0	0	0	0	0	0	0	0	1	0	0	0	0	1	0	0	0	0	0	0	0	0	0	0	0	0	0	0	0	0	0	0	0	0	0	0	0	0	0	0	0	0	0	0	0	0	0	0	0	0	0	0	0	0	0	0	0
SNURF	94	46	87	60	56	65	74	77	68	74	62	89	95	54	39	70	31	40	61	75	34	54	29	84	58	79	57	30	47	33	46	36	39	26	35	24	44	45	33	54	32	46	69	39	54	53	49	27	37	34	52	20	74	49	55	49	52	56	55	72	48	101	38	67	41	56	52	56	32
GALNT3	803	596	523	458	579	671	484	663	602	554	607	659	622	175	95	173	66	127	71	250	101	197	91	258	83	215	116	28	14	23	6	12	11	24	13	18	9	16	6	13	9	10	44	14	46	15	32	2	38	8	31	3	21	13	42	22	55	27	38	27	49	20	38	10	39	14	37	22	52
SDHAP1	247	291	274	220	226	235	252	255	246	252	267	185	239	240	386	327	352	282	328	407	349	307	334	328	387	372	350	504	557	466	479	504	566	411	530	424	417	512	418	495	479	529	573	591	612	456	488	749	457	615	513	562	628	446	486	452	418	588	440	637	481	640	479	560	375	627	446	732	544
RP11-757G1.5	4	0	1	1	1	0	0	1	0	0	2	1	0	1	8	5	4	9	7	4	4	1	4	9	2	0	4	2	1	1	6	1	6	7	1	0	0	1	7	1	12	3	9	7	8	3	17	9	0	18	0	4	19	9	4	0	6	3	13	15	5	5	8	5	3	0	4	6	3
AC138744.2	59	58	44	41	40	36	46	57	57	36	46	32	53	52	41	66	54	60	55	71	60	48	33	72	31	56	44	35	40	33	34	50	47	46	44	43	33	45	18	49	35	38	18	53	25	44	25	55	10	54	48	38	26	61	26	34	16	33	24	33	22	29	28	37	24	63	48	41	34
RP11-255H23.2	998	847	947	814	792	974	882	934	907	1001	861	830	936	713	764	626	648	746	597	856	784	780	679	847	786	862	757	651	561	612	579	734	512	762	537	747	509	775	448	812	565	501	273	384	186	544	234	568	130	477	211	454	190	389	182	283	194	396	184	379	191	407	191	402	187	444	242	428	270
RNU6-57P	0	0	1	0	0	0	0	0	0	2	0	0	0	0	0	0	0	0	0	0	0	0	0	0	0	0	0	0	0	2	0	0	1	0	0	0	0	0	0	1	0	0	0	0	0	0	2	0	0	1	1	0	2	1	2	0	0	0	0	1	0	0	1	1	1	0	5	0	0
PCDHA8	77	121	109	94	90	106	89	83	108	92	99	138	107	155	148	158	141	174	159	217	153	167	123	186	157	240	167	106	160	141	140	176	106	197	148	147	110	141	133	163	118	133	147	148	186	176	166	214	189	176	173	177	185	133	193	203	156	251	157	302	165	274	158	280	134	288	187	343	191
CYFIP2	4544	5016	5283	4704	4992	4325	4555	3774	4628	4131	4906	3917	4377	3330	2899	3568	3018	3377	2987	4159	3029	3520	2398	3331	2764	4012	2681	2921	3795	2713	3669	2898	3982	3056	3766	2649	3350	2694	3077	3053	3755	3572	4016	4302	4078	4237	4240	5046	3890	5076	4070	4056	4625	3699	4311	3995	5242	5003	5141	5833	5034	5618	5181	5134	4063	5405	5480	5190	5090
RP11-15E18.5	581	420	465	372	464	452	465	469	477	428	442	425	454	388	378	398	470	485	439	464	480	428	457	433	487	553	413	421	337	337	352	347	402	427	371	387	344	361	322	442	354	344	209	377	264	336	244	474	207	465	268	324	274	457	263	272	178	381	204	371	239	396	226	387	306	402	254	389	235
GTF2F2	1925	1213	1788	1306	1545	1485	1629	1201	1624	1368	1453	1521	1434	1378	1664	1460	1717	1554	1606	1604	1710	1583	1508	1470	1604	1700	1687	1614	1397	1426	1386	1539	1517	1555	1541	1542	1279	1432	1221	1765	1443	1562	1047	1715	1039	1636	1064	2088	992	1891	1091	1547	1267	1984	1053	1465	914	2036	886	2096	917	2260	915	1974	1144	2263	1051	2263	1038
RP13-941N14.1	26	40	32	35	16	52	39	15	45	29	23	21	36	12	5	12	5	11	6	19	7	19	3	9	6	19	4	1	1	0	4	2	2	2	6	2	1	0	8	1	2	3	1	3	0	4	0	1	0	3	8	9	1	2	0	7	4	2	0	1	2	2	1	3	2	0	0	1	4
RP11-418J17.3	11	9	21	7	16	15	19	6	14	6	20	10	18	1	2	0	6	1	2	2	0	4	0	1	1	2	2	0	0	0	0	0	1	0	0	0	0	0	0	0	0	0	0	0	0	0	1	0	0	0	0	0	0	0	0	0	0	0	0	0	0	0	0	0	0	2	0	0	0
RP3-431P23.2	1	0	0	2	0	0	1	1	1	0	1	0	0	0	1	0	0	0	0	0	1	0	1	0	0	0	1	0	2	0	0	4	0	0	0	0	1	0	0	0	0	0	1	0	0	0	0	0	0	1	0	0	0	0	0	0	0	0	0	0	0	0	0	0	0	0	0	1	0
RP11-128M1.1	9	14	17	6	30	19	11	10	10	9	12	2	8	9	5	6	2	4	8	6	5	1	3	10	5	4	2	2	2	2	2	1	0	6	3	0	0	0	0	2	4	4	0	0	9	6	4	0	0	3	0	1	4	0	1	0	1	2	3	0	1	0	2	1	5	0	1	0	1
AC138647.1	0	0	0	0	2	0	1	0	1	0	1	0	0	1	1	0	0	0	3	0	1	1	6	2	0	0	2	2	1	2	0	3	4	3	4	2	4	4	0	2	1	0	1	0	1	9	0	7	0	4	4	4	0	4	0	1	0	4	0	3	1	2	0	0	1	8	0	5	1
SUGT1P3	3	5	10	6	5	3	6	1	9	6	9	9	10	11	3	4	4	7	3	1	2	9	4	5	4	7	12	3	5	4	6	1	10	5	4	5	13	9	8	6	10	4	7	9	12	9	3	10	16	4	20	2	13	1	6	1	19	5	14	11	12	9	19	3	18	1	13	12	13
ASS1P7	55	72	40	54	43	38	46	53	46	50	28	54	40	384	872	363	752	369	676	506	624	435	592	396	664	451	576	342	208	260	202	317	229	403	224	279	198	363	188	366	176	70	41	76	43	77	43	68	37	77	30	61	63	72	34	65	42	107	52	148	60	111	50	101	47	102	53	221	40
RP11-119F7.5	185	165	175	168	159	198	148	191	210	173	136	225	182	83	110	104	90	125	72	155	102	126	83	147	90	182	112	112	105	90	98	128	112	111	92	148	85	113	87	141	98	128	223	121	334	118	167	206	111	145	153	126	154	173	150	111	102	166	116	161	134	158	150	142	156	124	179	130	162
MIR155HG	15	7	10	4	5	6	9	16	10	6	7	14	8	4	6	0	2	9	1	2	4	2	3	10	0	15	7	1	1	2	0	1	2	1	2	0	0	3	3	0	1	2	3	3	0	2	3	1	6	0	1	1	2	1	2	2	0	0	2	4	4	3	2	0	3	0	4	1	3
ECM2	5	0	6	7	1	1	1	3	0	3	1	2	4	1	1	2	3	4	4	3	0	4	2	1	3	1	11	3	5	8	4	2	4	0	8	5	0	4	0	11	4	4	11	6	9	1	7	4	7	1	3	2	5	2	5	4	7	15	4	9	4	17	4	8	10	5	8	9	11
CEACAM1	42	59	83	66	65	68	44	47	66	65	82	37	46	50	34	61	32	51	44	81	28	65	19	55	44	55	47	6	14	6	15	4	13	6	10	6	4	9	18	12	9	13	12	10	7	5	9	15	17	19	14	13	23	5	6	19	16	21	20	31	17	20	20	19	13	4	30	35	25
COX7CP1	2011	2005	2076	1920	1856	1891	1795	2006	1975	2126	1718	1961	1761	1610	1520	1616	1777	1721	1684	2099	1833	1720	1481	1655	1523	2037	1272	1469	1196	1402	1199	1427	1555	1491	1251	1380	1123	1409	1059	1757	1166	1095	745	1391	884	1313	851	1654	746	1634	959	1131	884	1535	784	1031	688	1223	680	1518	759	1365	610	1281	829	1695	709	1498	777
RP11-157D18.2	6	2	1	1	3	1	1	1	2	0	2	3	0	0	0	0	0	0	1	2	0	0	1	1	3	4	0	0	0	0	0	1	0	1	0	0	0	1	0	2	0	1	1	0	0	1	0	0	2	0	0	1	0	0	0	0	0	0	0	0	0	1	2	0	3	0	2	0	0
TREM1	0	0	0	0	1	0	0	0	0	0	0	0	0	0	0	0	0	0	0	0	0	0	0	0	0	2	0	0	0	0	0	0	0	0	2	0	0	0	0	0	0	0	0	0	0	0	0	0	0	0	0	0	0	0	0	0	0	3	0	0	0	0	0	0	0	0	0	0	0
RP11-449J21.3	34	52	94	49	43	46	68	41	69	46	59	76	64	61	70	72	77	105	62	110	50	89	55	83	79	101	87	77	120	63	125	82	161	63	117	58	91	61	89	85	84	78	246	91	191	102	199	107	262	93	248	119	250	61	246	135	318	175	328	220	339	247	351	189	206	187	298	210	317
TMEM266	147	133	103	72	109	115	146	105	157	94	135	76	97	85	116	64	150	76	156	74	179	119	135	67	145	143	137	151	109	89	104	139	112	151	112	133	86	145	133	170	141	80	66	77	25	114	67	77	78	99	57	78	65	89	59	44	81	61	59	102	85	70	67	64	88	68	88	85	63
AC069257.6	1	0	0	3	1	0	1	3	4	1	1	0	0	0	2	4	0	0	1	1	0	0	0	4	1	0	3	1	0	1	1	3	1	0	2	2	1	1	2	3	0	5	0	2	0	0	0	0	0	3	1	2	8	1	2	2	1	1	1	0	6	3	4	0	8	0	5	3	2
RP11-989F5.4	1	1	1	0	0	0	0	0	0	0	0	0	0	4	1	4	0	4	0	1	1	8	3	2	1	6	3	1	0	1	3	0	3	0	2	1	1	0	1	2	2	3	5	2	5	0	3	0	7	2	8	2	4	0	1	2	1	3	1	1	3	2	0	0	1	0	7	8	2
RP11-461O14.3	62	66	76	62	88	48	74	44	59	35	40	64	60	47	51	54	64	60	73	44	54	89	46	27	81	58	48	38	20	24	24	22	38	42	28	30	25	36	16	53	21	20	15	26	25	29	12	44	28	27	11	38	24	29	17	23	14	26	18	29	21	27	11	34	10	37	16	29	44
RP4-751H13.5	4	3	3	4	2	0	1	5	1	1	1	7	6	3	9	9	13	5	2	0	5	8	3	9	7	4	8	6	6	16	11	10	11	11	27	12	9	11	13	10	14	19	13	12	10	6	5	25	7	11	8	13	6	27	8	12	14	12	12	4	16	11	11	13	9	15	18	19	5
CRTC2	703	814	883	852	757	843	837	669	801	706	813	738	771	648	688	685	719	682	803	974	760	836	567	709	691	853	675	746	878	647	742	691	867	672	785	593	592	641	717	791	658	682	968	831	1133	831	840	1100	723	1066	918	893	991	745	873	825	773	1008	756	1150	940	1258	756	1028	633	1063	910	1191	823
BMP8A	4	12	15	8	21	15	11	5	12	10	9	13	4	8	5	1	3	5	8	8	4	3	4	7	7	3	5	0	1	3	2	1	0	1	0	2	6	2	0	1	1	0	8	9	8	3	3	0	7	2	4	0	4	0	2	3	6	7	9	2	6	8	21	14	18	1	17	2	13
RNA5S13	0	0	0	0	0	1	0	1	0	0	1	0	0	0	0	1	1	0	0	1	1	0	0	1	0	0	0	1	0	0	0	0	1	1	0	0	0	0	0	1	0	0	0	0	0	0	0	1	0	1	1	1	0	1	0	0	0	0	0	0	0	1	0	1	0	0	0	1	0
PRMT9	718	468	743	508	627	551	638	456	611	497	585	543	557	748	612	705	745	765	636	973	771	787	609	854	804	812	677	547	548	599	492	536	583	686	638	575	529	540	519	701	491	425	254	524	178	493	235	617	261	539	413	543	429	425	325	318	314	417	255	413	269	556	256	497	341	533	409	543	319
NBPF8	263	252	348	273	268	289	230	221	295	267	283	213	312	375	549	375	575	361	537	476	462	393	491	486	580	511	516	503	507	493	450	484	570	460	556	492	440	520	429	523	438	367	295	376	252	361	314	475	290	428	309	404	438	255	430	287	422	416	469	443	455	396	425	307	438	383	501	568	526
C7orf33	0	0	0	0	0	0	0	0	0	0	0	0	0	9	5	8	14	6	18	9	26	10	10	10	14	7	7	3	2	10	2	5	4	2	4	2	4	6	15	3	0	1	0	2	5	0	4	6	0	5	0	1	2	4	1	2	2	2	0	1	0	0	0	0	3	2	1	6	3
RP11-67L3.5	13	16	17	17	13	14	15	11	13	13	18	15	17	15	8	15	13	12	12	16	12	11	9	12	9	13	8	11	12	14	13	12	9	12	10	14	9	11	9	14	12	17	19	18	14	18	12	25	8	28	8	15	14	11	7	17	8	21	9	17	8	20	10	20	7	24	8	18	11
C10orf107	1	0	0	0	0	4	1	3	0	2	0	2	0	0	0	0	0	0	1	0	0	0	0	2	0	0	0	0	0	0	0	0	0	0	7	0	0	0	0	0	0	0	0	0	0	0	0	0	0	0	4	0	2	0	2	1	4	0	4	0	1	0	1	0	0	2	2	0	0
RP1-90G24.11	2	0	4	1	0	2	0	0	2	2	0	0	1	3	3	1	0	0	0	1	1	0	1	3	1	2	2	9	3	1	2	3	0	2	7	4	0	2	6	0	0	2	4	1	2	0	1	1	0	1	0	2	1	0	1	0	2	0	2	0	6	0	3	1	0	1	2	0	6
NBPF2P	60	65	33	55	42	45	46	32	32	42	39	49	43	37	45	44	45	33	44	60	42	44	52	35	41	43	51	38	32	42	8	14	17	23	40	56	24	32	18	61	36	24	15	24	7	24	13	28	16	29	14	27	16	25	21	24	20	24	33	40	21	38	32	41	14	23	30	19	22
RP11-292K15.1	1	2	1	2	4	5	6	5	1	6	2	6	2	5	0	2	4	2	5	3	4	6	4	3	7	3	3	4	1	1	0	2	2	5	3	5	0	1	0	2	2	2	0	2	3	0	0	4	1	2	2	4	2	6	1	2	0	3	2	4	0	3	0	2	1	4	3	7	0
PFN1	21495	23093	24723	22430	22604	22121	22106	18373	22790	19906	21071	22460	21082	22439	19913	23381	20931	22247	21528	28555	22394	23575	19582	21675	20958	27305	18890	12806	9289	10925	8564	11588	10711	12737	10666	11635	9302	10600	8794	13205	9875	6129	6045	7841	7017	7961	5837	9838	5605	10282	6392	8147	7308	9855	5853	4690	4887	5495	5057	6697	5680	6949	4594	5962	5871	7232	5530	6504	5175
CPHL1P	2	0	0	0	0	0	0	0	3	0	1	0	0	1	0	0	0	0	1	0	0	0	0	1	1	0	1	1	1	0	0	0	0	4	0	0	0	0	0	0	0	1	0	0	0	0	2	0	0	0	0	0	5	0	0	0	1	0	0	0	0	0	0	0	1	0	0	1	0
CTB-31N19.3	10	5	4	5	4	4	3	8	5	5	5	4	4	7	13	7	15	9	1	6	4	10	3	12	12	2	9	7	4	3	2	0	8	4	6	8	3	1	3	7	3	13	6	2	4	0	3	0	2	3	2	9	10	0	2	2	2	8	5	4	3	1	3	6	1	2	4	3	10
RP11-737O24.3	632	526	659	609	546	605	570	438	524	506	555	640	574	611	989	621	1028	673	978	847	1116	646	951	657	1099	764	923	526	604	566	662	489	662	526	678	516	512	503	514	605	512	341	317	412	335	417	338	468	242	501	304	327	403	447	365	233	202	289	215	324	219	433	225	268	227	368	267	291	220
RP11-389C8.1	0	0	0	0	1	0	0	0	0	0	0	0	0	0	2	0	2	0	2	0	0	0	0	0	2	1	0	0	0	0	0	0	0	0	1	0	0	1	0	0	0	0	0	0	0	0	0	0	0	0	0	0	1	0	1	1	1	1	0	1	0	0	0	0	2	0	0	0	0
ZNF649	2893	2091	2837	2115	2363	2198	2482	1896	2214	2098	2426	2082	2425	1230	1079	1427	1013	1720	1037	1689	1211	1316	965	1408	1110	1727	1079	783	774	747	805	796	800	844	784	848	677	749	633	983	741	623	758	649	586	623	649	783	444	767	568	636	587	545	689	538	572	765	521	705	518	859	548	711	508	791	587	857	605
FZD9	61	106	99	111	97	88	91	74	119	91	110	122	121	25	12	31	38	29	34	42	31	28	32	24	23	20	25	46	10	31	14	30	26	42	35	24	31	34	23	28	8	19	9	21	12	35	13	40	12	57	8	36	16	45	13	19	14	37	6	27	23	31	12	37	15	34	18	40	16
FNDC4	291	369	349	321	247	315	232	295	296	308	283	308	307	234	216	215	224	223	279	294	328	256	231	167	296	316	210	243	216	255	179	195	193	321	242	237	209	224	163	293	244	187	284	223	293	275	226	223	250	286	329	217	220	222	265	268	300	414	343	440	254	475	354	322	286	359	344	342	355
LILRB1	6	0	1	0	2	0	2	0	1	1	3	1	3	0	1	1	2	1	0	0	0	2	1	0	0	1	0	0	0	0	0	0	0	0	0	0	0	0	1	0	0	0	5	0	1	0	1	0	2	0	1	0	0	0	2	0	5	0	3	0	4	0	2	0	5	0	9	0	4
CTD-2011F17.2	0	2	2	1	1	0	0	1	2	0	0	0	0	0	1	3	1	1	0	5	3	3	0	5	1	1	1	4	1	5	0	1	0	1	6	1	0	1	0	4	0	0	0	0	0	2	0	0	0	2	0	2	1	0	3	1	3	3	1	1	2	1	0	4	1	2	1	1	4
COCH	365	393	404	416	354	372	343	291	296	416	296	357	276	496	490	412	443	444	422	538	494	438	388	438	449	492	330	522	432	521	447	543	471	601	496	582	373	446	394	600	492	379	332	477	361	445	418	530	383	529	384	526	435	451	418	296	546	473	572	448	487	525	623	451	506	535	615	574	577
SUCLG2	1708	1149	1286	1119	1260	1156	1415	1158	1307	1157	1328	1274	1131	993	959	996	951	1008	898	1199	1039	1146	889	986	974	1165	946	999	604	859	569	929	690	1020	690	1023	633	1004	552	1198	632	527	107	557	88	522	125	689	113	670	120	540	207	642	187	148	78	161	85	191	76	276	98	175	116	227	116	257	81
FBXL14	142	211	136	166	180	179	191	133	157	133	171	175	171	207	247	194	286	169	327	240	317	175	229	170	307	227	273	561	693	540	534	580	605	619	730	581	650	582	567	534	716	662	708	754	916	912	588	1083	682	958	704	832	767	708	613	822	482	1001	494	1291	577	1297	519	1148	422	1337	627	1304	497
NSUN5P1	2087	2236	2370	1923	1992	2128	2352	1850	2342	1998	2324	2026	2195	1567	1429	1799	1582	1526	1761	2326	1525	1983	1474	1792	1858	2056	1662	1519	1625	1411	1628	1349	1668	1389	1587	1428	1289	1412	1455	1761	1280	1026	761	1215	795	1279	890	1528	1036	1520	1187	1350	1329	1099	1162	1084	1441	1293	1570	1642	1513	1761	1370	1268	1375	1571	1585	1801	1523
RP11-848D3.4	51	72	62	57	50	47	52	32	56	52	61	50	48	68	40	59	92	28	56	78	64	60	47	58	34	54	54	64	53	47	48	70	55	62	50	69	64	62	52	71	36	45	46	48	44	77	44	80	67	112	66	72	39	64	48	78	38	87	52	99	47	104	44	92	32	75	50	91	60
RP11-106M7.1	1	0	0	0	3	2	0	0	0	0	0	3	0	1	6	1	0	1	0	0	4	3	0	4	0	0	0	3	1	0	0	0	0	0	1	0	1	0	0	0	0	2	0	0	0	2	0	0	4	3	1	0	0	0	3	0	0	0	0	0	1	1	0	0	0	2	0	0	5
SGO2	2402	1634	1964	1550	1776	1954	1814	1630	1925	1861	1828	2037	1826	1973	2011	1887	1845	1987	1619	2539	2258	2169	2074	2307	2212	2724	1915	2250	1758	2353	1755	2133	1859	2286	1812	2421	1876	2012	1744	2571	1743	1373	537	1470	417	1606	503	1742	483	1660	592	1311	842	1526	675	329	285	492	335	447	353	571	307	535	449	554	532	587	322
SNORD51	0	2	0	0	0	2	1	1	0	0	1	0	0	0	0	0	0	1	0	1	1	1	1	0	0	0	1	0	0	0	0	1	1	0	0	1	0	1	0	0	2	2	0	0	2	0	0	0	0	0	0	0	0	0	0	1	1	2	0	0	1	1	0	0	1	1	0	2	0
MROH3P	13	9	5	11	26	5	10	9	32	19	12	13	9	6	0	4	2	8	3	25	2	1	14	9	7	2	12	0	2	0	0	0	0	0	0	4	1	2	0	4	2	0	0	0	0	0	0	0	0	0	0	0	0	0	2	0	0	4	0	0	0	0	0	0	0	0	3	0	0
AKAP17A	1104	1196	1322	1022	1220	976	1214	861	1205	886	1166	1013	1216	913	888	943	1090	912	1119	1269	1050	1074	887	940	1087	1132	921	806	767	714	736	800	812	890	842	749	667	794	639	898	726	623	620	714	696	717	594	989	649	939	587	730	767	708	633	659	629	685	681	899	686	938	657	796	607	901	696	926	645
GOLGA8G	0	0	0	0	0	0	1	0	0	1	0	0	0	0	0	1	1	0	0	0	3	0	2	0	1	0	0	0	1	0	0	1	2	0	0	2	0	0	0	0	0	1	0	1	0	2	0	1	0	2	2	0	0	0	1	1	4	0	0	2	0	0	0	0	0	1	0	1	0
PSMF1	2134	2405	2857	2324	2511	2176	2161	1699	2445	1849	2407	2044	2355	2345	2425	2407	2882	2307	3005	2691	3055	2246	2405	2112	2860	2716	2553	3230	3805	2965	3554	3032	3968	3464	3753	2952	3529	2820	3122	3398	3894	3090	3998	3921	3964	3754	4209	5019	4114	4519	4226	3690	4847	3617	4250	4101	3840	5032	3990	5677	4375	5983	3918	5407	3992	6145	4711	5665	4488
RP11-175P13.2	2	0	0	0	1	0	0	0	0	1	2	0	0	0	0	0	0	1	1	0	0	0	0	0	0	0	2	1	1	0	0	0	0	0	0	0	0	0	0	0	0	0	1	3	0	0	0	0	0	0	3	0	0	3	0	0	0	1	1	8	3	0	3	0	0	0	4	0	5
CTD-2199O4.1	0	0	0	0	0	0	0	2	0	1	0	0	0	0	0	0	1	1	0	0	0	0	0	0	4	0	0	0	0	0	0	0	1	0	1	0	0	0	0	0	0	2	0	0	0	0	1	0	0	0	0	0	4	0	0	1	1	0	0	0	0	0	0	0	0	0	0	0	0
SMURF2P1	3	4	9	4	5	10	6	3	6	5	3	10	7	9	5	8	6	4	3	5	3	11	4	4	7	7	6	2	3	9	2	5	2	3	3	4	4	5	5	6	3	3	1	2	1	7	2	3	4	6	0	4	2	2	6	3	3	2	2	5	3	2	2	8	2	1	3	7	3
ERICH6B	6	5	8	2	8	4	7	3	12	2	2	7	1	9	3	5	1	4	1	5	4	9	2	10	2	6	5	10	10	7	10	8	5	4	10	4	3	7	3	12	9	12	4	5	1	3	6	8	10	5	12	9	3	5	9	7	10	14	12	15	12	15	8	8	21	10	18	12	7
ARNTL2-AS1	0	2	0	2	0	2	1	1	3	1	3	0	2	0	3	0	1	1	0	1	0	2	0	9	3	2	0	3	2	7	0	1	0	0	0	0	0	4	3	7	1	1	0	2	0	0	2	4	0	0	2	1	3	0	0	0	1	0	1	0	0	0	1	2	1	0	1	0	2
RN7SL752P	1	1	0	0	0	0	0	0	0	0	1	0	0	0	2	0	1	1	1	1	0	0	1	0	0	0	2	1	0	0	1	1	1	0	1	2	0	0	0	0	0	1	0	0	0	1	0	1	0	2	1	1	0	0	1	2	2	1	2	2	3	1	0	5	0	1	0	1	0
LINC01612	15	1	4	0	5	2	5	0	2	3	3	4	0	9	7	7	6	8	0	13	6	11	2	6	8	10	1	6	0	0	0	0	0	2	0	0	0	3	0	2	0	0	0	0	0	0	0	0	0	0	0	0	0	0	0	0	2	0	2	0	0	0	0	0	0	0	0	0	0
CYCSP10	14	15	28	4	5	24	9	13	26	5	18	27	19	20	12	19	9	15	19	26	9	12	18	25	17	27	22	20	24	18	20	6	27	17	22	11	11	7	12	15	12	14	15	10	10	10	21	14	21	6	3	16	9	2	21	10	8	11	6	14	10	14	7	9	8	26	15	18	12
DIRC3-AS1	0	0	0	0	0	0	0	0	0	0	1	0	0	0	0	0	1	0	0	0	0	0	2	0	0	0	3	0	1	0	1	0	4	0	0	0	0	0	2	4	0	0	5	0	0	1	0	0	0	0	1	2	0	0	0	4	0	0	4	0	0	0	1	0	0	0	1	0	0
RP11-393K19.1	75	40	36	38	52	48	50	47	65	51	52	38	54	44	43	40	48	51	44	56	40	56	27	40	63	65	24	36	35	40	32	31	41	32	25	32	29	27	26	34	19	14	35	32	22	16	27	36	8	25	25	27	36	23	32	23	25	34	27	34	22	34	29	23	30	40	24	26	29
AC116035.2	1	0	0	0	2	1	3	0	0	1	0	0	0	0	0	0	0	0	0	0	0	0	1	0	0	0	0	0	0	0	0	0	0	0	0	0	0	0	0	0	0	0	0	0	0	0	0	0	0	0	0	0	0	0	0	0	0	0	0	0	1	0	0	0	0	0	0	0	0
MTND4P13	0	0	0	0	0	0	0	1	0	0	0	0	0	0	1	0	0	0	1	0	0	0	0	0	0	0	0	0	0	0	2	0	0	0	0	0	0	0	0	3	0	0	0	0	0	0	0	1	0	0	0	0	0	0	0	0	0	0	0	0	0	0	0	0	0	0	0	0	0
SLC26A1	23	16	13	12	16	16	11	11	21	18	24	20	16	13	22	25	22	14	27	22	24	12	25	8	21	16	17	27	53	40	54	41	59	40	54	26	34	38	59	25	51	36	48	66	62	61	72	81	109	69	95	66	91	42	95	75	114	102	101	103	106	116	81	106	72	83	110	130	110
GABRQ	837	939	930	887	954	963	776	716	813	844	943	852	882	3568	4142	3332	4277	3236	4159	4089	4446	3593	4124	3470	4325	4023	4095	2866	1544	2762	1474	2835	1685	3427	1623	3219	1442	3022	1255	3541	1462	1068	488	977	466	1003	334	1259	321	1351	384	1196	342	807	361	157	250	201	233	257	220	276	242	204	219	198	188	205	235
FUNDC2	1100	892	1006	833	878	926	911	785	937	807	851	897	868	928	1083	900	1155	1002	1126	1297	1210	994	971	876	1099	1191	1106	1158	1061	885	1062	966	1083	998	1004	972	958	996	833	1087	984	940	893	1175	852	997	782	1214	778	1185	850	974	988	1179	843	982	727	1294	791	1447	883	1261	850	1313	844	1467	1059	1433	941
HMGB3P24	489	431	440	360	380	326	356	305	369	367	356	348	388	437	420	424	392	502	311	545	375	449	320	405	346	509	291	241	228	271	256	279	297	268	230	300	216	244	213	307	238	250	155	276	232	256	170	368	125	298	183	248	219	268	152	161	108	218	112	241	160	200	130	211	166	251	173	267	125
RP11-299J5.1	3	3	0	1	1	0	7	2	13	1	6	0	2	3	6	2	3	4	6	9	9	4	5	0	16	2	10	7	3	5	6	1	2	4	3	3	2	9	0	10	2	3	0	3	0	6	2	0	0	3	1	3	3	8	1	6	0	4	1	10	1	11	0	3	0	11	7	8	0
UPK3BP1	1	1	1	2	4	2	2	1	2	1	2	3	1	2	1	2	3	1	2	2	2	3	1	1	1	2	2	5	7	3	2	2	3	2	6	6	6	2	5	3	8	2	4	5	3	5	5	6	1	3	7	4	4	5	3	3	3	3	3	4	3	4	2	4	4	6	2	4	6
ABCF1	612	609	776	606	631	537	598	445	636	498	625	524	620	477	526	529	569	546	564	613	576	474	479	505	553	609	500	496	468	431	454	455	516	495	462	460	423	451	383	514	451	377	368	447	391	442	332	561	306	548	340	426	434	459	336	307	269	375	279	435	288	468	282	367	298	427	324	440	287
RP4-788P17.1	1	0	0	3	0	0	0	0	0	0	0	1	0	0	2	0	2	1	1	2	4	0	1	3	3	0	4	0	0	1	3	1	2	1	1	2	1	0	0	2	1	0	1	2	0	3	0	3	2	0	3	0	1	0	1	3	0	0	1	5	0	1	4	4	3	0	1	0	0
TRAP1	5379	5254	5818	4913	5603	4793	5474	4333	5827	4528	5538	4850	5015	2939	2593	3012	3044	2779	3272	3870	3108	3410	2716	2967	2886	3502	2726	3393	4104	2811	3879	3061	4298	3445	4143	3117	3689	3079	3539	3450	3727	3581	2454	4281	2743	4352	2324	5781	2514	5449	2794	4382	3344	4061	2468	3741	1581	4991	1809	5886	2129	5934	1758	5124	1872	6211	2076	6000	1697
RP11-74D3.2	3	3	4	3	4	3	2	2	3	3	7	5	1	4	3	4	2	3	7	2	6	4	2	3	4	6	1	4	10	5	10	4	10	1	1	5	22	12	5	5	4	11	26	13	11	6	18	6	20	18	26	12	21	10	17	20	24	26	32	19	26	22	34	14	12	14	25	20	18
C8orf82	360	518	422	439	441	446	481	312	445	348	428	386	390	339	243	369	362	372	430	446	385	398	298	299	308	367	314	490	396	386	370	449	465	428	446	384	417	359	403	421	535	454	518	488	713	521	571	686	653	679	640	581	649	582	640	705	770	813	777	1070	865	958	817	841	698	1048	766	1003	783
SPOPL	666	440	602	417	556	559	538	520	567	444	483	558	525	445	451	425	406	521	357	553	435	491	398	496	443	559	406	563	432	572	411	538	484	573	468	546	394	495	408	686	460	588	657	750	832	693	500	833	467	768	506	583	554	719	497	640	562	858	562	886	635	1075	523	881	578	862	668	923	569
CEBPB	295	424	388	430	428	456	428	341	465	384	446	400	400	485	440	476	444	352	579	565	603	568	585	467	579	450	447	427	265	298	232	370	292	411	296	342	342	383	327	384	382	321	99	228	100	566	74	715	124	465	138	391	150	365	167	515	199	660	216	958	220	1029	182	809	212	1154	253	1210	234
RP11-514P8.6	1	1	4	1	1	2	4	3	3	4	4	3	2	4	4	5	1	5	1	3	7	2	2	5	6	2	2	3	9	3	9	7	6	10	7	4	6	8	9	5	7	5	7	11	12	5	9	7	5	11	9	6	10	7	5	7	15	7	10	7	12	5	14	10	9	9	9	13	9
FDPSP8	216	233	215	232	211	225	243	218	258	219	245	225	268	246	201	282	266	246	260	290	268	250	231	236	268	273	189	305	184	191	181	210	156	210	159	176	133	219	189	266	154	142	116	237	137	248	102	260	162	254	137	177	131	242	111	114	118	164	113	195	117	214	107	187	102	228	114	198	152
TMEM106C	1008	940	998	871	872	907	893	756	856	770	791	895	866	627	559	721	614	724	586	929	708	767	546	739	572	828	684	993	632	972	673	964	710	990	760	970	618	887	591	1157	655	522	186	583	165	566	211	758	189	711	246	617	336	635	260	217	252	309	257	271	286	379	292	254	275	272	312	281	316
AC019109.1	59	60	79	62	55	62	66	56	66	59	57	69	84	67	62	82	86	70	68	95	63	67	67	73	92	110	52	80	57	56	62	72	76	93	66	96	65	64	60	71	60	67	26	45	24	50	52	92	58	85	47	63	48	47	34	66	39	67	39	76	47	63	39	57	56	102	55	54	51
ZBTB49	171	136	149	127	129	115	146	131	85	120	125	117	173	157	106	181	151	150	122	181	132	159	101	157	156	200	142	166	138	112	100	95	132	119	116	130	91	143	118	159	104	126	138	134	137	107	129	154	92	135	153	166	180	123	132	142	155	145	123	145	162	194	138	164	133	146	209	178	163
UBE2HP1	168	135	180	137	156	164	151	164	188	152	158	158	176	104	143	108	109	108	100	158	148	127	138	124	122	130	119	97	157	146	147	108	146	120	138	124	156	96	117	142	158	177	253	178	281	132	188	236	129	204	128	167	208	134	182	222	179	222	171	240	149	278	138	243	160	203	189	238	160
EIF3I	6111	5614	6490	5388	5680	5364	5477	4484	5793	4956	5688	5125	5403	5210	5133	5247	5562	5162	5568	6223	5604	5724	4665	5238	5329	6224	4894	4422	3793	3596	3398	3699	4024	4190	3944	3886	3461	4011	3499	4819	3780	2814	2144	3373	2287	3320	2140	4229	2125	4183	2246	3791	2743	4266	2424	2526	1784	3216	1967	3829	2066	3642	1847	3221	2175	3831	2233	4074	1952
RP13-297E16.4	2	0	0	3	2	0	0	1	3	1	0	0	2	0	1	0	1	0	3	4	2	0	0	0	0	1	1	0	0	0	1	0	0	1	0	0	1	1	0	0	0	0	0	0	0	0	0	1	0	0	0	0	0	0	0	1	1	0	0	0	0	0	2	0	0	0	1	2	0
RP5-998G20.1	28	16	17	31	20	21	17	32	12	28	15	38	19	14	14	38	22	22	18	30	19	28	24	23	17	22	24	17	21	24	17	24	14	10	18	25	21	27	20	24	16	10	13	18	14	15	24	21	28	25	16	10	29	26	7	13	15	29	9	20	15	22	10	28	19	43	23	39	16
UBBP2	56	116	73	123	103	125	88	93	103	174	77	128	114	152	90	151	124	122	154	150	165	161	139	133	132	149	137	150	90	133	63	157	117	157	102	147	115	155	105	163	108	99	58	119	67	135	56	172	66	194	126	207	71	163	92	83	55	88	56	122	52	176	50	123	78	151	78	142	90
FOXS1	7	3	9	3	8	9	4	6	12	1	3	12	4	44	45	54	14	39	28	40	23	70	20	48	23	60	27	18	9	17	6	13	8	40	9	32	3	13	9	22	10	1	7	8	6	11	3	17	0	11	1	15	2	6	0	3	0	11	3	5	3	15	0	6	0	10	0	17	1
FKBP9	477	491	500	414	496	389	436	422	555	424	543	395	451	616	1057	621	1086	537	1043	701	1081	653	1026	561	1090	694	964	1839	1628	1728	1640	1729	1722	2011	1757	1844	1608	1782	1492	2035	1661	1857	1100	2156	1298	2069	1243	2631	1369	2398	1362	2216	1674	1932	1360	2194	1605	2576	1617	3103	1655	3195	1661	2948	1610	3289	1948	3300	1822
MLXIP	3539	4130	4186	3769	3998	3683	3784	3025	4208	3132	4487	3230	3807	4340	5159	4471	5455	4230	5687	5413	5633	4491	4792	4300	6028	5381	5262	8074	9785	7190	8991	8000	9466	8512	8952	7421	8515	7756	7832	8471	9134	11896	10658	13190	12698	13656	9447	17825	9931	15705	9375	12935	11757	10641	9304	15890	7437	18981	7796	22558	8989	22792	7319	19901	6961	22514	8975	23257	7470
NAPA	948	1057	1149	972	1097	983	948	809	1062	886	898	878	961	1207	1348	1218	1638	1305	1642	1376	1900	1231	1474	1137	1580	1384	1574	5233	5170	4535	4971	5035	5601	4986	5225	4902	4837	4824	4558	5573	5045	7174	5875	8710	7790	8717	5716	12042	5941	11165	6340	8568	6433	9152	5635	8608	3764	10217	3829	12164	4596	12865	3842	11297	4148	12745	4533	12670	4191
OVOS2	93	76	84	83	46	86	64	69	80	85	88	70	69	51	47	46	49	29	50	59	46	68	52	45	43	60	36	81	38	76	29	69	30	56	25	53	23	86	23	93	27	96	8	112	10	71	12	75	8	113	12	80	15	96	8	65	10	69	15	125	7	114	12	119	14	118	24	153	7
KRTAP10-8	0	0	1	0	0	0	1	0	0	0	0	1	0	0	0	0	0	0	1	2	0	0	0	0	0	0	1	0	0	0	2	0	0	0	0	0	0	2	0	0	0	0	1	0	0	0	0	2	0	0	0	0	0	0	0	0	0	1	1	1	0	0	0	0	0	0	0	0	0
RPS10P2	4	4	3	1	5	6	6	2	7	3	6	1	4	5	3	2	6	2	4	6	5	6	3	2	5	4	3	3	1	3	1	2	4	1	1	2	3	2	2	3	2	1	3	4	3	1	1	1	3	3	2	1	1	4	2	0	0	0	0	0	0	1	1	2	1	6	1	1	0
TSPAN3	2814	1310	2859	1331	2349	1479	2357	1259	2509	1205	2406	1374	2424	1614	3163	1706	3770	1788	3470	1949	3699	1727	3242	1670	3457	1973	3181	3064	4715	2691	4639	2798	4882	3014	4807	2884	4477	2610	4214	3302	4526	2481	3802	3135	4137	2939	3541	3404	3586	3619	4074	2678	4217	3184	3766	2216	3734	2782	3886	3102	3918	3369	3663	2967	4286	3242	4297	3126	4291
BRWD1-IT1	1	0	0	0	0	1	0	0	0	2	3	1	1	0	0	0	0	0	0	0	1	0	1	1	2	3	0	1	2	3	1	2	1	0	0	1	0	2	0	0	2	2	6	1	1	1	0	0	1	0	0	0	2	0	1	2	0	0	0	0	1	1	0	0	1	0	4	3	2
RP11-46H11.2	184	174	214	148	201	160	222	152	177	144	186	199	172	109	150	102	160	117	178	132	163	133	142	139	150	185	151	107	103	112	82	116	158	110	84	108	88	78	70	104	104	58	60	92	72	117	66	131	65	114	82	73	104	86	65	61	51	87	56	87	58	112	65	102	61	124	70	148	70
GPR78	31	57	39	48	42	53	29	39	46	44	41	40	42	10	2	9	5	2	15	11	8	13	9	6	8	7	9	10	8	13	10	27	11	13	12	15	19	15	11	22	16	10	2	11	11	12	0	12	7	14	1	4	7	12	2	8	1	5	2	11	4	5	0	2	3	4	4	9	2
CECR3	6	3	7	11	9	12	6	6	4	7	0	3	7	23	10	27	11	40	11	18	7	27	20	25	32	37	29	0	1	3	9	6	2	3	2	6	8	6	0	7	7	4	0	2	0	3	4	2	2	0	0	4	0	6	9	0	3	0	2	4	4	9	4	4	5	1	2	3	3
RP11-164P12.4	18	18	27	38	7	20	18	19	29	38	16	36	27	8	4	4	7	10	1	16	11	4	13	13	5	7	10	2	0	1	0	3	0	10	8	6	5	3	1	8	0	3	2	2	1	2	1	1	3	3	3	0	0	0	0	2	0	0	2	0	1	0	1	0	1	1	0	0	3
HID1	378	529	485	434	454	492	428	450	537	445	396	439	408	211	202	268	212	238	293	379	316	246	216	280	303	381	272	207	427	218	431	168	457	238	458	182	328	197	386	177	420	318	941	411	1133	447	1061	409	1087	505	1175	430	1028	300	1092	1227	2042	1479	2292	2057	2116	1762	2191	1579	1893	1951	2087	1780	2311
RP5-837I24.1	1203	1441	1542	1448	1354	1270	1298	1083	1440	1268	1446	1115	1377	1846	2072	1820	2267	1740	2330	2347	2322	1956	2069	1664	2290	2199	1996	1948	2051	1910	2002	2004	2218	2038	2124	1919	1938	1944	1749	2121	1970	1834	1657	2185	1992	2231	1427	3055	1583	2709	1604	2297	1751	1652	1499	1862	1406	2518	1436	2710	1546	2792	1407	2456	1195	2820	1573	2818	1532
AC013733.3	0	0	0	0	0	0	0	0	0	0	0	0	0	0	1	0	0	0	0	0	0	0	0	0	0	0	0	0	1	0	0	0	2	1	0	5	0	0	0	0	1	4	2	0	5	2	5	5	6	5	1	1	6	0	1	6	11	15	5	13	5	5	4	13	8	8	2	18	8
RTKN	1091	1269	1507	1164	1253	1044	1228	931	1339	1000	1280	1035	1295	1670	2107	1640	2505	1497	2395	2005	2382	1680	2066	1535	2321	1938	2065	2542	2356	2238	2143	2525	2504	2733	2397	2312	2091	2338	1995	2654	2147	2183	1340	2632	1551	2760	1675	3308	1718	2940	1872	2645	2219	2409	1956	2449	1463	2909	1658	3710	1679	3697	1453	3258	1551	4077	1872	3947	1655
RAC2	97	146	89	127	109	86	100	95	115	119	168	69	89	95	182	104	235	115	260	136	251	95	195	94	241	81	173	133	66	83	71	94	89	135	102	129	105	111	108	97	64	38	10	34	2	39	10	45	5	70	9	40	18	42	9	8	14	36	12	19	7	20	12	17	17	31	6	12	7
RP11-15J10.1	227	172	211	179	164	206	159	149	208	167	199	175	186	187	158	196	181	175	148	221	216	218	187	195	195	236	164	184	122	163	122	154	115	190	122	184	96	138	95	204	138	139	91	135	109	138	118	178	94	143	64	149	156	132	125	80	99	111	199	186	97	164	126	123	134	136	98	178	130
RN7SL37P	0	2	0	0	0	0	2	0	0	0	1	0	0	0	0	0	0	0	0	0	0	1	2	0	0	0	1	0	0	0	1	0	0	0	0	0	0	0	0	0	0	0	1	0	0	0	0	1	0	0	1	0	0	0	2	0	1	0	0	0	0	0	2	0	2	0	0	4	0
OR11I1P	0	0	0	0	1	0	0	0	0	0	0	0	0	0	2	0	1	0	0	0	0	0	0	0	0	0	1	0	0	0	0	0	1	0	0	0	0	0	1	0	0	0	0	0	0	0	0	0	0	0	0	0	0	0	0	0	0	0	0	0	0	0	0	0	0	0	0	0	0
TLL2	216	247	295	241	206	287	226	176	200	218	198	195	224	229	127	246	113	199	124	339	179	180	92	171	122	310	128	24	21	30	13	31	10	20	15	15	14	21	17	21	10	10	18	4	20	9	18	3	14	13	10	5	11	6	5	1	6	0	1	11	4	2	4	0	10	5	7	9	6
AC005013.5	0	0	1	0	6	0	1	1	0	0	0	1	5	1	6	1	4	3	6	7	4	7	1	12	2	1	4	0	1	0	0	1	0	0	0	0	0	2	0	3	0	2	0	1	0	0	0	1	0	2	0	0	1	1	1	0	0	2	0	0	0	1	0	0	0	0	1	0	0
SVIL	1199	1161	1281	1135	1178	979	1167	872	1210	968	1345	1020	1238	10055	13052	10401	13102	10140	13378	12652	13606	10071	11929	9956	13566	12777	12804	15821	15660	15179	15151	16494	15346	17773	15275	15960	14244	16514	13069	18473	15698	15468	11556	16603	12499	16607	9272	21948	8714	20395	8772	17239	12518	12458	9695	9244	5971	11654	5933	12808	6921	13795	5645	11077	5048	12588	7136	12753	5684
ESYT3	349	329	394	322	293	266	346	316	370	341	366	336	330	267	194	261	235	203	227	350	234	277	238	307	274	318	218	112	42	100	50	119	53	128	50	125	50	85	73	137	43	43	16	22	5	36	10	28	9	32	12	17	9	15	11	15	12	19	24	18	22	25	15	19	15	9	12	26	25
ZNF830	602	579	692	501	558	563	571	461	638	558	523	607	532	644	580	627	593	682	657	645	712	617	675	631	634	661	538	567	524	552	524	569	607	604	505	629	458	566	496	681	566	468	418	546	504	574	470	739	427	763	515	561	586	602	444	446	398	518	440	601	445	669	384	528	475	573	521	594	461
SEPT10P1	1048	782	912	706	789	802	893	676	837	714	871	732	802	1312	1457	1308	1435	1293	1261	1555	1333	1450	1392	1457	1466	1612	1497	1764	1402	1647	1349	1642	1423	1849	1457	1769	1269	1886	1261	2153	1315	1354	562	1541	452	1591	456	1848	360	1853	409	1498	653	1310	493	800	248	1254	237	1260	290	1375	262	1195	269	1396	336	1462	250
RP11-17A4.2	2	2	6	2	4	3	1	7	1	2	2	1	2	2	3	3	11	6	7	3	7	4	1	1	2	2	3	7	11	10	10	14	9	15	10	13	17	13	13	16	15	15	18	10	5	13	26	21	21	14	34	21	25	5	27	15	46	23	41	17	37	13	32	20	27	24	28	21	53
RBMY1A3P	0	0	0	0	0	0	0	0	0	0	0	0	0	0	0	0	0	0	0	0	0	0	0	0	0	0	0	0	0	0	0	0	0	0	0	0	2	0	0	0	0	0	0	0	5	0	0	0	0	0	0	0	0	0	0	0	0	0	0	0	0	0	0	0	0	0	0	0	0
C7orf72	0	0	0	0	0	0	0	0	0	0	0	0	0	0	0	0	0	0	0	0	0	0	0	0	0	0	0	0	0	0	0	0	1	0	0	0	0	0	0	0	0	0	0	0	0	0	0	0	0	0	1	0	0	0	2	0	0	1	0	0	3	0	0	0	0	0	0	0	0
RAP2A	2071	1548	1856	1532	1794	1795	1717	1548	1784	1643	1759	1892	1734	1830	1912	1882	2051	2016	1703	2328	2282	1949	1932	2079	2126	2405	1908	2716	2423	2562	2385	2572	2570	2936	2477	2593	2468	2567	2322	3076	2426	2690	2694	3094	2703	2935	2480	3796	2200	3559	2551	2841	2724	3253	2518	2404	2137	3381	1996	3687	2102	3965	2137	3444	2473	3454	2658	3762	2423
RUNDC3A-AS1	106	110	93	79	111	118	129	85	113	109	124	120	123	119	92	109	121	96	109	106	94	111	89	103	176	137	106	126	67	95	93	95	95	95	100	88	75	79	75	81	75	79	66	66	84	98	53	105	73	102	73	96	70	96	68	74	65	108	85	93	68	136	85	112	67	81	88	84	87
RP11-619L12.4	0	1	0	0	0	0	0	0	0	0	0	0	0	0	0	0	2	0	0	0	1	0	0	0	0	0	2	9	3	0	5	5	2	0	1	6	0	0	1	4	7	10	14	5	4	1	5	5	8	3	8	0	9	0	5	2	7	2	3	9	5	6	5	2	5	5	10	7	2
BOD1L2	248	282	248	252	217	289	262	206	268	246	287	242	226	241	252	280	278	208	272	315	328	285	193	245	310	296	230	242	193	164	158	189	192	188	148	167	152	172	140	234	186	111	99	144	138	198	89	259	106	218	116	162	139	162	110	138	64	184	72	238	73	253	88	176	92	208	86	258	93
LINC01102	4	6	0	2	2	4	10	5	5	3	9	2	8	4	3	2	2	4	3	0	3	1	2	2	3	0	11	0	0	0	2	1	0	3	0	0	4	4	0	4	1	0	0	1	0	1	0	2	0	1	1	1	0	0	1	0	2	0	0	0	0	1	0	0	0	0	1	0	2
DUOXA1	0	4	1	0	6	6	0	0	0	5	1	1	0	6	10	0	5	3	4	2	3	6	4	8	8	12	2	0	1	2	3	0	2	2	5	0	2	0	0	1	1	0	1	1	22	2	2	2	1	4	0	0	3	0	2	0	2	2	0	0	0	1	5	0	1	0	5	0	0
GPD1L	453	268	353	308	360	313	313	237	330	292	354	326	367	286	293	300	353	250	304	328	344	285	255	298	312	323	322	254	254	274	307	280	231	275	269	265	275	274	223	358	252	239	185	348	145	300	218	405	229	401	262	295	256	312	273	355	435	451	432	517	401	489	420	491	444	450	529	434	458
RP11-114O18.1	0	0	2	1	0	0	0	1	1	0	0	0	0	0	0	0	1	0	0	1	0	0	0	0	0	1	1	0	0	0	0	0	1	0	0	0	0	0	0	0	0	0	0	0	0	0	0	0	0	0	0	0	0	0	0	0	0	0	0	0	0	0	0	0	0	0	0	0	0
MMP3	0	0	0	0	0	0	0	1	1	0	0	0	0	1	2	1	2	0	0	0	1	1	3	0	0	1	0	0	0	0	0	2	0	0	2	0	0	0	0	1	0	0	0	0	0	0	0	0	0	0	0	2	3	0	2	0	3	0	0	0	0	0	0	0	0	0	1	0	0
BTG1	1020	785	919	861	797	877	851	859	845	835	751	960	849	1747	2019	1803	1985	1961	1919	2167	2150	1966	1877	1836	2122	2278	2006	2430	2433	2011	2339	2125	2390	2271	2328	2299	2314	1944	2015	2438	2474	2402	2687	2573	2930	2730	2188	3547	1923	3067	2163	2451	2484	3068	2077	2434	1653	3078	1642	3557	1739	3673	1530	3168	2069	3639	1965	3646	1726
KCNN4	33	51	41	32	29	24	45	26	44	26	31	20	24	33	36	17	26	22	34	18	33	24	16	12	25	16	27	12	13	6	21	14	19	8	16	10	24	8	12	4	24	8	14	8	4	7	14	14	7	6	14	19	33	11	24	19	22	9	18	18	31	10	12	7	9	12	29	23	17
RNU6-20P	0	2	0	1	0	2	1	0	1	0	1	1	0	0	0	1	0	0	0	0	0	0	0	0	0	0	0	0	0	0	0	0	0	0	0	0	0	0	1	1	0	1	0	1	0	0	0	0	0	0	0	1	1	1	0	0	0	0	1	0	0	2	0	0	2	0	0	2	2
PRKCD	1001	1047	1214	1076	1069	1010	1040	810	1226	819	1115	970	969	610	853	723	956	635	895	832	938	796	782	724	836	768	736	448	354	393	336	406	432	471	321	477	323	454	330	499	322	170	98	195	148	201	138	208	84	253	145	251	220	219	166	104	135	90	183	131	175	122	118	114	115	116	153	122	149
DEFB115	14	17	10	10	17	12	8	9	17	22	13	8	11	7	6	24	9	7	9	10	15	7	6	5	10	16	10	14	11	18	19	13	18	17	18	12	18	11	15	23	13	18	21	22	37	23	18	27	25	27	32	19	24	13	30	23	31	40	46	32	45	36	32	40	25	38	50	54	44
ZRSR1	5	1	4	2	1	6	1	3	4	2	1	2	1	3	8	3	1	6	2	3	3	2	2	4	9	4	6	4	6	6	5	7	8	3	3	7	6	11	1	10	3	8	8	8	11	8	3	4	9	7	2	7	9	3	5	3	5	9	8	9	10	10	6	3	6	5	5	17	9
RP11-300M24.1	0	0	0	0	0	0	0	0	0	0	1	0	0	0	0	0	0	0	0	0	0	0	0	0	0	0	0	0	0	0	0	0	0	0	0	0	0	0	0	0	0	0	0	0	4	0	0	0	0	0	0	0	1	0	0	0	0	0	0	0	0	0	0	0	0	0	0	0	1
PODNL1	18	22	26	23	18	23	15	12	27	23	13	42	10	25	44	41	47	42	63	46	73	29	57	23	52	26	62	133	206	95	204	113	209	137	205	116	191	83	133	127	168	137	258	219	385	235	241	322	362	267	280	257	297	245	263	158	122	226	134	243	120	254	100	233	123	258	122	247	107
THAP12	1516	1011	1497	1085	1176	1203	1292	965	1283	1072	1272	1180	1353	1135	1095	1152	1256	1332	1058	1387	1377	1228	1117	1148	1319	1399	1190	1596	1422	1383	1366	1350	1392	1581	1349	1462	1385	1435	1186	1709	1323	1327	824	1502	813	1441	830	1851	614	1636	891	1293	1158	1591	927	1074	788	1613	856	1692	885	1687	788	1466	999	1805	1084	1829	985
RP11-95I16.4	2	2	0	0	0	1	1	3	1	2	0	1	0	0	1	1	1	1	4	2	1	3	0	1	5	1	1	0	5	4	1	1	3	1	2	2	1	3	2	2	5	4	2	3	0	4	1	2	0	7	1	2	7	0	3	2	5	2	2	8	1	4	4	3	3	0	1	6	4
RP11-1078H9.2	0	0	0	0	0	0	0	0	1	1	3	3	0	3	0	1	4	0	2	0	0	5	1	2	3	0	2	2	2	0	6	1	0	1	0	0	1	3	1	2	6	1	3	6	5	3	0	5	0	3	4	1	1	0	0	4	1	2	1	9	1	4	0	8	0	7	3	11	5
SLITRK6	19	12	29	15	29	18	19	20	7	15	9	13	25	36	16	45	4	53	15	70	21	51	8	24	15	68	20	2	7	1	3	1	2	7	0	1	2	0	5	3	0	0	11	3	13	0	4	3	1	0	10	7	3	1	7	0	2	0	2	0	0	0	9	0	7	0	3	0	6
DNAJC9-AS1	33	20	24	24	20	22	32	24	30	20	24	24	28	22	22	24	22	27	22	26	22	30	16	28	20	33	16	22	21	18	21	21	19	14	25	12	18	20	19	32	20	12	10	10	6	14	14	19	11	20	18	12	12	24	20	15	19	14	14	21	14	14	18	15	18	14	22	10	22
LAMB2	2286	3877	3333	3651	2939	2971	2804	2501	2948	2933	2769	3072	2831	1495	1382	1504	1266	1381	1347	1972	1242	1652	1022	1478	1091	1717	1197	1171	1398	1058	1232	1134	1383	1151	1249	1123	1135	1160	1106	1278	1179	693	522	728	566	828	445	1059	559	877	523	805	904	575	555	235	233	331	203	346	280	510	207	286	217	398	245	371	138
RP11-402N8.1	1	0	0	0	0	0	0	1	0	0	0	0	0	0	1	0	1	0	0	1	0	0	0	0	1	0	1	0	2	0	1	1	0	4	0	1	1	1	0	0	0	0	0	1	0	0	1	2	0	0	0	1	0	0	0	2	0	2	0	0	0	1	0	1	0	1	0	1	1
SYCP3	11	5	11	1	6	7	9	8	6	7	8	11	14	4	19	6	4	12	4	11	4	7	13	7	6	4	7	6	12	0	9	3	9	3	14	1	6	6	8	9	10	9	15	8	14	11	11	7	15	15	3	10	13	6	8	5	14	6	12	16	15	5	17	4	11	8	18	10	15
GAPVD1	2427	2141	2555	2078	2203	1906	2050	1705	2097	1904	2353	2012	2379	2067	2826	2205	2673	2229	2438	2435	2639	2088	2364	2194	2836	2576	2720	2651	3002	2526	2877	2854	2968	2974	2782	2705	2472	2934	2624	3395	3247	2857	3395	3058	3556	2859	2826	3522	2462	3369	2484	2953	3156	2500	2703	2389	2596	3086	2327	3312	2460	3399	2447	2940	2291	3074	2945	3597	2723
FNIP2	627	675	708	591	572	759	595	557	567	553	690	655	582	771	938	706	929	776	851	829	906	749	834	804	973	893	870	1916	2326	1739	2197	1962	2221	2117	2299	1923	1996	1929	1932	2093	2218	2354	2955	2561	2569	2628	2851	3186	2806	2801	2680	2526	3424	2240	3048	2869	3230	3677	3165	4018	3243	4353	2963	3732	2837	3655	3805	4169	3673
MDN1	29763	30361	35627	27623	30442	23234	26899	20141	28608	24813	35956	23366	30851	14290	13290	14210	11685	14441	11152	17368	10702	11914	9572	16024	12577	19567	11551	6526	8170	6072	7477	6867	6676	7663	6507	7009	6722	7647	6643	8356	8100	6015	6288	6275	5692	5585	4694	7095	4548	6995	4405	6346	6755	3364	5331	4479	5127	5145	4517	5684	4607	5483	4412	4584	2894	4862	5245	5654	4593
RP11-57H12.3	0	1	0	1	1	2	1	0	0	1	1	2	3	1	1	3	0	1	4	1	1	2	3	2	4	7	3	0	2	0	2	0	3	1	0	0	4	1	0	0	0	0	0	1	0	0	1	0	0	0	0	0	1	0	2	0	1	0	1	0	0	0	3	1	0	0	1	0	2
DCAF12L2	26	51	66	36	46	33	34	34	56	29	41	34	57	32	16	27	18	36	30	45	18	26	21	44	24	60	17	21	5	12	6	4	14	16	22	17	7	7	4	18	16	3	1	5	0	0	11	8	2	3	3	4	8	4	8	4	9	8	19	9	14	1	11	1	18	7	15	0	23
WDR46	309	305	405	328	341	283	308	221	340	258	317	266	329	222	195	241	237	236	258	297	227	225	189	212	241	294	208	187	198	139	187	169	198	173	191	140	173	144	158	164	181	150	181	175	188	165	162	235	161	200	179	174	234	172	182	147	170	194	167	246	172	228	148	180	157	249	183	226	163
MED28P5	0	0	0	1	0	0	0	1	1	0	2	0	2	2	1	0	0	0	0	1	0	1	0	1	0	1	0	0	0	2	0	0	1	0	0	2	0	0	0	1	2	0	0	0	0	1	0	0	0	0	0	2	1	1	0	0	0	0	0	1	0	0	1	0	0	0	1	2	0
ENPP5	467	344	347	327	289	385	395	385	376	397	334	359	360	331	247	424	303	354	231	441	276	355	281	427	304	408	330	176	88	128	68	149	126	179	124	185	104	153	94	225	96	85	11	71	17	62	28	98	45	93	42	76	38	69	52	64	47	72	53	90	40	96	50	92	55	86	59	101	69
RP11-299G20.5	10	25	14	5	23	7	13	11	16	5	18	20	15	14	21	13	26	12	32	36	37	15	20	29	25	24	23	80	89	48	84	65	76	49	59	65	99	61	79	71	63	45	20	60	19	48	22	79	27	72	21	55	38	37	30	37	19	26	23	62	22	40	22	54	20	43	24	92	16
RN7SL754P	0	0	0	0	0	0	0	0	0	0	0	0	0	0	0	0	0	0	0	0	1	0	1	0	0	0	0	1	1	0	0	0	0	0	1	0	0	1	1	0	1	1	0	0	0	0	0	0	0	1	1	2	1	0	2	1	0	1	0	0	1	2	1	0	0	1	5	0	1
RP11-109N23.1	0	0	1	1	1	0	3	1	0	0	0	1	0	0	0	1	0	0	0	0	0	1	1	0	2	1	2	0	0	0	0	0	0	0	0	0	0	2	0	0	0	0	0	0	0	3	0	0	0	0	0	0	1	0	0	0	0	2	3	1	0	0	1	0	0	0	0	0	1
RP11-736K20.4	21	10	11	9	24	7	11	20	24	11	17	3	6	28	33	18	14	22	24	56	11	53	24	39	30	45	23	14	6	24	1	12	9	3	4	18	16	12	4	27	3	1	0	5	0	1	1	9	0	9	2	6	2	3	1	1	1	0	1	2	0	2	2	3	1	4	4	15	6
C11orf80	410	378	464	387	321	413	347	408	402	426	386	408	393	343	291	421	304	436	302	523	265	388	268	400	364	475	287	368	362	441	405	340	345	344	389	403	298	342	382	416	320	376	415	376	450	421	432	399	379	422	483	369	339	329	443	410	796	543	713	784	703	666	814	581	750	620	847	710	860
RP5-855D21.3	23	15	18	8	22	22	31	17	17	11	15	24	16	25	25	16	24	29	17	33	31	19	26	28	25	28	22	11	27	27	14	27	13	22	14	28	18	31	18	25	24	23	26	27	14	21	29	33	17	33	43	21	55	28	26	31	39	37	55	56	51	34	36	51	32	58	44	49	48
AC004543.2	14	5	11	7	17	3	5	8	26	18	18	15	10	8	1	7	3	3	4	7	2	8	2	4	8	18	5	1	0	3	1	1	1	8	0	7	0	3	0	2	0	0	0	0	1	0	0	0	0	0	1	0	0	5	0	0	0	1	1	0	0	1	0	1	2	1	3	0	0
RP11-208G20.3	17	24	16	27	19	22	18	10	30	15	17	15	20	28	14	28	24	17	23	29	30	24	11	12	20	22	17	20	23	22	17	17	20	19	15	12	18	19	15	26	19	15	8	23	11	18	9	11	3	17	15	35	8	18	9	18	5	12	10	18	4	18	2	11	3	27	5	21	8
KIAA0101	471	289	359	330	328	366	352	333	411	382	337	513	395	637	641	512	614	672	427	727	698	725	627	666	660	812	664	1417	701	1237	763	1165	897	1181	848	1273	888	1166	829	1534	772	620	145	639	156	721	178	753	153	725	168	633	323	910	220	110	51	173	52	205	73	213	74	172	119	177	90	215	84
ACVR1B	712	924	915	793	832	782	820	777	844	790	845	751	794	865	921	845	1141	783	1097	1042	1173	843	1064	933	1276	1030	1061	1338	1353	1070	1139	1204	1336	1416	1284	1322	1229	1282	1126	1474	1224	1473	748	1518	776	1695	1005	1886	1036	1862	1182	1439	1224	1282	1081	1756	2038	2128	2114	2593	2025	2473	1984	2485	2000	2882	2232	2841	2351
MRPL2	925	840	935	795	899	676	904	657	931	612	856	740	861	634	660	609	739	641	718	796	733	681	633	654	760	712	569	716	555	586	633	556	754	672	685	565	600	570	546	730	572	507	320	603	248	678	266	867	322	737	442	669	491	710	393	440	329	645	394	743	344	696	313	695	430	850	395	699	369
RALGPS1	1033	1171	1164	1139	990	1042	954	1115	1135	1090	1130	1131	1047	593	398	614	506	495	504	657	496	645	519	623	623	698	434	416	462	417	452	364	472	473	482	496	436	483	400	479	432	502	363	566	414	437	403	489	403	571	402	455	409	424	425	590	912	708	847	856	831	875	904	860	654	872	895	1003	1025
RP11-489M13.1	67	44	45	45	47	53	47	41	51	48	43	54	47	39	47	46	46	38	52	54	56	53	55	42	57	46	49	42	33	33	31	40	37	47	39	47	36	39	36	41	39	25	17	29	15	27	15	33	13	42	14	29	24	39	20	16	12	31	16	27	14	28	14	27	18	27	18	30	14
ENPP7P11	3	9	6	0	1	0	5	3	5	2	2	5	5	2	7	5	8	4	6	5	1	4	5	1	14	2	6	7	6	5	8	4	5	4	2	4	3	3	2	8	6	12	13	6	8	4	12	7	11	9	4	9	1	3	11	3	6	12	1	12	2	6	2	3	5	8	2	6	4
BMPR2	1572	1537	1470	1426	1291	1388	1324	1287	1369	1388	1456	1307	1393	1119	1205	1214	1058	1267	951	1452	1050	1126	994	1292	1184	1607	1140	1385	2085	1478	1980	1511	2002	1683	1702	1572	1625	1483	1705	1698	2140	2786	4894	3189	4670	2904	3771	3417	3564	3155	3626	3096	3877	2436	3897	3969	5081	5269	4551	5734	4543	6053	4422	4712	4093	4727	5688	5861	5675
RN7SL225P	0	0	1	1	1	3	0	0	0	1	0	0	4	0	0	0	1	0	0	1	1	0	0	3	0	4	1	0	0	0	0	1	2	0	0	0	1	0	0	0	0	0	3	1	0	0	0	0	2	0	0	1	1	2	0	0	1	0	1	0	0	1	1	0	0	2	0	0	0
RP11-661G16.1	0	0	0	0	0	0	0	0	0	0	0	0	0	1	3	0	0	0	0	1	5	0	0	0	0	0	0	0	1	0	2	0	1	0	0	3	0	1	0	1	0	0	0	1	3	0	2	0	0	0	0	0	0	0	0	0	0	1	0	0	0	0	0	0	0	0	1	0	0
RP11-133K1.8	2	0	1	1	4	0	0	1	3	6	2	3	1	0	0	0	0	0	0	3	0	0	0	0	0	0	1	0	1	1	0	0	0	0	1	0	0	2	0	0	0	0	1	0	0	1	1	0	0	0	0	0	0	0	0	0	0	0	0	0	0	0	0	0	0	0	0	0	0
RNU6-1157P	2	4	0	1	1	1	1	0	0	1	1	1	1	1	1	1	1	4	3	1	1	2	5	4	2	1	2	3	4	2	5	1	2	1	1	1	1	2	1	1	3	5	3	1	3	2	2	3	0	1	0	0	4	3	1	2	0	3	4	3	4	2	1	2	1	6	3	3	0
PABPN1	3724	3856	4356	4155	4018	4313	3987	3454	3961	3874	3942	4136	4064	3679	2742	4061	3158	3658	3107	4739	3282	4029	2788	3612	3366	4503	3055	4191	3950	3590	3516	3594	4210	3771	3809	3494	3253	3462	3298	4054	3254	3397	4212	4110	4348	3936	3834	5147	3590	4821	3987	3914	4354	4422	3887	3716	4230	4584	4225	5744	4338	5774	3824	5054	4597	5484	4759	6021	4577
CTD-3014M21.1	0	1	0	0	0	1	0	0	2	2	0	2	1	2	0	2	2	2	1	6	5	0	0	3	6	5	0	0	9	3	4	0	2	1	1	0	4	0	2	2	0	7	2	0	0	1	1	2	0	0	1	3	3	0	1	1	2	0	0	3	1	2	0	1	0	1	0	1	2
NANOGNBP3	4	0	0	0	0	1	3	1	1	3	1	0	7	2	1	2	0	0	0	3	0	2	0	3	0	2	0	2	1	0	3	4	5	3	2	2	0	0	3	2	4	4	9	0	13	2	3	3	2	2	0	2	4	10	3	0	4	3	7	2	3	10	4	1	3	3	9	2	3
CBLN3	21	14	13	17	9	16	43	11	11	21	20	20	11	29	26	55	26	19	32	55	28	36	39	35	18	44	46	28	32	22	23	15	30	24	44	26	14	22	23	23	27	25	16	28	6	40	15	30	37	28	25	28	25	22	5	10	9	21	9	18	7	24	11	17	13	18	29	25	7
LSM10	723	752	873	785	841	671	813	618	853	619	708	686	818	700	813	605	927	612	817	838	937	736	738	654	797	768	750	777	636	588	565	667	668	665	660	586	550	613	594	718	626	536	330	547	443	659	430	713	397	794	475	545	457	724	485	613	390	731	428	930	420	1035	467	794	448	985	457	1028	458
AC105053.3	1	0	0	0	1	0	0	0	0	1	0	1	3	10	14	5	20	2	15	22	11	14	28	16	16	15	27	20	7	12	16	20	27	12	13	31	11	12	19	23	3	15	8	20	5	9	2	16	3	17	3	14	4	7	0	5	1	9	4	10	0	1	1	6	2	13	4	24	4
PTGIS	1426	1852	1613	1876	1574	1708	1426	1629	1576	1761	1524	1625	1475	1866	1086	2022	1248	1667	1339	2657	1384	2130	1244	2067	1305	2367	1253	353	124	424	146	291	159	469	179	412	119	327	118	465	176	80	67	43	47	78	50	43	26	68	25	37	28	46	40	30	59	43	71	37	36	49	59	27	33	39	58	28	21
ETFA	2539	1868	2186	2033	2231	1951	2141	1847	2154	1968	1969	2111	1981	2165	2768	2197	3259	2312	3011	2788	3465	2471	3024	2135	3322	2683	2990	3761	3698	2755	3508	2938	3859	3679	3648	3330	3481	3133	3139	3845	3352	2379	1994	2556	2113	2711	2221	3277	2014	3140	2190	2476	2341	3413	2277	1935	2124	2693	2201	2906	2157	2878	2154	2399	2418	2812	2584	2978	2231
LSAMP	260	234	315	296	256	245	185	259	248	243	267	224	285	640	869	694	757	760	707	786	746	652	709	718	901	873	740	1392	1560	1253	1576	1280	1441	1328	1474	1260	1343	1176	1215	1397	1740	2153	3015	2164	2833	2079	2396	2180	2142	2284	2278	1921	2210	1628	2486	3202	2819	4291	2713	4477	2266	4822	2479	4142	2082	4235	2903	4763	3051
CCDC6	3505	3311	3727	3445	3342	3512	3241	3115	3230	3177	3176	3530	3442	2481	2120	2718	2005	2863	1854	3251	2218	2656	2033	3099	2106	3433	1978	1704	1491	1718	1487	1790	1702	1873	1607	1861	1460	1647	1442	2115	1586	1447	1598	1557	1753	1792	1554	2236	1471	1787	1525	1751	1704	1312	1578	1222	1434	1532	1348	1732	1408	1723	1341	1705	1405	1727	1763	1867	1620
PAIP2	4210	3225	3860	3255	3755	3756	3652	2946	3478	3239	3369	3514	3498	2685	2292	2768	2531	3032	2305	3299	2873	2810	2419	2771	2678	3276	2615	2626	2366	2297	2274	2447	2721	2755	2621	2881	2300	2447	2253	3115	2632	2652	2236	3099	2092	2742	2008	3519	1957	3460	2208	2851	2394	3384	2155	2710	1790	3489	1716	3740	1973	4082	1803	3682	2187	3920	2161	3785	2010
SLC26A10	13	17	24	9	20	18	17	24	8	14	12	14	27	90	114	110	185	95	118	100	149	103	145	112	137	160	162	294	310	307	299	306	334	245	323	222	244	353	258	329	243	320	306	345	337	304	248	390	391	389	318	353	398	270	421	291	415	366	448	500	419	518	329	383	326	384	417	500	449
RNA5S10	0	0	0	0	0	1	0	1	0	0	1	0	0	0	0	1	1	0	0	1	1	0	0	1	0	0	0	1	0	0	0	0	1	1	0	0	0	0	0	1	0	0	0	0	0	0	0	1	0	1	1	1	0	1	0	0	0	0	0	0	0	1	0	1	0	0	0	1	0
IVNS1ABP	15544	11496	12776	10492	12232	11933	13006	10310	12231	10995	12982	11814	11978	9531	10006	9919	9990	10293	9145	12350	10682	10349	9446	10515	10667	12337	9822	9143	8996	9076	8805	9228	9623	9707	8735	8862	7753	8740	7563	10875	8470	7198	5687	7829	5300	7256	5529	8984	5361	9067	5688	7162	6820	7615	5856	4736	4670	6088	4568	6380	4920	6953	4452	6386	5089	6720	5655	7051	5136
AC009299.5	66	102	62	107	89	71	94	68	102	83	100	84	85	65	59	80	95	73	114	82	106	79	77	78	90	62	74	116	121	72	102	104	142	121	164	93	122	96	127	127	149	119	157	141	193	169	180	199	189	244	205	176	184	157	225	229	297	277	269	294	259	363	225	319	202	401	248	315	263
MIR6768	4	3	4	5	2	5	4	3	5	3	4	2	3	2	4	2	1	8	2	4	3	4	1	4	1	5	3	6	3	4	5	2	4	2	3	4	2	4	2	7	2	6	3	4	0	0	1	4	3	2	1	4	3	3	2	1	3	1	1	2	2	0	4	1	2	1	2	1	1
RP11-552E4.2	0	0	0	0	1	0	1	0	0	0	0	0	0	0	0	0	0	0	0	0	0	0	0	0	0	0	0	0	0	0	1	0	0	0	0	0	0	0	0	0	0	0	0	0	0	0	1	0	0	0	0	0	0	0	0	0	1	0	0	0	0	0	1	0	1	0	0	0	2
ZEB2-AS1	0	0	0	0	0	1	0	0	0	0	0	0	0	1	6	4	2	1	4	2	5	6	5	0	5	1	3	3	12	9	6	11	18	8	9	7	10	11	8	25	6	10	12	12	18	8	8	7	7	16	11	12	21	15	9	4	5	15	8	10	9	8	8	13	8	21	4	12	1
MIR4690	2	2	1	1	0	1	0	1	2	2	3	0	2	1	3	1	1	0	2	1	2	0	0	0	0	1	1	0	3	1	0	1	1	1	1	0	0	0	0	0	1	1	0	2	3	1	2	1	3	0	1	0	2	1	2	0	2	1	1	1	3	1	0	0	1	1	1	1	2
RP11-178L8.9	0	0	1	2	1	1	0	2	2	2	8	1	1	1	0	2	0	0	0	1	0	0	0	0	1	4	0	1	4	0	1	3	5	3	2	0	4	4	0	4	0	1	11	1	8	5	2	0	0	1	8	7	4	0	5	2	5	0	8	1	7	2	7	1	3	1	8	4	13
MAP4K4	10563	9861	13782	10663	11004	9930	9879	8134	10542	9153	11044	9379	11053	16337	18293	17643	19438	18596	18818	20412	20257	15813	16290	16989	19382	21571	18054	27410	34279	28068	32318	28704	32438	31597	31379	29295	28305	28033	27288	32777	33409	40254	60669	45199	61913	42597	47376	51081	42802	49738	43183	41312	46255	35011	44975	46193	50475	58047	48271	63263	48735	66081	46871	55162	42155	58646	55138	61691	52286
CCDC115	681	599	728	589	561	608	615	624	614	567	584	578	615	504	407	468	479	551	485	539	522	469	357	427	498	577	374	694	580	501	517	566	641	570	628	518	556	597	511	596	541	595	387	864	489	679	540	1017	501	917	657	769	662	819	557	773	636	939	717	1112	663	1053	606	942	741	1307	737	1085	774
ZNF33BP1	0	0	0	0	2	0	0	1	0	0	0	0	0	0	0	0	0	0	0	0	0	0	0	3	0	0	2	3	0	0	0	1	0	0	0	0	0	0	0	1	0	0	0	0	0	0	1	2	0	0	0	3	0	0	0	1	0	0	1	0	0	0	0	0	0	0	2	0	1
HSPE1P7	111	82	112	102	97	107	86	99	97	90	92	110	97	77	93	86	108	86	88	99	134	83	98	97	117	79	112	73	86	52	77	58	89	72	75	86	72	65	60	87	65	39	32	61	30	49	30	48	32	70	30	49	40	71	33	16	16	26	14	27	24	26	16	30	17	30	24	30	18
MIR4477B	0	0	0	0	0	0	0	0	0	0	0	0	0	0	0	0	0	0	0	0	0	0	0	0	0	0	0	0	1	1	0	1	0	0	0	0	1	0	0	1	1	1	1	1	1	1	1	1	1	0	1	2	1	1	2	1	3	1	2	1	3	2	4	1	4	1	3	1	3
DOCK9-AS2	10	7	10	11	18	6	15	3	5	11	9	9	10	9	5	3	3	5	10	4	6	6	2	5	2	7	7	5	1	6	2	3	4	0	2	9	4	9	1	4	1	4	0	5	2	5	1	3	0	9	2	2	4	2	8	3	0	7	0	0	2	0	1	0	2	3	0	3	0
RP1-273G13.2	1336	847	1210	894	933	815	992	875	1018	744	1041	853	895	869	1184	807	1228	1025	1066	1011	1237	792	1096	831	1100	1022	1057	789	939	755	884	814	898	990	833	753	675	821	699	1051	752	738	465	789	464	721	463	924	319	785	440	678	514	767	422	524	411	592	379	812	471	623	432	692	454	769	449	690	415
NOMO2	3590	3669	4428	3658	4056	3233	3526	3072	3907	3332	3775	3210	3717	3821	4445	3981	4649	4059	4562	4915	4707	3996	4124	4017	4630	4744	4128	3958	4137	3971	3959	4053	4084	4622	4302	4077	3935	4045	3396	4345	4176	3658	3341	4189	3442	4331	2935	5268	2966	4770	2883	4064	3319	3356	2900	3300	2715	4013	2680	4703	2672	4702	2740	4049	2190	4689	2838	4388	2866
MIR4787	3	2	1	2	1	6	3	1	5	3	3	2	2	3	0	1	0	1	3	1	1	1	4	2	1	2	1	0	0	0	2	0	0	0	0	0	1	1	1	0	0	0	1	0	0	2	1	0	3	0	0	0	2	2	1	0	2	0	2	1	2	2	1	2	0	2	3	1	0
RP11-354M1.2	1	0	0	2	0	0	0	1	1	2	0	1	1	2	0	1	0	0	0	0	0	1	0	2	2	1	0	0	0	0	3	1	0	0	0	0	0	1	0	0	0	0	0	0	0	0	0	0	0	1	0	0	0	0	0	0	0	0	0	0	0	0	0	0	0	0	0	0	0
MTCO2P11	0	0	2	0	0	0	0	3	0	0	0	3	3	0	0	1	0	2	0	0	0	0	0	0	0	0	0	0	0	0	0	0	0	0	0	0	0	0	0	0	0	0	0	0	0	0	0	0	0	1	0	0	1	0	0	0	0	0	0	0	0	0	1	0	0	0	0	0	0
RP11-66B24.9	2	1	0	0	0	0	2	1	2	0	1	2	0	0	1	0	1	0	1	5	1	1	0	2	4	4	5	0	2	6	0	0	4	5	0	0	0	0	2	2	0	0	1	0	0	0	2	2	0	0	0	0	2	0	0	0	5	0	0	0	0	0	0	0	1	0	2	0	0
AC004067.5	14	9	26	18	12	5	15	7	4	12	10	4	25	9	6	29	7	11	2	15	5	14	6	6	14	19	21	8	22	6	12	8	13	3	9	9	8	7	15	11	18	4	21	9	25	14	17	23	31	16	18	13	28	13	27	9	20	20	31	13	20	13	21	21	35	28	35	23	26
ALCAM	972	1015	886	1175	762	1195	762	961	837	1239	803	1149	976	1358	1818	1239	1621	1436	1375	1834	1640	1604	1534	1572	1683	1721	1555	1560	1138	1358	1123	1427	1222	1741	1102	1520	988	1601	923	1857	1182	754	2148	864	1942	774	1738	926	1171	954	1359	802	1103	747	1385	619	5637	957	5110	967	4078	1052	5686	943	4301	871	5179	1131	6686
TPD52L1	402	291	269	216	255	244	285	236	332	262	340	326	323	268	247	267	265	241	193	409	252	363	245	286	219	374	225	40	22	41	18	43	14	25	26	46	21	44	19	66	37	8	13	18	9	4	6	13	2	5	4	14	5	4	5	7	8	13	3	15	10	13	11	9	7	2	8	12	5
RP11-539I5.1	81	65	115	56	107	71	115	58	79	72	91	46	65	114	70	119	70	104	102	141	98	108	80	89	93	113	70	58	87	68	61	45	63	97	81	74	78	66	71	62	83	44	14	31	27	50	32	71	42	77	61	57	47	39	59	37	70	69	77	60	62	46	60	66	57	65	119	80	80
FAM138E	3	9	3	1	3	3	5	3	7	3	4	3	3	4	3	3	2	0	1	5	2	4	1	7	1	5	1	0	0	0	0	0	2	0	0	0	0	0	0	0	0	0	0	0	0	0	0	0	0	0	0	0	0	0	0	0	0	0	1	0	1	1	0	0	0	1	0	0	1
RPL6P30	1	0	4	3	2	2	2	0	0	3	2	1	3	0	0	0	3	0	0	2	0	0	0	1	0	0	2	0	0	1	2	0	0	1	1	0	0	1	0	0	0	0	1	0	0	0	0	1	4	0	0	1	0	1	0	0	0	0	0	0	0	0	1	0	0	1	0	0	0
HHIP-AS1	37	36	56	40	37	37	27	20	51	39	23	43	40	9	3	22	15	15	15	24	13	19	2	18	8	19	3	5	8	8	7	11	6	4	8	7	6	2	7	7	11	13	23	27	45	33	33	29	16	24	20	7	16	23	16	61	18	72	27	68	24	87	34	73	21	97	19	89	25
SDHAF4	557	416	309	332	468	364	514	346	519	395	431	429	366	423	469	451	452	366	468	483	540	439	439	464	487	513	466	604	387	528	397	553	455	576	449	529	369	585	366	657	350	375	97	438	92	497	133	614	176	537	149	456	181	585	143	310	154	486	176	615	174	505	161	535	222	567	192	574	202
PRAMEF19	0	0	0	0	0	0	0	0	0	0	4	0	0	11	4	0	5	1	13	0	4	1	5	0	8	1	10	0	0	0	0	0	0	0	0	0	0	0	0	0	0	0	0	0	0	0	0	0	0	0	0	0	0	0	0	0	0	0	0	0	0	0	0	0	0	0	0	0	0
AGXT2	4	2	4	2	1	0	8	3	0	1	4	4	1	0	0	0	0	1	0	0	0	0	0	0	0	0	0	0	0	0	0	0	0	0	0	0	0	0	0	0	0	0	1	0	0	0	0	0	0	0	0	0	0	0	0	0	0	0	0	1	0	0	0	0	4	0	0	0	0
HIST1H2APS3	0	0	0	0	0	0	0	0	0	0	0	0	0	0	0	0	0	0	0	1	0	1	0	0	0	0	2	0	0	0	0	0	0	0	0	0	1	0	0	0	0	0	0	0	0	0	0	0	0	0	2	0	0	0	0	0	1	0	0	0	0	0	0	0	0	0	0	1	0
RP11-701H24.7	230	160	219	150	165	183	170	195	188	241	175	216	223	146	131	115	127	154	69	183	102	117	99	176	126	195	145	62	47	72	46	56	37	50	39	40	42	56	34	92	61	52	52	50	54	41	35	57	35	40	23	45	43	49	30	36	17	53	21	56	18	62	18	45	14	40	40	56	33
CTD-2199O4.6	3	0	4	1	1	1	0	7	0	1	0	3	0	2	2	1	9	2	2	1	1	2	0	3	2	0	3	3	1	3	2	0	2	3	2	4	3	0	7	10	3	3	4	0	1	6	8	0	7	3	1	3	0	1	1	1	5	1	6	2	2	8	3	2	5	0	6	2	7
PRR7-AS1	12	12	10	16	13	10	13	9	15	7	9	6	9	5	3	9	11	6	2	8	0	7	3	3	1	5	11	3	11	2	6	7	8	3	3	9	14	6	8	10	3	36	16	26	56	24	20	21	7	30	23	16	25	22	17	11	10	32	22	29	22	39	24	28	21	61	18	43	25
CTC-543D15.8	28	37	58	27	24	38	32	13	39	21	44	21	30	21	24	17	17	36	17	43	27	30	20	39	34	26	14	11	6	12	9	6	5	6	5	9	7	7	15	11	5	7	14	7	0	14	5	16	16	11	10	15	10	2	12	12	12	13	10	13	14	16	14	9	24	17	18	15	10
LINC01029	1	0	1	0	0	0	4	0	1	0	2	0	0	3	0	1	1	0	0	0	3	0	0	0	0	1	1	0	0	0	0	0	0	0	0	0	0	0	0	0	0	0	0	0	0	0	0	0	0	0	0	0	0	0	0	0	0	1	0	0	0	0	0	0	0	1	1	1	0
RAB40C	702	865	825	704	871	662	892	583	900	650	822	660	713	616	591	685	694	579	745	771	751	661	703	624	789	636	775	939	856	764	792	908	947	875	996	793	815	817	836	852	845	703	1582	1044	2006	1096	1257	1497	1581	1250	1401	937	1393	843	1312	1219	1572	1441	1526	1888	1605	2092	1434	1658	1429	1871	1570	1728	1617
RNA5SP155	1	1	2	0	1	0	0	0	0	0	0	3	2	2	0	0	0	0	0	1	0	0	0	1	0	0	0	0	0	0	0	0	0	0	0	2	0	0	0	0	1	0	1	3	0	0	0	0	0	0	1	0	0	0	3	0	3	1	1	0	0	2	0	0	1	2	1	0	0
ZNF663P	95	99	154	109	98	143	99	108	100	102	119	111	115	68	82	69	82	105	75	93	84	102	75	118	65	119	72	47	62	38	54	34	78	41	32	50	42	53	39	46	69	65	59	34	54	51	63	77	85	74	67	65	82	58	61	71	115	71	94	63	97	93	92	73	94	50	85	80	105
FCRL3	0	0	0	0	0	0	0	0	0	0	0	0	0	4	1	0	0	6	5	1	0	5	6	1	3	7	2	0	1	2	0	2	0	0	2	1	0	0	1	5	0	1	0	0	0	0	0	2	0	0	0	0	0	0	0	0	0	0	0	2	0	5	0	0	0	0	0	0	0
NMNAT2	775	966	1064	1127	895	1033	811	854	946	1069	886	978	1002	413	234	436	250	416	216	641	302	456	233	540	271	508	271	224	500	234	463	250	532	250	515	217	435	206	404	262	607	355	1922	446	1897	469	2059	388	1813	440	1864	333	1792	284	1947	1303	4174	1580	4217	1923	3836	1736	3976	1544	3153	1653	4362	1619	4688
RP4-714D9.4	0	0	1	1	3	1	2	2	0	2	0	1	4	0	0	0	3	0	1	3	1	1	1	1	1	0	0	3	1	1	1	0	0	0	1	1	0	2	0	7	0	0	0	3	0	0	0	0	0	0	0	0	2	1	3	1	0	3	0	1	0	3	1	0	0	0	2	2	1
RP11-159H3.1	502	473	495	418	427	423	393	395	479	406	423	407	415	421	447	409	490	428	510	482	567	438	472	405	508	497	461	465	331	349	385	344	380	406	364	370	326	370	303	396	347	275	183	309	295	311	187	377	188	409	256	356	244	393	175	195	135	236	139	249	169	307	132	230	174	315	171	270	129
FAM96B	927	999	1056	903	951	855	1007	915	972	885	976	969	943	1005	1033	1148	1192	1041	1313	1166	1255	1140	1173	861	1070	1249	1019	1458	1119	1015	1158	1144	1356	1328	1226	1289	1087	1084	999	1387	1116	1030	782	1252	954	1210	905	1677	1019	1738	1251	1346	1227	1562	1008	1199	985	1464	973	1956	1090	1852	1069	1450	1130	1929	973	1876	1019
RP11-374M1.5	2	1	1	6	2	3	1	2	4	2	2	2	1	0	0	1	1	1	0	3	0	0	0	0	1	1	1	0	0	0	0	0	1	0	1	0	0	0	0	0	0	0	1	0	1	0	0	0	0	0	0	1	0	0	0	2	0	0	0	1	2	1	0	0	0	1	2	1	0
ANKRD26P3	1	0	0	0	0	0	1	1	1	2	0	0	0	0	0	1	2	0	2	0	0	0	0	0	0	1	0	0	0	0	0	0	0	0	0	0	0	0	0	0	0	0	0	0	0	0	0	0	0	0	0	0	0	0	0	1	0	0	0	0	2	0	0	0	0	0	0	0	0
RP11-169K16.8	2623	2943	2841	2884	2682	2739	2825	2399	2716	2931	2573	3050	2559	2723	2434	2704	3172	2486	3230	3415	3332	2957	2726	2774	2961	3014	2478	2991	1834	2211	1785	2197	2145	2619	2214	2275	1736	2453	1722	2873	1873	1467	817	1807	1217	1800	865	2422	916	2431	1252	1967	1098	2352	983	1103	613	1358	586	1607	727	1820	581	1547	807	1906	814	1644	659
BCL3	112	104	77	79	90	78	106	77	100	72	120	113	109	73	101	82	92	63	115	125	112	91	100	68	98	91	100	70	55	44	44	47	50	64	54	57	41	55	31	84	41	26	5	24	17	36	10	43	23	37	16	51	28	36	10	24	33	15	19	22	31	33	13	27	20	64	39	44	24
C1GALT1C1	543	375	450	440	356	392	415	350	430	431	373	421	422	410	388	454	387	406	366	481	438	429	351	379	389	481	324	298	283	313	343	315	272	281	302	363	275	315	285	393	320	213	230	342	234	307	186	347	217	325	296	234	273	289	227	225	215	267	230	309	214	383	261	274	282	348	287	350	266
COX4I2	3	6	8	0	3	8	16	11	12	1	8	1	0	41	63	37	93	30	141	55	93	39	85	12	77	52	60	51	26	40	24	48	36	51	19	38	33	31	40	37	23	9	7	15	0	9	1	14	8	15	7	16	6	13	6	2	4	6	2	1	3	3	1	1	1	8	4	7	0
ASB16	45	59	57	40	42	49	61	51	42	50	45	32	47	49	54	63	43	41	64	75	22	63	27	30	42	74	55	30	46	61	60	42	62	18	45	44	34	34	34	61	54	31	29	24	75	37	36	50	55	39	42	52	53	24	52	30	59	35	38	41	71	46	64	45	44	67	54	58	44
RP11-560G2.2	0	0	1	0	0	0	0	0	0	0	0	0	0	0	0	0	0	0	0	0	0	0	0	0	0	1	0	0	0	0	0	0	0	0	0	0	0	0	0	0	0	0	4	0	0	0	0	0	0	0	1	0	0	0	0	0	0	0	0	0	0	0	0	0	0	0	0	0	0
RP4-625H18.2	8	11	11	4	10	13	14	5	6	3	4	2	5	89	41	70	62	50	49	93	61	55	35	80	41	57	81	31	27	22	20	16	25	10	18	18	12	25	20	35	16	8	10	10	9	20	5	16	15	16	10	7	8	12	8	4	12	12	15	1	7	13	5	5	4	1	4	5	5
DBIP1	590	511	588	532	504	446	491	433	507	497	478	461	416	538	476	506	524	511	473	628	502	522	409	516	471	594	420	511	494	451	478	455	539	439	434	413	409	409	382	521	468	428	496	610	540	543	435	652	372	691	476	486	528	572	362	386	299	494	353	538	336	495	349	429	349	590	361	517	326
RP4-621N11.2	5	5	6	6	11	5	6	13	8	9	4	14	6	4	5	3	4	2	2	13	4	7	7	2	1	15	4	1	4	2	2	3	1	0	1	3	0	2	3	3	1	2	0	3	4	1	1	4	2	0	0	4	0	2	0	0	0	2	1	0	1	2	0	1	0	0	1	2	2
PPP1R3B	2410	1670	2300	1895	2079	1858	1898	1426	1970	1809	2232	1795	2106	369	256	441	197	406	202	468	253	355	193	390	205	534	238	146	133	158	136	162	151	204	124	188	112	165	99	175	121	366	176	387	107	407	162	446	197	415	159	331	180	335	166	493	243	662	200	752	170	697	166	627	175	745	268	785	186
TMEM159	770	717	764	773	684	782	694	753	762	735	641	843	633	378	306	420	336	396	351	527	404	413	377	464	368	449	368	340	189	194	198	225	206	230	197	242	189	210	148	291	209	130	214	134	162	167	172	153	174	154	221	158	163	132	242	193	329	261	307	294	280	320	292	303	332	299	336	323	349
FGF10	2	8	9	6	5	10	8	4	5	6	7	10	8	0	0	3	3	7	0	4	2	7	2	5	1	0	0	0	0	0	0	1	0	0	0	0	0	0	0	3	0	0	0	0	4	0	0	0	0	0	0	0	0	1	0	0	2	0	0	0	0	0	1	0	2	0	5	0	3
RP11-56N19.5	1	13	5	2	5	0	7	2	3	2	3	1	3	0	0	0	1	0	0	0	0	0	0	0	0	0	0	0	0	0	0	0	0	0	0	0	0	0	0	0	0	1	0	0	0	0	0	0	0	0	0	1	0	0	0	0	0	0	0	0	0	0	0	0	0	0	0	0	0
ZNF697	1496	1448	1582	1415	1477	1398	1472	1193	1523	1354	1399	1387	1494	1434	2223	1574	2041	1523	1921	1831	2205	1521	1908	1478	2192	1853	1920	2016	2250	1839	2105	1972	2153	2082	2161	2066	1928	1986	1804	2341	2095	2271	3101	2644	3221	2677	2898	3291	2857	2964	3035	2366	3078	2405	3005	3349	2798	4270	2807	4637	2926	4986	2736	4179	2762	4385	3346	4538	3121
XXbac-BPG299F13.17	5	6	3	3	4	4	3	6	5	4	4	4	4	1	2	4	4	3	5	10	3	6	3	5	4	3	2	5	3	3	3	3	5	2	4	2	5	1	3	3	4	1	1	5	1	2	2	5	1	5	1	3	3	3	3	2	4	2	5	4	7	4	6	10	5	2	5	3	7
GAPDHP15	0	0	2	2	0	0	0	0	0	0	0	0	2	0	0	0	2	2	0	0	0	0	0	0	1	1	0	0	0	0	0	0	1	0	0	0	0	0	0	0	0	0	0	0	0	0	0	0	0	2	0	0	0	0	0	3	0	0	1	0	0	0	0	0	0	0	2	0	0
PHGR1	0	1	0	0	0	0	0	0	0	0	0	0	0	7	1	0	0	8	0	1	0	0	0	1	0	1	2	0	1	5	0	0	1	0	3	0	0	1	0	0	0	0	2	0	0	2	0	0	0	4	1	0	0	0	2	0	2	2	0	0	0	0	0	0	0	0	0	5	0
WI2-8325B5.1	0	2	0	0	1	0	0	0	0	0	0	0	0	0	1	0	0	0	0	4	0	0	0	0	3	1	0	0	2	0	0	0	0	0	0	0	0	0	0	2	0	0	0	0	0	0	0	0	0	0	0	0	0	0	0	0	0	0	0	0	0	0	0	0	0	0	0	0	0
PGLYRP2	2	0	2	0	0	0	2	0	1	0	0	0	1	1	0	0	0	0	0	0	0	1	0	0	0	0	2	0	0	0	0	0	0	0	0	0	0	0	0	0	0	0	0	0	0	0	0	0	0	0	0	0	0	0	0	0	0	0	3	0	0	0	0	0	0	0	0	0	0
CTD-2060C23.1	189	195	151	218	167	147	141	145	200	193	171	167	195	189	201	215	218	144	228	259	267	212	191	189	192	234	176	199	175	164	137	161	203	209	220	233	164	233	219	268	209	150	135	194	186	158	139	257	171	256	180	202	191	226	162	198	143	193	146	252	157	247	146	248	143	231	181	219	148
MIR1228	3	8	6	7	8	4	5	4	5	6	5	3	4	4	8	5	4	4	5	6	5	6	5	5	6	10	5	2	2	1	2	2	4	3	2	2	2	3	2	4	3	1	4	2	3	3	2	1	5	1	1	3	1	2	1	2	3	3	4	7	3	5	2	3	2	4	3	5	4
FRK	20	18	43	12	34	9	37	24	42	28	49	16	40	86	80	47	94	60	94	57	114	46	82	50	121	57	93	75	81	70	86	68	95	103	79	99	75	88	86	134	82	38	41	43	52	43	23	47	26	44	36	57	23	33	37	34	42	49	30	47	28	51	30	37	46	72	52	59	38
TIMM8AP1	103	102	106	94	118	60	89	88	71	71	86	62	107	83	95	63	101	109	94	93	74	46	78	81	106	65	73	98	62	51	54	63	76	64	69	50	38	46	48	97	47	33	27	45	23	51	18	54	50	65	43	37	45	36	21	30	16	29	22	34	19	28	24	28	24	34	42	49	29
TMEM131	1437	1356	1696	1429	1352	1347	1308	1186	1420	1264	1387	1307	1405	1864	2169	1828	2135	2088	2122	2217	2449	1882	2007	1932	2446	2181	2127	3242	3320	2891	3019	3257	3164	3430	3046	3087	3017	3295	2808	3455	3298	4707	3352	4933	3695	4897	2823	6655	2855	5817	2708	4700	3602	3462	3062	4160	2521	5327	2284	5899	2542	5803	2166	5709	2019	5850	2974	5949	2546
PHBP18	35	41	38	35	27	41	39	33	30	29	30	35	35	35	31	36	28	32	38	40	44	34	36	29	33	38	30	24	21	20	21	26	22	28	32	19	17	21	16	25	27	11	13	13	11	16	13	24	8	20	22	24	17	23	16	12	6	17	15	14	6	20	8	20	15	18	16	12	9
GLB1L	169	138	169	136	152	187	116	122	127	132	122	141	128	137	139	129	111	143	149	108	120	167	130	125	152	136	130	131	106	91	103	82	102	86	131	124	91	104	92	111	130	98	40	107	43	69	41	130	84	110	53	69	91	83	72	63	91	104	66	139	68	107	83	97	100	127	99	132	109
NFKB2	958	971	958	910	967	735	908	850	990	875	916	837	821	1174	1290	1233	1771	1088	1836	1689	1694	1519	1523	1287	1680	1544	1404	1969	1338	1671	1208	1687	1432	2093	1354	1700	1285	2065	1253	1935	1346	1196	442	1406	443	1295	483	1744	513	1808	513	1398	661	1242	481	479	217	498	271	656	288	600	219	591	262	723	356	663	221
MYL12A	3537	2811	3395	2970	3045	3288	3080	2756	3131	3018	2953	3097	2955	3268	3540	3353	3326	3528	3174	4125	3772	3518	3142	3606	3196	4234	3169	2605	2494	2404	2469	2625	2870	2637	2607	2437	2410	2227	2260	2809	2585	1789	1844	2137	1901	1966	2083	2734	1771	2671	2237	1986	2303	2505	2109	1519	1398	1788	1467	2192	1706	2296	1472	1945	1877	2170	1974	2000	1675
RPS26P6	380	364	456	376	397	374	418	307	414	351	366	373	408	367	300	391	367	377	351	431	374	375	335	348	367	438	314	277	207	227	196	243	253	259	238	235	216	198	200	283	226	149	153	191	215	189	162	248	186	263	238	215	197	289	178	151	127	183	130	248	132	247	123	203	172	232	158	228	147
RP11-576D8.4	18	34	16	35	24	20	33	39	32	30	28	30	14	22	19	23	17	23	24	25	23	40	10	31	28	29	27	5	1	1	5	5	12	1	6	9	6	9	7	6	8	2	3	1	9	2	4	3	1	0	0	2	0	0	0	0	1	0	6	1	3	3	5	1	2	6	1	0	5
HNRNPA1P56	4	2	4	2	5	3	6	6	1	5	5	6	1	3	1	2	2	1	1	3	10	1	2	2	1	4	2	1	1	1	3	2	5	1	2	5	1	1	1	3	0	1	1	1	2	4	1	4	3	4	3	2	2	5	2	0	1	1	0	1	1	1	1	1	0	3	0	2	1
RP11-714M23.2	2	1	1	3	0	5	4	1	3	0	2	0	2	5	2	3	5	5	2	9	5	3	3	8	6	5	1	21	20	13	25	28	28	21	35	9	36	15	17	12	28	41	36	28	20	38	44	43	34	55	58	33	53	43	49	72	64	50	58	75	71	83	76	59	72	76	82	80	84
CTD-2026K11.6	32	30	32	21	25	30	13	17	36	24	36	18	29	37	33	19	27	17	39	35	21	14	29	29	33	40	35	24	53	23	55	26	47	29	26	38	58	29	30	43	47	73	114	82	181	82	76	95	71	88	72	56	73	49	72	69	71	77	85	91	76	101	76	80	78	91	84	103	70
PAEP	0	0	0	0	0	0	0	2	0	1	0	0	0	2	4	1	4	0	5	2	2	1	3	1	4	8	0	7	1	2	0	3	0	0	2	0	1	0	0	2	1	0	0	0	0	0	0	0	0	1	0	1	2	0	0	0	0	0	0	0	0	0	0	0	0	0	0	0	0
AC002310.10	58	35	71	49	45	53	55	38	54	51	46	76	57	56	66	58	61	45	42	70	60	41	48	59	67	61	51	41	58	32	44	49	41	45	56	36	35	34	40	48	48	41	38	55	46	50	38	63	25	54	39	46	55	27	41	43	55	45	32	48	30	55	40	74	30	80	39	69	45
KIT	1963	1847	1919	2020	1769	2201	1787	1900	1810	1943	1835	2154	1704	953	492	993	505	957	525	1335	587	1105	566	1099	592	1238	528	330	146	384	172	355	165	382	159	417	151	296	136	425	119	129	61	137	59	174	54	192	54	172	100	194	57	80	70	58	157	72	152	70	139	89	151	77	124	74	154	84	222
RP11-977P2.1	0	0	0	0	1	0	0	0	0	0	0	0	0	0	4	7	5	0	2	1	4	1	6	1	4	0	8	0	5	4	2	1	0	2	7	4	2	2	0	1	4	0	0	0	0	0	0	3	0	0	0	0	0	0	0	0	0	0	0	0	0	0	0	2	0	0	0	0	0
FUNDC2P4	0	0	0	0	0	0	0	0	0	0	0	0	0	0	0	0	0	0	0	0	0	0	2	0	0	0	2	0	1	0	0	0	0	0	0	0	0	0	0	0	0	0	0	0	0	0	0	0	0	0	0	0	0	0	0	0	0	0	0	0	0	0	0	0	0	0	0	1	0
AC087499.10	0	1	1	2	1	0	0	0	1	1	2	2	0	3	1	1	1	2	3	2	2	1	1	0	1	1	1	0	3	2	2	1	0	0	0	2	1	0	0	1	0	1	1	1	1	1	1	1	0	1	1	2	1	1	1	0	2	1	1	2	2	3	1	2	0	3	2	2	2
RP11-595O22.1	3	0	6	4	7	1	2	2	4	6	4	3	1	1	0	0	0	4	2	4	1	6	1	1	0	3	0	0	0	0	1	0	0	0	1	0	0	2	0	0	0	0	0	0	0	0	0	0	3	0	0	0	0	0	0	0	0	0	0	0	1	0	0	0	0	0	0	0	0
MRPL35P3	32	25	24	23	24	27	27	22	27	23	29	27	22	25	40	21	42	27	39	46	42	29	38	27	31	26	31	27	26	31	28	17	29	23	28	37	23	29	28	33	41	21	9	19	21	31	11	28	17	44	22	24	20	26	25	15	15	18	11	19	16	20	16	23	19	28	19	32	19
RFTN1	233	252	267	265	250	295	242	238	297	241	259	323	308	174	172	202	200	224	212	258	198	196	165	182	195	215	195	159	251	191	222	172	273	199	238	154	213	148	229	178	237	164	192	187	239	204	235	200	250	178	367	154	348	149	247	77	324	121	319	135	300	103	333	122	297	128	342	117	335
GPR156	90	138	114	139	112	111	90	107	122	98	110	115	110	84	49	61	48	52	36	71	53	61	56	60	46	54	42	15	6	18	7	12	14	5	4	13	9	25	9	13	14	0	12	11	9	4	15	5	7	7	3	18	5	1	9	11	72	6	62	13	65	11	64	12	54	1	70	7	70
RP11-709D24.5	1	0	1	0	0	5	0	0	3	0	0	0	0	0	0	5	1	0	7	0	1	2	3	1	0	0	0	3	1	2	1	0	1	1	3	1	0	2	1	2	0	0	0	2	8	0	1	2	0	0	0	0	1	0	0	0	0	4	0	0	0	0	0	1	0	0	1	3	2
PPP1R1AP1	11	9	24	5	12	3	3	10	4	6	10	2	3	4	3	0	5	4	7	8	2	10	2	4	2	11	0	4	6	4	10	1	7	5	6	6	1	7	11	4	20	7	12	12	23	13	28	22	13	8	12	5	17	10	25	20	25	35	23	48	26	28	20	32	16	39	27	31	29
OR52W1	2	0	1	0	0	0	0	3	3	0	4	0	0	0	0	0	0	0	2	1	0	0	2	0	1	0	0	0	0	2	1	0	0	0	0	0	0	0	0	0	3	3	1	0	3	2	0	1	2	2	3	0	3	0	1	0	2	0	4	0	1	0	2	0	0	1	2	0	4
TMEM92	323	381	346	349	367	279	355	306	364	321	344	315	325	168	254	213	228	227	272	278	239	249	223	211	232	298	214	157	87	110	79	98	78	126	64	91	64	116	61	123	83	30	5	22	8	19	12	26	5	26	22	8	25	38	7	11	14	11	12	21	7	14	10	14	10	19	8	8	7
PRELID1P4	41	47	35	41	41	40	40	32	52	42	36	30	34	31	29	22	29	32	22	29	37	21	24	34	25	35	33	20	11	19	18	22	17	27	16	11	12	15	12	26	15	10	7	11	22	13	18	31	10	22	13	12	17	12	14	19	10	16	13	19	14	25	7	12	10	13	15	19	6
RP11-883G14.1	2	0	0	0	1	0	0	0	0	0	1	4	0	0	0	0	0	0	1	0	0	0	0	0	0	0	0	0	0	0	0	0	0	0	0	0	0	0	0	0	0	0	0	0	0	0	0	0	0	0	0	0	0	0	0	0	0	0	0	0	5	0	1	0	1	0	1	0	0
TMEM134	501	589	534	481	500	557	566	409	586	417	469	443	508	480	459	544	567	521	580	695	531	532	444	515	559	571	410	892	539	759	499	830	506	863	627	861	520	715	461	952	556	724	278	861	310	913	376	1052	428	1013	438	935	451	925	417	687	328	813	388	984	408	1120	362	994	439	1136	444	1144	398
RPL21P122	0	3	0	0	1	2	2	0	1	1	2	3	1	2	0	2	2	1	2	3	0	2	3	12	0	1	1	0	1	1	1	2	1	2	13	0	1	1	0	3	0	4	0	1	0	2	0	1	0	7	4	1	0	2	0	0	0	3	0	3	0	1	2	0	2	1	0	3	0
CTC-429P9.3	268	220	186	251	213	268	242	220	254	239	254	195	196	175	179	159	192	136	204	225	177	195	136	229	196	234	172	245	256	240	207	228	282	198	183	223	227	202	192	261	190	311	276	339	313	306	260	403	295	387	259	328	296	345	265	341	295	478	303	555	343	538	309	497	359	528	362	548	325
RP11-597D13.7	172	105	148	118	120	143	120	122	105	113	123	133	132	125	108	119	123	127	99	133	115	121	110	122	113	154	114	105	81	104	80	95	104	90	83	130	77	94	71	119	84	77	76	97	59	74	67	112	69	111	66	96	66	86	78	66	66	90	61	103	73	88	59	82	76	106	89	128	73
PRKY	794	744	841	675	655	847	679	830	825	804	885	794	769	572	492	596	547	650	485	733	459	600	460	643	637	841	538	691	774	764	705	696	725	665	695	665	589	738	618	903	615	736	770	884	897	724	744	920	692	966	812	812	1108	711	838	622	889	776	918	845	916	1011	785	888	911	855	1147	1039	971
FAM84B	2284	2576	2750	2655	2310	2559	2146	2259	2444	2521	2265	2672	2579	1357	994	1591	819	1432	855	2259	906	1843	822	1790	888	1889	813	457	282	432	311	516	324	502	344	430	259	368	301	547	378	479	341	317	333	532	227	514	282	368	251	425	180	308	222	273	282	368	201	475	188	504	232	390	178	474	257	396	218
NAT1	163	92	189	140	126	159	174	116	163	148	111	161	146	129	114	185	87	152	120	196	130	134	123	168	122	187	130	66	59	72	51	75	35	106	47	51	51	83	65	78	49	50	19	28	10	33	17	53	21	52	46	44	26	36	39	14	17	11	15	14	16	26	27	24	24	30	22	23	15
IL18BP	392	457	457	326	326	365	355	332	387	394	382	419	434	318	284	367	271	296	328	394	298	333	311	359	407	433	329	289	403	362	425	349	415	348	364	402	257	465	325	455	309	444	453	484	599	417	305	530	370	478	369	356	442	219	347	379	465	410	436	553	489	615	473	488	300	520	477	589	417
HMGB1P20	9	7	13	13	7	7	8	3	11	9	10	9	6	9	7	10	15	7	11	10	8	8	5	8	8	13	11	14	6	10	5	15	5	10	7	16	6	8	6	11	11	8	2	12	6	13	6	13	6	11	3	14	7	11	4	3	7	9	5	7	3	11	4	8	5	8	8	7	3
AC007383.6	1719	1526	1696	1447	1634	1516	1666	1426	1521	1420	1499	1688	1491	1579	1534	1678	1888	1418	1684	1820	2047	1578	1651	1740	1825	1654	1645	1964	1600	1552	1538	1690	1728	2042	1669	1774	1656	1664	1424	2013	1588	1151	1020	1554	1174	1432	1041	1908	1143	1946	1206	1660	1269	2052	1113	1110	934	1453	958	1849	1039	1824	894	1686	1170	1869	1084	1784	976
RP11-505K9.3	0	3	1	0	6	2	3	1	0	5	4	5	3	0	8	2	3	2	0	4	4	7	7	5	5	2	7	3	3	2	7	3	4	4	1	0	3	0	0	7	8	3	0	5	2	1	1	2	7	1	4	2	5	2	2	3	1	1	1	8	2	0	5	5	2	7	7	5	3
C12orf76	441	334	353	295	369	381	355	355	368	388	367	350	323	264	295	325	395	299	343	390	434	367	366	356	427	353	334	382	495	376	428	380	533	399	459	370	417	416	356	455	425	543	538	579	462	507	560	723	514	546	638	524	628	533	581	635	773	886	754	932	743	930	752	877	800	853	863	892	868
RP11-923I11.5	0	5	3	9	3	5	2	6	2	3	1	3	2	4	1	5	3	3	0	4	4	0	4	5	3	0	2	8	10	5	2	8	11	13	4	10	10	10	11	6	17	9	26	7	32	23	12	24	18	28	36	14	23	17	24	22	32	19	31	53	32	38	20	36	15	53	23	39	28
XPO6	4182	4536	5526	4656	4591	4356	4463	3204	4915	3628	4882	3916	4640	3759	4223	4027	4548	4149	4910	4710	4974	3815	4190	3806	5090	4486	4597	4650	5217	4539	4821	4753	5543	5014	5350	4745	4808	4558	4546	5090	5268	4687	5331	5514	6491	5725	4827	7056	5068	6902	4912	5601	5778	4875	5047	5076	4775	5930	5080	7273	5110	7569	4877	6608	4385	7169	5425	7076	5072
RP11-439I14.1	0	0	0	0	0	0	0	0	0	0	0	0	0	0	0	0	0	0	0	0	0	0	0	3	0	3	0	0	0	0	1	0	0	0	0	0	0	0	0	0	0	0	0	0	0	0	0	0	0	0	0	0	0	0	0	0	0	0	0	0	2	0	1	1	0	1	0	1	5
RP11-139K1.2	0	2	6	2	2	3	2	6	3	2	3	6	0	2	0	1	1	2	1	1	0	1	1	0	5	2	0	0	2	0	0	3	2	0	1	3	0	3	0	0	0	1	0	3	0	0	0	0	0	0	0	1	1	0	3	0	0	0	0	0	0	0	0	0	0	0	0	0	0
SNRPEP5	0	1	1	1	3	3	3	3	7	1	1	1	1	1	3	4	0	1	1	4	2	5	2	1	1	2	2	1	1	1	1	1	2	2	3	2	1	2	0	1	6	1	1	1	1	0	2	1	0	1	0	0	0	1	3	3	0	1	1	1	0	0	2	0	1	0	2	0	0
CTD-2013N17.6	35	28	20	26	12	40	39	20	21	41	33	27	43	62	69	87	93	60	72	77	71	69	81	60	108	81	98	158	169	174	160	143	173	152	207	131	141	155	128	164	148	223	253	277	391	215	187	234	184	240	168	219	202	165	217	210	156	294	200	340	241	410	195	309	183	360	191	308	207
FAM131B	1242	1748	1545	1653	1331	1533	1251	1256	1324	1499	1244	1303	1407	1603	1525	1801	1810	1756	1723	2199	1888	1687	1502	1494	1665	2050	1507	2450	4172	2437	3763	2462	4064	2698	3977	2453	3300	2355	3183	2620	3783	3225	4350	3846	4448	3961	4673	4814	4980	4539	4948	3396	5139	2786	4867	6033	5667	7427	5908	8689	6031	8437	5712	7685	4989	8675	6389	9132	6171
FXNP1	8	12	14	8	16	4	6	9	13	9	18	14	8	3	3	8	12	14	8	18	1	15	10	8	16	6	13	10	7	10	5	4	3	4	6	8	0	4	1	10	1	6	2	4	0	0	2	2	4	6	2	1	4	8	4	1	1	6	2	1	6	3	2	8	1	2	5	4	2
RP1-290I10.5	0	0	0	0	0	0	0	0	0	0	0	0	2	0	0	0	0	0	3	0	0	1	0	0	0	0	0	0	0	0	0	0	0	0	0	0	0	0	0	0	0	0	0	0	0	8	0	0	0	0	0	0	0	0	0	0	0	0	0	0	0	0	0	0	0	0	0	0	0
ZNF281	4503	3692	4412	3880	3901	4437	3806	3471	3952	3838	3711	4296	3807	2424	2094	2640	2061	2841	1969	3202	2303	2474	1876	2581	2155	2959	2105	1824	1807	1796	1766	1950	1979	2108	1904	1937	1717	1687	1637	2130	1723	1899	2066	1969	1899	2192	1842	2335	1669	2218	1839	1963	2145	2206	1931	2063	1889	2775	1737	2876	1828	3244	1786	2956	2034	3046	2299	3135	2260
PCDHA12	185	186	250	253	169	215	214	142	199	188	196	238	187	145	155	188	164	232	207	250	159	200	122	195	165	240	184	147	249	169	228	171	268	188	205	134	226	149	175	165	210	199	337	227	374	247	354	270	406	233	387	219	350	173	368	345	367	443	405	491	427	511	358	418	330	445	464	526	493
RP11-93K22.1	1	0	0	0	0	0	0	0	0	0	0	0	2	0	0	0	0	0	0	0	0	0	0	0	1	0	3	0	0	0	0	0	0	0	0	0	0	0	0	0	0	0	0	0	0	0	0	0	0	0	0	0	0	0	0	0	0	0	0	0	0	0	0	0	0	0	0	0	0
RP11-390K5.6	15	19	26	15	14	16	15	14	16	17	16	26	16	15	13	25	16	20	31	19	8	20	10	31	29	19	24	21	33	29	28	23	33	17	37	24	38	31	37	40	14	26	28	46	9	36	33	54	40	36	30	34	53	25	40	41	33	42	38	50	41	51	31	49	41	50	44	53	29
HOXA11	0	0	0	0	0	0	0	0	0	0	0	0	0	1	0	3	3	1	2	1	15	0	4	0	7	0	2	0	1	1	0	1	0	0	0	2	3	1	1	1	0	0	0	0	0	2	0	0	0	1	0	0	2	0	0	0	0	0	0	0	0	0	0	0	0	0	0	1	0
GNA13	4418	3321	4034	3501	3780	3810	3524	3214	3693	3412	3866	3781	3716	3315	3534	3154	3486	3421	2909	4043	3588	3578	3406	3626	3602	4126	3425	2631	2363	2612	2464	2665	2560	2993	2513	2692	2267	2681	2215	3137	2471	2246	2248	2323	2249	2252	2137	2776	2001	2581	2282	2169	2590	2200	2515	2029	2611	2862	2513	3080	2646	3278	2408	2958	2658	2912	3071	2822	2944
MLLT4-AS1	106	130	104	110	115	108	98	123	127	102	131	109	138	241	254	217	305	255	350	358	301	335	247	267	314	358	297	224	364	242	369	249	404	272	370	249	282	265	396	309	320	357	423	317	474	338	378	446	462	450	413	383	461	284	457	513	661	679	564	766	610	885	594	770	537	772	680	839	592
CREB3L3	6	1	10	2	5	1	8	3	3	4	8	7	8	31	19	20	53	11	59	9	47	10	35	10	40	23	31	26	23	27	33	40	24	37	28	50	24	15	22	28	24	24	2	18	0	30	3	31	1	24	3	14	6	9	8	6	2	11	7	7	6	15	3	16	6	27	10	4	2
HMGN2P40	1	0	0	0	1	4	1	0	1	1	0	0	2	0	1	0	0	2	1	0	0	1	2	1	2	0	2	0	0	3	0	0	0	0	0	1	0	3	1	1	0	0	0	0	0	0	0	0	1	0	0	1	0	0	0	0	0	0	0	0	0	0	0	2	0	1	0	1	0
CAPS	75	53	67	67	67	70	92	46	66	53	66	61	80	108	70	67	90	75	88	114	89	73	62	88	96	84	99	157	209	146	214	161	235	186	192	175	165	201	147	226	173	287	167	402	216	369	218	446	233	417	280	347	254	347	257	379	251	541	303	670	314	680	247	530	250	650	347	709	303
KDM4C	740	613	632	606	510	618	594	558	647	567	641	616	570	532	579	557	648	573	536	735	600	618	533	659	732	604	637	965	904	838	863	797	886	985	783	1012	791	895	749	987	827	1051	896	1101	1081	1038	805	1275	778	1152	779	1070	780	1032	867	954	800	1312	705	1282	683	1528	673	1162	792	1147	839	1464	734
KARSP2	2	1	1	0	1	0	0	2	3	4	0	0	0	1	0	0	3	0	0	2	0	0	1	0	0	0	0	0	2	2	0	1	1	1	7	1	3	1	0	11	0	4	1	2	0	5	0	12	0	2	3	0	0	0	2	1	0	14	6	3	5	0	1	1	2	0	2	5	1
RPL19P21	130	171	159	149	161	135	130	121	148	142	136	159	149	144	124	142	157	134	160	179	186	150	157	153	168	151	143	157	98	108	101	109	119	132	119	144	107	124	103	148	124	76	55	111	95	95	57	116	64	126	78	126	70	118	76	67	40	81	44	99	46	114	41	102	53	116	51	91	49
HIGD2A	737	870	854	731	753	797	770	660	794	654	782	767	730	1013	1143	938	1438	907	1395	1112	1525	991	1150	870	1341	1091	1271	1534	1169	1174	943	1289	1270	1432	1242	1255	1137	1235	1088	1427	1111	856	648	1181	963	1164	711	1530	855	1474	912	1189	934	1475	694	864	549	1070	663	1296	710	1345	573	1171	667	1348	702	1335	608
RP1-125I3.2	1	0	2	2	0	3	0	1	0	0	2	0	0	0	4	0	2	1	0	0	0	0	0	0	1	0	0	0	0	0	0	0	0	0	1	0	0	0	0	0	1	0	0	1	0	0	0	0	0	0	0	0	0	0	0	0	0	0	0	0	0	0	0	0	0	0	0	0	0
AKR1B15	3	6	5	2	1	0	2	2	2	8	0	6	6	15	37	22	12	11	39	19	12	10	24	13	21	17	20	7	7	10	4	2	6	12	2	3	1	1	1	1	1	2	0	1	6	1	2	1	0	1	0	0	0	0	1	0	0	0	0	3	0	1	1	4	0	0	0	0	0
UBE2V2P4	0	1	0	0	0	0	0	0	0	0	0	0	0	0	0	0	2	0	0	0	0	0	1	1	0	2	0	0	0	0	0	0	0	0	0	0	0	2	0	0	0	0	0	0	0	0	1	1	5	1	0	0	2	0	1	0	1	0	0	0	0	0	1	2	0	0	0	0	0
RP11-472K17.3	0	0	0	1	2	0	0	0	0	0	0	0	0	2	0	2	0	0	1	1	0	0	1	0	1	0	0	0	0	0	0	0	0	0	0	0	0	0	0	0	0	0	0	0	0	0	0	0	0	0	0	0	0	0	0	0	0	0	0	0	0	0	1	0	0	0	0	0	0
VN2R10P	0	1	0	0	0	3	2	0	0	1	5	0	0	1	0	3	0	0	0	3	3	1	2	1	3	4	0	2	11	6	2	0	5	1	2	4	0	2	3	12	3	0	7	6	2	2	3	6	22	1	8	1	5	7	3	6	12	7	15	2	14	9	3	5	13	8	13	15	16
CTC-281F24.1	12	20	17	4	10	15	18	3	12	14	11	8	6	12	16	10	19	18	6	11	10	23	14	19	18	9	8	5	11	7	7	12	6	9	10	3	7	3	9	9	6	19	0	20	11	2	3	7	3	10	4	8	7	4	8	8	12	13	17	6	10	2	8	5	6	7	10	13	16
SNORD36C	0	1	1	0	1	1	1	0	0	1	1	1	1	1	1	1	1	0	0	1	1	1	1	0	1	0	0	1	1	1	1	1	1	1	1	0	1	1	2	1	1	1	1	1	0	1	0	1	0	1	1	1	1	1	1	0	1	0	1	1	0	1	0	1	1	1	1	1	0
RP4-613B23.1	8	10	4	2	2	5	7	5	6	10	11	9	17	5	23	9	20	6	5	9	17	14	5	9	14	12	17	13	27	17	18	12	21	10	17	12	13	17	11	14	19	21	31	47	27	27	18	35	16	29	20	20	23	18	16	21	29	48	18	26	31	48	20	47	20	47	32	33	22
LA16c-OS12.2	7	22	24	17	10	25	10	21	18	12	12	16	12	21	4	13	15	17	14	8	8	13	4	6	7	11	6	16	12	10	13	6	12	17	11	3	14	3	13	7	9	13	15	18	10	7	12	18	24	20	17	9	22	23	22	13	18	17	18	12	20	40	23	22	28	13	17	23	38
XKR9	21	7	12	8	12	21	14	22	9	18	12	11	16	15	27	15	35	10	30	14	47	19	40	19	28	11	27	18	11	19	30	18	23	21	13	27	16	32	24	43	16	14	1	20	1	18	9	23	3	11	8	12	4	23	3	10	6	20	1	19	13	13	9	21	17	7	11	24	7
POLR2J3	280	273	328	224	230	260	257	218	287	232	305	270	299	275	265	297	288	240	286	326	266	288	284	288	296	337	296	391	466	326	444	368	453	304	431	342	364	362	436	395	358	414	424	428	461	336	449	460	546	496	522	404	570	343	457	377	467	516	489	586	515	615	470	538	471	591	524	628	493
MIR193BHG	4	8	8	5	14	4	7	8	12	11	4	5	9	10	2	15	3	5	5	10	8	6	1	6	7	9	8	0	0	0	1	0	0	1	2	3	1	0	0	3	3	5	1	3	0	0	0	0	0	0	3	0	3	1	1	0	4	0	3	1	1	1	4	0	4	0	5	3	4
SEC16B	2	1	4	4	4	7	2	4	1	7	4	12	13	2	0	4	0	1	4	5	5	2	2	1	2	7	2	4	0	2	0	1	0	0	0	1	1	0	0	0	2	1	0	0	0	0	2	1	0	0	0	6	0	0	2	0	0	0	0	1	5	0	0	0	1	0	4	2	7
PFN4	1	2	6	3	4	1	1	4	1	2	1	4	1	0	2	3	4	6	1	3	7	4	1	0	7	2	6	3	6	1	4	7	6	8	4	1	2	15	13	11	1	11	1	5	4	1	3	8	11	5	1	1	2	5	0	5	11	2	1	2	5	12	3	14	2	2	6	8	13
RP3-446N13.5	0	0	0	2	0	0	0	0	0	0	0	0	0	0	0	0	0	1	0	0	3	0	0	0	4	6	0	0	0	0	2	0	0	2	3	0	0	2	0	2	3	0	2	0	0	1	0	0	0	0	0	0	0	1	1	2	2	0	1	3	1	0	1	2	3	2	2	0	1
ZDHHC20P4	533	496	520	438	498	516	472	459	452	498	464	524	528	352	348	390	321	438	232	495	334	368	299	424	340	496	340	222	198	280	159	271	198	286	199	262	159	234	146	272	169	153	111	141	89	180	104	228	66	229	113	164	114	169	130	96	76	138	92	153	92	171	66	124	83	117	92	170	86
MIR133A1HG	3	0	0	3	2	3	0	1	6	1	4	0	7	1	7	3	3	8	8	6	9	5	10	3	8	9	11	7	4	4	8	12	2	2	11	4	4	15	7	16	8	19	28	15	47	9	16	8	40	13	16	24	15	1	25	10	16	13	12	3	8	18	6	17	16	15	34	31	11
SUSD3	259	155	230	112	273	138	189	116	204	112	236	129	193	224	287	173	362	128	326	286	308	286	316	204	316	212	285	157	44	143	54	102	103	154	74	124	53	145	64	140	90	26	7	32	6	37	10	48	17	74	6	40	2	28	4	6	3	7	5	12	10	17	10	12	7	14	3	14	1
DHRS4L2	276	247	321	279	258	244	326	188	265	226	298	267	206	275	267	271	331	324	351	357	361	366	334	335	348	412	297	321	244	261	258	244	307	296	216	223	196	287	202	284	236	167	113	195	140	201	143	340	193	258	202	247	216	242	152	152	153	215	156	258	140	229	156	185	145	272	178	240	176
VSTM2B	30	41	31	33	36	26	40	31	25	32	34	51	25	236	204	154	263	167	340	251	373	221	278	171	307	161	276	168	290	161	253	186	256	162	288	205	280	134	274	185	280	99	161	104	215	138	186	148	224	174	254	114	305	155	238	172	397	207	411	239	377	229	378	238	342	231	402	274	440
RP11-243M5.3	0	0	0	1	0	0	0	0	0	0	0	0	1	0	0	1	0	0	0	0	0	0	0	0	0	0	0	0	0	0	0	0	2	0	0	0	0	0	0	0	0	0	0	0	0	0	0	0	0	0	0	0	0	0	0	0	0	0	0	0	0	0	0	0	0	0	0	0	0
BCHE	70	23	47	42	64	41	52	20	37	31	69	44	30	82	111	62	85	58	88	99	100	84	86	74	99	96	74	71	106	100	80	94	94	81	90	106	86	84	84	98	119	184	103	183	90	126	66	234	64	184	82	168	124	214	82	292	38	474	46	506	60	535	44	463	70	465	53	613	24
NFE2	53	64	71	62	35	44	41	39	57	43	34	50	63	24	22	12	8	23	5	29	19	27	13	23	17	17	10	5	0	0	1	2	3	2	1	2	0	0	0	2	3	0	0	3	2	0	2	3	2	5	0	3	4	2	2	3	5	5	4	1	3	2	3	0	2	0	1	0	0
RARRES2P7	19	29	33	30	25	37	33	32	19	32	29	24	20	35	8	32	17	12	23	44	19	38	16	24	13	28	14	4	1	2	0	5	3	2	1	6	0	12	0	3	0	1	0	0	0	2	0	0	0	6	0	1	0	1	1	0	0	1	0	0	0	0	0	0	0	0	0	3	0
RNU6-790P	0	0	0	0	0	0	0	0	0	0	0	0	0	0	1	0	0	0	0	0	0	1	0	0	0	0	0	0	0	0	0	0	0	0	0	0	0	0	0	0	0	0	0	0	0	0	0	0	0	0	3	0	1	0	0	1	1	0	2	0	0	0	0	1	0	0	0	0	0
YPEL5	981	670	844	740	829	847	748	761	880	852	819	899	821	1039	1137	1113	1166	1118	984	1342	1250	1175	1084	1095	1189	1357	1107	1194	1059	1167	1008	1228	1192	1294	1092	1300	988	1176	973	1560	1083	1325	1461	1526	1541	1493	1456	1838	1210	1777	1349	1384	1423	1734	1503	2050	1598	2936	1506	3232	1584	3416	1414	2838	1774	3395	1862	3444	1835
GOLGA2P11	0	1	0	0	0	0	0	0	0	1	1	3	2	2	4	2	0	1	1	1	0	1	0	0	1	7	2	0	0	0	1	0	0	0	0	0	0	0	0	0	1	0	0	0	0	0	0	0	0	1	0	0	0	0	0	1	12	0	7	2	7	1	14	0	10	0	8	0	19
CCR7	3	3	8	0	3	2	2	2	1	4	2	0	6	3	0	0	1	8	1	3	1	4	1	3	2	4	10	0	2	0	1	2	1	0	4	4	0	2	1	4	3	0	1	2	0	4	2	0	6	6	0	1	0	9	2	2	3	3	4	4	2	1	1	2	0	0	3	3	0
C11orf96	11	12	13	12	18	7	9	11	16	10	10	17	12	382	658	368	717	333	896	527	872	406	772	353	803	443	615	502	374	309	262	425	312	423	361	458	323	421	285	408	335	282	234	416	353	555	239	840	259	667	273	565	235	571	280	694	423	759	520	1035	556	1153	420	945	446	1169	533	1200	501
RIPK1	894	790	1221	910	876	869	710	656	913	855	895	794	925	317	497	456	429	478	309	570	366	434	328	454	371	529	378	316	371	350	405	313	411	325	394	279	372	291	336	305	448	296	555	366	660	383	566	444	483	367	480	435	580	277	518	519	757	650	727	776	712	723	753	639	701	641	795	694	781
RP11-274B21.3	106	170	176	145	128	133	121	123	161	125	153	120	176	122	141	160	186	130	218	234	127	168	140	176	207	185	164	173	269	169	253	197	286	190	303	196	226	171	244	199	242	228	344	265	499	276	308	403	475	382	381	286	354	166	360	291	324	350	362	385	403	468	265	410	208	449	315	539	326
CAPN1	7368	8806	9598	8523	8883	7633	8033	6351	8922	6782	8672	6999	8093	5416	4417	5889	5039	5836	5406	7161	5233	5612	4381	5261	4751	6813	4274	3733	4193	3497	4049	3642	4615	3935	4491	3612	4022	3435	3671	4113	4246	3079	3115	3507	3631	3819	3457	4742	3897	4553	4111	3658	3753	3418	3772	4744	4166	5668	4652	7046	4380	7138	4325	6263	4081	7258	4644	6480	4613
LRRN4CL	2	2	2	0	0	7	2	2	3	1	0	1	1	5	44	6	42	8	53	10	41	22	41	10	57	9	49	4	14	5	27	12	20	7	19	9	21	18	22	14	10	10	20	11	22	4	16	13	17	10	20	13	31	5	22	9	17	7	12	21	18	11	8	13	12	12	10	9	23
RP11-696F10.1	11	3	19	7	13	19	10	22	5	10	9	10	4	8	9	19	13	7	12	12	10	10	18	6	19	12	15	22	16	9	11	8	14	4	10	14	8	20	16	19	21	12	22	15	17	20	14	31	23	22	11	20	13	20	15	16	20	34	11	20	16	16	19	27	18	20	23	32	16
RP11-168L22.2	1	0	1	4	0	0	3	0	0	0	1	1	0	9	14	4	13	1	2	4	6	9	13	5	13	2	13	0	0	2	0	0	0	0	0	0	0	0	0	4	0	0	1	1	0	0	1	0	0	0	2	0	1	1	0	0	3	0	0	0	0	0	0	0	0	0	0	0	0
RP5-864K19.6	0	0	1	0	0	0	0	0	0	0	1	0	1	0	0	0	0	0	0	0	0	0	1	1	0	0	0	0	0	0	1	0	0	0	0	0	2	0	0	0	0	1	0	0	1	0	0	2	2	0	1	1	0	0	1	0	0	0	0	2	0	0	0	0	1	0	0	0	0
LINC00525	0	0	0	0	0	0	0	0	0	0	0	0	0	0	0	0	0	0	0	0	0	0	0	0	2	0	0	0	0	0	0	0	1	0	0	0	0	0	0	0	0	0	2	0	0	0	0	0	0	0	0	2	0	0	0	0	0	0	0	0	0	0	0	0	0	0	0	0	3
AC093616.4	580	560	615	548	601	523	536	483	575	555	608	518	557	408	486	472	498	438	449	546	531	445	482	529	487	553	426	324	312	273	342	357	280	332	323	326	266	314	293	397	300	268	205	265	190	252	178	323	214	363	210	267	234	254	202	250	169	307	177	372	187	329	165	346	149	341	224	395	169
TRAF3	746	931	950	950	902	800	815	662	902	846	883	873	898	1529	2275	1511	2631	1488	2646	1840	2669	1457	2170	1372	2661	1779	2498	4658	4872	4026	4457	4533	4899	4759	5046	4148	4606	4566	4074	4911	4508	2852	2160	3094	2838	3217	1935	4396	1868	4006	1868	3515	2640	2753	2073	1325	1198	1530	1217	1912	1429	2055	1140	1765	1048	1920	1447	2086	1158
RP11-473O4.1	0	0	1	0	0	0	3	0	0	0	0	0	2	0	0	0	0	0	2	0	1	0	3	0	1	1	4	0	0	3	0	0	0	2	3	0	4	0	0	2	1	2	0	1	0	2	0	2	7	0	5	1	0	0	2	0	0	1	0	0	0	0	2	0	1	0	1	0	1
NKPD1	22	26	16	19	14	13	11	21	17	8	13	29	17	19	13	20	34	27	47	16	23	22	36	31	32	22	32	182	106	124	95	158	115	139	87	130	104	161	80	169	101	245	113	368	143	337	75	521	90	461	99	372	102	281	76	284	70	313	73	479	80	429	59	407	43	506	77	445	58
C19orf66	374	360	515	439	385	351	458	368	466	375	356	329	402	228	199	278	215	184	240	333	235	329	195	270	277	309	184	56	21	61	34	57	37	72	21	42	29	51	17	42	48	10	3	13	0	15	0	7	1	15	4	28	1	9	3	7	6	10	1	30	10	8	6	9	2	8	11	5	4
RP11-727A23.10	7	3	6	3	2	8	7	3	7	8	4	6	7	0	5	2	4	4	3	2	0	7	7	1	1	4	1	1	3	1	1	2	1	1	1	1	2	4	1	1	1	1	1	3	0	1	2	2	1	1	2	5	1	0	4	2	1	1	1	1	2	2	2	1	2	1	2	3	2
RNU6-118P	4	0	0	0	1	4	1	1	3	2	0	0	1	4	1	2	1	7	4	1	1	3	7	4	2	2	2	0	1	3	2	0	0	3	2	2	0	4	1	0	2	1	1	1	0	3	3	0	0	1	1	0	1	3	2	3	3	0	3	2	0	4	1	2	7	0	1	7	2
RP4-568C11.4	0	0	0	0	1	0	0	0	0	1	0	0	2	0	2	0	0	0	4	6	4	0	0	3	0	0	0	0	0	0	1	0	0	0	0	0	0	0	3	0	1	0	0	0	0	0	0	1	5	0	0	1	0	0	0	0	0	0	0	0	0	0	0	0	1	0	0	2	0
RPS2P55	6701	7919	7330	7101	7142	6706	7322	6085	7385	6732	6815	7064	6702	6747	6857	6816	8345	6191	8955	8689	8861	7378	6756	6258	7151	7823	6407	7165	5543	5339	5286	5775	6416	6903	6435	5567	5680	5952	5447	6773	5844	3710	2958	4474	3823	5003	3022	6727	3171	6598	3560	5346	3882	5308	3339	3366	2041	3927	2303	4990	2599	4829	2081	4144	2389	5459	2355	5036	2107
RNU7-180P	0	0	1	0	0	0	0	0	0	0	0	0	1	0	0	0	2	0	0	0	1	0	0	0	0	0	0	0	0	0	0	0	0	0	0	0	0	0	0	0	0	0	0	0	2	0	1	1	2	0	0	0	0	0	0	0	0	0	0	0	0	0	0	0	0	0	0	0	0
RP11-54O7.16	1	4	1	1	2	4	0	2	2	2	3	2	0	3	4	4	10	3	4	5	6	5	9	5	3	10	5	10	30	10	20	12	25	14	30	11	25	21	25	14	13	29	41	33	48	32	15	37	31	44	26	37	37	25	33	46	39	53	39	51	25	50	36	46	30	72	33	68	37
MYLPF	10	7	7	3	4	12	4	7	10	15	2	8	0	6	2	0	2	5	2	5	9	2	7	5	0	4	3	5	1	3	4	5	0	3	0	2	0	1	1	0	0	0	7	4	0	0	5	1	0	3	2	0	4	0	3	3	4	4	0	2	1	5	0	8	4	8	1	4	0
AC108051.1	0	0	2	0	0	0	0	0	0	0	2	0	0	0	1	0	0	0	0	0	0	1	0	0	0	0	0	0	0	0	1	0	0	0	0	0	0	0	0	1	1	0	0	0	0	0	0	1	0	0	0	0	0	0	0	4	0	0	0	0	0	0	0	0	0	0	0	0	0
RP5-874C20.6	0	0	2	0	0	0	0	0	0	0	1	0	0	0	0	0	1	0	1	0	0	0	0	1	0	0	0	0	0	0	0	0	0	0	0	0	0	0	1	0	0	1	0	0	0	0	0	0	0	0	0	0	0	0	1	0	1	0	0	0	0	0	0	0	0	0	0	0	0
MYL6P3	1786	1434	1957	1482	1348	1482	1522	1289	1590	1366	1446	1518	1385	1606	1611	1739	1605	1851	1570	1962	1695	1749	1360	1589	1492	1939	1422	1445	1447	1189	1358	1182	1385	1329	1415	1160	1101	1069	1081	1477	1316	1129	2052	1269	2035	1293	2030	1460	1732	1411	1708	1046	2028	1443	1850	1973	1957	2502	2213	2864	2347	2806	2261	2306	2414	2665	2348	2383	2163
VPREB3	5	12	4	8	9	6	1	6	6	3	6	0	7	2	2	5	0	0	2	0	2	3	5	3	2	0	1	5	4	6	1	2	0	2	1	0	0	2	5	2	5	2	3	1	7	1	1	3	0	0	2	0	0	4	1	1	0	1	1	4	4	4	3	0	2	0	2	3	0
AC074366.3	0	0	3	0	0	0	2	3	1	1	4	0	0	0	0	0	0	0	0	0	0	0	0	0	0	0	0	0	2	0	0	0	0	0	0	0	0	0	4	0	0	0	0	0	0	0	0	0	0	0	0	0	0	0	0	0	0	0	0	0	2	0	0	0	0	0	0	0	0
TBC1D7	1335	911	1168	832	1010	1001	1028	855	1137	999	1060	996	1043	986	938	1041	1065	1125	1055	1209	1051	982	937	936	1001	1186	1018	1050	956	909	966	976	963	1036	993	1027	857	899	882	1113	981	877	709	1011	735	937	757	1204	734	1127	732	940	852	1213	841	720	585	894	689	1057	682	1052	651	990	767	999	741	1044	715
TMEM161A	1220	1466	1389	1289	1439	1331	1348	1166	1472	1150	1337	1185	1311	1026	932	1014	1317	927	1365	1362	1256	1220	1105	957	1055	1190	1082	1262	891	1142	886	1265	1135	1398	1097	1094	994	1080	913	1406	945	919	273	1001	363	1206	328	1600	375	1184	480	1158	447	1105	371	973	321	1104	308	1275	391	1345	304	1152	372	1503	336	1390	293
RP5-837J1.1	2	0	0	1	0	0	0	1	4	3	0	1	0	1	0	0	0	0	0	0	1	0	0	1	1	0	1	0	0	0	0	1	0	1	0	0	0	0	0	1	0	0	0	0	0	0	3	0	0	0	0	0	2	0	0	1	2	0	2	1	0	0	0	0	1	0	1	0	0
MRC1	9	0	15	4	0	2	3	0	5	5	7	0	5	0	7	4	3	8	1	3	3	2	19	1	1	3	11	5	7	0	0	4	1	2	2	0	0	1	1	1	6	1	0	1	2	5	2	4	0	1	0	1	0	0	0	0	1	4	1	1	1	3	1	0	0	0	3	0	4
AKNAD1	0	0	0	0	1	2	0	0	0	0	1	1	8	0	5	1	4	3	4	0	10	5	3	0	1	1	6	3	1	0	4	0	1	0	0	0	0	0	3	1	0	0	2	0	0	0	1	2	0	3	0	0	1	1	1	2	0	1	1	1	3	2	7	6	5	0	1	0	1
RP11-119H12.5	0	0	1	0	0	0	0	1	0	1	0	0	0	0	2	1	0	0	0	5	1	0	0	0	0	0	3	0	0	0	0	0	0	0	0	0	2	0	0	0	0	0	0	5	0	3	0	0	0	0	0	1	1	0	0	0	0	0	0	0	1	1	0	0	0	0	0	1	0
RP11-168P13.1	0	0	0	0	0	0	0	0	1	0	0	0	0	0	2	1	2	0	0	4	0	3	0	0	0	4	4	3	0	1	2	0	1	1	0	2	0	0	0	0	2	3	0	0	0	1	0	0	0	0	0	1	0	0	0	2	2	0	2	0	1	0	1	0	0	0	0	1	2
REM2	86	72	121	49	61	80	96	45	81	90	73	69	68	75	99	68	146	104	129	102	167	98	113	80	155	108	147	239	479	223	503	226	486	225	515	239	438	199	399	229	561	1008	1836	1299	2433	1452	1587	1818	1594	1649	1625	1265	1409	1367	1535	3042	1104	3709	1257	4497	1286	4732	1043	4194	1303	4610	1157	4409	977
RP11-335I12.2	0	0	0	0	0	0	0	0	0	0	0	0	0	0	0	2	0	0	0	0	0	0	0	0	2	0	0	0	1	0	0	0	0	0	0	0	0	0	0	0	0	1	0	0	0	0	2	0	0	0	0	0	0	3	0	0	0	0	0	0	0	0	0	0	0	0	0	0	0
CCDC85C	1163	1419	1556	1387	1267	1312	1239	914	1536	1157	1371	1219	1338	1887	2084	2021	2440	1770	2546	2455	2512	2058	1940	1919	2226	2355	2161	2179	2136	1956	1945	2072	2279	2167	2382	1909	2118	2022	1959	2275	2158	1623	1582	1823	1878	1934	1315	2524	1550	2359	1541	1839	1736	1650	1597	1380	1643	1634	1606	2034	1689	2202	1530	1706	1407	2129	1622	2259	1661
AC091153.4	0	0	4	0	0	1	1	3	0	0	0	0	0	0	0	1	0	0	1	0	0	0	0	0	1	0	2	0	0	1	0	0	1	0	0	0	0	1	1	0	0	0	1	0	0	0	0	0	3	1	3	3	2	0	0	0	1	2	1	1	1	1	0	0	0	0	0	0	0
SNAI1	174	248	185	140	183	166	189	140	208	148	202	129	174	520	698	495	717	415	822	637	804	573	649	468	757	546	632	545	389	452	393	450	486	512	442	444	398	486	333	545	400	399	84	402	124	461	91	578	87	460	113	424	145	388	114	224	67	295	71	452	88	373	62	381	87	510	75	433	78
LINC01372	2	0	2	1	1	4	3	2	3	3	0	0	2	7	7	11	9	4	15	3	6	10	16	5	11	2	2	9	11	10	12	19	12	7	9	7	7	10	7	21	7	7	5	23	17	16	7	20	12	12	7	12	18	11	3	16	18	9	16	19	6	15	16	19	13	22	15	21	16
RNF34	1697	1408	1799	1390	1415	1317	1373	1219	1552	1291	1476	1446	1548	1405	1456	1419	1607	1574	1428	1796	1682	1424	1461	1509	1642	1685	1498	1896	1936	1658	1706	1674	1871	1905	1808	1773	1686	1688	1613	2086	1818	1571	1765	1754	1730	1938	1554	2210	1577	2008	1839	1727	1923	1606	1564	1341	1408	1585	1405	1768	1459	1764	1307	1649	1479	1721	1644	1784	1520
RP11-212E8.1	0	0	0	0	0	0	0	0	0	0	0	0	0	1	0	0	0	0	2	0	0	0	1	0	0	3	0	0	0	0	0	0	3	2	0	0	0	0	0	0	1	0	0	0	0	1	0	0	0	1	0	0	0	0	0	0	0	0	0	0	0	0	0	0	0	0	0	0	0
SCOC	1656	1029	1251	971	1307	1290	1319	1128	1352	1191	1230	1299	1371	1394	1333	1403	1506	1505	1134	1757	1649	1659	1526	1631	1621	1799	1460	2425	1643	2247	1654	2146	1844	2478	1939	2309	1699	2101	1625	2563	1727	1886	1307	2325	1138	2143	1348	2469	1217	2769	1498	1934	1520	2765	1763	1905	1557	2659	1502	2888	1416	3188	1399	2977	1927	3012	1766	3113	1848
TICAM1	27	21	35	24	30	16	21	21	40	14	33	27	25	14	20	12	25	11	33	33	14	17	22	18	30	8	20	9	15	15	5	8	10	3	10	4	4	9	3	7	8	5	1	0	0	7	0	4	3	2	0	0	1	1	3	1	0	3	0	0	0	0	1	1	1	1	4	0	1
CHRNA3	206	179	182	205	155	174	158	152	173	140	158	175	199	2048	3299	2097	2981	2117	2744	2492	3101	1966	2697	1857	2917	2366	2922	3118	3103	3006	3049	3126	3293	3470	3017	3047	2669	2761	2614	3393	3176	3124	3523	3478	3870	3355	3782	3833	3426	3603	3609	2795	4287	2922	3773	4071	5199	5067	5082	5508	5336	6212	4995	5125	4927	5330	6069	5091	5774
RAP2B	1708	1652	1805	1761	1809	1758	1684	1510	1733	1653	1600	1744	1581	1472	1296	1542	1343	1573	1349	1893	1484	1625	1261	1629	1349	1878	1276	1907	1757	1710	1612	1824	1807	1893	1731	1772	1676	1650	1593	2162	1818	1995	2721	2346	3228	2239	2448	2959	2384	2820	2339	2221	2419	2457	2313	1946	1450	2565	1500	2854	1447	3025	1507	2526	1704	2878	1742	2775	1652
RP11-694I15.7	18	37	15	17	12	18	18	20	15	21	18	12	13	5	13	4	4	3	7	14	13	15	19	17	13	14	10	21	16	14	9	10	9	10	11	15	3	14	7	18	11	16	7	12	10	8	8	25	13	17	5	18	9	11	11	22	10	24	6	26	18	30	7	6	11	27	6	35	11
RP5-827C21.4	7	18	14	12	8	14	8	7	15	6	9	12	7	13	11	11	15	7	5	24	17	13	16	14	16	24	15	6	5	10	14	6	6	11	18	9	19	11	9	10	6	5	8	8	7	8	9	13	0	17	5	12	7	14	2	6	4	17	3	13	8	20	12	16	10	19	16	9	3
BHLHA9	14	15	13	6	8	7	7	11	7	10	7	11	3	5	0	6	2	1	9	6	7	3	4	7	3	2	1	0	0	0	0	0	0	1	1	0	0	0	0	0	3	0	0	0	0	0	0	0	0	0	1	1	1	1	2	0	0	0	0	0	0	1	0	1	0	0	2	0	0
COPS7A	1179	1377	1446	1127	1495	1148	1306	962	1326	1038	1333	1098	1140	1122	1114	1196	1205	1123	1327	1261	1435	1128	1064	1074	1177	1306	1111	1019	1167	1013	981	992	1216	1079	1193	1005	1055	998	926	1083	1100	813	485	952	622	1026	683	1328	716	1264	723	1087	852	1022	791	908	741	1063	761	1280	788	1247	720	1199	743	1324	856	1289	801
MLF1	1606	1213	1283	1154	1040	1188	1283	1257	1238	1407	1096	1497	1268	1017	834	973	766	1049	666	1306	890	1110	766	1169	831	1194	797	630	424	645	457	564	452	595	483	682	456	610	398	757	458	450	219	501	215	465	258	619	148	520	250	533	341	512	269	388	311	434	307	533	351	470	315	489	390	498	383	489	368
AC114973.1	0	0	0	1	0	1	0	0	2	1	4	2	0	2	0	1	0	0	0	0	0	1	1	2	0	0	1	0	1	0	0	0	0	2	1	2	0	0	0	2	0	2	2	1	0	0	0	0	0	0	0	0	0	1	1	0	0	0	0	1	0	0	1	2	1	1	0	0	0
SMAD5	4049	2908	3627	2705	3008	3294	3005	2857	3252	3226	3233	3525	3154	3526	4063	3504	4025	3770	3446	4507	4196	4215	3868	4266	4395	4319	4047	4292	3261	4225	3144	4131	3371	4611	3072	4560	2943	4735	2803	5425	3054	3109	1575	3265	1331	2950	1322	3869	1121	3479	1424	3161	1824	2835	1489	1576	1040	2121	1035	2299	1145	2359	975	2111	1147	2136	1339	2379	1097
AC026471.6	1	0	0	0	1	0	0	0	2	2	2	0	1	0	0	0	0	0	0	0	0	1	0	0	0	0	0	0	1	0	0	0	0	0	0	0	0	0	0	0	0	0	0	0	2	0	0	0	3	1	2	0	0	0	0	1	1	0	0	0	0	0	0	0	0	0	2	0	2
SCAMP2	1331	1652	1810	1769	1763	1512	1531	1397	1508	1518	1422	1488	1344	1441	1326	1577	1416	1545	1451	1778	1444	1412	1199	1428	1451	1777	1253	1686	996	1388	1034	1538	1171	1694	1205	1384	1023	1400	946	1667	1043	1327	856	1609	984	1647	843	2281	934	1923	846	1572	993	1476	869	1516	709	1883	841	2199	934	2241	704	1970	766	2647	883	2112	762
BAG1	1173	1165	1584	1279	1140	1150	1105	885	1261	1080	1158	1171	1327	1137	1303	1222	1459	1191	1321	1376	1452	1187	1205	1167	1470	1355	1244	2035	1876	1586	1815	1831	2083	1974	1972	1785	1898	1749	1601	1841	1839	1803	2054	2266	2432	2140	1760	2742	2116	2773	1959	2010	2337	2582	2048	1721	1517	2104	1724	2609	1844	2481	1525	2321	1843	2712	1798	2538	1806
ORAOV1P1	1	3	2	6	2	3	3	4	1	1	0	1	0	2	1	0	0	2	1	2	0	7	0	3	1	3	2	1	1	4	0	0	2	0	3	0	0	2	0	2	0	4	1	0	0	0	1	2	0	0	0	0	1	0	0	5	2	0	3	5	2	5	1	5	7	5	5	5	0
PMS2P2	31	37	59	42	38	37	34	41	50	34	45	24	35	35	32	55	42	36	26	59	33	34	32	52	65	44	38	63	77	57	65	47	90	53	52	62	64	67	60	66	56	69	52	109	80	74	73	89	84	93	71	68	70	64	68	89	86	116	64	105	75	136	66	117	67	100	75	166	74
FTH1P16	118	95	107	83	81	80	87	79	95	73	87	98	99	80	104	85	84	103	70	97	99	86	85	90	84	100	72	77	57	50	47	67	42	60	48	70	44	47	45	72	44	45	47	44	52	42	39	51	36	48	36	50	39	58	40	44	46	67	42	65	43	57	56	57	59	58	64	57	66
NLRP2	994	899	1034	827	1021	747	864	661	988	720	944	755	929	688	499	622	541	600	537	799	572	635	513	641	559	750	492	119	207	165	183	133	192	188	200	221	195	136	202	194	191	105	190	136	138	124	180	136	214	152	173	143	225	79	202	122	223	204	201	198	199	203	204	151	198	219	219	201	249
LINC01055	0	0	0	1	0	0	0	1	2	0	0	0	0	0	0	0	0	0	0	0	0	0	2	0	0	9	0	0	0	0	0	0	0	0	0	0	0	0	0	0	0	0	0	0	0	0	0	0	0	0	0	0	0	0	0	0	0	0	0	0	1	0	0	0	0	0	0	0	0
CGB8	2	0	3	5	1	0	4	3	4	1	2	3	2	0	0	1	2	1	1	2	1	2	0	1	0	0	1	0	0	0	2	0	0	0	0	0	0	0	0	0	0	0	0	0	1	0	0	0	0	0	0	0	0	0	1	0	0	0	0	0	1	0	0	0	0	0	0	0	1
POU6F2	157	157	137	109	119	107	150	112	155	126	140	99	149	277	566	320	610	283	625	390	723	277	519	250	636	400	601	675	1296	775	1123	759	1215	865	1119	766	1039	747	1008	789	1222	970	1301	1097	1423	1110	1210	1515	992	1302	868	1032	1230	1023	1092	1120	678	1390	736	1546	822	1632	717	1491	715	1634	1008	1624	768
CD82	219	176	241	173	253	227	185	171	209	182	231	171	179	1395	1903	1429	2171	1132	2300	1727	2169	1533	1806	1217	2125	1553	1889	2597	1373	1807	1330	2208	1580	2503	1318	1918	1378	2108	1299	2279	1419	1035	285	1180	275	1357	246	1753	221	1603	265	1385	432	1295	263	501	141	531	114	729	215	669	133	608	182	835	186	680	134
RNA5S2	0	0	0	0	0	1	0	1	0	0	1	0	0	0	0	1	1	0	0	1	1	0	0	1	0	0	0	1	0	0	0	0	1	1	0	0	0	0	0	1	0	0	0	0	0	0	0	1	0	1	1	1	0	1	0	0	0	0	0	0	0	1	0	1	0	0	0	1	0
DUSP3	1398	1344	1505	1171	1296	1242	1308	1178	1354	1201	1454	1129	1248	878	1346	949	1302	1031	1309	1192	1397	1047	1295	954	1417	1289	1231	995	1128	878	1091	877	1107	1120	1049	982	1051	963	1059	1165	1116	918	952	1032	1044	992	1083	1191	1013	1225	1142	971	1372	895	1066	1767	1873	2099	1888	2529	1977	2575	1879	2227	1870	2589	2209	2546	2052
MIR371B	7	4	5	7	10	2	3	5	12	8	6	8	10	1	2	0	6	6	6	7	5	14	5	7	9	5	5	0	0	1	0	0	0	1	1	0	0	0	0	1	1	0	0	0	0	0	0	0	0	0	0	0	2	0	1	0	2	0	0	0	0	0	0	0	0	0	0	0	0
FAM153A	5	2	2	2	4	0	3	4	2	0	9	2	5	0	1	2	17	9	8	1	1	2	2	7	7	8	8	2	2	1	6	2	0	1	12	0	2	10	1	6	1	16	3	2	11	2	0	7	0	0	4	2	1	0	1	1	0	3	2	3	1	6	2	1	2	3	7	3	5
SAMD10	103	155	120	122	137	105	129	124	146	89	117	129	129	38	32	64	21	32	30	63	49	45	34	35	21	49	31	23	43	36	38	29	22	28	31	21	29	36	30	34	35	20	22	19	43	27	34	30	33	34	33	31	25	26	32	27	76	41	70	23	68	74	58	40	64	54	74	48	99
RP5-1159O4.2	11	8	7	11	10	6	6	9	7	12	23	3	12	13	6	11	8	4	6	10	2	7	1	6	18	5	2	11	5	5	7	2	12	0	4	18	16	5	4	10	6	30	4	15	0	5	8	3	8	5	5	10	11	17	11	15	11	13	14	5	11	18	14	13	9	3	17	11	16
RP5-1050E16.2	0	0	0	0	0	0	0	0	0	0	0	0	0	0	0	0	1	0	0	2	1	0	1	0	1	0	3	0	1	0	0	0	0	0	0	0	1	0	0	0	0	0	0	0	0	0	0	0	0	0	0	0	0	0	1	0	0	0	0	0	0	0	0	0	0	0	0	0	0
CALB1	1683	952	1537	943	1241	1088	1389	814	1395	1037	1497	1050	1361	6130	3395	7220	2705	8858	2590	8965	3192	6489	2428	7410	2903	9295	3094	865	690	1030	688	984	769	1028	760	1024	586	565	502	1091	759	223	659	237	613	291	534	168	413	263	500	213	486	219	570	167	497	151	441	176	440	242	510	157	554	84	456	160	451
RP11-405A12.1	1989	1353	2031	1377	1689	1491	1635	1280	1665	1350	1663	1546	1661	1490	1943	1477	1974	1616	1837	1784	2210	1432	1861	1601	2104	1773	1935	1639	1636	1566	1636	1503	1830	1566	1748	1678	1612	1498	1622	1957	1640	1326	994	1461	1107	1315	1003	1650	867	1748	1046	1423	1252	1706	1001	840	819	992	828	1132	814	1259	774	1169	945	1155	1022	1150	833
AC009274.6	61	52	88	59	58	54	65	36	68	33	57	62	75	57	55	54	46	61	54	57	49	46	48	52	69	60	50	52	47	32	49	55	53	56	44	69	44	42	35	41	54	35	40	57	39	38	26	65	57	59	21	47	38	40	36	30	28	50	35	63	40	59	36	42	12	45	42	39	35
RP11-706O15.3	313	310	436	338	342	310	322	294	342	271	356	308	337	303	303	346	284	342	358	427	307	327	294	329	307	434	343	397	476	414	389	378	441	447	438	379	393	392	390	468	418	445	511	468	612	466	472	615	507	597	478	478	585	345	541	458	522	586	508	716	571	705	565	595	411	669	577	687	556
RNF224	8	5	16	7	1	6	5	9	9	9	5	5	11	10	6	6	6	13	7	12	17	9	10	3	9	11	13	7	12	1	14	3	13	9	17	1	16	9	16	4	20	5	26	2	29	12	24	7	12	7	18	8	25	5	12	10	39	15	28	14	26	17	39	11	34	13	22	13	24
RP13-461N9.2	0	0	0	0	0	0	0	0	0	0	0	0	1	0	0	0	0	0	0	0	0	0	0	0	0	0	2	0	0	0	0	0	0	0	0	0	0	0	0	0	0	0	0	0	0	0	0	0	0	0	0	0	0	0	0	0	0	0	1	0	0	0	0	0	0	0	0	0	0
KIAA1671	1701	1737	2237	1806	1972	1769	1617	1355	1907	1523	2087	1497	1887	2379	4343	2496	3941	2254	3843	2717	3885	2374	3499	2277	4132	2738	3585	1727	2087	1661	2068	1820	2015	2034	2018	1840	1966	1837	1800	2069	2056	1123	942	1149	832	1099	835	1547	772	1532	725	1315	1305	829	875	791	671	928	719	1055	838	1133	703	995	639	1006	884	1037	704
ALOX12P2	120	137	175	115	123	118	135	105	162	143	176	84	146	121	70	106	63	123	90	155	68	108	81	102	113	118	62	23	24	26	13	13	28	8	23	15	13	15	14	9	22	2	7	6	16	5	7	2	26	12	14	10	17	1	13	0	13	6	23	2	5	6	15	4	10	8	13	16	6
SHROOM3	2756	3882	3392	3447	3222	3168	2928	2984	3221	3039	3244	3139	3055	3935	3737	4069	3577	3684	4054	4935	3783	4081	3315	3879	3846	4870	3497	1468	1091	1562	1030	1564	1172	1731	1075	1528	982	1462	940	1900	1097	525	324	597	304	620	271	600	271	649	286	612	420	476	298	235	276	287	251	406	285	346	241	301	205	301	255	330	214
MGAT3	553	723	749	733	680	640	663	534	724	625	613	628	697	1211	1509	1176	1591	999	1632	1623	1704	1326	1534	1248	1554	1409	1349	1066	665	993	734	1033	761	1154	746	898	735	1042	653	1162	749	537	366	671	425	662	308	938	321	900	370	659	403	629	355	614	579	614	673	903	601	832	594	690	569	843	646	872	592
RP11-17P16.2	4	5	2	2	1	3	2	2	4	1	2	1	3	4	4	3	3	0	4	7	1	1	2	3	4	7	2	0	3	1	4	1	3	2	6	4	1	0	3	2	1	10	9	3	11	0	5	2	0	5	1	5	1	2	6	1	10	5	5	6	1	3	4	4	6	1	4	4	9
PARP4P1	11	4	21	10	11	12	9	11	12	17	13	7	15	14	4	20	7	11	14	12	13	12	14	14	14	24	31	13	9	17	8	23	15	15	11	7	11	11	8	15	6	10	2	9	17	9	8	8	3	8	0	13	10	7	17	7	9	12	6	6	12	12	8	6	9	12	9	19	6
RP11-628E19.2	0	0	0	0	0	0	0	0	0	0	0	0	0	0	2	0	0	0	0	0	0	0	0	0	0	0	0	0	0	0	0	0	0	0	0	0	0	0	1	0	0	0	4	0	3	0	1	0	0	0	0	0	2	0	7	0	0	0	1	4	3	0	1	0	0	0	4	0	0
ARF1P2	468	442	570	494	582	412	476	404	462	362	490	404	471	452	573	480	578	467	589	600	628	544	522	464	540	499	446	468	437	442	388	426	504	484	430	407	414	440	386	488	462	443	368	525	376	456	337	525	352	616	304	438	423	442	365	458	355	592	363	637	372	563	320	555	244	665	377	646	273
RP11-235E17.5	37	32	45	41	47	25	27	36	60	26	51	42	49	31	22	25	32	29	22	28	16	25	38	20	41	27	21	43	44	36	50	24	36	24	38	23	27	40	44	54	33	43	44	45	33	51	33	49	37	61	58	47	44	29	57	38	38	57	42	41	39	60	47	50	38	30	51	63	50
RP11-529A4.4	12	22	27	26	26	16	17	21	19	13	28	12	28	24	34	28	38	38	27	42	24	41	27	48	34	43	36	17	14	16	7	11	6	17	17	14	12	16	14	14	13	9	9	8	15	9	4	16	15	4	8	14	8	8	16	17	8	17	11	10	6	14	11	14	7	14	10	13	10
RP11-1250I15.1	1	0	0	0	0	0	0	1	0	0	0	0	0	0	0	0	0	0	0	0	0	0	0	0	1	0	0	1	1	0	1	2	0	0	0	0	0	2	0	2	0	2	0	0	0	0	0	0	0	0	3	0	0	0	0	0	0	0	1	1	0	0	1	0	0	1	0	0	0
CALR4P	0	0	0	0	0	4	0	0	0	0	2	0	0	0	0	0	0	0	0	0	0	0	1	0	0	0	0	0	0	0	0	0	0	0	0	0	0	0	0	0	0	0	0	0	0	0	0	0	0	0	0	0	0	0	0	0	0	0	0	0	0	0	0	0	0	0	0	0	0
SPP2	0	0	0	0	0	0	0	0	2	0	0	0	0	0	0	0	1	0	0	0	0	0	0	0	0	0	0	0	0	0	0	0	0	0	0	0	0	0	0	0	0	0	0	0	0	0	0	0	0	0	0	0	0	0	0	0	0	0	0	0	0	0	0	0	0	0	0	1	0
TGFB2-AS1	0	2	1	2	2	0	2	1	1	0	5	0	0	7	6	10	6	7	7	14	4	7	0	1	6	4	8	3	9	4	7	1	4	4	4	5	11	3	3	6	5	1	3	1	1	0	0	11	0	2	2	2	7	6	3	4	3	2	2	3	2	3	0	1	0	3	3	3	3
RP11-96D1.6	4	8	6	4	6	2	8	2	1	10	2	6	5	1	2	2	2	0	1	1	0	1	1	6	0	5	0	0	2	0	2	0	0	1	0	1	0	1	0	2	0	1	2	0	0	0	1	1	3	0	1	0	0	0	1	0	0	2	1	0	0	0	2	2	2	0	2	0	0
DGCR11	59	70	105	58	109	64	100	46	79	76	76	57	94	51	42	39	35	71	44	61	39	52	46	39	54	76	58	35	63	40	56	26	44	50	56	45	37	44	43	40	38	52	88	66	72	62	72	82	85	97	71	77	89	53	84	76	57	89	82	89	69	106	109	70	65	76	74	100	82
LOXL1	156	187	249	213	197	184	167	116	262	156	187	173	198	1081	1148	1172	1722	1117	1775	1375	1755	1056	1393	1001	1562	1282	1557	4960	3627	4092	3207	4679	3880	5020	3869	4274	3624	4478	3184	4650	3818	4282	3415	5393	4531	5926	3415	7649	3869	7582	3733	5728	3945	5727	3607	6444	2489	7750	2697	9959	2972	10502	2495	9035	2372	10234	2652	10133	2619
LA16c-313D11.9	3	0	0	0	1	1	0	2	1	1	2	0	4	1	2	1	0	0	0	1	2	3	0	0	1	5	0	0	0	2	3	2	0	0	0	1	0	0	0	0	0	1	0	3	1	0	5	0	0	4	2	1	0	0	1	0	4	0	1	0	4	0	3	2	2	5	2	1	0
RP11-390F4.2	31	15	35	17	17	21	27	26	29	23	27	21	28	12	5	21	18	16	9	14	8	16	5	26	10	20	21	2	5	3	10	16	4	7	5	6	1	6	4	10	6	2	2	1	2	3	3	7	0	5	2	10	7	3	4	3	3	4	1	6	3	4	5	0	2	1	2	1	0
TPI1P1	12825	11917	12763	11276	11556	10660	11595	10203	11316	10447	11429	11023	10368	7183	6975	7462	8094	7488	8464	9267	8396	7772	6643	7429	7373	8961	6871	7764	6830	5755	6687	6436	7576	7552	6788	7626	6088	6551	5979	7193	6647	7107	5582	9452	6582	8011	5292	11196	5289	12175	6024	8631	6162	9803	5260	7353	3981	8722	4422	10184	4561	9432	4349	9101	4756	11772	4770	9289	4569
Mar-08	468	542	550	418	442	413	431	442	542	479	446	419	451	373	364	341	404	365	402	425	399	367	327	328	434	410	374	611	750	634	689	783	745	702	690	650	664	663	643	695	745	970	766	1247	919	1169	785	1370	833	1249	871	1123	885	860	836	1072	745	1440	728	1583	710	1547	697	1247	629	1355	810	1281	791
RPL5P10	15	12	19	16	17	20	22	19	19	14	14	17	11	20	14	14	17	20	24	17	35	17	17	25	15	26	17	16	12	16	11	18	14	15	15	16	14	12	15	29	12	11	5	11	11	10	4	15	4	17	8	12	8	23	8	13	3	8	5	6	7	17	3	14	9	12	7	10	6
CD93	5	6	7	2	3	2	5	5	10	4	3	3	4	6	0	5	1	4	1	4	0	5	2	4	0	5	0	0	0	2	0	0	1	0	0	0	0	0	0	0	0	0	0	0	0	0	0	0	0	0	0	0	1	4	1	0	0	1	0	0	0	0	0	0	0	0	0	0	2
CNIH4	1580	1323	1636	1311	1246	1457	1423	1240	1400	1283	1323	1597	1364	1379	1405	1445	1515	1551	1378	1808	1696	1613	1354	1628	1584	1711	1426	1492	1356	1248	1359	1288	1444	1355	1492	1373	1196	1285	1189	1546	1271	1490	1477	1578	1758	1674	1346	1912	1299	1820	1326	1502	1392	1709	1345	1935	1378	2657	1297	3096	1280	3244	1246	2606	1347	3050	1519	3200	1360
TBX18-AS1	0	0	0	0	0	0	0	0	0	0	0	0	0	0	0	0	0	0	0	0	0	0	0	0	1	2	0	0	0	0	8	0	1	0	0	0	0	0	0	0	4	0	0	0	0	0	0	0	0	0	0	0	0	0	0	0	0	0	0	0	0	0	0	0	0	0	0	0	0
MAMDC2	354	405	449	466	417	506	339	400	427	448	365	494	411	284	603	312	441	297	358	398	395	357	374	364	410	382	397	102	83	61	113	90	129	102	73	97	80	84	65	94	84	46	45	43	60	42	29	37	14	58	23	39	52	41	34	23	38	39	21	21	22	32	23	26	29	24	25	37	31
RP6-24A23.8	59	40	44	53	50	51	58	40	59	56	61	69	60	16	3	7	2	7	0	21	2	13	8	13	11	16	5	0	1	2	2	0	0	0	0	0	0	6	0	0	1	2	0	0	0	0	2	2	1	0	0	0	0	0	0	0	3	3	0	0	0	0	0	1	1	0	0	1	1
RP11-469N6.2	0	0	0	0	0	0	0	0	0	0	0	0	0	0	0	0	0	1	0	0	0	0	0	0	0	0	3	0	0	1	0	0	0	0	0	0	0	0	0	0	0	0	0	0	0	2	0	0	0	0	0	0	2	0	0	0	0	0	0	0	0	0	0	0	0	0	0	1	0
ASL	651	752	736	657	725	705	604	630	788	643	682	684	622	524	454	552	492	500	464	626	455	596	434	539	458	701	397	341	451	404	349	291	468	396	382	404	352	399	321	404	381	241	263	338	397	321	306	415	405	327	446	300	420	304	414	256	541	423	599	414	541	448	555	449	519	457	486	464	582
RP11-586D19.2	6	8	6	3	3	3	12	8	3	5	15	4	3	9	6	10	15	9	13	18	6	6	11	7	19	9	17	10	13	2	4	7	8	6	12	10	12	4	5	7	8	11	0	7	0	2	6	14	6	3	5	4	1	7	9	9	8	7	11	15	2	4	7	6	11	10	6	3	9
RP11-11N5.3	13	0	6	0	5	0	9	1	11	2	9	0	9	0	6	0	11	0	6	0	17	0	13	0	13	0	16	0	4	3	4	0	6	1	7	0	6	0	5	0	8	0	1	0	0	0	0	0	1	0	1	0	3	0	5	0	3	2	4	0	3	0	2	0	2	0	6	0	9
RP11-377G16.2	0	0	0	1	0	0	0	0	1	0	0	0	0	1	0	0	0	0	0	0	1	0	0	0	0	0	0	3	12	6	7	6	6	2	15	8	9	3	1	0	4	8	17	14	22	8	10	13	14	13	14	3	16	5	22	23	18	27	12	9	13	21	13	26	11	13	19	44	12
MYLK-AS1	32	18	23	20	20	12	11	16	11	12	22	25	22	30	43	38	38	33	31	37	28	45	42	26	47	32	43	24	27	33	25	39	23	55	40	31	19	31	28	43	26	61	6	27	2	34	24	45	24	35	20	51	6	28	10	18	13	30	9	28	4	27	13	40	12	28	31	70	9
GGTLC4P	10	3	4	1	11	5	6	4	3	1	5	10	6	21	24	10	38	25	36	21	30	26	31	20	46	18	34	23	21	14	13	28	19	8	11	26	14	28	10	10	21	18	9	16	0	36	6	20	1	22	19	18	7	8	3	14	4	22	11	31	3	12	7	17	2	29	3	26	4
RSG1	44	41	63	50	42	28	47	36	42	37	63	35	59	38	29	65	45	39	44	59	39	35	45	54	41	96	42	70	65	42	54	65	64	55	69	63	43	53	33	79	63	45	17	36	16	36	20	91	45	67	25	74	52	32	31	48	34	31	49	68	45	52	27	27	29	78	40	56	53
RP11-463C8.5	24	18	19	35	18	12	25	21	12	24	21	16	20	31	39	21	38	13	14	30	37	24	19	16	33	33	29	32	22	33	13	26	19	17	43	23	27	16	20	31	22	21	12	30	34	18	6	36	16	26	17	22	25	22	6	18	16	26	23	33	15	26	15	29	20	22	22	25	15
AC004893.10	24	28	21	16	27	22	19	18	21	21	46	17	26	21	83	19	55	31	51	67	61	33	57	34	53	45	89	57	73	50	55	33	43	29	57	43	47	43	46	41	59	40	36	57	27	53	37	50	53	53	58	44	72	54	56	32	73	72	63	78	42	81	47	63	41	104	50	73	77
NFXL1	1425	1160	1325	1131	1178	1197	1192	1050	1267	1117	1410	1155	1322	1140	1182	1096	1159	1266	937	1378	1189	1132	999	1203	1064	1477	1234	983	761	909	767	937	792	924	784	966	697	929	643	1122	657	809	568	780	545	950	456	1071	441	921	530	800	517	760	500	504	430	724	477	841	447	786	540	886	481	829	588	938	495
AC116035.1	2	0	0	0	0	2	0	0	1	0	1	0	0	0	0	0	0	0	0	0	0	0	0	0	0	0	1	0	0	0	0	0	0	0	0	0	0	0	0	0	0	0	0	0	0	0	0	0	0	0	0	0	0	0	0	0	0	0	0	0	0	0	0	0	0	0	0	0	0
RABL2A	187	218	197	203	186	182	188	152	205	166	200	167	146	173	123	187	139	181	146	194	143	152	137	173	170	193	152	156	195	176	179	215	198	221	202	191	144	200	164	218	142	201	159	211	216	214	151	293	136	242	188	201	213	235	203	174	310	259	301	283	298	321	320	231	301	304	304	314	370
RNU6-1061P	0	0	0	0	0	0	0	0	0	0	1	2	0	0	0	0	0	0	0	0	1	0	0	2	0	0	0	0	0	0	0	0	0	0	0	0	0	0	0	0	0	0	0	0	0	0	0	0	0	0	0	0	1	0	5	0	0	0	0	0	0	0	0	0	0	1	1	1	0
GATC	870	688	815	630	743	702	692	638	806	661	789	706	764	671	645	685	681	735	632	870	742	609	641	705	711	855	676	749	710	704	667	639	710	678	668	708	698	653	624	806	734	719	639	823	666	836	526	957	441	966	658	818	700	765	657	613	538	859	505	942	544	936	551	920	583	959	710	981	599
AQP8	0	0	0	0	0	0	0	0	1	1	0	0	0	1	0	2	2	1	0	0	0	0	0	0	0	0	0	0	0	0	2	0	0	0	0	4	2	0	0	0	0	2	2	2	0	0	3	0	2	0	0	0	0	2	0	2	3	3	1	4	0	0	4	1	0	0	4	1	3
SRXN1	21	39	34	46	46	38	60	29	52	23	47	27	39	22	19	35	32	35	37	41	38	51	38	25	42	13	47	21	20	19	11	28	16	21	26	31	28	24	13	27	24	12	13	7	14	22	6	15	11	32	4	24	17	25	14	10	12	12	15	15	17	23	14	21	11	18	20	26	25
AQP11	73	45	47	72	73	75	54	58	74	60	47	71	64	22	21	24	28	40	47	26	25	25	21	45	54	51	34	41	53	27	35	35	24	22	36	37	30	53	30	40	24	30	36	23	34	26	32	31	52	29	80	32	47	44	58	39	80	46	73	45	67	90	76	27	57	53	59	69	61
KIF21A	2804	1959	2613	1938	2264	2036	2480	1733	2356	1944	2377	2153	2261	2394	2753	2414	2733	2845	2392	2937	2900	2400	2299	2514	2746	3106	2714	3571	3887	3414	3466	3498	3684	3934	3608	3381	2984	3171	3179	3895	3693	4123	6009	4186	5878	4091	4783	5106	4235	4570	4563	3879	4582	4172	4703	4664	5871	6411	5632	6827	5340	7122	5602	6392	5831	6145	6666	7141	6728
LOXL4	31	61	21	12	44	39	42	32	39	25	22	30	45	832	2013	830	2016	829	2085	895	1989	837	1632	704	1927	975	1719	1781	1433	1506	1428	1727	1680	1854	1355	1429	1378	1611	1302	1694	1333	565	244	740	180	748	234	836	341	778	342	645	470	638	411	648	282	877	313	1074	249	1234	295	884	260	1037	301	1231	335
FAM171A1	1725	1975	2201	1879	1876	1874	1753	1455	1868	1651	1860	1765	1864	9559	14361	9912	15223	10006	14888	11228	15676	9502	13548	8567	15134	11465	13814	20225	15550	18434	15021	19796	16051	21701	15786	19576	14070	18874	13118	22331	15549	15865	13399	18343	15821	19174	10829	25215	11078	22638	10432	19096	12698	18255	10727	14729	7785	18196	8120	20718	8975	21841	7841	19342	8043	22496	9306	21430	8436
SUMF1	646	625	699	579	563	570	547	461	543	513	594	600	555	517	438	597	409	592	474	676	455	676	427	545	431	667	392	279	263	356	249	305	285	356	230	326	273	260	223	362	233	207	216	252	270	283	191	340	213	328	213	224	283	275	212	172	173	239	166	334	192	325	193	303	147	310	213	285	162
ZNF623	661	568	644	542	560	605	578	551	652	583	690	586	594	626	642	652	631	695	592	784	683	665	550	734	701	806	563	758	861	679	860	798	787	834	794	739	718	771	694	920	852	1043	1203	1062	1262	1105	1089	1384	1025	1155	1056	1069	1163	861	1103	1246	1110	1636	1061	1756	1015	1751	1041	1589	1032	1518	1221	1768	1166
LYSMD1	250	210	259	165	192	210	244	194	206	183	219	176	167	321	434	310	411	313	476	354	408	375	366	326	458	383	414	637	602	490	582	497	626	683	608	535	502	594	500	570	581	579	449	670	387	820	503	970	492	771	546	768	597	644	526	819	495	998	530	1094	521	1107	577	1013	579	1206	579	1116	616
IFITM3	3011	3263	3412	2988	3394	2836	2996	2552	3245	2699	3078	2783	2732	1946	1575	2044	1682	1813	1866	2672	1666	2043	1472	1904	1587	2223	1468	527	311	462	286	482	398	448	356	436	290	408	314	527	372	77	130	107	109	135	105	84	78	110	118	108	145	114	91	58	143	58	128	72	154	75	138	70	135	52	98	33	96
RP11-289A15.1	0	0	0	0	0	0	1	0	2	0	0	1	1	2	0	0	0	0	6	0	0	0	2	0	0	0	2	0	0	0	3	0	0	0	0	0	0	0	0	0	0	3	0	2	2	0	0	0	0	0	2	0	0	0	1	0	4	0	0	0	1	3	0	0	4	0	1	4	0
HIPK1	3050	3143	3419	3108	2954	3058	2907	2710	3079	3050	3266	3177	3000	3186	2805	3378	2941	3407	2500	3909	2963	3178	2501	3649	2969	4156	2648	2932	2634	3073	2446	3081	2442	3407	2314	3340	2310	3175	2159	3651	2445	2984	3103	3242	3310	3402	2416	4241	2134	3644	2271	3232	2431	2551	2351	2887	2287	3633	2229	3875	2066	4304	2062	3574	1819	3615	2274	4200	2330
AC024560.3	525	488	477	412	438	469	448	415	487	450	484	447	453	459	600	438	592	463	649	649	592	566	577	603	734	601	627	768	1018	728	1006	753	1049	735	928	651	875	773	803	892	861	1004	1599	999	1852	884	1267	1162	1025	1119	998	940	1106	775	1080	857	1108	1117	1088	1185	1052	1399	1090	1146	1048	1192	1270	1339	1148
PRPS2	1696	1377	1629	1326	1564	1502	1465	1281	1553	1287	1418	1488	1503	820	767	792	755	823	795	1015	876	951	782	825	826	979	742	697	462	660	476	720	546	885	489	717	537	766	438	837	460	372	61	407	62	285	79	459	60	469	72	356	179	398	121	91	57	96	50	139	67	132	45	112	67	96	77	132	33
ALPL	5653	6880	7030	6736	6748	6091	5869	5057	6365	5667	6269	5857	6091	5440	4700	5817	5311	5292	6169	7114	5459	6358	4965	5639	5315	6938	4593	2540	1286	2442	1348	2467	1605	2705	1496	2517	1356	2098	1286	3113	1541	803	708	813	645	950	497	898	548	1107	564	864	352	678	521	548	594	613	539	814	376	892	505	614	438	719	449	731	464
HEXIM1	1038	1178	1366	1221	1201	1098	1108	938	1096	1106	1195	1134	1284	1401	1154	1441	1377	1514	1457	1745	1355	1386	1158	1372	1304	1696	1188	914	821	841	824	923	936	945	870	846	756	783	716	1022	880	751	950	769	1224	795	725	1086	805	925	756	802	916	893	673	576	629	676	662	789	734	884	580	757	602	824	759	786	739
CYB561D2	93	94	129	92	116	85	110	77	116	90	106	104	110	97	84	94	120	102	134	116	126	96	88	86	88	116	88	92	96	84	89	108	108	89	108	85	102	84	100	110	110	79	73	94	98	84	84	128	107	106	110	96	107	121	100	92	83	94	91	130	103	109	84	106	94	127	100	126	103
DNAJC2	2846	1889	2703	2238	2018	2366	2209	1889	2104	1845	2213	2150	2398	1419	1302	1514	1368	1668	1195	1753	1361	1366	1261	1355	1329	1761	1358	1135	937	909	952	926	1004	1036	852	1060	906	1030	802	1212	821	849	790	1001	714	944	818	1098	739	1121	702	848	926	976	727	569	722	775	693	954	778	926	739	851	886	829	844	907	867
ZNF254	1593	1039	1149	930	1094	1135	1354	1043	1179	1119	1188	1146	1085	1089	1353	1095	1307	1306	995	1400	1448	1347	1204	1202	1507	1583	1248	1599	1626	1560	1622	1645	1765	1681	1510	1638	1612	1471	1312	1796	1570	2117	1774	2249	1800	2259	1617	2951	1421	2561	1600	1773	1820	2139	1653	1691	1331	2609	1238	2824	1307	3163	1228	2764	1539	2918	1565	2957	1495
CTC-367F4.1	0	5	0	0	1	1	0	0	0	2	0	3	0	1	0	2	2	1	4	1	5	4	0	1	1	0	1	2	0	0	0	3	2	0	1	1	0	1	1	4	3	0	0	0	0	0	0	0	0	0	0	0	1	0	0	2	0	0	1	0	0	0	0	1	1	0	0	0	0
HMP19	38	18	14	8	11	14	11	4	4	14	6	15	26	276	549	335	908	369	892	343	1039	263	572	232	743	455	774	4881	5525	4459	5255	4851	5832	5323	5173	4723	4687	4491	4475	4683	5398	7939	8719	9359	9807	9192	7890	13194	6857	11359	7964	9333	7538	9887	7593	11360	5794	14196	6186	16471	6755	16459	5951	14805	6301	16628	7212	16412	6356
DCTN6	516	316	414	313	405	362	342	360	436	322	380	406	375	394	323	328	256	426	289	388	403	357	330	376	305	459	288	374	396	307	374	377	375	388	432	353	359	282	332	432	394	372	540	473	489	412	477	550	362	549	545	410	526	622	519	476	402	591	478	641	471	724	412	614	642	655	591	645	555
Mar-04	27	80	48	43	37	52	34	27	28	53	38	56	24	129	175	141	250	171	267	192	237	171	155	92	236	169	226	678	726	584	654	790	775	774	720	648	644	760	586	748	739	838	769	1044	869	1058	897	1370	1039	1261	963	936	1045	818	946	1275	1169	1445	1159	1799	1167	1713	1120	1793	1064	1911	1296	2024	1183
SUPT20HL1	2	12	10	14	9	10	6	4	6	4	12	6	10	3	1	1	2	3	4	2	0	2	0	4	1	2	0	2	0	2	1	3	1	2	4	2	1	3	2	0	2	5	0	8	4	17	0	14	4	4	5	10	3	6	2	4	1	2	0	2	0	8	1	5	0	3	2	2	0
AP003068.23	56	51	67	76	58	66	74	53	83	39	59	68	71	36	23	57	38	40	34	49	38	46	23	38	49	61	36	15	22	23	15	14	30	12	26	18	9	18	19	23	18	19	8	17	15	24	15	29	14	11	26	16	24	30	32	17	31	28	40	26	24	32	21	24	22	33	37	33	25
SNORA65	11	8	13	10	15	6	5	12	2	10	6	10	10	1	5	2	2	11	6	4	3	7	4	2	8	4	3	6	7	1	13	1	8	3	6	0	3	4	6	3	7	2	2	8	5	3	7	2	8	12	1	4	10	13	8	3	4	11	10	9	4	10	5	4	2	8	3	15	9
RP11-415I12.3	9	6	5	4	4	1	5	0	6	1	6	4	3	3	3	3	6	6	3	4	5	0	0	8	2	7	4	2	1	2	4	0	0	2	1	0	0	2	11	0	0	0	0	6	1	4	2	1	0	3	0	2	2	4	2	1	0	3	0	2	2	2	3	2	0	0	0	2	2
ELMOD3	357	352	318	292	269	332	327	334	323	370	355	368	300	490	559	506	561	500	522	601	573	472	502	429	595	552	599	677	729	639	696	614	728	663	767	624	634	670	640	770	572	723	569	734	560	724	603	928	669	816	560	762	753	593	613	604	650	810	673	869	725	963	727	807	623	1018	753	875	715
MIR6846	0	1	0	1	1	0	1	1	0	0	1	1	0	0	0	1	0	0	0	1	1	0	0	0	1	0	2	0	1	0	0	1	0	0	0	1	1	2	0	1	2	0	0	1	0	1	0	1	0	0	0	1	0	0	0	0	0	2	1	0	0	2	0	1	0	0	0	4	0
RP3-355L5.4	23	22	22	18	17	23	35	22	28	24	33	44	33	46	27	26	35	43	32	57	30	30	38	34	61	45	47	42	57	38	65	45	54	40	70	45	46	60	51	51	49	79	138	75	144	59	106	91	152	75	121	64	164	44	146	84	118	91	128	126	127	138	110	115	110	87	169	136	121
RP11-315D16.4	3	4	2	1	5	6	2	5	2	2	2	0	4	1	3	0	4	5	0	1	1	5	3	3	1	3	2	9	1	0	4	3	3	1	8	1	0	1	0	1	1	4	1	0	5	1	1	2	0	0	2	5	3	0	1	1	0	2	5	4	4	7	0	3	4	3	2	1	3
SNX11	966	975	1104	804	969	883	1012	759	982	837	920	916	915	832	972	838	1091	867	922	1058	1174	937	907	871	1111	1064	1005	1199	1211	1022	1156	1248	1232	1142	1206	1088	1151	992	974	1199	1155	1284	1366	1433	1523	1469	1265	1767	1181	1555	1293	1505	1413	1379	1291	1304	1119	1628	1197	1761	1188	1872	1165	1596	1157	1755	1332	1704	1253
RP11-428P16.2	517	549	596	576	524	582	459	438	534	475	537	482	537	333	321	351	336	339	330	424	305	355	315	333	336	376	350	286	401	268	445	315	412	314	362	321	319	278	310	361	369	410	469	426	514	412	400	582	443	496	427	481	502	329	418	490	439	592	470	690	466	710	494	617	417	615	550	702	469
CIDEC	0	0	0	0	0	1	0	0	0	0	1	0	3	0	0	0	0	0	0	0	0	0	0	0	0	1	0	3	0	0	1	0	2	0	0	0	0	0	0	0	0	0	0	0	0	1	1	3	0	2	0	0	1	2	0	0	0	1	0	0	1	5	1	1	3	1	0	0	0
RP11-83B20.7	3	0	0	0	0	0	0	0	0	0	0	0	0	0	1	1	1	0	0	0	0	0	0	3	1	1	0	0	0	3	0	0	0	0	0	0	0	0	0	0	0	0	0	0	0	0	0	0	0	0	0	3	0	0	0	0	0	0	0	0	1	0	0	0	0	0	0	4	0
SERGEF	502	450	462	391	472	388	423	425	409	379	406	350	382	744	1029	751	1140	702	1103	1009	1131	833	971	626	1049	863	888	888	662	811	684	843	770	897	654	814	627	774	529	803	653	456	328	566	389	494	342	601	307	596	371	446	323	504	354	334	354	396	397	483	370	565	391	481	292	532	369	514	387
ANO3	5	2	2	2	2	8	0	2	2	6	2	0	0	11	10	5	6	3	12	7	8	2	5	8	8	3	3	50	153	100	149	100	162	102	139	104	100	61	87	59	197	463	561	524	546	503	495	491	421	529	510	410	353	420	483	638	525	1001	536	1003	412	1023	478	723	395	814	474	945	642
AC004461.4	6	3	9	4	7	6	5	3	4	4	5	7	8	3	3	4	8	6	7	4	6	6	5	7	6	2	7	5	3	7	5	2	9	5	4	3	3	3	5	3	3	7	2	4	6	2	3	6	2	7	7	2	4	6	3	7	2	5	3	5	5	6	3	12	2	4	2	8	2
SLX1B	142	133	112	131	103	129	121	93	148	119	140	152	124	96	85	107	86	91	74	158	73	109	76	112	79	122	80	154	100	107	90	84	98	121	88	103	92	93	77	96	99	86	90	100	81	100	80	118	88	131	69	107	106	108	82	66	66	98	70	127	73	109	69	97	62	94	94	115	73
CTC-523E23.10	0	0	0	0	0	1	2	1	1	3	0	2	1	1	0	1	3	1	1	0	0	0	0	1	0	0	2	0	1	0	0	1	0	9	0	1	0	3	0	2	1	2	3	1	1	0	0	0	0	0	0	0	0	1	0	0	2	3	0	3	3	1	4	4	0	1	1	1	0
KRT18P22	0	6	2	0	3	2	1	8	0	0	0	0	0	2	0	0	0	1	0	0	1	0	0	0	0	0	0	0	0	1	0	0	0	0	0	0	0	2	0	0	2	0	0	0	0	0	0	0	0	0	0	0	0	0	0	0	0	0	0	0	0	0	0	0	0	0	0	0	0
TCEAL7	366	268	291	258	241	239	252	253	306	300	301	343	319	429	701	403	744	475	653	565	834	531	636	462	723	532	689	849	840	703	902	800	881	840	917	787	791	729	783	991	925	638	774	821	618	694	988	903	950	786	1112	619	1083	958	1160	1247	1165	1493	1168	1790	1085	1802	1087	1582	1317	1630	1458	1777	1224
RP5-837M10.1	131	102	120	124	118	118	104	115	100	113	98	120	126	133	116	134	116	121	138	144	107	126	110	108	122	146	108	138	116	90	131	94	104	124	134	114	94	104	106	118	89	69	54	126	76	70	71	96	50	143	112	76	103	124	100	51	83	85	78	84	88	94	74	82	88	101	88	72	92
CCNT1	2739	2107	2473	1891	1928	2111	2246	2003	2127	2207	2276	2320	2288	2192	2620	2426	2592	2443	2268	2713	2866	2372	2382	2535	2716	2727	2648	2330	2547	2359	2478	2515	2686	2731	2569	2404	2337	2445	2153	3020	2426	2451	2129	2579	1891	2505	2033	3275	1848	2733	2102	2443	2421	2222	2265	1877	1824	2551	1647	2947	1841	3153	1666	2752	1763	2843	2204	3072	1957
ZNF236	727	729	713	642	589	604	664	566	672	606	730	608	650	629	643	685	674	731	574	800	616	700	592	706	749	888	621	683	823	712	758	695	822	752	680	631	685	719	622	878	681	779	835	834	807	823	718	1085	715	944	683	837	864	589	722	756	714	860	747	1013	780	1005	764	939	722	896	958	1162	768
CARD19	350	406	367	369	478	317	393	318	453	341	377	412	394	222	284	291	412	256	443	321	426	310	348	249	401	302	334	612	525	420	450	525	609	454	599	468	517	446	479	513	515	522	510	623	764	594	589	897	541	814	700	675	657	679	624	816	614	867	696	1076	708	1189	709	980	629	1121	678	1020	693
C5orf58	14	16	21	8	14	7	10	10	14	8	10	13	8	8	14	19	16	7	15	6	18	6	19	19	19	9	31	3	0	1	0	2	2	2	0	2	0	6	0	0	0	0	0	0	0	0	0	0	2	0	0	3	0	0	0	2	0	0	1	0	0	0	1	1	0	0	0	0	0
RP11-451N19.3	0	0	1	1	0	0	0	0	0	1	1	0	0	0	0	2	1	1	2	1	0	0	0	0	0	2	0	0	0	0	1	0	0	0	0	0	0	0	0	0	0	0	0	0	1	0	0	0	1	0	0	1	0	0	0	0	1	0	0	0	0	0	0	0	1	0	0	0	0
AURKAPS1	35	38	47	49	36	24	50	42	36	37	51	39	28	46	47	41	57	44	55	80	50	28	28	49	49	54	40	32	46	37	46	57	32	46	44	33	39	36	27	40	21	29	16	40	32	34	9	43	6	30	20	36	19	32	15	1	5	13	5	10	12	11	6	22	12	26	16	8	6
PNPLA3	656	748	784	684	644	626	699	583	711	555	769	661	746	572	653	734	632	641	594	903	612	702	557	636	580	852	477	503	510	432	430	448	443	570	466	464	408	467	382	552	490	640	897	638	920	615	630	781	769	755	697	615	720	512	665	536	709	612	685	706	677	668	664	654	554	782	575	753	790
RP11-474L11.5	4	0	3	0	3	0	2	0	0	1	1	2	2	0	0	0	2	0	0	0	0	4	0	0	0	0	0	0	1	0	1	0	1	2	0	0	4	0	0	0	1	1	1	0	0	2	0	0	0	0	1	0	1	0	1	2	0	3	1	2	3	0	1	0	0	1	1	2	1
AC016577.1	44	42	64	49	47	41	33	33	40	45	44	39	73	30	49	30	34	36	25	33	35	27	19	41	29	29	27	1	2	3	1	2	5	2	2	2	2	1	1	2	3	2	10	1	5	1	3	0	6	1	7	1	2	1	8	1	5	2	7	1	6	1	2	2	4	2	1	1	13
RP4-647C14.2	54	12	67	11	65	15	66	8	60	19	55	17	61	18	59	18	70	36	80	38	88	37	65	42	81	40	75	18	60	19	41	16	69	24	56	21	54	15	38	24	51	8	7	8	11	18	22	13	7	18	26	21	14	10	19	5	24	10	19	12	19	11	12	25	12	6	23	6	16
MRPL27	1392	1137	1445	1165	1240	1099	1395	1036	1218	1047	1116	1137	1231	956	1271	1078	1363	1175	1474	1354	1445	1147	1168	1160	1180	1391	1097	1180	1142	921	1123	909	1176	1141	1102	1064	962	975	943	1205	993	843	941	1008	865	1030	913	1286	999	1216	1129	1067	1178	1183	1066	905	981	1096	1010	1247	1111	1313	922	1094	1285	1380	1071	1247	1167
HLA-DOA	116	101	98	91	114	101	99	98	111	99	108	113	100	84	99	86	116	92	119	127	120	102	94	93	107	112	107	48	34	37	30	37	38	48	34	42	36	40	26	48	33	9	3	11	5	16	9	11	9	12	10	11	14	7	5	4	7	5	4	4	5	5	6	4	8	5	7	5	7
LINC00894	64	52	51	40	44	59	54	43	44	46	91	30	57	54	46	52	49	53	43	61	35	63	34	64	73	96	37	55	80	46	65	27	55	45	74	41	39	72	64	59	43	53	61	38	75	39	66	51	90	64	81	46	76	35	84	66	156	80	145	96	161	126	140	111	96	92	170	119	192
AC118754.4	0	0	0	1	0	0	0	0	0	0	0	0	2	0	0	0	0	0	0	0	0	0	0	0	0	0	1	2	3	0	0	2	1	3	1	1	3	3	1	0	4	2	2	4	2	11	6	5	3	4	2	0	5	1	5	4	3	3	1	4	0	1	2	14	2	15	1	2	2
CBX8	65	45	54	39	41	50	53	73	67	46	66	54	59	31	66	53	100	75	106	70	79	50	75	48	63	76	71	82	107	94	82	81	75	72	130	99	92	74	92	92	88	57	260	106	241	114	277	101	299	101	236	74	267	73	309	207	458	246	422	360	480	349	486	329	409	310	485	383	498
RP4-621B10.8	1	0	0	1	0	1	0	0	2	2	0	2	0	1	2	0	0	0	0	0	0	0	0	0	0	3	0	6	0	1	0	0	0	2	5	1	0	0	2	0	0	0	0	3	0	0	1	0	0	1	2	0	0	0	0	0	0	3	2	0	2	0	0	0	3	0	2	0	0
AJ003147.9	1	1	1	2	4	0	3	2	3	3	10	4	2	0	0	1	1	3	2	3	5	4	0	1	4	5	0	0	0	0	0	0	0	0	0	1	0	0	0	0	0	2	0	0	0	0	0	1	0	2	0	0	0	2	0	0	0	0	0	2	0	0	2	3	0	2	1	0	4
MYBBP1A	4920	5884	7754	6449	6934	5576	5857	3962	6668	4524	6413	5130	6241	3560	3502	3762	3798	3639	4365	4457	4067	3519	3446	3577	4043	4574	3626	2580	2558	2215	2268	2369	2566	2580	2688	2055	2406	2298	2300	2679	2431	1900	1560	2259	1875	2147	1714	3005	1914	2891	1798	2219	2304	1925	1757	1547	1623	1929	1783	2335	1921	2465	1673	1812	1455	2285	1910	2337	1753
AC004448.2	5	0	4	0	1	2	2	0	0	2	0	2	0	3	9	5	3	8	0	5	10	6	11	19	3	9	4	14	3	13	1	4	5	16	2	10	3	3	5	10	2	11	4	0	7	8	3	3	4	5	0	6	1	9	1	12	2	6	1	7	3	7	0	6	3	8	4	7	5
RP1-127D3.4	0	1	0	0	0	0	0	1	0	0	0	0	2	0	0	2	0	1	0	3	0	1	1	2	0	1	0	0	0	0	0	0	0	0	0	0	0	0	0	0	0	0	0	0	0	0	0	0	0	0	0	0	0	0	0	0	0	0	0	0	0	0	0	0	0	0	0	0	0
CTD-3099C6.5	16	11	14	8	14	17	11	8	8	11	13	8	15	8	6	9	2	12	6	13	16	3	7	14	4	5	13	7	4	1	1	3	0	4	4	5	0	12	6	3	0	2	1	0	2	4	0	8	0	1	1	5	0	0	2	4	0	1	6	7	1	3	2	9	4	9	4	8	0
TRIM27	466	393	491	399	423	405	422	328	458	357	419	406	430	381	363	403	423	411	387	495	428	408	346	404	417	482	378	437	438	400	414	423	436	445	417	417	399	417	393	439	429	422	387	476	427	455	388	545	400	580	429	443	455	432	426	379	387	473	401	572	423	597	398	542	410	567	450	579	453
ZFP62	1271	1067	1043	931	933	1069	974	852	1013	1004	1090	1051	1073	1177	1269	1183	1240	1208	1116	1365	1214	1135	1106	1285	1272	1475	1163	915	973	926	966	904	895	1060	888	1028	922	1013	805	1182	904	910	423	893	268	913	538	1041	619	1018	597	862	754	655	687	816	686	897	711	1049	730	1057	695	1047	722	1073	928	1269	827
INPPL1	2186	3135	3142	3162	2558	2873	2425	2374	2642	2589	2652	2781	2861	3040	2661	3246	3126	3065	3411	3881	3286	3049	2776	2772	3119	4043	2986	3166	2697	3445	2723	3318	3083	3663	3000	3129	2555	3173	2319	3401	2986	1932	2069	2173	2353	2350	1849	2554	1983	2612	1870	2140	2025	1718	2016	1332	1144	1606	1150	2023	1101	2315	1128	1629	983	1820	981	1864	1158
RP11-93H24.3	47	41	49	40	42	51	52	34	57	39	51	32	59	71	44	51	72	61	49	73	39	73	42	89	47	54	53	26	35	30	32	43	56	25	24	37	35	21	33	31	33	28	26	36	18	36	30	46	39	46	21	17	39	20	36	38	45	36	28	66	37	52	18	87	58	55	28	76	27
TMEM99	155	142	153	149	154	122	127	132	196	133	141	164	171	130	256	168	248	197	243	187	264	196	181	192	223	205	175	139	149	115	142	81	186	124	185	108	133	99	113	143	159	71	60	105	19	117	86	97	79	94	97	109	124	96	100	104	116	93	111	125	118	102	121	134	165	124	160	113	122
RAB28P1	13	12	8	10	6	11	11	10	9	9	10	1	5	6	3	5	5	6	8	8	4	4	5	11	8	9	6	13	6	8	13	5	8	8	6	6	2	6	7	4	4	6	6	7	2	8	2	7	0	5	2	1	5	6	3	3	1	11	4	6	4	9	1	8	3	7	4	20	7
ZNF324	161	167	247	208	202	157	151	148	170	161	180	159	216	165	188	162	186	137	163	221	192	191	166	150	198	224	138	272	302	277	324	244	325	279	260	240	285	264	232	272	284	350	441	348	541	355	430	544	503	383	486	328	494	316	381	456	476	492	481	526	480	639	516	537	320	603	457	594	474
FCGR2B	0	0	0	0	1	1	0	3	2	0	2	0	0	1	1	0	0	0	0	0	0	0	0	0	2	3	0	0	0	0	0	0	0	0	0	0	0	1	0	2	0	1	0	0	0	0	0	1	0	2	0	0	0	0	0	2	0	0	0	0	0	2	0	5	4	0	1	1	0
RP11-723D22.3	1	1	0	1	4	2	1	1	0	1	0	1	2	2	2	0	1	2	2	0	0	1	0	0	0	0	2	2	0	2	6	3	1	0	5	4	1	4	3	4	1	2	0	2	0	0	3	3	0	0	4	2	3	1	1	1	4	0	3	9	1	4	3	3	9	6	8	3	6
LPIN2	619	529	632	543	524	550	564	474	585	516	584	486	546	985	1105	1028	1122	1038	1007	1367	998	1164	902	1045	1040	1246	933	998	838	917	811	952	907	982	799	1082	785	998	761	1024	831	659	364	618	291	733	376	813	381	861	498	726	600	538	466	371	549	525	518	515	466	644	444	490	486	535	571	490	564
RP11-561N12.5	238	348	321	311	290	303	290	275	288	279	247	257	290	246	251	240	318	224	376	323	364	298	269	232	295	331	314	237	182	216	207	231	230	253	204	229	192	225	182	196	211	132	97	130	160	206	120	239	125	194	134	162	122	114	115	202	156	232	187	379	184	286	151	254	153	300	179	324	188
EBNA1BP2	3904	3148	4749	2996	3799	3048	3828	2361	3864	2630	3716	3167	3916	2433	2596	2592	2821	2835	2852	3142	3102	2684	2337	2579	2753	2894	2566	1498	1618	1391	1432	1445	1630	1548	1538	1500	1291	1503	1418	1670	1494	1214	866	1378	856	1260	946	1726	809	1522	1168	1339	1374	1548	1108	1073	1052	1353	1088	1624	1169	1428	978	1346	1216	1498	1151	1559	1076
RP11-361D15.2	1	1	1	1	0	0	0	1	1	1	0	0	2	2	1	0	3	1	0	1	1	2	1	0	1	1	0	2	1	0	1	0	2	0	0	1	0	0	1	3	2	0	0	1	4	0	2	1	2	2	1	0	4	1	0	0	1	0	3	0	1	2	2	0	2	1	1	4	1
GUSBP11	1	8	3	7	3	5	0	0	1	3	3	2	1	4	1	2	4	2	3	3	1	2	3	1	5	2	3	5	6	2	1	0	4	2	3	1	7	4	5	8	8	3	5	2	3	3	4	4	6	5	11	3	8	0	1	6	2	8	8	7	6	10	6	8	6	5	10	4	2
TUBAP4	0	0	0	0	0	0	0	0	0	0	0	0	0	0	0	0	0	0	0	0	0	0	0	0	0	0	0	1	0	1	2	0	0	0	0	0	0	0	1	0	0	2	0	3	1	0	0	0	0	0	0	0	1	1	1	1	0	0	1	3	0	0	0	0	0	0	0	1	0
RN7SKP268	0	0	1	0	0	0	0	0	0	0	1	0	0	2	2	0	1	0	1	1	1	2	1	0	0	0	0	4	2	1	1	3	1	4	1	0	1	1	1	1	1	0	4	1	9	2	2	2	0	2	1	2	7	0	2	1	2	4	1	1	5	4	0	1	1	1	4	2	1
FRG1FP	80	25	66	43	67	32	77	65	47	49	44	36	51	54	83	55	56	90	71	93	74	72	57	61	69	83	43	90	66	70	50	55	55	80	68	81	58	54	57	89	53	53	45	28	57	63	44	55	44	45	28	65	33	79	32	36	54	56	32	62	29	72	42	44	64	77	41	69	49
RP6-102O10.1	2	6	0	0	0	0	1	1	5	2	1	0	1	1	1	0	5	0	0	0	0	1	1	3	0	0	0	0	1	0	0	0	0	0	1	1	0	0	0	2	2	1	0	0	6	0	2	2	0	0	1	0	0	1	0	3	2	0	1	0	0	0	0	0	0	0	0	2	0
DISC1-IT1	0	0	1	0	0	0	0	0	0	1	0	0	0	0	0	0	0	0	0	0	4	0	2	1	0	0	0	0	0	0	0	0	0	0	0	0	0	0	1	0	0	0	1	0	0	0	0	0	0	0	0	0	0	0	0	2	0	0	0	0	0	0	0	0	0	0	0	0	0
RP11-674N23.4	7	0	11	2	1	5	5	6	6	5	2	3	1	7	2	0	1	3	4	5	2	4	3	3	5	8	5	9	7	3	7	6	8	6	11	3	5	1	1	2	13	7	8	12	29	2	10	13	7	6	6	9	10	2	11	9	11	8	9	9	7	8	9	21	2	23	13	19	9
KITLG	1029	596	768	601	718	626	809	635	714	726	797	690	688	458	548	489	387	589	348	653	490	651	469	632	482	691	370	371	247	398	226	403	289	438	260	387	286	433	240	515	240	191	93	189	99	184	88	222	76	250	85	195	142	223	96	49	72	59	68	73	75	59	56	42	74	49	78	55	75
PDF	121	161	235	190	207	182	151	133	201	145	177	136	204	121	100	121	123	109	184	162	157	111	131	118	140	147	119	94	89	91	93	105	142	98	114	87	104	85	102	92	138	61	99	62	160	97	66	92	140	82	100	76	118	68	117	73	86	95	116	115	118	99	76	123	64	120	87	94	91
CD302	22	7	21	14	23	26	30	14	29	20	12	25	13	13	18	20	33	27	10	17	28	23	20	18	27	23	20	5	6	9	9	14	10	10	12	12	5	15	11	6	5	8	13	7	3	11	7	9	3	9	3	6	2	4	11	10	6	7	5	10	7	14	5	4	16	2	9	9	8
SLC1A1	751	617	487	557	472	547	592	546	526	538	574	590	454	129	74	155	79	120	62	222	64	183	51	170	78	191	61	10	4	7	5	14	12	17	4	14	11	18	5	21	5	3	2	5	7	1	1	0	1	0	5	4	16	0	7	2	15	0	6	0	6	4	17	8	7	1	12	1	7
PLAC4	11	11	2	3	6	1	7	4	3	5	3	5	6	0	7	1	6	3	2	0	1	5	12	7	2	17	2	0	0	0	0	0	0	0	0	0	0	0	2	4	0	0	0	0	0	0	0	0	0	0	0	1	0	0	1	0	0	0	0	0	1	0	0	0	0	0	0	0	0
TLR9	0	0	3	0	4	0	3	0	0	2	2	0	1	0	1	0	0	0	0	0	3	0	2	3	1	0	1	1	1	0	0	0	1	2	0	0	1	0	1	1	6	0	2	2	5	3	4	0	0	2	0	5	0	1	0	3	2	6	4	4	1	9	3	12	0	3	1	3	7
PHF10	1552	1185	1395	1239	1171	1391	1288	1230	1292	1220	1437	1422	1288	1321	1066	1347	1108	1436	996	1612	1103	1410	1137	1411	1238	1664	1065	1623	1227	1437	1227	1605	1371	1708	1194	1640	1170	1541	1076	1865	1077	1318	845	1382	841	1497	800	1726	696	1637	838	1365	1168	1331	838	790	851	1082	722	1066	814	1332	777	1050	892	1139	1061	1341	902
PPIAP31	1550	1277	1546	1363	1406	1426	1405	1115	1410	1166	1299	1388	1337	1190	1150	1300	1275	1281	1221	1581	1460	1360	1220	1332	1289	1426	1254	1393	1067	1252	1018	1242	1232	1343	1182	1230	1046	1221	991	1464	1083	973	765	1229	917	1137	706	1355	728	1442	784	1172	944	1495	819	678	559	816	573	991	632	981	526	885	767	1033	725	907	660
GAL3ST3	457	627	628	658	544	626	551	446	539	513	540	668	622	261	138	296	208	236	219	343	227	243	173	238	224	298	173	109	65	108	64	83	71	98	57	112	83	84	39	100	63	30	25	45	18	57	25	90	11	55	22	50	29	67	13	26	35	57	39	71	28	89	43	71	24	70	34	74	43
CTD-2012K14.7	9	16	17	8	8	3	4	7	9	4	7	11	7	20	6	15	3	7	5	13	0	10	8	13	9	8	0	6	9	2	3	3	4	4	8	0	5	9	5	9	2	5	12	3	18	2	6	6	7	8	7	16	13	5	9	5	13	13	12	12	15	5	19	3	8	11	18	16	12
CTB-152G17.5	0	0	0	0	0	0	0	0	0	0	0	0	0	0	0	0	0	0	0	0	0	0	0	0	0	0	0	0	0	0	0	0	0	0	0	0	0	0	3	0	1	0	0	0	0	0	0	0	0	0	0	0	0	0	5	0	0	0	0	0	0	0	0	0	3	0	0	0	1
SPATC1L	338	332	375	269	396	318	345	242	396	287	374	310	361	298	432	297	464	274	520	399	474	343	387	261	442	392	428	731	647	555	531	590	718	657	596	592	557	579	568	627	569	598	478	710	520	774	492	1077	541	1100	534	815	613	877	492	627	324	727	322	942	399	903	308	841	358	1068	392	945	352
AC015933.2	2	1	2	0	0	2	1	1	5	1	1	1	1	1	2	2	0	1	0	4	1	4	1	3	1	2	2	2	3	2	7	1	0	2	2	2	3	0	2	1	1	2	4	1	14	1	2	5	1	2	4	4	3	2	13	2	17	4	8	8	6	8	11	3	7	5	12	4	14
RP13-210D15.4	0	0	0	0	0	0	2	0	0	0	0	0	0	0	0	2	1	0	0	0	0	0	1	0	0	0	1	1	1	0	0	0	0	0	0	0	2	0	0	0	0	0	0	0	1	0	0	0	0	1	0	0	0	0	0	0	2	0	0	1	0	0	0	1	0	1	1	0	0
RP11-791G16.5	46	25	38	36	37	39	34	40	37	31	37	37	46	36	49	39	35	34	38	38	41	34	43	41	53	65	24	47	31	56	32	56	61	42	39	54	58	49	36	58	40	27	15	28	37	26	19	45	26	39	21	39	20	42	35	5	12	14	18	21	9	14	15	28	18	23	22	32	8
RP11-5G9.5	2	5	1	0	2	4	4	1	6	1	1	1	5	2	10	11	5	0	6	0	2	3	2	4	4	5	2	1	4	4	4	0	6	2	1	1	4	2	2	3	2	5	1	5	0	1	0	2	0	0	0	1	2	0	3	1	0	3	0	1	1	1	4	2	3	3	0	0	0
TRG-AS1	43	29	36	27	41	28	43	52	54	36	40	34	37	128	121	83	141	75	166	146	181	155	147	117	161	130	145	94	42	78	31	74	31	79	44	81	35	114	34	79	45	46	4	33	3	36	5	73	16	75	4	33	10	39	6	12	2	6	3	4	6	17	1	17	2	1	5	11	5
PI4KAP2	1003	1283	1277	1171	1104	1190	1131	1096	1255	1136	1255	1156	1187	2183	2497	2226	2835	2020	2853	2972	2537	2708	2557	2265	3251	2590	2843	4037	4010	3437	3626	3791	4155	3719	3844	3552	3144	3833	3330	4223	3245	3860	3953	4523	5110	4332	3357	5352	3627	5246	3410	4428	3743	3612	3527	4451	3751	5396	4080	7009	4183	6928	3733	6121	3561	6850	4194	7279	3979
MDH1B	96	79	128	61	76	85	80	53	83	73	96	74	92	80	76	95	84	84	96	115	50	78	43	76	63	81	49	71	56	47	56	76	80	87	60	86	51	54	46	49	61	41	15	42	13	59	31	37	17	42	47	46	25	51	47	26	26	22	32	45	21	38	31	25	26	48	31	36	40
RP11-3P17.5	403	312	339	302	333	334	363	285	316	293	326	332	317	276	278	287	346	281	296	349	356	303	321	312	338	335	329	336	204	249	202	245	253	274	227	269	228	242	225	312	211	134	96	159	122	159	90	224	101	232	127	190	110	261	119	100	65	129	61	156	73	163	61	157	93	160	87	146	75
RP11-70F11.2	2	6	6	6	7	3	3	2	5	5	6	4	9	3	3	3	6	3	2	4	6	8	1	2	3	4	3	2	1	2	1	3	3	1	2	2	2	1	1	5	2	4	0	1	0	2	3	4	3	5	3	2	2	1	1	3	1	2	2	3	1	3	2	2	2	0	2	1	2
RYKP1	507	472	564	414	527	424	436	397	485	453	487	572	510	610	402	515	429	566	336	645	448	530	390	542	415	654	385	289	212	280	210	308	206	274	213	293	209	286	215	373	231	198	112	219	120	219	99	277	106	270	137	224	172	228	156	148	77	196	124	258	168	220	104	219	124	273	168	277	97
SLITRK3	64	137	85	138	74	159	93	124	93	123	63	96	68	40	22	28	34	48	36	69	32	56	23	46	26	49	20	0	0	1	3	0	3	1	0	4	3	5	0	4	0	0	6	6	0	0	2	0	0	0	0	0	0	1	0	0	4	2	3	0	7	6	1	0	4	1	7	1	5
UBE2D3P2	552	477	545	479	529	490	539	431	486	498	492	512	493	489	524	575	597	570	540	629	572	616	544	633	563	618	546	475	390	474	364	464	408	478	387	480	366	451	362	544	434	337	321	391	322	391	290	459	310	461	362	362	298	448	316	299	252	374	267	513	294	486	263	455	273	474	313	460	308
ADPRH	188	181	231	180	178	139	177	130	157	137	207	132	160	119	121	130	139	86	121	177	166	126	149	102	117	124	127	78	130	91	81	99	135	74	127	86	81	73	79	137	137	50	19	51	9	54	41	79	80	33	88	76	83	54	78	56	72	54	83	65	84	78	81	42	91	58	100	101	87
CCDC92B	61	110	119	119	114	91	81	54	103	88	129	84	118	67	55	61	54	62	88	81	83	83	64	78	67	64	55	68	61	80	58	80	64	99	62	62	62	83	69	78	70	62	53	63	75	63	75	127	67	76	66	73	75	72	90	110	93	103	78	162	88	95	90	84	54	154	101	118	113
RP11-60L3.6	1	3	3	7	3	3	8	3	4	6	2	6	11	14	8	8	10	7	11	21	6	28	12	20	17	21	7	1	0	1	0	2	3	4	1	1	3	0	0	1	4	0	3	0	0	1	0	0	1	0	0	0	0	0	0	0	0	0	0	0	3	0	1	0	0	0	0	0	0
KCTD16	41	23	23	16	18	12	30	23	24	26	29	19	18	26	37	18	35	17	58	39	31	35	30	18	49	24	48	88	86	76	83	47	87	54	75	68	72	41	79	46	88	178	674	146	589	165	419	114	412	184	358	134	243	126	405	624	1183	710	995	756	739	934	1041	619	817	613	1163	632	1245
CALB2	46	42	54	53	62	52	54	54	61	35	64	58	91	120	113	101	186	94	196	123	218	99	167	77	179	108	142	379	111	337	97	294	80	338	71	443	84	332	93	371	96	119	19	157	26	113	23	178	8	178	26	119	18	111	29	44	15	80	22	90	33	66	27	87	29	103	11	151	22
USP22	11246	11857	14174	11995	12920	10844	11721	9078	12483	10315	13398	10631	12110	10103	9775	10947	10783	11236	10751	12709	10790	10399	9613	10809	10962	12952	9865	12202	12395	11320	11568	11928	12186	13101	11892	12092	11503	11672	10459	13655	12144	12410	15494	14390	18090	14785	13688	18677	14696	16985	13871	14383	16094	11883	13561	15082	13945	18375	14034	20999	14925	21496	13839	19002	12613	21214	16223	20840	15614
RP1-212P9.3	2	0	1	0	2	0	0	0	0	5	4	0	0	1	0	0	0	0	2	0	0	2	0	0	3	2	0	2	1	0	0	4	0	0	0	0	1	2	0	3	1	0	2	0	4	0	0	0	0	0	0	0	0	5	0	0	0	0	0	0	0	0	0	0	0	1	0	1	1
DARS-AS1	14	21	15	11	7	12	10	14	25	17	27	7	14	15	10	11	6	13	4	12	13	6	7	7	11	3	11	16	13	14	13	13	20	15	9	10	16	11	16	16	11	13	8	16	12	11	16	12	14	11	31	6	27	23	28	14	22	22	37	19	18	14	25	9	19	10	31	8	26
MIR26A1	0	0	0	0	0	0	0	0	0	0	2	0	0	0	0	0	0	0	0	0	0	0	0	0	0	0	1	0	0	0	0	0	0	0	0	0	0	0	0	0	0	0	0	0	0	0	0	0	0	0	0	0	0	0	0	0	0	0	0	0	0	0	0	0	0	0	0	0	0
UBA3	3540	2111	2870	2126	2564	2617	2785	2263	2758	2404	2711	2536	2603	2994	3232	3259	3298	3287	2755	4010	3874	3329	3003	3269	3343	3842	3249	3072	2690	2848	2725	2941	2837	3244	2691	3145	2309	2850	2318	3392	2625	2298	2297	2440	2562	2307	2022	2956	1889	2880	2137	2290	2366	2749	2217	1689	1694	2371	1789	2793	1715	2943	1573	2455	1723	2561	2116	2783	1815
RP11-655C2.3	3	7	0	0	0	4	1	0	2	0	4	0	0	2	0	0	1	0	1	0	0	0	1	5	4	0	0	0	0	1	1	0	0	0	0	0	0	0	3	0	1	0	0	0	1	0	1	1	0	0	0	4	5	0	0	0	1	2	1	1	0	0	0	0	2	0	1	0	2
METTL21A	1579	1459	1340	1310	1339	1358	1306	1209	1413	1370	1332	1369	1320	1073	1034	1208	1146	1123	1010	1461	1173	1169	1143	1250	1117	1347	1089	779	629	742	629	659	663	766	688	818	580	632	527	914	591	569	544	544	605	572	400	721	513	669	441	596	498	660	462	514	387	639	407	799	417	789	370	742	467	709	445	858	415
RP5-856G1.2	0	0	0	0	0	0	0	0	0	0	0	0	0	0	0	0	0	0	0	0	0	0	0	0	0	0	0	0	0	0	0	0	0	0	1	0	0	0	0	0	0	0	0	0	0	0	0	0	0	0	0	0	4	0	1	0	1	0	0	0	0	0	1	0	1	0	0	0	2
AZGP1P2	11	14	25	9	19	13	32	12	13	16	28	10	17	5	2	3	2	1	1	3	0	4	0	4	4	7	0	0	0	0	0	0	0	0	0	0	0	0	0	0	0	0	2	0	0	0	0	0	0	0	1	0	0	0	1	3	0	0	0	0	0	1	0	1	1	1	0	0	0
ARL2	1434	1540	1457	1445	1495	1385	1553	1217	1507	1306	1477	1388	1284	1494	1204	1349	1549	1248	1545	1751	1540	1489	1279	1295	1563	1514	1211	1760	1317	1334	1178	1436	1391	1708	1363	1275	1239	1245	1094	1571	1265	755	472	932	561	1003	476	1204	589	1432	630	1024	592	1227	552	665	477	825	472	854	497	932	512	845	484	1129	511	894	488
AC017083.2	4	0	2	0	1	0	1	0	2	0	3	0	0	0	0	0	0	0	0	0	1	1	0	1	0	1	0	1	2	0	0	0	1	0	0	1	1	0	0	3	0	0	1	0	0	1	1	1	0	0	2	0	0	0	1	0	0	4	2	2	1	2	1	0	1	5	5	0	4
KRTAP13-4	0	0	0	0	3	0	0	0	2	0	0	0	0	0	0	0	0	0	0	0	0	0	0	0	3	0	0	1	0	0	0	0	0	0	1	0	0	0	1	0	0	0	0	0	0	2	0	0	0	0	0	0	0	0	0	0	0	0	0	0	0	0	0	0	0	0	0	0	0
EARS2	3201	3020	3498	2876	3002	2624	3043	2499	3086	2556	3061	2824	2897	2013	2141	2068	2312	1932	2165	2501	2273	2002	2113	1999	2320	2498	2109	1281	1258	1171	1189	1154	1372	1196	1137	1159	1075	1115	1043	1369	1138	811	499	936	346	952	488	1273	527	1148	623	1081	820	772	644	581	518	679	552	888	590	949	570	737	561	862	673	855	633
RP11-73M18.11	3	2	0	5	2	1	0	0	1	0	3	1	2	4	3	4	4	4	2	4	0	0	4	0	7	2	4	8	5	1	0	2	2	0	0	2	8	1	0	0	4	1	2	0	2	3	4	2	1	0	3	0	2	0	2	5	2	2	1	3	0	1	1	7	6	1	3	2	8
NLRX1	584	623	635	560	747	625	696	499	736	552	678	537	677	450	345	423	421	445	433	603	404	503	415	450	410	533	360	375	247	370	227	326	282	364	272	360	274	339	227	413	223	160	18	147	34	202	31	235	79	225	62	205	82	142	46	90	48	150	76	138	40	158	52	139	52	218	68	174	88
FAM221A	518	503	463	406	472	542	495	513	497	503	439	485	455	210	157	192	221	186	158	279	207	231	179	240	248	270	215	490	467	523	429	456	424	526	405	490	377	393	443	501	445	503	411	551	359	574	545	691	493	550	559	491	567	522	525	346	669	572	633	637	617	765	624	573	690	627	701	610	693
CTD-2193P3.2	0	0	2	3	0	0	0	0	1	1	0	3	1	0	0	1	0	0	0	0	0	0	0	1	0	0	2	0	0	0	0	0	1	0	2	0	0	3	1	0	0	0	0	1	0	0	0	0	0	2	0	0	0	0	0	0	0	0	1	0	0	0	0	0	1	0	0	0	0
RP11-62C3.10	0	0	0	0	0	0	0	0	1	0	1	0	0	0	0	0	0	0	0	0	0	0	0	0	0	0	0	0	0	0	0	0	1	0	0	0	0	0	0	0	0	0	0	0	0	0	0	0	0	0	0	0	0	0	0	0	0	0	0	0	0	0	0	0	0	0	0	0	0
MUSK	5	0	0	4	0	0	5	0	0	0	0	1	0	1	0	1	0	0	0	0	0	0	0	0	0	0	0	0	0	2	0	1	0	0	1	0	0	0	1	0	0	3	5	0	2	1	6	0	3	1	1	2	2	0	6	0	0	4	0	0	0	0	1	0	1	2	0	0	1
RN7SL451P	0	0	0	0	0	0	0	0	0	0	0	0	2	0	0	0	0	0	0	0	0	0	0	0	0	0	1	0	0	0	0	0	0	0	0	0	0	0	0	0	0	0	0	0	0	0	0	0	0	0	0	0	0	0	0	0	0	0	0	0	0	0	0	0	0	0	0	0	0
AMYP1	1	0	1	0	1	0	2	2	1	2	0	1	1	4	2	1	1	0	6	3	1	1	2	2	3	10	6	5	3	5	1	2	2	5	3	4	2	4	4	3	1	6	1	3	1	5	5	6	0	5	3	2	4	4	2	4	5	1	4	10	4	4	5	3	4	6	5	4	8
RP11-388G3.1	368	320	504	361	338	376	368	300	358	388	350	293	373	368	484	361	469	408	467	424	410	344	376	312	519	445	410	565	630	548	610	608	660	618	674	539	561	584	565	659	669	844	1026	914	1012	1028	867	1171	842	942	656	750	840	776	769	999	757	1342	730	1401	814	1351	731	1266	674	1526	826	1418	752
SENP7	733	436	592	512	572	539	574	449	564	550	487	508	584	687	892	709	937	876	751	802	885	735	785	810	905	982	1020	1360	1553	1423	1619	1302	1570	1427	1457	1390	1414	1382	1300	1585	1523	1828	1890	2071	1565	1900	2163	2328	2024	2047	2368	1615	2478	1663	2619	2540	3634	3633	3375	4328	3368	4324	3303	4048	3554	3976	4426	4004	4194
MARVELD3	901	1016	1121	1002	1021	984	896	765	1010	852	898	898	1035	724	443	789	427	879	500	933	524	838	480	779	553	980	405	86	38	114	49	88	58	129	55	128	40	92	36	133	63	30	14	24	23	26	20	16	15	31	23	32	22	21	15	12	18	7	17	8	20	23	24	18	23	11	20	12	16
RP11-1148L6.5	97	84	99	68	49	72	64	71	64	62	77	53	83	59	77	62	73	73	75	65	63	62	70	80	76	90	72	67	99	81	97	96	104	94	74	82	93	78	85	94	88	125	125	156	185	111	117	178	120	135	155	125	121	170	145	198	138	256	122	282	131	270	141	260	130	225	167	218	127
SPDYE16	16	14	22	9	13	12	17	15	18	17	24	13	18	20	16	22	18	23	21	23	16	16	17	26	19	24	28	21	44	32	40	35	36	21	32	19	32	31	34	34	28	46	40	45	41	34	51	48	54	38	48	30	61	27	58	39	44	66	46	63	59	66	55	58	48	70	61	63	53
MAGEA3	1	0	0	0	0	0	2	0	2	3	2	1	0	0	2	0	1	2	2	2	0	1	0	0	0	1	0	0	0	0	0	0	0	0	0	0	0	2	0	1	0	0	0	0	0	0	1	0	0	0	0	0	0	0	0	0	0	0	0	0	2	0	0	0	0	1	0	0	1
MIR217HG	1	1	1	0	1	0	0	1	0	2	1	0	0	4	9	0	3	5	6	4	12	13	0	2	8	1	23	31	89	44	85	47	74	42	90	43	58	29	110	19	67	173	151	172	113	147	125	184	110	181	130	147	112	189	133	327	126	421	118	471	121	474	127	439	121	459	137	476	178
AC104667.3	0	0	8	6	5	3	1	5	3	5	3	3	2	0	3	4	4	1	2	4	0	4	5	0	4	2	2	1	0	0	6	2	3	0	0	0	2	0	1	0	0	4	0	1	2	0	0	2	3	0	0	1	0	0	1	1	0	7	3	2	0	3	1	2	0	0	3	1	3
ZNF578	153	133	150	131	92	111	89	148	118	175	140	107	119	121	82	138	79	150	89	151	105	136	83	161	116	171	99	45	27	52	43	47	60	68	26	65	50	58	34	125	51	32	17	40	17	36	29	52	37	45	27	41	56	53	34	31	38	56	24	46	31	48	29	45	26	65	30	55	17
RP11-348J24.2	26	9	8	6	4	8	13	18	12	12	11	9	10	5	16	5	14	6	16	12	20	9	21	14	21	8	17	14	8	18	21	33	13	18	16	28	7	12	18	17	10	16	5	15	13	35	1	15	5	16	2	14	2	25	5	8	7	13	4	13	5	22	3	30	13	30	2	33	11
GNG8	6	3	2	3	3	8	3	13	0	5	1	10	2	244	282	223	448	243	466	316	450	291	310	236	350	280	302	384	153	238	149	259	213	332	216	334	163	340	169	342	189	169	150	199	186	231	156	264	149	206	163	233	103	258	173	281	153	354	151	438	126	530	147	389	131	463	150	460	170
OBP2A	0	0	0	0	0	0	0	0	0	0	0	0	0	12	40	3	42	6	44	8	47	9	55	10	21	15	35	18	6	8	15	10	8	14	7	20	13	8	9	17	8	5	0	1	0	0	1	13	7	11	2	6	2	1	1	0	0	0	1	0	0	6	0	0	1	0	0	0	0
FAS	171	115	116	129	137	139	127	117	139	129	104	120	102	248	256	222	258	188	180	312	231	315	204	205	256	292	212	129	96	110	72	160	123	163	99	84	89	158	97	175	86	83	45	82	43	81	40	115	77	106	64	80	138	57	79	32	29	51	32	45	61	58	19	39	43	46	49	47	34
GREM1	7	9	13	11	12	14	9	4	10	11	11	18	12	5	9	9	7	8	11	15	7	6	8	15	10	15	6	4	1	1	1	3	3	3	2	3	3	1	1	2	2	1	7	2	6	3	2	0	8	2	2	1	2	2	2	0	4	3	3	4	9	1	3	0	5	1	2	1	3
COL5A3	106	81	108	110	144	87	122	76	112	86	95	82	110	180	477	144	352	156	463	191	402	163	319	119	390	158	290	63	55	50	47	107	63	73	71	66	66	68	55	68	66	8	10	23	22	18	10	30	9	19	24	19	28	6	25	4	22	5	7	17	19	15	7	0	18	3	13	11	12
RP4-616B8.6	2	1	4	1	0	2	0	0	1	2	2	2	3	0	1	1	7	0	5	2	2	0	1	4	4	7	1	2	1	0	0	0	1	0	1	0	1	1	0	4	0	0	0	4	4	0	0	0	0	0	0	0	0	1	2	0	1	0	1	0	0	4	1	0	0	2	0	0	5
NXNL2	32	27	18	9	18	25	34	25	18	32	21	26	17	10	7	4	12	10	9	8	2	18	10	15	0	5	2	1	0	1	1	0	0	1	1	2	1	0	3	2	4	3	2	5	0	0	1	0	1	0	2	0	1	2	0	0	8	4	0	0	1	2	3	2	1	0	4	1	6
LIMS1	1728	1202	1658	1337	1441	1462	1423	1195	1501	1317	1530	1375	1447	2083	2686	2203	2383	2415	2099	2654	2408	2289	2172	2286	2605	2753	2396	1655	1334	1547	1319	1588	1385	1824	1310	1673	1380	1533	1184	2013	1340	992	603	1113	557	1058	580	1301	557	1266	625	1086	826	1077	680	581	610	760	548	917	596	974	563	830	616	924	671	920	598
SLC35G4	0	0	0	0	0	0	2	0	0	0	0	1	0	0	0	0	0	0	0	0	0	0	0	0	0	1	1	2	0	2	0	0	0	0	0	2	0	1	2	0	0	1	2	0	2	0	1	0	0	3	4	0	1	0	0	0	4	2	2	0	1	3	0	8	1	0	2	0	1
F12	93	130	97	113	155	135	138	87	133	98	104	110	116	117	107	130	195	95	201	168	250	125	165	138	173	131	159	159	115	118	104	133	105	148	121	102	66	117	86	154	63	85	6	83	18	89	20	159	18	134	21	129	22	106	18	141	46	174	55	260	35	239	23	266	58	253	41	319	53
DHX30	3998	4018	5186	3975	4621	3779	4433	3035	4745	3173	4404	3440	4414	4491	4586	4388	5317	4757	5593	5483	5330	4250	4582	3928	5194	5668	4776	5218	5152	4611	4950	4857	5740	5247	5413	4762	4733	4581	4711	5186	5290	4352	4596	5576	5621	5270	4592	7089	4707	6437	4694	5496	5570	5119	4388	3853	3600	4815	4142	5925	4410	5843	4001	4865	3694	5802	4142	5505	3954
CKMT2-AS1	223	230	221	220	214	179	220	177	211	211	207	183	244	178	195	178	175	149	158	279	196	261	186	213	209	274	163	191	155	163	190	164	155	203	146	199	179	185	164	231	202	180	92	200	90	153	135	217	127	258	144	184	130	151	140	142	153	201	154	223	119	201	139	192	177	212	190	249	154
MBD4	1678	1461	1662	1328	1438	1545	1419	1327	1451	1280	1492	1442	1435	1286	1359	1424	1477	1432	1378	1732	1530	1455	1457	1339	1513	1650	1437	1627	1276	1457	1284	1495	1385	1719	1369	1506	1243	1465	1170	1910	1264	983	709	1184	637	1213	658	1384	717	1448	702	1186	888	1325	747	605	625	775	655	973	675	1042	671	959	666	980	706	1022	705
PDCL3P4	149	141	162	157	150	118	134	130	125	146	147	158	133	143	125	171	131	133	113	150	135	94	95	134	139	142	123	87	125	99	119	106	112	124	121	72	81	115	102	114	90	96	121	110	115	97	122	128	105	125	147	103	161	126	134	84	131	109	121	118	126	92	109	107	110	137	141	126	137
CTC-250P20.1	217	259	289	232	228	254	185	214	225	257	223	195	207	249	210	259	210	211	238	305	261	284	242	242	253	318	211	220	275	257	212	240	275	287	252	260	247	259	201	257	262	241	182	246	160	271	172	370	131	333	174	322	208	209	150	252	113	342	103	421	126	399	124	320	123	361	155	380	151
NPM1P38	19	18	33	21	25	14	26	17	22	14	18	20	20	17	14	14	18	17	15	28	16	14	12	24	18	18	12	16	6	10	6	6	9	13	7	14	6	9	9	18	12	10	2	9	5	9	3	4	3	10	2	3	6	7	3	6	2	4	1	8	4	9	9	4	2	5	1	4	2
PDP1	745	581	693	577	628	635	680	548	651	595	643	626	638	967	1163	954	1114	1103	845	1255	1012	1122	882	1087	1127	1226	1049	882	850	806	843	936	901	905	789	861	758	812	748	1086	793	1078	1135	1196	1100	1017	1209	1335	1210	1169	1382	977	1318	1121	1368	1504	1674	1804	1682	2080	1668	2312	1644	2103	1760	2085	1912	2178	1963
NDUFB8P1	8	24	11	21	18	23	12	14	12	21	17	19	26	21	18	20	28	8	27	16	32	24	16	27	23	22	26	40	14	21	14	31	30	27	16	20	32	38	27	35	14	28	8	21	14	26	10	28	16	40	22	34	18	28	22	19	16	21	14	32	12	59	16	61	20	56	15	46	17
RAB17	185	252	317	331	243	218	188	254	251	405	219	305	239	67	43	58	24	57	36	63	42	80	33	52	44	60	34	14	9	5	6	7	7	6	4	8	11	5	6	4	12	2	13	9	5	3	5	10	4	16	13	0	12	2	2	10	7	12	4	5	17	8	8	3	17	15	4	7	8
HLCS-IT1	0	0	0	0	0	0	1	0	0	0	0	0	0	0	0	1	0	0	0	0	0	0	0	0	0	1	0	0	0	0	1	0	0	0	0	2	0	0	0	0	0	0	0	0	0	0	0	0	0	0	6	0	0	0	0	0	1	0	1	0	0	0	0	0	1	0	0	0	0
TTC23	793	764	804	686	732	671	675	665	708	683	717	683	661	876	1112	898	1151	912	1068	1102	1268	1013	1056	947	1196	1063	1053	1177	1036	1026	906	1028	1017	1152	1008	1029	875	1133	964	1285	944	861	386	796	433	789	299	1003	273	951	393	825	516	786	407	249	219	340	227	391	262	380	222	312	215	397	267	440	246
PCDHA13	19	24	26	37	25	19	21	24	33	15	32	18	28	21	36	19	56	20	34	29	51	26	27	25	63	16	42	18	29	6	44	18	25	18	44	6	25	17	40	17	33	14	27	19	29	17	49	30	65	16	33	14	31	23	32	19	38	38	51	27	34	21	32	20	35	44	59	24	43
RP11-512F24.1	2669	2040	2534	2032	2394	2220	2299	1906	2265	2066	2180	2211	2147	2058	1883	2225	1899	2328	1799	2589	2062	2249	1823	2215	2066	2567	1904	1783	1644	1823	1585	1901	1762	1942	1657	2004	1475	1900	1434	2233	1675	1417	1290	1762	1231	1520	1160	1812	966	1885	1173	1580	1375	1548	1215	878	910	1179	908	1318	964	1456	939	1194	1018	1242	1157	1261	995
HTR7P1	40	37	52	54	56	43	46	41	50	40	58	42	56	18	16	39	12	42	13	56	20	43	34	22	14	28	22	15	18	13	16	10	12	23	24	9	14	8	20	23	16	12	16	9	6	14	24	18	9	14	8	18	18	6	16	17	10	22	20	26	8	7	9	12	14	13	16	22	6
RP11-699L21.1	9	6	3	4	6	5	9	4	9	1	3	0	6	4	5	4	1	3	1	2	2	6	4	0	9	2	3	0	1	1	0	0	2	0	1	0	0	0	0	1	1	0	0	3	0	0	0	0	0	0	0	0	0	0	0	0	0	0	0	0	0	0	0	0	0	4	0	1	0
SPANXC	0	0	0	0	0	0	0	0	0	0	0	0	0	0	1	0	0	0	2	0	1	0	2	0	0	0	2	0	0	1	0	0	1	0	1	0	0	0	0	0	0	0	0	0	0	0	0	0	0	0	0	0	0	0	0	0	0	0	0	0	0	0	0	0	0	0	0	0	0
GNL1	243	270	326	268	271	257	246	213	276	241	260	233	262	179	181	205	187	202	193	274	191	238	156	234	180	236	163	182	146	155	145	162	155	177	171	161	136	166	140	193	161	122	147	138	156	130	139	175	129	180	129	141	150	122	138	131	169	140	190	166	154	175	175	142	148	165	164	167	184
LPGAT1	659	571	581	568	606	552	556	605	590	636	600	621	554	2965	3799	2853	4209	3237	3621	3464	4406	3057	3914	3111	4561	3851	4428	4519	3348	5073	3345	4715	3349	5294	3447	5167	3228	4879	3019	6247	3511	3759	3589	4003	3628	4151	3241	4095	2856	4234	3344	3631	2957	3278	3301	3666	3261	5002	3011	5732	2796	6223	3011	4744	3280	4719	3579	5466	3415
RPS12P23	369	311	345	295	324	343	362	268	362	343	287	337	338	316	383	302	419	344	341	385	388	341	383	320	392	390	310	285	222	255	226	246	245	272	266	266	236	231	199	297	213	129	109	186	68	161	105	205	101	200	80	155	115	196	97	79	59	134	56	145	94	108	74	115	87	164	81	149	70
MYO1D	1661	1554	1903	1606	1814	1569	1683	1417	1966	1538	1825	1494	1779	1318	1232	1419	1274	1279	1321	1662	1419	1503	1224	1312	1167	1649	1123	674	450	606	462	656	477	750	406	825	432	718	378	827	521	283	169	288	164	285	112	333	131	341	152	309	221	313	209	256	203	339	182	392	189	339	228	277	196	312	256	357	271
HINT2P1	26	18	30	18	21	18	32	35	26	29	39	31	30	32	56	36	44	36	47	46	49	40	22	19	33	44	43	50	42	28	62	45	53	58	84	26	42	54	42	60	46	66	61	46	50	84	42	56	24	58	44	60	55	84	36	45	28	95	40	66	62	58	40	83	31	85	48	110	40
RP11-192C21.1	4	7	3	3	4	3	4	4	4	4	5	4	4	5	6	3	4	3	4	5	3	4	4	3	7	4	4	4	4	9	3	3	2	4	2	3	4	3	4	4	3	2	3	2	12	3	3	2	2	3	2	3	3	6	2	2	1	2	2	3	2	3	2	3	2	3	2	3	1
RNU2-58P	3	0	2	2	2	0	1	1	2	2	0	0	2	0	1	0	4	0	3	0	0	3	1	6	4	0	0	1	3	7	1	5	4	0	2	1	1	3	2	2	1	1	1	1	3	0	1	2	2	3	0	2	5	0	1	1	2	3	2	0	1	0	3	0	1	2	4	2	0
SPDYE11	12	14	15	9	11	13	9	10	13	14	15	11	15	12	10	13	13	12	11	17	10	14	16	13	19	15	24	16	29	17	28	19	25	19	22	20	20	30	20	31	17	34	27	35	28	30	23	38	35	38	35	36	35	20	30	35	34	62	33	58	30	52	36	50	38	49	40	64	37
FAM60BP	508	487	454	426	440	426	442	439	447	451	419	415	430	228	263	377	253	301	238	364	221	279	205	275	219	353	269	198	162	193	169	208	184	242	212	224	154	209	170	222	184	168	138	183	105	193	131	210	140	240	119	213	157	157	141	166	100	238	90	260	96	284	116	222	105	276	107	334	86
AP001189.4	0	0	0	0	0	0	0	0	2	1	1	0	1	4	7	6	13	2	12	2	22	6	9	0	21	1	23	3	0	3	3	0	3	9	10	7	1	5	2	1	1	3	0	3	0	0	0	8	0	1	0	1	1	0	3	0	0	3	0	0	0	0	0	0	0	1	2	0	1
SETP2	39	26	31	19	36	28	24	23	22	21	27	24	27	19	15	14	19	15	16	21	16	15	16	20	17	24	10	9	10	12	11	12	12	6	6	5	8	4	6	8	5	9	7	8	2	5	7	14	7	4	9	6	10	10	6	5	8	7	5	10	8	13	6	10	10	9	3	9	7
DMBT1	3	0	1	1	0	0	1	1	0	0	2	0	1	6	8	0	11	1	3	14	7	4	5	0	9	4	9	4	92	26	69	21	56	17	72	21	67	30	67	14	55	18	52	37	55	14	54	35	62	57	50	20	81	31	36	15	8	36	8	14	27	25	20	34	28	34	21	44	22
PTPN9	2399	2406	2670	2408	2203	2388	2119	1960	2152	2221	2247	2245	1982	2478	2805	2575	2969	2721	3024	3133	3385	2461	2784	2505	3052	3097	2814	4820	4301	4542	4344	4547	4638	5077	4463	4653	3951	4290	3741	5346	4296	5623	7563	6371	8521	6649	6058	8025	5474	7249	5832	6296	6369	5765	5556	6854	5148	8489	5131	9788	5800	9902	4948	8155	5301	9254	6151	8773	5500
AP000322.53	2	0	0	0	0	0	1	0	0	0	1	0	0	0	3	0	2	2	3	0	4	1	12	0	1	2	6	1	2	0	1	2	3	1	2	2	0	0	0	4	1	3	1	1	2	3	0	0	0	2	3	2	3	2	0	1	0	1	0	3	0	2	1	4	1	1	2	6	0
RP5-997D24.3	0	0	0	0	0	0	0	0	0	2	0	0	0	2	3	0	1	4	3	0	0	0	0	1	4	0	0	0	7	0	2	0	1	0	2	1	1	2	3	0	0	2	1	4	7	0	1	8	11	1	3	7	0	0	1	0	6	1	4	0	7	6	1	0	0	2	2	3	0
ELAVL2	1285	1076	1054	1106	1095	1277	1102	1226	1044	1213	993	1269	1125	777	833	813	880	1005	694	944	1021	828	734	968	930	1059	880	3040	3807	3047	3900	3106	3950	3109	3689	3102	3332	2754	3077	3289	4030	6315	11502	7024	11315	7094	10171	8934	8554	7497	9698	6043	10439	7062	9935	9590	11034	12448	11033	13523	12026	14811	10775	13458	12252	12718	14501	13393	13516
SIX4	1414	1244	1352	1181	1279	1303	1294	1063	1340	1142	1306	1314	1369	899	655	979	715	973	602	1109	719	1113	721	1005	676	1223	633	429	320	411	372	434	341	449	252	389	263	425	273	483	321	209	433	214	481	185	392	251	330	271	276	215	336	148	337	197	658	238	595	323	649	333	590	247	631	284	704	289	643
VRTN	5237	6497	7255	6685	6290	5762	5471	4911	6146	5412	5810	5626	5745	1567	947	1681	1086	1700	1137	2069	1003	1576	878	1505	928	2071	916	184	79	188	87	147	97	163	106	147	90	125	61	210	91	36	68	42	56	65	72	12	96	57	69	22	53	29	65	52	105	48	93	33	97	75	90	34	115	31	78	23	70
SLIRP	2814	2208	2917	2434	2599	2557	2739	2026	2692	2240	2503	2606	2693	2174	1935	2314	2212	2226	2138	2662	2580	2305	1998	2314	2210	2634	2035	1647	1360	1401	1281	1435	1633	1503	1404	1464	1353	1280	1266	1815	1387	1048	907	1418	1219	1254	923	1597	987	1712	1354	1309	1145	1691	977	672	673	840	756	996	740	1040	608	947	989	1038	879	777	835
CCK	13	14	27	5	24	26	13	15	35	10	18	14	17	14	5	2	16	6	15	9	8	7	11	2	10	13	16	6	6	5	4	2	8	2	3	0	0	3	3	3	3	2	2	5	0	0	3	13	1	0	2	6	5	1	5	4	5	3	1	11	7	2	5	5	6	8	7	14	4
AC016745.3	1	1	0	0	0	1	1	0	1	4	2	3	5	2	2	8	2	6	5	10	0	5	6	8	2	6	2	2	2	2	2	7	0	1	4	2	1	1	1	2	3	1	2	4	1	2	2	2	1	0	4	0	3	0	3	0	1	4	1	1	1	0	1	2	0	6	1	5	1
ZNF429	368	290	321	221	255	317	292	242	309	290	312	292	289	357	355	425	331	438	360	431	403	365	427	400	425	461	343	463	524	400	481	442	497	471	476	358	411	380	420	420	437	570	417	650	349	634	415	634	450	591	496	565	529	598	534	596	551	824	518	835	465	965	480	877	549	826	663	929	634
QKI	6535	5701	6513	6049	5968	6535	5698	5656	5994	6172	5813	6510	6055	6035	5818	5905	5717	6281	5024	7455	6146	6833	5925	6816	6641	8002	5926	7948	5635	7433	5561	7816	6107	8333	5832	7991	5573	7894	5505	8999	5806	6523	3681	7329	3939	6954	3012	9557	2432	8446	2809	6897	4237	7462	2957	4113	1715	5366	1606	6346	2164	6853	1571	6159	2125	6216	2473	7323	1709
CTC-492K19.7	2	3	1	0	2	0	7	0	0	2	4	2	1	4	0	5	5	1	0	4	0	2	3	2	4	1	0	0	2	0	0	3	0	3	2	0	0	3	0	2	1	0	1	0	2	4	1	2	0	5	1	0	2	1	3	1	0	5	1	6	3	1	6	2	2	0	0	5	2
OR10AB1P	0	0	5	0	0	0	3	0	0	0	0	0	1	1	3	0	3	0	0	1	0	0	0	2	0	2	0	0	0	0	0	0	0	0	2	0	0	1	0	0	0	0	0	0	0	0	0	0	0	0	0	0	0	0	0	0	0	0	0	0	0	0	0	0	0	0	0	0	0
KHDRBS3	909	846	840	777	810	853	818	711	824	742	797	887	788	1061	1223	1100	1210	1144	1126	1516	1383	1100	1130	1015	1241	1386	1154	1508	1095	1240	1066	1419	1215	1625	1176	1517	1052	1364	1099	1688	1202	1072	1187	1373	1155	1434	1180	1628	1001	1660	901	1221	1362	1537	1064	1941	1283	2357	1294	2590	1471	2798	1397	2609	1538	3017	1619	2983	1599
ITGAD	1	0	3	0	0	1	0	4	0	0	1	0	0	0	1	0	0	0	0	0	0	0	0	0	1	3	2	0	0	0	0	0	0	0	0	0	0	0	0	0	2	0	1	0	0	0	0	0	0	0	0	0	0	0	0	0	0	0	0	0	1	0	0	0	0	0	0	0	0
RBMX2P3	4	9	2	4	2	2	8	7	5	2	1	3	2	1	2	7	5	8	8	4	1	7	2	0	14	5	2	2	6	9	6	4	6	7	2	8	6	3	3	9	5	0	1	6	0	6	3	2	3	8	3	12	4	6	5	4	0	9	1	6	2	4	0	5	1	2	7	5	3
RP11-375H19.2	2	0	1	1	3	1	0	0	1	0	2	0	0	0	10	4	9	2	8	2	1	1	4	0	12	1	2	0	14	0	12	1	2	0	2	4	1	4	8	2	5	2	2	3	0	9	0	7	16	0	8	4	7	2	4	1	9	6	2	2	9	5	5	1	2	4	12	3	8
KCTD9P1	22	32	30	20	21	29	27	31	25	30	19	17	19	48	54	32	25	34	35	32	55	28	49	24	30	40	34	46	28	38	24	34	48	44	32	38	34	37	18	39	34	18	11	21	10	32	12	40	22	57	20	35	36	41	16	9	5	9	5	24	6	28	14	22	7	22	16	20	11
MIR367	47	25	40	20	20	34	24	22	24	31	33	22	33	2	1	2	8	5	1	6	2	3	1	5	1	4	2	3	0	1	1	1	1	0	0	1	0	1	1	1	1	1	2	1	0	1	1	1	0	0	0	3	0	3	2	0	1	0	1	1	1	2	0	1	1	2	1	0	0
FAM83B	136	109	125	105	96	111	115	95	109	96	134	110	131	86	41	73	43	61	39	77	35	77	38	62	54	76	33	3	1	4	8	10	7	14	1	7	2	2	0	4	5	1	1	6	0	0	0	0	0	1	0	0	4	0	0	0	2	3	1	1	1	0	4	0	1	1	1	0	1
PLXNB2	3244	4570	4783	4778	4761	3870	3798	3243	4671	3803	4304	3880	4359	3630	5730	3777	6614	3173	7195	4427	6596	3827	5684	3354	6393	4291	5695	11068	8404	8855	7607	9557	8779	11345	8159	9741	7773	10411	7092	11076	7934	8511	4329	9749	5588	10297	4199	14163	5079	12954	4608	10574	6141	8555	4723	7782	3957	8996	4189	11240	4990	11191	4116	10152	3681	12422	4376	11649	4348
NR0B1	1	8	16	4	1	8	4	1	13	1	5	6	7	1	0	2	0	5	4	3	4	8	4	2	2	5	1	0	0	0	0	0	0	0	0	2	2	0	0	0	0	0	0	0	0	0	0	0	0	2	0	0	0	0	0	0	0	0	0	0	0	0	0	1	0	0	0	0	0
TCEA2	752	1084	856	834	819	734	846	632	893	757	816	919	738	781	655	779	794	622	776	917	803	744	624	670	876	796	680	1203	1176	946	1034	949	1188	963	1085	941	933	992	930	1087	1049	891	1067	1021	1382	973	944	1209	1175	1163	1173	1060	1181	991	1185	1179	1430	1312	1484	1882	1500	1667	1445	1520	1403	1651	1465	1803	1481
RNU6-1165P	2	0	0	0	0	0	0	0	0	0	1	1	0	0	0	4	0	0	0	1	0	0	0	1	0	5	5	0	0	4	2	0	0	2	3	2	0	1	3	1	1	1	0	0	0	0	0	0	0	0	0	0	1	0	2	0	5	0	1	0	0	1	2	0	1	2	2	0	1
RNA5SP175	0	0	0	0	0	0	0	0	0	0	0	0	0	0	0	0	0	0	0	0	2	0	0	0	0	0	0	0	0	0	0	0	1	1	0	0	0	0	0	0	0	0	2	0	0	0	0	0	0	0	0	0	0	0	0	0	0	0	0	0	0	0	0	0	0	0	0	0	0
MAGEA11	0	5	0	1	3	6	1	1	3	3	1	0	2	11	6	2	5	6	4	5	4	7	1	2	7	4	2	0	0	0	0	0	2	0	0	0	1	0	0	0	0	0	1	0	1	0	0	0	0	0	0	0	0	0	0	0	0	0	0	0	0	0	0	0	0	0	0	0	2
NDUFA9P1	339	242	412	248	304	289	320	195	326	235	303	243	324	266	393	331	428	358	361	389	465	274	370	346	427	380	399	382	506	360	481	351	494	394	454	386	495	346	402	394	471	342	458	379	407	351	415	409	371	431	451	385	492	369	452	290	359	363	375	424	358	426	332	386	408	473	403	379	386
MT-ATP6	142174	108593	146567	119669	130336	121949	115564	92543	130737	98930	123811	111786	123696	137538	167763	149433	167483	151691	161203	179344	189396	151748	166961	156122	185418	178785	178600	152771	182327	153239	168590	155571	183821	167979	176114	155168	167785	146059	146259	181199	174345	132631	103994	147931	106940	142664	103951	182046	81225	172381	94436	133950	106489	154053	94101	108144	87521	136968	90683	153854	98532	169881	92950	147218	111321	153281	105078	149050	97216
CTD-3236F5.1	7	14	6	3	12	11	8	6	15	9	11	5	8	4	12	4	4	10	9	10	3	2	3	6	7	11	8	3	9	1	8	9	10	5	7	4	2	5	4	4	5	5	11	11	4	7	17	8	8	7	10	5	6	10	15	15	17	28	13	16	11	13	12	17	29	10	15	17	13
CTD-2105E13.15	0	0	1	2	1	0	0	1	0	0	1	1	0	1	4	5	9	2	5	3	6	3	3	2	4	2	5	11	4	6	6	10	5	9	4	8	3	5	3	12	6	1	1	2	1	4	2	13	1	5	2	2	1	4	4	2	1	3	1	1	2	4	1	1	2	2	3	3	2
RP11-333A23.2	0	0	0	0	0	0	0	0	0	0	0	0	0	0	0	0	0	0	0	0	4	0	0	0	0	0	0	1	0	2	0	0	0	0	0	0	0	0	0	0	1	0	0	0	0	0	0	0	0	0	0	0	0	0	0	4	0	0	0	0	0	0	0	0	0	0	0	0	0
IL9RP3	20	13	16	23	22	22	19	28	20	14	18	24	14	10	14	5	14	9	11	11	9	21	7	16	18	11	7	6	3	7	7	3	2	6	14	8	2	12	4	9	7	9	3	3	1	2	4	5	0	9	4	4	6	2	3	2	3	5	2	3	3	4	7	0	1	0	2	6	3
RP11-91P24.7	2	5	2	2	2	1	3	1	2	1	2	4	5	2	1	1	4	6	2	2	7	5	1	7	1	3	1	6	3	8	4	3	4	7	1	5	2	2	0	8	2	5	2	6	5	2	2	4	1	5	1	1	2	6	3	2	3	5	4	5	1	2	3	2	5	3	4	6	7
RP11-33A14.1	0	0	0	0	0	0	2	0	0	0	0	0	0	0	0	0	0	0	0	0	0	0	0	0	0	0	0	0	0	0	0	0	0	0	0	0	0	0	0	0	1	0	0	0	0	0	0	0	0	0	5	0	0	0	0	0	0	0	0	0	0	0	0	0	2	0	0	0	0
RP11-574K11.24	372	320	416	320	321	406	346	293	422	307	364	312	322	253	227	234	287	258	285	295	308	306	217	296	308	297	262	231	195	167	197	173	251	206	209	230	196	169	229	248	225	197	187	264	198	202	166	330	175	307	162	220	236	190	218	194	170	213	201	297	219	291	193	287	229	338	255	291	239
PSMA5	7570	5549	7270	5521	5878	5757	6403	4850	6536	5467	6019	5894	6061	4858	5091	4851	5232	5105	4750	5820	5422	5187	4602	4656	4929	5918	4705	4532	3684	3674	3494	3934	3932	4242	3670	3939	3454	3829	3046	4666	3367	2737	2181	2984	2480	3045	2165	3940	1892	3565	2340	2921	2695	3796	2248	2125	1756	2502	1897	3133	1874	2857	1705	2602	2084	3000	1975	2740	1914
RP11-165I9.9	0	0	0	0	0	0	0	0	0	0	0	0	0	0	0	0	0	1	2	0	0	0	1	1	1	0	1	0	1	0	0	1	0	1	0	0	0	0	0	0	0	1	0	0	0	0	0	0	0	0	0	0	0	0	0	0	0	0	0	0	0	0	0	0	0	0	0	2	0
HSPB8	139	137	151	105	137	138	129	105	141	100	131	123	130	61	153	64	93	67	118	180	90	123	100	103	117	91	68	11	10	8	8	20	14	17	14	5	19	15	23	32	11	7	21	2	26	8	14	11	11	9	7	12	6	7	9	18	13	26	7	55	14	38	16	16	8	19	18	54	12
GOLGA7B	13	8	5	9	4	4	21	13	14	8	8	17	6	92	179	93	314	119	372	124	326	77	264	72	323	133	302	1622	1430	1389	1207	1591	1455	1469	1386	1386	1166	1492	1108	1539	1227	1779	1841	1940	2191	1970	1462	2034	1480	2179	1464	1866	1222	1764	1358	1733	1805	2018	1882	2424	1675	2653	1774	2056	1524	2217	1633	2081	2046
IL31	0	0	0	0	0	0	0	0	0	0	0	0	0	0	0	0	0	0	0	0	0	0	0	0	0	0	0	0	0	0	1	4	0	0	0	0	0	0	0	0	1	0	8	0	8	0	5	0	3	0	3	0	2	0	5	3	4	1	0	0	4	0	5	0	0	0	3	0	1
RP11-401P9.7	0	0	2	2	0	0	1	2	3	0	3	0	2	1	2	0	3	0	1	4	3	0	0	3	3	2	5	0	7	1	7	2	3	3	5	0	0	2	3	2	3	9	7	11	5	2	5	9	18	4	17	4	10	2	8	4	2	9	3	9	5	4	1	2	9	2	22	11	7
MZT1P2	0	0	0	0	0	0	0	0	0	0	2	0	0	0	0	0	0	0	0	0	0	0	0	0	2	4	0	0	0	0	0	0	0	0	0	0	0	0	0	0	0	0	0	0	0	0	0	1	0	0	0	1	0	2	0	1	0	0	0	0	0	0	0	0	0	0	0	0	1
LINC00877	50	26	47	24	22	39	38	34	49	29	40	20	29	24	49	16	44	29	24	29	36	29	32	26	33	37	28	13	10	0	12	3	7	7	6	10	4	3	18	14	9	3	1	2	0	0	0	0	4	0	3	0	2	3	6	0	2	2	0	1	0	3	2	1	0	2	4	0	2
CYP4F24P	0	0	0	0	2	0	0	0	0	0	0	0	0	0	0	0	0	0	1	0	0	0	0	0	0	0	0	0	0	0	0	0	0	0	0	0	0	0	0	0	0	0	0	0	0	0	0	0	0	0	0	0	0	0	0	0	0	0	0	0	0	0	0	0	0	0	0	0	0
CRLF3	1024	653	928	699	790	778	869	723	792	743	877	801	824	744	739	810	760	867	580	964	790	789	623	862	802	943	726	607	564	561	583	601	612	692	513	592	473	551	501	717	479	577	447	610	518	505	420	644	403	656	481	565	483	572	408	406	437	556	442	689	421	626	401	600	522	632	475	730	505
SDCCAG3P1	33	30	33	29	31	42	37	21	31	24	27	20	20	19	23	16	27	20	22	18	28	22	15	24	31	33	16	11	17	19	12	22	15	18	15	12	12	6	21	26	13	13	14	21	12	12	10	13	20	22	24	15	14	19	15	8	14	18	15	29	10	16	14	21	15	20	17	16	12
AC019185.2	2	1	0	0	0	2	0	0	1	0	0	1	0	0	1	1	0	0	0	1	0	1	0	0	0	0	0	0	0	0	0	0	0	0	0	0	0	2	0	0	0	0	0	0	0	0	0	0	0	0	0	0	0	0	0	0	0	0	0	0	0	0	0	0	0	0	0	0	0
RP11-700H6.1	2	2	4	0	1	2	0	0	2	0	1	1	1	9	4	3	10	10	6	4	5	3	6	12	18	7	7	1	2	3	1	4	1	2	4	3	5	4	1	5	1	3	1	2	0	1	3	2	0	7	4	2	3	2	2	5	8	1	4	3	1	8	0	5	1	1	0	0	4
RP11-271F18.3	0	0	0	0	0	0	0	0	0	0	0	0	0	0	0	0	0	0	0	0	0	0	0	1	0	0	1	0	0	0	0	0	1	0	0	0	0	0	0	0	0	0	3	1	0	0	2	5	0	0	0	2	0	0	0	2	0	1	4	0	4	1	2	0	1	3	3	0	0
AC000081.2	0	0	1	0	0	0	0	0	0	0	1	1	0	0	0	0	0	0	0	0	0	0	0	0	0	0	1	0	1	0	2	0	0	0	0	0	0	0	1	0	0	0	0	0	0	0	0	0	1	0	0	0	0	0	0	0	2	0	0	2	0	2	0	2	3	0	0	0	3
XXbac-BPG34I8.3	4	4	1	5	9	6	7	0	10	0	6	0	3	1	1	8	1	6	0	1	0	1	2	1	0	0	5	2	0	1	0	1	0	1	0	0	0	0	0	1	1	0	0	3	0	0	0	0	0	1	0	0	0	0	0	0	0	0	1	0	0	3	0	0	0	0	0	0	0
ASMT	11	12	11	10	13	10	12	5	15	7	13	19	8	11	4	13	11	10	13	24	17	23	7	12	10	20	10	0	2	1	2	4	1	1	0	1	5	1	2	2	1	1	0	2	0	1	0	2	0	0	0	0	0	1	2	0	0	0	1	0	0	0	1	0	2	0	0	0	1
RPL21P120	350	221	277	232	256	253	259	219	256	218	234	261	246	247	281	257	283	273	268	314	327	276	284	265	317	289	279	257	203	225	207	217	236	257	216	256	217	234	187	287	199	173	107	197	105	170	93	203	81	217	99	169	123	234	102	99	71	150	77	150	93	162	93	156	112	157	100	169	81
PTRHD1	480	462	473	433	408	419	394	397	441	369	485	427	399	365	413	388	504	441	435	512	462	377	385	361	415	541	452	397	330	341	327	338	389	375	348	418	297	375	326	392	285	273	242	341	300	342	267	410	237	388	282	343	319	417	255	247	198	323	172	382	203	343	191	386	237	396	221	310	211
RNY1P13	4	1	2	1	1	2	3	2	0	2	1	0	3	0	2	0	1	5	3	7	1	3	2	2	2	0	0	0	3	0	7	6	1	0	2	5	1	4	3	1	1	4	8	4	6	4	4	4	3	5	1	1	5	2	1	3	8	8	3	4	4	11	7	8	4	1	9	3	5
CACNA1G-AS1	0	3	2	2	2	2	2	0	1	1	1	0	0	2	2	0	2	2	1	2	5	1	1	1	1	4	1	0	4	0	3	5	0	0	1	1	2	2	0	0	2	2	2	3	3	3	3	1	3	2	4	2	2	0	4	2	4	5	0	3	0	2	2	3	0	5	0	5	0
KLHL8	422	251	316	267	346	260	299	314	361	299	325	347	366	423	465	514	508	512	404	527	527	472	344	484	480	550	522	593	714	643	686	682	699	716	669	637	652	738	621	779	683	795	752	781	771	801	709	891	614	970	803	895	906	819	785	882	763	1066	834	1223	860	1205	773	1149	775	1208	1037	1279	893
RP4-595K12.1	1	3	2	1	1	3	1	3	0	1	0	4	4	1	1	1	3	2	3	1	4	1	2	1	1	4	1	1	1	0	2	1	2	1	2	0	1	1	0	0	1	0	1	0	1	2	0	0	0	0	0	1	1	1	0	1	0	1	0	0	1	1	2	2	1	1	0	2	0
SCARNA9	17	1	17	2	4	5	4	11	5	5	12	3	5	2	11	7	15	5	6	8	10	4	4	3	11	18	5	21	8	15	5	17	4	20	10	15	12	16	16	18	9	15	11	11	7	8	3	9	6	11	3	15	7	12	5	11	8	15	7	7	7	11	5	20	9	14	3	10	4
ST5	809	860	1097	1009	957	740	703	666	905	675	893	812	905	2703	2636	2801	2838	2365	2993	3296	2875	2988	2506	2479	3056	3353	2548	2417	2487	2412	2406	2446	2684	2563	2437	2350	2307	2357	2036	2580	2396	1375	728	1496	709	1544	715	2220	736	1979	758	1793	1305	1300	748	772	595	920	665	1123	619	1091	559	932	577	1137	766	1045	530
RP11-541G9.1	0	5	8	3	3	0	1	0	2	0	2	1	5	2	3	0	8	4	2	2	3	0	10	2	0	0	0	0	0	2	0	0	0	0	0	0	0	0	0	0	3	5	1	0	0	0	0	0	0	0	0	0	0	0	0	1	0	0	2	0	0	0	0	0	0	0	0	0	0
RPL21P43	0	0	1	0	0	0	0	0	0	0	0	1	0	1	0	1	0	0	0	0	0	1	1	0	2	0	0	0	2	0	4	0	1	0	3	0	0	0	4	1	1	9	8	0	9	1	7	4	3	2	8	1	12	3	8	6	8	5	4	5	12	4	11	3	9	5	12	11	7
TSLP	74	43	56	41	42	40	58	53	69	57	58	47	51	31	35	53	31	45	36	61	34	37	50	45	55	57	22	18	10	7	7	9	7	7	9	11	0	4	0	27	1	0	1	2	0	0	0	0	0	3	0	3	2	3	1	0	0	0	0	0	0	1	2	0	1	0	0	5	1
ERVK-28	32	28	42	32	30	27	25	23	31	29	28	27	31	16	28	19	27	18	28	26	34	19	21	17	25	32	25	2	4	3	3	7	5	2	3	3	4	3	2	4	6	3	5	2	4	2	4	2	2	2	4	2	4	1	5	2	5	5	5	2	4	3	3	3	4	2	4	4	5
LRRTM4	204	177	238	295	190	237	177	235	223	234	221	276	193	179	90	212	123	193	102	240	114	193	118	184	94	200	108	47	59	70	62	51	66	60	39	79	51	53	39	82	67	55	124	53	93	39	117	50	128	56	155	35	76	39	92	121	177	140	158	188	131	124	139	103	135	150	154	120	167
CTC-428G20.2	0	0	0	0	0	0	0	1	2	0	0	0	1	0	1	1	0	6	0	0	1	2	0	3	3	1	2	1	2	3	3	0	0	2	0	1	0	2	3	0	0	0	0	1	0	0	1	1	0	0	0	1	0	3	3	0	1	1	0	0	2	0	1	0	1	0	2	0	1
RP11-578F21.2	10	25	31	28	24	21	25	16	23	16	37	16	29	21	25	30	30	27	39	45	24	20	44	19	37	22	25	23	54	37	41	32	58	29	56	31	47	35	34	53	47	47	53	45	76	48	52	58	80	74	51	78	61	25	58	69	50	49	44	55	49	52	56	36	30	64	66	66	50
CTC-448F2.4	2	0	2	0	0	0	0	1	3	0	2	0	0	1	4	0	0	1	0	1	3	0	1	0	3	0	2	1	5	2	1	3	1	2	0	4	1	7	3	2	2	3	2	8	1	5	1	1	2	0	5	1	2	0	2	1	4	8	9	5	9	0	5	0	2	6	2	4	2
MDFI	1090	1066	1033	958	1042	900	1239	795	1127	858	1204	922	1096	1168	1043	1098	1313	1070	1536	1416	1385	1288	1103	1075	1212	1306	1181	788	418	745	383	790	500	853	537	748	402	759	413	990	467	123	50	130	74	180	36	169	34	185	64	129	82	128	56	44	54	43	49	36	58	55	66	48	72	42	51	41	36
CPNE7	488	793	671	719	557	747	725	552	795	672	682	665	592	151	66	163	94	105	85	256	101	214	75	216	67	159	81	50	84	22	44	21	46	29	50	29	40	41	58	29	61	47	48	69	62	62	44	87	66	88	67	77	48	46	57	115	234	174	184	197	223	219	251	180	192	252	239	345	228
AC087499.5	168	212	233	199	204	177	163	136	214	169	208	155	229	177	213	226	237	181	268	245	228	196	206	179	254	285	198	213	220	225	200	195	280	223	229	190	202	146	220	242	220	183	99	181	189	186	128	245	210	259	192	171	244	190	194	163	202	231	245	249	212	297	190	248	197	241	221	268	288
AMHR2	0	1	1	0	12	5	1	0	0	0	2	1	0	2	5	5	1	3	1	10	1	11	2	1	1	20	0	8	1	1	5	14	9	0	8	0	3	2	0	0	0	5	2	1	7	12	2	4	8	5	3	4	4	3	1	0	0	3	0	12	5	0	6	0	0	0	3	0	2
RP5-991G20.6	0	0	0	0	0	5	0	0	0	0	0	0	1	0	4	0	0	0	1	0	0	4	0	0	0	0	2	0	0	4	2	0	0	0	0	0	0	0	4	0	1	3	0	0	1	2	0	0	0	0	3	0	0	0	0	1	0	1	1	1	1	2	0	0	2	6	4	3	0
TNKS2	6478	4900	6383	4873	5345	5084	5337	4575	5409	5187	5590	5266	5798	4961	5345	5167	5095	5555	4449	6125	5203	5117	4806	5728	5643	6172	5207	4496	4978	4736	4649	4582	5099	5049	4715	4666	4450	4858	4333	5620	4822	5000	5901	5200	6309	4891	4763	6175	4500	5646	4882	4863	5791	4531	4970	3856	4321	5157	4137	5495	4162	5941	3789	5327	4099	5274	5200	5934	4626
FETUB	0	1	0	1	3	6	0	4	0	3	5	0	1	0	3	0	0	0	0	0	0	1	0	1	0	0	0	0	0	0	0	0	0	0	0	0	0	1	0	0	0	0	1	1	0	0	0	2	0	0	0	0	0	2	0	1	2	0	1	0	2	0	0	0	0	0	0	0	0
TMEM88	8	6	8	24	7	7	11	13	8	5	18	8	8	17	30	11	27	13	48	7	27	9	26	9	13	8	16	39	25	23	46	31	44	21	52	18	65	10	16	27	23	77	61	48	74	48	88	65	77	76	106	32	121	41	95	113	146	112	135	127	160	206	140	130	133	152	172	156	160
SVOPL	99	79	111	103	100	79	125	103	134	136	124	112	116	71	45	67	44	84	41	80	60	111	67	89	56	71	53	9	2	6	1	4	13	5	4	18	8	14	7	7	4	0	0	3	5	4	0	9	12	4	0	8	1	6	1	2	5	0	8	3	4	0	20	10	2	1	0	2	9
RNF166	661	759	841	706	764	697	728	486	781	662	728	696	792	449	408	483	482	462	525	621	584	618	457	465	515	543	416	553	439	410	394	505	529	503	503	411	420	456	454	537	450	418	374	483	478	501	364	622	434	557	433	537	485	480	421	471	420	517	404	685	509	741	414	688	419	758	425	694	467
HLA-L	11	19	15	13	15	17	12	13	12	10	15	9	13	17	23	17	18	18	22	25	15	22	17	22	22	18	15	9	14	18	14	14	15	15	13	10	10	14	18	17	15	11	7	11	8	16	7	16	10	13	7	14	13	6	9	16	11	19	15	27	13	17	11	17	14	17	13	25	12
ZNF510	665	508	758	504	539	545	543	529	567	630	553	678	565	643	611	630	671	690	545	809	663	637	634	719	626	728	598	773	762	715	740	716	778	863	726	816	638	736	631	811	668	827	775	1029	649	891	820	1236	675	1015	775	853	869	742	832	817	915	1091	877	1284	899	1384	792	1158	828	1220	1081	1163	1084
RNU6-884P	1	0	0	0	0	0	0	0	0	0	0	0	0	0	0	0	0	2	0	0	0	0	1	1	0	1	0	1	0	1	1	0	0	0	1	0	0	0	0	0	0	1	0	0	0	0	0	0	0	0	2	0	0	0	0	0	0	1	0	0	0	1	1	0	0	0	0	0	0
OR11N1P	0	0	0	0	0	0	0	3	0	0	0	0	0	0	0	0	2	0	1	4	0	0	0	3	6	0	2	0	0	0	0	0	0	0	0	1	0	0	0	0	0	0	7	0	0	0	4	0	2	0	4	0	3	0	4	0	4	2	1	0	5	0	8	1	0	2	6	1	3
FDFT1	18712	15736	17346	14576	15798	15135	16597	13337	16805	13619	15909	15534	14917	14487	16033	15033	17176	15088	16518	17993	18049	15579	15428	14661	17030	17261	15492	18939	12529	15743	11720	16070	13274	18594	13105	16662	11677	16438	11377	19923	12145	15250	13785	18397	16478	16750	11571	22552	11823	22443	12897	18170	12077	20815	11133	12513	11395	14612	11040	17646	11173	17869	11050	16162	10771	19006	11234	16014	12457
FTLP16	0	2	0	0	0	0	0	0	0	0	1	0	0	0	1	0	0	0	0	0	0	2	4	0	2	0	0	0	1	0	1	0	0	0	0	0	1	0	0	0	0	0	2	0	7	0	0	0	0	0	0	0	0	0	0	0	0	0	0	0	0	2	0	0	0	0	0	0	0
AC006129.2	3	2	1	2	0	1	1	4	0	1	0	2	2	1	0	0	0	3	2	1	1	0	0	0	0	2	2	0	0	0	0	0	0	0	0	0	0	0	0	0	0	2	0	0	0	0	0	0	0	0	0	0	0	0	0	0	0	0	0	1	0	0	0	0	1	0	1	0	0
AC105760.2	28	11	13	16	24	13	30	15	31	9	25	13	23	25	22	25	32	34	27	33	32	21	20	31	21	20	27	25	20	18	15	22	22	33	20	20	21	16	20	32	20	14	7	26	0	27	2	20	16	26	16	21	8	13	10	10	15	23	5	31	12	15	9	10	29	17	15	29	25
GAPDHP20	1	0	0	0	0	0	0	0	3	2	0	0	0	1	0	0	0	0	0	1	2	1	0	1	1	0	4	1	0	0	2	0	0	0	1	1	0	5	3	0	0	3	0	1	6	1	1	1	10	4	4	4	1	0	8	1	3	1	0	1	2	4	0	0	5	1	4	6	4
TMEM108-AS1	1	1	0	0	0	0	1	0	0	1	1	1	1	6	1	7	0	0	0	2	1	0	0	0	1	0	0	1	0	0	0	1	0	0	1	0	0	0	1	0	0	0	1	0	0	3	0	0	0	0	1	0	0	0	0	0	0	0	0	5	0	2	0	6	1	0	1	0	1
LINC00528	2	1	3	0	4	3	9	1	0	1	1	3	1	0	0	3	0	4	0	0	4	0	1	1	0	2	1	1	0	0	2	3	5	1	2	1	0	0	0	4	0	0	4	2	1	6	5	6	2	2	2	0	0	0	1	1	4	3	3	0	5	6	1	0	4	4	5	6	9
SEZ6L2	2305	2989	2810	2983	2732	2545	2540	2258	2744	2454	2467	2636	2440	2838	3002	2723	3643	2720	3860	3512	3972	2902	3020	2560	3482	3329	3118	5896	6678	5028	6257	5457	7364	6112	7215	5210	6194	4784	5829	5490	6994	5521	7241	7132	9202	7322	7561	10018	8845	9525	7993	7005	7736	7099	7491	8894	8119	10088	8552	12372	8645	12866	8065	10802	7995	13012	8721	12007	9208
ZNF415P1	0	0	0	0	0	0	0	0	0	0	0	0	0	0	3	3	0	0	2	1	0	0	2	0	4	0	9	0	0	0	2	0	0	0	1	0	0	0	0	0	2	0	0	0	0	0	0	2	0	3	0	0	0	0	0	0	0	0	0	0	0	0	0	0	0	0	0	0	0
RP11-667F9.1	11	11	8	11	5	8	7	20	18	8	10	5	8	11	15	14	10	10	21	9	20	11	15	16	13	8	18	38	42	24	14	16	16	20	27	10	15	17	14	12	17	26	19	13	34	22	24	25	18	9	28	28	39	11	30	25	45	46	56	38	45	44	50	69	31	58	63	47	49
THAP5P1	16	11	25	11	25	17	20	19	15	15	23	20	10	12	26	21	21	18	35	34	24	29	20	15	28	26	19	30	30	18	19	25	17	43	17	32	23	29	21	31	23	17	8	22	10	24	11	36	0	34	12	29	9	22	17	20	4	17	10	23	6	15	11	13	4	29	9	24	5
CT45A11P	2	2	1	0	0	2	0	0	0	1	0	0	0	1	0	0	3	0	1	0	1	0	0	3	1	2	0	0	0	0	1	1	3	0	2	0	1	2	0	0	0	0	6	1	0	1	1	1	4	0	2	1	0	7	5	2	1	0	2	8	2	2	1	0	1	1	5	2	1
AC005077.8	0	0	1	0	1	0	0	4	0	0	0	3	2	3	9	0	1	3	1	2	0	0	2	0	3	1	0	0	0	0	0	1	4	3	0	8	2	1	0	0	0	0	0	2	0	2	1	0	3	0	2	0	0	0	0	0	0	0	0	0	0	0	0	1	0	0	3	0	1
ZP3	127	125	114	78	86	93	85	71	79	74	108	84	72	105	126	139	150	125	172	182	172	108	131	108	142	130	102	176	143	106	121	125	153	108	133	123	117	102	115	162	86	133	141	150	149	102	147	174	145	166	103	145	108	123	136	106	137	128	155	173	113	190	150	157	122	150	167	187	133
RP11-424N24.2	3	0	6	2	1	2	1	0	3	2	2	2	6	3	3	1	3	5	1	6	2	6	1	4	1	6	0	0	0	0	1	0	1	0	0	4	1	0	1	4	1	0	0	1	0	0	2	1	0	0	1	2	2	1	3	4	1	1	5	11	3	1	7	0	1	2	0	2	1
RP11-397C18.2	0	0	0	0	6	0	0	0	0	0	0	0	2	0	0	0	2	0	0	0	0	0	0	3	0	0	0	1	0	0	0	3	0	0	0	1	0	0	0	0	0	0	0	0	4	0	1	0	7	0	0	1	0	1	2	0	6	0	1	0	0	1	3	0	0	0	1	0	0
SLC22A13	1	9	5	4	2	4	1	4	3	11	6	7	2	5	4	3	5	1	2	5	5	2	4	9	3	0	0	4	12	0	13	3	17	3	7	8	4	3	6	12	9	6	8	13	26	12	15	7	32	18	12	16	12	3	18	13	14	17	9	21	24	35	18	19	5	29	16	20	21
ANKRD34C	0	0	0	1	0	0	1	0	4	1	1	5	0	10	6	3	9	7	7	4	6	2	13	0	2	1	1	6	2	0	1	1	6	2	0	1	0	4	0	3	0	0	0	0	0	0	0	0	0	0	0	1	0	0	0	0	1	0	0	0	3	2	1	5	0	0	1	0	1
USMG5P1	575	450	499	418	485	535	440	410	511	535	441	507	495	475	554	544	535	558	529	637	594	499	506	520	531	652	546	518	495	508	488	464	567	559	499	508	457	461	438	629	498	429	408	628	479	470	436	681	466	622	567	488	460	708	462	506	391	675	379	751	442	787	394	616	541	738	503	635	462
RP11-303G3.6	5	6	7	2	3	5	1	6	7	3	2	4	4	3	10	2	2	1	8	5	2	2	2	2	1	9	7	3	3	4	2	3	0	1	9	1	2	4	0	5	1	5	2	2	3	5	0	6	0	1	4	4	2	4	4	3	0	4	1	4	5	1	1	4	0	3	2	8	3
CCDC13-AS1	1	1	1	0	1	0	0	0	1	0	0	2	1	1	1	2	0	6	1	1	4	3	0	10	7	5	2	2	4	4	2	0	2	3	7	1	3	4	3	2	6	9	3	2	6	5	10	7	2	16	3	5	5	3	1	9	11	2	4	7	6	8	5	9	10	9	0	3	7
OGFOD1	2058	1596	2148	1794	1956	1653	1920	1463	1948	1545	1859	1741	1798	1648	1616	1876	1870	1834	1578	2026	1821	1623	1460	1755	1714	2037	1631	1339	1426	1419	1378	1330	1549	1403	1466	1437	1349	1387	1352	1611	1432	1227	1382	1404	1554	1533	1323	1737	1166	1527	1436	1407	1536	1401	1497	1661	1519	2233	1548	2481	1573	2617	1447	2217	1551	2512	1820	2550	1751
RNU1-75P	6	4	1	2	5	8	1	10	4	0	10	2	6	0	0	0	2	2	0	3	0	1	0	0	0	0	0	0	0	0	0	0	0	0	0	0	0	0	0	0	0	0	0	0	0	0	0	0	0	0	0	0	0	0	0	0	0	0	0	0	0	0	0	0	0	0	0	0	0
DNAJA1P2	0	0	1	0	1	0	0	0	0	0	0	0	0	0	0	0	0	0	0	0	0	0	0	0	0	0	0	3	0	0	0	0	2	0	0	0	0	0	0	0	0	0	0	0	0	0	2	0	0	0	0	0	0	0	0	0	0	0	0	0	0	0	0	0	0	0	0	0	0
RP11-57H14.5	5	10	9	1	4	7	1	7	4	4	15	9	3	9	0	6	8	5	7	1	3	5	0	2	3	10	2	1	3	5	8	2	6	2	3	4	1	8	9	4	3	10	5	6	0	4	4	3	1	6	4	4	5	1	7	7	7	19	9	12	9	16	9	2	14	9	16	17	8
CTD-2008P7.5	0	0	0	1	1	0	0	0	0	0	1	0	0	0	0	0	0	0	0	0	0	0	0	0	0	0	0	1	0	0	0	0	2	2	0	0	0	0	0	0	0	1	0	0	0	0	0	1	0	0	2	0	0	0	0	0	0	1	0	2	0	2	0	0	0	0	0	0	0
CTD-2571E19.3	704	824	1010	810	855	798	724	584	885	670	726	662	724	782	800	878	862	847	944	1020	922	999	836	790	874	1040	774	630	652	675	647	648	664	758	704	689	646	546	619	769	661	408	291	488	294	464	214	588	239	654	228	532	352	504	237	112	90	141	94	162	110	216	84	161	97	176	104	202	81
RN7SL414P	0	0	0	0	0	0	0	0	0	0	0	0	0	0	0	0	0	0	0	0	0	0	4	0	0	0	0	0	0	0	0	2	0	0	0	0	1	0	0	0	0	0	0	0	0	2	0	0	0	0	0	0	0	0	0	1	0	0	0	0	0	0	0	0	0	0	2	0	0
NCOA1	1098	1148	1272	1155	1116	1154	1031	895	929	1074	1055	937	1023	1767	1919	1759	1923	2015	1843	2210	2005	1636	1686	1830	2121	2426	1709	2586	3758	2500	3437	2836	3385	2941	3212	2662	2874	2874	3049	3082	3458	4414	8512	4799	8663	4659	5809	6340	5276	5513	5217	4528	6049	3607	5501	6461	4492	7979	4564	8555	4839	8969	4274	7652	3753	7875	5333	8967	4844
AFTPH	597	453	538	434	518	495	521	521	509	433	444	559	541	337	377	425	427	474	406	519	351	446	314	416	430	526	410	329	345	313	339	367	328	322	289	295	357	338	298	425	351	390	449	340	350	328	348	405	329	420	360	324	391	340	394	327	445	520	339	596	394	562	491	498	471	594	471	570	480
RP11-501E14.1	0	0	0	3	0	0	1	0	0	0	0	0	1	0	0	0	1	2	0	0	0	0	0	0	2	3	0	0	0	0	1	1	1	0	0	3	0	0	0	0	0	0	1	0	0	0	1	2	0	0	1	0	1	2	0	2	0	0	0	0	0	2	0	0	1	2	0	0	0
EVA1A	28	31	44	35	59	63	41	33	50	32	50	66	38	71	41	75	65	95	53	82	66	87	55	74	56	122	43	7	3	8	7	15	5	7	6	18	4	3	8	17	5	0	2	2	0	1	3	2	4	2	1	0	4	0	0	4	2	3	0	1	3	0	3	1	1	0	2	2	1
APOBR	2	2	5	0	3	2	3	1	7	2	1	1	1	3	4	2	3	1	0	0	5	2	0	3	1	3	3	3	1	1	2	1	3	2	1	1	2	0	4	2	2	0	2	1	7	3	3	2	2	4	0	5	8	0	2	1	4	2	0	2	3	2	3	1	4	4	2	1	3
ZSCAN9	513	387	488	310	351	286	371	304	423	344	431	347	361	483	509	501	548	510	446	529	518	450	501	489	561	538	563	824	1040	698	956	749	1055	768	989	725	749	731	806	721	887	1183	1509	1221	1549	1250	1508	1548	1532	1411	1597	1214	1710	1183	1532	1502	1572	2008	1618	2171	1644	2245	1580	1951	1619	2304	1887	2078	1762
LINGO1-AS2	0	0	0	0	0	0	0	0	0	0	0	1	0	0	0	0	1	0	0	0	1	0	0	0	0	0	1	0	3	0	0	0	0	0	0	0	0	1	0	0	1	0	0	3	0	0	0	0	0	0	1	2	1	0	1	0	1	1	0	0	1	0	2	0	0	1	2	2	2
DTNB	872	894	862	898	843	772	784	753	843	851	922	797	863	623	793	778	715	709	874	896	884	839	784	872	843	923	744	809	647	765	658	763	738	929	690	902	571	853	606	951	644	769	596	846	708	917	569	940	621	999	614	855	453	666	633	1009	748	1324	757	1524	673	1524	759	1252	645	1404	620	1393	744
TCF3	7320	9320	9998	9040	9438	8528	8735	6876	9338	7177	8807	7840	9175	9976	8439	9814	10493	8937	11371	12100	10952	10354	9315	9373	10437	11958	8936	13073	10118	11173	9393	12185	11250	12875	11028	11443	9883	11284	9227	12934	10685	10555	9858	13244	13415	14004	8044	18250	8786	17254	8344	14034	9959	12762	8008	11498	5335	13348	5626	17033	6472	17991	5342	15277	5332	17971	6442	17637	5183
RP11-109E24.2	0	2	0	0	0	0	0	0	0	0	0	0	0	0	1	1	0	0	0	3	0	0	0	0	0	3	0	4	1	0	0	0	0	0	3	0	0	0	3	0	0	0	4	1	7	0	3	2	2	2	3	1	5	3	3	0	5	7	7	3	6	2	9	3	3	1	12	8	10
RP11-268G12.3	0	0	0	0	0	0	0	0	1	0	0	0	0	0	0	0	0	0	0	0	2	0	0	0	1	0	0	0	0	0	0	0	1	0	0	0	0	0	2	0	0	0	0	0	0	0	0	0	0	0	0	0	0	0	0	0	0	0	2	0	0	0	1	0	1	0	0	0	0
PCSK9	7347	10126	9775	9581	9260	8809	7154	7785	8760	8558	7874	8562	7396	4025	2791	4063	3512	3458	4017	5153	3832	4432	3107	3852	3246	4849	3040	2601	1118	2337	1041	2356	1318	2612	1366	2370	1047	2194	1133	2735	1245	1092	981	1360	1294	1265	936	1598	1321	1691	1180	1469	1394	1292	1070	401	509	358	436	534	528	543	446	444	413	639	455	479	418
TBC1D26	10	6	4	4	4	6	12	11	10	6	16	8	6	8	12	5	8	4	6	6	3	10	6	4	15	4	8	13	9	6	8	10	8	8	10	12	2	16	6	18	8	8	4	13	2	12	6	10	10	12	6	14	5	7	3	8	10	18	10	14	11	12	8	10	10	31	10	34	4
RP11-445O3.3	13	8	7	5	8	12	11	17	6	10	9	4	4	5	10	8	13	4	7	9	1	5	14	3	10	1	12	9	2	8	2	2	2	3	2	9	2	7	3	8	9	1	1	6	0	5	0	4	0	2	0	3	0	2	4	2	0	2	0	3	2	7	1	3	1	13	0	13	1
AC006960.5	0	0	0	0	0	0	0	1	0	0	0	0	0	0	0	0	0	0	0	0	0	0	0	0	0	0	0	0	0	1	0	0	1	1	3	0	1	0	0	1	0	2	5	1	11	2	3	1	0	3	9	1	5	0	3	4	2	3	5	2	3	6	1	1	2	2	2	3	3
B4GALT4	1915	1341	1811	1527	1536	1577	1553	1199	1525	1544	1366	1616	1610	1003	1131	1078	1170	1117	1125	1272	1152	1121	1044	1028	1204	1237	987	992	834	1048	862	867	874	1100	821	1070	819	903	738	1255	782	1030	698	1221	732	1137	653	1232	629	1416	803	1081	675	1134	731	999	682	1386	695	1490	643	1644	690	1280	749	1494	679	1540	729
HYPK	67	70	61	61	51	78	70	105	63	80	76	71	66	98	112	114	138	88	132	149	134	110	146	149	196	136	165	140	183	192	180	147	205	125	177	153	130	180	158	211	141	193	146	254	167	182	132	244	109	235	122	181	136	111	139	134	122	223	146	269	129	260	119	222	128	250	141	303	133
UBE2CP3	245	239	269	263	196	235	219	195	196	176	197	225	199	209	169	212	192	188	220	243	220	222	224	162	213	253	167	224	202	244	209	204	192	251	187	204	189	176	189	231	202	125	55	210	93	172	79	201	61	240	64	156	102	177	84	32	18	64	28	48	51	89	32	44	38	61	62	77	18
RN7SKP9	1	0	0	0	0	1	0	0	0	0	2	1	0	0	0	0	3	0	0	0	0	0	0	0	0	0	0	0	0	0	0	0	0	0	0	0	2	0	0	0	0	1	0	0	1	1	0	0	0	2	0	0	0	0	0	0	2	0	0	0	0	0	1	2	0	0	2	0	0
RP11-272L14.2	0	2	3	0	2	2	4	0	0	4	3	1	2	0	1	3	4	0	3	1	0	3	2	0	3	0	1	6	4	6	5	3	9	0	11	3	5	14	7	3	7	9	23	15	28	17	6	15	16	25	16	14	18	7	20	19	6	17	10	20	9	14	7	17	13	20	22	36	10
ODAM	2	0	0	0	0	2	0	0	0	0	0	0	0	0	0	0	0	0	1	2	0	0	0	0	0	0	0	0	0	0	0	0	0	0	0	0	0	0	0	0	0	0	0	0	0	0	0	0	0	0	0	0	0	0	0	0	0	0	0	0	0	0	0	0	0	0	0	0	0
RP11-63A1.1	4	3	1	2	4	2	1	0	4	1	2	1	0	1	0	1	1	3	4	1	4	1	1	1	0	1	2	0	2	2	3	0	3	0	1	0	1	0	0	1	1	0	2	2	10	0	1	0	0	1	0	2	2	2	1	0	2	0	2	1	1	0	0	2	2	0	0	2	4
AP000266.7	1	2	0	2	3	0	2	1	5	4	1	1	0	4	3	1	1	2	2	0	0	0	3	4	0	3	4	0	1	1	1	1	1	0	4	3	2	3	0	3	2	7	1	6	0	4	0	2	3	1	1	2	3	0	0	0	2	3	2	0	0	1	0	2	0	2	3	5	1
CARD9	16	29	34	12	27	16	19	9	25	21	21	19	33	25	23	23	32	38	34	21	30	8	21	15	25	17	16	57	115	25	99	72	98	53	116	50	116	50	139	66	85	175	217	200	319	226	162	252	208	214	188	177	190	164	236	311	153	378	200	508	215	516	187	396	145	483	208	586	185
SPSB1	230	182	192	173	226	252	210	189	225	157	242	170	198	480	840	406	1137	388	988	466	1121	480	965	367	1002	441	914	1851	2335	1514	2136	1614	2400	1909	2274	1720	2152	1661	1932	1826	2204	2419	3111	2915	4085	3216	2702	4418	2868	3609	3199	3045	3212	2578	3004	3873	2138	4628	2275	5446	2702	5609	2002	4830	2276	5462	2417	5098	2444
ITGAV	3508	3435	3089	3158	2795	3366	2987	2968	2928	3541	2800	3767	3149	5651	5965	5785	4986	6563	4380	7215	5201	6157	4704	6569	5611	7616	5272	4163	3381	3965	3327	4185	3730	4526	3414	4261	3098	4310	2951	4961	3197	2307	1931	2303	2010	2354	1690	2662	1525	2844	1726	2132	2072	2039	1791	1512	1258	2156	1181	2289	1284	2459	1086	1978	1483	2125	1530	2214	1118
RP11-179A10.2	32	6	23	16	13	17	10	11	22	19	14	29	18	33	29	34	22	34	19	24	32	20	33	15	34	20	26	21	9	14	16	20	11	20	15	21	18	19	25	25	15	10	4	20	0	10	2	24	9	9	10	16	9	3	7	10	7	7	7	2	5	4	3	5	7	7	5	7	2
TBCA	2519	1560	2192	1623	2084	1907	2164	1465	2189	1583	2134	1966	2166	1238	1357	1438	1468	1415	1403	1719	1779	1515	1448	1407	1617	1531	1412	1773	1261	1424	1273	1617	1364	1691	1312	1637	1324	1427	1252	1865	1318	1168	894	1469	856	1307	928	1680	759	1739	861	1520	1038	1894	986	978	756	1254	724	1482	773	1625	693	1336	915	1458	816	1532	809
SGK1	818	971	1009	1025	855	1058	704	842	775	865	619	969	909	472	383	587	381	554	338	742	427	598	355	558	337	690	311	103	96	105	78	103	74	125	122	100	73	102	59	113	80	75	175	78	191	93	156	84	158	80	140	61	125	66	166	80	175	117	126	105	130	91	166	111	162	83	146	74	182
AVP	1	2	4	3	5	5	1	2	5	7	6	7	11	1	3	2	0	0	0	2	1	3	1	0	0	1	1	0	0	2	1	0	0	0	2	0	0	2	0	0	0	0	0	0	0	0	0	0	0	0	0	0	0	1	1	0	0	1	0	0	1	0	0	0	0	0	0	0	0
TMEM236	11	1	8	6	4	1	8	8	4	3	5	7	8	9	18	13	13	6	8	4	6	7	16	5	15	20	20	6	9	6	7	7	14	5	10	8	8	11	9	14	9	18	11	11	21	5	4	8	4	12	0	13	5	23	10	5	1	7	8	2	2	10	3	4	9	7	5	4	7
RP11-48B3.5	10	5	13	9	11	16	3	5	6	1	11	5	8	4	4	7	7	3	6	5	5	5	12	6	7	9	5	18	20	12	15	16	25	8	11	9	16	11	17	18	18	27	14	23	11	22	15	41	21	17	31	28	31	33	21	40	62	52	54	48	46	61	51	64	61	56	67	83	40
RP11-206F17.2	634	468	551	454	446	440	576	364	474	467	499	451	500	584	583	588	645	576	564	620	590	572	523	581	644	646	561	642	714	553	624	627	759	670	599	644	588	644	592	839	618	674	489	845	464	696	526	855	432	827	563	672	655	686	569	617	497	757	487	815	536	840	481	756	578	906	614	863	540
RP11-750I4.2	6	11	5	6	1	5	2	2	3	3	8	6	8	2	5	10	12	7	9	7	12	7	4	3	9	12	12	2	16	6	7	10	12	7	8	14	9	4	5	7	8	6	24	12	19	12	18	13	13	4	13	10	16	11	12	17	8	12	12	25	15	16	10	15	12	23	5	10	8
CTD-3149D2.2	7	6	13	10	13	16	13	7	16	23	16	9	20	5	10	1	10	3	1	0	6	2	1	8	5	3	3	9	10	13	17	15	7	8	8	4	11	10	23	7	7	17	24	17	26	9	22	13	29	33	30	10	21	3	10	17	26	10	26	16	28	15	29	7	19	30	31	22	25
IFI6	44	77	63	52	58	87	69	35	78	43	48	54	70	141	229	149	249	111	271	179	271	151	247	102	241	136	238	153	159	156	146	99	198	140	205	89	147	143	116	144	150	50	57	37	84	91	63	72	78	113	103	62	66	66	56	25	14	26	24	25	17	52	16	42	8	47	42	17	20
RP11-888D10.3	12	13	16	20	15	18	21	11	29	9	21	22	16	16	4	3	14	9	22	21	24	17	13	21	22	12	10	22	7	18	23	19	7	12	11	13	16	11	10	28	12	9	8	12	7	13	10	24	2	10	5	9	3	3	11	8	2	2	6	5	10	6	2	2	4	4	4	13	5
AC008088.4	18	20	13	10	14	20	16	15	12	19	12	16	17	14	18	25	20	29	12	27	25	19	25	27	31	24	22	16	14	25	20	16	13	14	18	17	12	10	8	11	18	8	1	5	0	8	2	4	3	14	2	10	2	6	4	4	2	8	4	2	3	6	3	5	0	15	8	8	2
TRAPPC3L	0	0	0	0	0	0	0	0	0	0	0	0	0	0	0	0	0	0	0	0	0	0	1	0	0	0	0	0	0	0	0	0	0	0	0	0	0	0	0	0	0	0	0	0	0	0	0	0	3	0	0	0	1	0	0	0	0	0	1	1	0	0	0	0	0	0	2	0	0
HES3	134	209	162	233	127	167	166	119	135	165	135	186	111	34	14	34	25	23	24	38	38	46	24	17	26	33	45	23	9	18	22	16	29	24	11	19	8	8	31	16	16	4	5	8	4	18	8	6	2	15	13	11	7	3	11	4	6	4	4	16	3	4	1	10	6	23	0	6	2
CTD-2012K14.5	9	14	17	12	12	21	12	13	8	15	19	32	9	12	12	24	15	24	12	19	10	20	17	17	11	14	18	12	22	11	21	11	9	5	16	10	12	8	13	11	13	12	29	22	57	33	21	19	34	20	38	7	40	5	43	23	61	33	67	26	53	38	42	34	75	32	59	49	56
RP11-33A14.3	0	0	2	0	2	1	1	1	0	1	6	1	0	0	3	4	1	3	0	1	3	1	2	0	1	3	0	4	0	1	1	0	1	5	0	0	0	0	0	0	0	1	0	1	2	0	0	2	1	1	0	0	0	1	0	2	1	0	0	0	0	0	0	1	1	0	0	0	0
POM121L4P	8	6	9	5	8	5	6	6	6	7	7	7	6	13	19	15	17	14	15	15	25	16	19	13	25	15	22	19	19	16	18	18	21	23	21	22	20	14	13	22	17	19	18	26	14	19	12	25	13	23	11	21	13	21	14	22	10	21	12	26	12	22	11	23	18	32	15	26	12
CAPNS2	2	1	3	0	1	0	0	0	0	2	0	4	4	0	1	3	0	1	1	4	3	0	0	0	0	0	0	0	1	0	0	0	0	0	0	0	0	0	0	0	0	0	0	0	0	0	0	0	0	0	0	0	0	0	0	0	0	0	0	0	0	0	0	0	0	0	0	0	0
PHKA1P1	94	97	103	68	92	67	102	56	92	72	104	61	104	167	243	152	245	184	244	223	227	188	189	167	260	184	247	95	118	120	93	104	96	125	132	112	88	123	108	156	85	49	42	49	47	64	37	60	44	44	29	48	38	23	35	32	40	23	33	26	35	36	37	18	23	30	27	35	23
MIR6763	1	1	4	2	2	2	2	3	2	2	1	1	3	1	1	5	1	2	2	9	1	0	3	2	5	3	3	6	3	3	4	3	9	2	4	3	1	2	2	4	5	3	11	5	8	3	7	6	12	5	10	5	5	3	10	6	8	9	14	8	13	8	11	9	3	7	13	14	9
MICE	2	2	2	2	2	2	3	4	1	3	3	3	2	2	1	1	1	1	1	4	1	3	1	2	2	3	0	0	1	5	1	2	1	1	1	2	0	1	1	1	0	0	0	1	0	1	0	1	0	2	0	1	0	0	0	0	0	0	0	0	0	0	0	1	0	1	0	1	0
CNEP1R1	395	310	351	276	291	390	373	305	332	309	346	379	275	345	333	329	344	367	304	456	309	400	305	409	427	430	306	458	293	350	379	345	370	379	360	388	310	340	316	465	285	306	259	322	212	332	262	420	210	377	207	292	306	347	259	228	271	287	249	355	272	362	250	386	269	339	328	400	295
CH507-528H12.1	136	107	151	112	150	110	140	86	136	88	147	117	142	110	124	114	136	99	130	147	140	119	123	127	123	157	123	59	77	54	69	55	85	62	77	61	76	48	72	68	69	28	22	27	45	40	37	43	40	38	44	36	58	37	42	27	29	35	26	33	30	42	23	28	27	38	24	44	29
ZNF860	353	289	368	319	317	360	332	229	290	235	318	305	282	155	94	159	102	179	108	214	114	184	124	153	125	209	139	42	42	42	48	52	50	43	41	57	31	45	34	62	48	42	25	40	24	22	36	44	26	46	37	31	33	12	29	32	34	47	43	44	38	83	44	50	20	75	43	36	38
RP11-430L17.1	186	253	164	232	190	220	195	241	200	306	194	232	187	229	153	218	181	208	194	272	246	184	162	187	185	287	138	219	123	186	89	201	153	212	137	185	114	191	121	267	141	139	50	155	53	167	59	250	35	225	85	171	73	184	75	108	38	135	43	149	57	154	43	113	71	175	72	170	65
AC109815.2	3	1	3	2	2	2	2	0	2	2	1	2	2	3	2	1	2	1	2	0	1	1	0	4	1	1	2	2	0	0	1	1	1	1	1	1	1	1	1	1	0	1	0	0	1	1	2	0	1	2	1	0	1	1	1	0	0	1	0	1	0	1	0	0	0	2	0	1	2
RP11-710F7.3	0	2	2	1	0	0	0	2	2	6	0	3	1	0	1	4	0	0	0	5	1	3	3	0	2	10	0	0	0	4	8	2	2	2	3	7	7	4	4	0	2	2	5	5	0	1	4	3	5	4	6	5	4	2	9	3	6	4	8	4	7	5	6	7	11	4	4	12	11
CTD-2154B17.4	0	0	0	0	0	0	0	0	0	0	2	0	0	0	0	0	0	0	0	0	0	0	0	0	1	0	0	0	0	0	0	0	0	0	0	0	0	0	0	0	0	0	0	0	0	0	0	0	0	0	0	0	0	0	0	0	0	0	0	0	0	0	0	0	0	0	0	0	0
PPP1R12A	6390	4351	5897	4756	5143	4949	5217	4330	5241	4678	5048	5301	5261	3849	3382	4214	3238	4432	2893	5041	3721	4186	3167	4628	3757	5382	3547	3580	2935	3387	2781	3434	3011	3655	2952	3532	2671	3544	2596	4091	2778	3019	2608	3104	2456	3182	2139	3799	2124	3435	2259	2967	2670	2954	2392	2360	2302	3157	2265	3587	2343	3846	2144	3041	2436	3611	2775	3739	2423
KRT8P8	35	36	29	41	31	28	28	25	27	18	30	34	23	21	15	24	22	28	21	40	14	26	11	20	17	20	17	6	3	6	4	2	7	4	6	5	2	3	4	5	6	2	3	3	1	1	1	2	1	3	1	3	2	3	2	2	3	1	2	0	4	2	2	1	0	2	2	2	3
SPATA18	250	201	231	154	188	196	193	195	200	210	209	183	195	192	245	222	274	215	211	223	304	199	235	188	284	200	273	332	413	275	441	382	469	333	420	313	400	354	392	353	458	391	374	426	298	366	330	486	409	492	329	335	478	405	358	196	220	268	266	278	252	285	244	308	254	309	310	340	299
METTL21AP1	61	30	47	36	26	30	36	35	31	26	45	38	37	27	16	32	28	32	34	46	42	71	33	40	28	46	21	12	19	22	13	20	16	15	12	20	21	18	14	19	11	6	18	14	2	15	9	11	12	12	15	11	8	10	15	14	8	15	16	25	2	19	10	16	10	8	15	18	12
RP5-968D22.3	1	1	1	2	0	4	0	0	1	0	1	0	0	0	1	0	3	0	0	1	0	0	0	0	4	0	0	0	0	2	0	0	0	0	1	0	0	0	0	0	0	0	0	0	0	0	0	0	0	0	1	1	0	0	0	0	0	1	0	2	1	0	0	0	0	2	0	0	0
AC004941.3	0	0	1	0	0	0	1	0	0	0	0	1	0	0	0	0	2	0	2	0	0	1	0	0	0	0	0	2	0	0	0	0	0	0	0	0	0	0	0	0	0	1	0	0	0	0	0	0	0	0	0	0	1	0	0	0	0	2	0	0	1	0	3	0	0	0	0	0	0
RP11-87G24.6	5	10	7	7	3	6	10	13	12	3	12	3	4	4	9	2	12	9	7	7	12	7	14	14	12	5	3	6	6	4	6	2	0	0	4	0	0	1	1	0	3	3	0	3	0	4	1	0	0	3	0	1	4	0	3	0	2	6	1	0	0	2	1	0	1	3	1	8	4
CBX3P3	25	31	32	27	34	31	31	28	32	35	25	26	23	20	13	23	18	20	20	23	26	20	17	16	19	31	19	22	12	24	10	24	21	24	11	19	11	18	14	19	23	18	16	25	24	19	9	40	15	28	26	28	14	25	15	13	17	18	16	21	13	34	19	20	16	22	21	28	24
CCDC63	38	26	51	33	22	33	20	22	26	20	21	25	44	36	28	25	21	21	33	33	31	47	13	30	23	37	28	21	11	14	8	8	26	17	10	12	9	24	10	26	13	10	8	23	5	21	10	18	5	51	9	35	6	11	4	43	5	50	5	91	6	47	13	39	11	41	13	80	16
RP11-69C17.4	0	0	0	0	0	0	0	0	0	0	0	0	0	0	1	0	0	0	0	0	0	0	0	0	0	0	2	0	0	0	0	0	0	0	0	0	2	0	0	0	0	0	0	0	0	0	0	0	0	0	0	0	0	0	0	0	0	0	0	0	0	0	0	0	0	0	0	0	0
WHAMMP3	16	20	28	14	23	31	23	19	11	21	18	27	22	11	11	14	12	16	22	9	16	11	21	28	15	22	21	11	13	9	12	18	10	13	16	13	12	21	15	17	7	8	1	5	1	4	3	9	0	7	1	9	8	10	2	5	4	11	4	3	4	8	5	10	6	11	4	9	5
MARS	12482	13492	15801	12818	13506	12135	12324	10186	13340	11833	13175	12153	12688	13305	13464	14297	14568	13794	14819	17466	15040	15085	12943	14156	14913	16574	13593	16192	16989	14427	16078	15250	17482	16060	16875	14303	14797	15362	14270	17063	15819	17994	17231	20225	19186	21743	15929	25980	16381	23304	16457	19870	17802	17616	15913	25048	16974	32169	18278	38752	18553	38664	17435	31685	16721	37198	19036	39877	18393
RP11-793J2.1	2	6	5	3	9	4	1	4	2	5	7	3	7	0	2	2	0	5	0	9	1	9	4	1	4	4	0	0	5	5	7	4	14	9	3	0	3	1	4	10	2	4	13	9	8	5	13	10	2	8	3	7	12	5	15	3	21	18	12	21	27	24	27	18	16	14	28	17	20
PLSCR4	85	38	72	69	65	79	77	81	82	97	94	57	73	58	37	83	43	46	30	88	52	63	39	47	36	61	30	28	12	34	24	11	8	24	20	22	6	39	15	25	12	10	11	9	2	1	10	6	7	17	12	7	8	8	0	4	1	1	6	6	7	5	4	2	0	0	12	0	6
RP11-46I8.3	7	8	1	6	3	4	1	4	1	5	4	5	1	3	2	1	2	1	2	4	4	6	5	3	1	0	8	4	0	3	4	1	0	2	0	0	3	2	3	2	1	0	0	2	0	3	0	1	0	1	1	0	0	4	0	0	1	4	0	0	0	0	2	0	0	0	0	2	0
TIMM17B	986	1145	1023	917	1074	1001	991	853	1029	910	1066	932	934	1150	942	1039	1171	1015	1218	1330	1146	1240	963	1012	1061	1279	986	1273	972	1078	853	1026	1046	1180	1084	929	877	907	807	1200	927	788	726	1086	967	932	643	1353	767	1311	841	1103	785	1190	735	817	629	925	624	1173	749	1214	661	1064	710	1235	716	1217	641
CCL17	3	1	5	1	2	0	1	0	3	1	2	6	3	2	4	1	0	1	1	4	0	4	2	2	1	1	3	1	0	2	1	8	2	0	0	0	1	3	0	1	0	1	0	1	7	0	4	0	0	4	1	2	4	0	0	0	1	2	0	0	2	1	0	0	0	0	1	1	0
AC156455.1	53	26	40	21	31	53	40	46	42	34	38	36	25	47	75	41	89	49	92	48	73	63	56	53	93	72	54	29	68	29	40	48	40	52	42	36	50	49	30	46	22	40	10	44	19	31	9	35	25	62	10	21	24	26	19	28	10	30	17	50	17	34	18	46	14	51	18	71	18
INTS6P1	345	312	304	295	261	337	290	289	273	294	275	298	296	418	423	468	410	494	359	567	400	436	398	508	431	640	391	422	399	395	360	437	380	418	384	434	357	432	324	474	384	416	323	474	285	471	241	634	201	470	214	425	276	420	286	360	141	443	179	503	194	452	190	419	186	472	258	409	208
RPL21P32	0	2	0	0	1	0	0	0	0	0	0	0	0	1	1	2	0	0	0	0	0	0	1	0	1	0	0	0	0	0	0	0	0	1	2	2	0	1	0	3	0	0	0	3	0	0	0	1	0	0	0	5	2	0	1	1	0	4	5	4	2	1	0	0	0	3	0	6	4
RNA5S15	0	0	0	0	0	1	0	1	0	0	1	0	0	0	0	1	1	0	0	1	1	0	0	1	0	0	0	1	0	0	0	0	1	1	0	0	0	0	0	1	0	0	0	0	0	0	0	1	0	1	1	1	0	1	0	0	0	0	0	0	0	1	0	1	0	0	0	1	0
RP1-60O19.1	0	0	0	0	0	0	0	2	0	1	0	0	0	0	1	0	0	0	0	0	0	0	0	0	1	0	0	0	0	0	0	0	0	0	0	0	5	0	0	0	0	0	2	0	0	0	0	0	0	0	1	0	0	0	0	0	1	0	0	0	3	2	5	0	2	0	1	0	0
TMEM8A	2887	3703	4032	3549	3448	3350	3384	2668	3716	2982	3248	3292	3455	2142	1943	2286	2227	2240	2294	2858	2316	2285	1810	2250	2199	2664	1935	2129	1805	1784	1693	1982	1987	2135	1906	1807	1719	1826	1655	2119	1751	2008	1403	2202	2078	2501	1487	3122	1656	3038	1557	2371	1632	2250	1421	2506	1335	2925	1530	3728	1528	4018	1351	3371	1384	3958	1447	3858	1520
COX6B1P3	0	1	0	0	0	0	0	0	0	0	1	0	0	0	0	0	0	0	0	0	0	0	0	0	0	0	1	0	0	0	0	0	0	0	0	0	0	0	0	0	0	0	0	0	0	0	2	1	4	0	3	0	0	0	0	0	0	0	0	0	0	0	1	0	0	0	0	0	1
C5orf64	0	0	5	2	2	1	1	0	0	0	0	1	2	2	8	4	3	0	5	4	6	7	6	3	5	11	4	5	3	6	2	0	4	0	3	0	3	2	2	1	1	0	0	1	5	0	1	0	0	0	6	2	1	3	1	0	0	4	2	0	0	0	1	0	0	0	2	1	0
DLGAP1-AS3	1	0	0	0	1	0	0	0	0	0	2	0	0	0	0	0	0	0	0	0	0	0	3	0	0	1	0	0	0	0	0	0	0	0	0	0	0	0	0	0	0	3	0	1	0	0	0	0	0	0	0	0	0	0	0	0	0	0	1	0	0	0	0	0	0	0	0	0	1
RP11-1038A11.3	25	36	48	22	24	14	12	21	36	25	29	15	25	25	58	36	31	25	28	29	29	39	44	23	44	51	30	20	44	31	35	23	23	28	17	33	20	26	32	13	27	36	12	33	5	10	31	20	8	18	11	21	10	13	10	27	13	47	16	40	23	49	7	77	19	41	21	57	22
GAPDHP1	15728	14480	15500	13200	13982	13471	13765	11933	13891	12315	13972	13602	12776	10720	9965	11118	10769	11359	10721	13635	11623	11542	9442	11554	10690	13284	9744	7988	7506	7281	7363	7757	7985	8494	7671	8553	7227	7730	6412	9167	7215	6733	5780	8663	7132	7502	5687	10113	5411	9736	6125	7962	6851	8443	5755	6434	4782	7831	5022	9402	5235	9348	5026	8532	5222	9899	5449	8618	5120
IL15	94	68	76	53	89	75	97	95	88	81	87	80	76	24	20	42	11	30	8	35	16	53	4	18	11	48	13	0	2	6	2	2	2	1	0	0	4	5	0	0	2	1	2	0	0	0	2	0	0	0	7	0	2	0	2	2	1	0	1	1	3	1	0	0	4	0	0	3	7
PEMT	708	812	856	828	941	855	758	597	802	754	853	685	761	659	573	700	705	599	866	850	783	720	756	667	841	820	668	610	480	589	526	631	568	715	551	669	546	534	550	755	541	414	297	449	423	510	274	694	377	669	351	499	428	529	305	337	290	450	286	622	366	533	338	573	343	674	356	664	352
ELAC1	108	94	80	64	98	64	90	57	110	91	98	73	111	125	89	144	111	141	110	145	102	104	85	104	120	136	83	171	155	145	106	112	120	157	110	126	121	171	117	172	126	129	118	193	88	190	124	254	145	182	155	152	209	157	183	156	166	192	163	231	181	228	151	236	227	182	198	198	174
RP11-35G22.1	3	4	10	4	0	4	5	6	2	6	8	2	12	5	4	7	11	7	4	7	5	3	2	5	3	8	4	1	2	3	2	0	5	3	0	3	1	1	3	3	5	2	2	6	5	6	1	5	4	1	2	6	5	0	2	3	3	3	5	0	4	6	1	2	3	4	6	2	1
CEP44	862	661	755	622	692	800	748	620	763	733	686	768	798	1116	1148	1060	1113	1045	1048	1352	1203	1315	1186	1200	1297	1373	1270	1637	1362	1418	1473	1462	1513	1580	1445	1676	1306	1618	1328	1928	1320	1456	1114	1495	1084	1448	944	1866	1011	1712	954	1336	1243	1492	1154	1034	898	1450	816	1565	945	1665	786	1402	919	1637	1008	1915	964
RP11-849F2.4	0	0	0	0	3	0	0	0	0	0	0	0	0	5	7	5	1	7	5	6	9	2	12	4	4	4	6	3	0	0	0	0	0	0	0	0	1	1	0	0	0	0	0	0	0	0	0	0	0	0	0	0	0	0	0	0	0	0	0	3	0	0	0	0	2	0	0	0	1
AC083949.1	3	5	6	2	4	3	4	3	7	2	2	4	3	3	3	2	3	3	4	4	2	3	1	2	4	2	2	9	2	0	2	2	1	2	2	1	2	4	1	3	1	1	1	2	2	3	2	3	5	2	2	2	3	0	1	1	2	2	1	1	1	2	2	1	1	2	1	1	0
RP11-88I18.2	31	34	32	20	18	31	26	25	28	24	26	24	20	35	33	56	37	28	26	39	34	40	33	36	34	34	21	33	27	41	37	29	46	42	26	23	35	58	38	43	24	64	25	31	15	35	33	49	40	53	22	43	44	34	41	37	56	47	37	40	30	37	46	57	32	51	31	65	44
RP11-209A2.1	0	4	0	3	0	0	0	0	0	0	0	2	0	1	0	4	1	4	0	1	0	0	4	0	0	8	1	0	1	0	0	0	2	0	0	0	0	0	6	0	0	2	0	0	1	2	1	0	0	0	0	0	0	0	0	0	0	0	0	0	1	0	0	0	0	0	0	0	0
MCM9	531	499	582	443	477	460	441	351	440	508	527	495	524	522	422	400	489	482	466	595	479	445	443	454	505	554	412	617	648	627	624	634	633	649	609	609	514	618	522	716	582	738	690	779	648	673	649	979	545	861	674	776	731	645	595	595	618	786	581	900	662	800	599	765	600	801	682	830	661
PIN4	417	334	387	350	379	335	368	322	441	371	310	347	332	358	318	354	374	377	389	438	359	385	267	311	413	421	321	417	386	310	342	360	376	397	378	360	338	400	306	462	368	419	380	518	341	418	377	600	347	490	376	466	428	542	391	473	424	550	357	687	404	701	424	555	451	688	448	748	424
RP11-1379J22.2	9	15	17	11	16	8	6	10	8	14	12	10	9	10	10	9	11	10	4	20	13	15	6	15	8	16	7	4	20	17	18	16	13	8	16	16	17	11	18	16	13	10	21	25	22	10	19	19	16	21	22	27	31	13	12	7	34	13	21	29	46	19	29	22	24	25	32	14	28
AC006539.2	12	29	21	31	18	21	18	18	17	24	12	20	18	18	8	22	17	13	17	24	32	19	14	13	15	23	16	25	10	14	8	12	19	12	12	16	8	13	9	15	12	10	3	12	2	8	3	21	1	22	12	19	7	20	7	13	7	12	5	17	3	16	3	13	6	12	6	16	10
FAM20C	603	735	773	654	702	645	679	479	687	513	737	579	582	670	1040	673	1159	745	1277	913	1331	654	1099	669	1179	779	1108	2337	2301	1903	2057	2060	2589	2326	2357	2019	2205	2217	2003	2273	2420	2401	3280	2846	4674	3040	2839	4162	2917	3762	2675	2897	2852	2757	2592	3589	3268	4429	3345	5460	3261	5580	3228	4465	2862	5506	3090	5797	3425
OR2S2	0	0	0	0	0	0	0	1	0	0	0	0	0	0	3	0	0	0	0	0	0	0	0	0	1	0	0	0	0	0	0	0	0	0	0	0	0	0	0	0	0	0	0	0	0	0	0	0	0	0	1	0	0	0	0	0	0	0	0	0	0	0	0	0	0	0	1	1	0
RSL24D1P4	16	11	20	12	10	13	8	15	11	14	18	12	18	10	10	12	17	5	10	10	14	13	10	18	11	9	6	10	7	13	3	7	7	11	5	8	12	8	6	5	11	8	6	7	3	8	5	8	5	8	2	8	12	12	10	11	4	7	5	14	3	14	2	9	10	13	3	24	6
RP11-1137G4.5	0	0	0	0	2	0	0	0	3	0	0	0	1	0	1	0	0	0	0	0	0	0	0	0	0	0	0	0	0	0	0	0	1	0	1	0	0	0	0	0	0	0	0	0	0	0	0	0	0	0	0	0	0	0	0	0	0	0	0	0	0	0	0	0	0	2	0	0	0
GIGYF1	4835	6308	6976	6184	5617	5878	5707	5099	6137	5487	6101	5634	6318	3911	3396	4169	3755	3930	3922	5174	3713	4362	3342	4100	4113	5203	3496	4236	4063	3918	3563	4199	3970	4288	3788	4007	3504	4128	3594	4891	3722	3546	4873	3845	5455	4133	4091	5082	4377	4777	4276	4101	4885	3146	4140	3454	4317	3728	4640	5223	5044	5628	4421	4497	4099	4832	4713	5313	4674
CTD-2049O4.1	0	0	1	3	0	1	1	0	0	1	2	1	0	2	1	1	9	1	1	3	0	0	0	0	0	0	7	0	4	1	1	0	1	1	1	3	1	2	1	0	2	2	1	0	3	1	3	0	1	2	3	2	1	4	0	2	1	1	2	1	5	1	2	1	4	1	4	1	0
RP11-632C17__A.1	4003	4197	4075	3798	3757	3534	3632	3499	3554	3854	3563	3683	3336	3520	3618	3514	4025	3535	4196	4368	4238	3696	3341	3238	3761	4172	3085	3617	3023	3071	2968	3118	3525	3452	3105	3014	2836	3206	2610	3629	3075	2335	1681	2770	2010	2665	1779	3624	1612	3675	2132	2774	2209	2992	1792	1986	1387	2576	1316	2979	1564	2838	1252	2574	1537	3327	1677	3084	1441
RP11-146F11.5	6	12	5	10	5	6	8	8	9	6	9	3	8	7	6	12	16	4	12	11	9	11	19	12	12	16	13	8	8	5	8	4	10	13	9	6	2	8	7	6	3	1	2	5	3	7	6	2	6	6	2	8	3	4	6	6	3	7	4	7	5	6	2	13	2	2	7	4	4
DMRTB1	16	13	28	8	9	4	11	12	15	9	9	18	10	0	4	2	2	0	0	2	2	0	1	0	4	6	2	0	0	2	2	0	1	1	0	0	0	0	3	1	2	4	0	0	0	1	3	0	0	0	0	1	0	0	0	0	1	1	0	3	2	0	0	0	1	0	0	0	0
TAS2R12	0	0	0	0	0	0	0	0	1	0	1	0	0	0	0	0	0	0	0	0	0	0	0	0	0	0	0	0	0	0	1	0	0	0	0	0	0	0	0	0	0	0	1	0	0	0	0	0	0	0	2	0	0	0	0	0	0	0	1	0	2	1	1	7	2	0	1	0	2
C8orf59	281	289	299	258	289	261	233	241	320	315	248	275	254	241	189	252	263	299	228	270	261	253	214	230	267	300	177	314	271	271	267	248	294	298	314	267	259	297	206	323	219	313	162	317	155	281	243	406	228	423	273	247	254	280	261	271	274	344	272	398	266	420	266	404	276	369	358	367	340
NWD1	0	9	2	2	2	6	3	3	0	2	2	0	2	1	2	3	2	3	1	0	2	2	3	1	1	1	4	2	1	2	1	2	2	6	2	2	0	4	0	0	0	3	2	0	1	0	2	2	0	0	0	4	0	0	0	1	4	11	1	3	1	1	0	0	0	3	0	10	1
DUSP27	7	11	9	16	9	17	9	4	9	11	10	9	7	30	30	16	17	16	42	14	25	9	15	21	18	23	25	33	35	16	28	20	22	21	32	24	14	34	15	19	21	9	10	9	2	9	4	21	14	7	13	11	25	8	22	4	3	2	1	2	7	3	3	2	0	1	7	0	2
SNORA60	4	2	2	0	1	1	4	1	4	1	2	0	0	2	1	3	0	3	1	0	0	3	0	3	3	3	2	5	3	0	4	2	2	5	1	0	2	1	0	0	2	4	1	0	0	2	5	1	0	3	4	4	3	5	3	2	4	6	1	5	3	0	5	1	10	3	5	4	2
RP11-644F5.15	582	470	559	495	515	451	503	384	539	402	503	443	468	471	420	492	469	433	486	566	536	456	434	436	551	511	375	472	332	396	371	332	389	369	342	351	356	305	254	400	311	248	260	283	243	359	242	433	187	399	252	338	297	408	251	249	167	338	207	326	190	347	182	257	255	299	225	348	190
AC009410.1	4	1	1	0	0	3	5	0	4	5	3	5	1	0	3	5	1	1	1	1	9	1	0	2	5	0	7	0	0	1	0	2	1	0	1	0	1	0	0	5	5	4	0	0	0	0	1	1	0	1	0	0	1	0	0	1	2	2	0	1	1	0	0	0	0	0	1	2	1
CTD-2288F12.1	1	1	3	1	3	1	2	1	1	3	5	2	3	1	2	3	8	0	2	3	5	2	2	3	2	5	1	4	2	2	1	0	2	2	1	0	1	0	1	1	0	0	1	1	0	2	2	1	0	1	0	0	1	2	1	1	2	0	2	0	3	2	0	0	0	0	0	0	1
ASF1A	1432	1144	1222	1078	1098	1134	1231	915	1052	1027	1052	1289	1176	1505	1543	1551	1621	1681	1319	2009	1568	1641	1492	1858	1656	1934	1464	2272	2140	2154	1970	2212	2160	2252	2099	1960	1940	1970	1742	2601	2057	2358	2509	2741	2559	2811	1972	3365	1839	2910	2009	2429	2158	3122	1999	2183	1196	3045	1177	3356	1400	3561	1269	2943	1673	3007	1518	3182	1300
AC091177.1	0	1	0	0	0	0	0	0	2	0	0	0	0	0	0	0	0	0	0	0	3	0	0	0	0	0	0	0	0	0	0	0	0	0	0	0	0	0	0	0	0	0	0	0	0	0	0	0	0	0	0	0	0	0	0	0	0	0	0	0	1	0	0	0	0	0	0	0	1
CDK3	16	19	11	12	9	15	8	15	13	10	9	5	9	3	4	5	7	3	4	10	6	11	8	5	2	7	5	2	8	21	11	0	5	6	10	6	4	9	13	7	8	9	9	7	5	5	14	4	6	7	19	7	22	0	15	3	4	8	22	7	14	11	11	6	12	9	17	7	16
CBL	5222	5553	6927	5616	5693	5447	5039	4988	5939	5748	6031	5351	5757	4713	4265	4630	4305	4753	3646	5739	4068	4298	3578	5168	4336	6248	4063	2500	2766	2404	2837	2553	2671	2801	2648	2690	2461	2806	2318	3031	3075	2200	3067	2191	3241	2171	2435	2453	2334	2478	2178	2306	2931	1602	2624	2124	3267	2567	2820	2907	2925	2948	2703	2402	2476	2617	3532	3273	3109
EZR	14131	12047	16823	12666	14039	11739	12795	9523	13829	10515	13460	11494	13551	18763	25470	19367	27151	19992	26770	23213	28270	19302	23520	18305	26749	23098	24553	27078	25786	23894	24527	25557	26526	28673	26121	24858	23201	26164	21786	29304	24842	24129	16039	28082	17176	26698	15377	37048	14544	34461	15794	27659	19537	27906	16188	21733	10555	26744	11298	30214	12594	30899	11370	27234	12150	31129	13191	31146	11462
LINC01269	0	0	1	0	0	0	0	2	2	0	0	0	0	1	0	0	0	2	0	0	0	1	0	0	0	0	1	0	0	0	0	0	0	0	0	2	0	0	0	0	0	0	0	0	0	0	0	0	0	0	0	0	0	0	0	0	0	0	0	0	0	0	0	0	0	0	0	0	0
RP3-323B6.1	155	133	147	131	122	131	127	122	121	135	113	120	137	96	60	107	57	89	56	118	72	99	50	103	53	100	42	7	3	21	1	9	3	17	1	25	5	26	6	15	11	1	2	0	0	1	1	2	0	3	0	0	0	4	1	0	2	0	3	0	0	3	2	1	3	0	4	2	1
MIR34A	751	617	592	571	582	687	739	609	725	630	708	604	608	451	547	505	477	431	537	642	447	603	460	532	525	565	522	554	613	455	611	530	652	448	611	431	541	577	520	555	510	526	586	611	516	470	559	587	513	643	492	451	653	510	484	293	297	347	283	451	350	460	312	398	321	491	337	486	308
C9orf135-AS1	3	0	2	4	0	7	2	4	3	6	1	4	1	4	0	0	2	3	1	0	0	1	0	3	0	0	0	0	0	0	0	0	0	0	0	0	0	0	0	0	0	0	0	0	0	0	1	0	0	0	0	0	0	0	0	0	2	0	0	0	0	1	0	0	0	0	0	0	0
TNFSF8	0	0	0	0	0	0	0	0	0	0	0	0	0	0	3	1	0	3	1	0	2	0	0	0	0	2	0	0	1	0	0	0	0	0	1	0	0	0	0	0	0	0	0	0	0	0	0	0	0	0	0	0	0	0	0	0	0	0	0	0	0	0	0	0	0	0	0	0	0
LINC01254	0	0	0	0	0	0	0	0	0	0	0	0	0	1	0	0	1	1	0	0	0	0	0	0	1	2	3	0	0	0	1	0	0	0	0	0	0	0	0	0	1	0	0	2	0	0	1	0	0	0	0	0	2	0	0	0	0	0	0	0	1	0	0	1	0	0	0	1	0
RNA5SP474	0	1	0	0	0	2	2	4	2	0	3	0	0	2	0	1	3	0	0	5	2	1	3	0	1	0	3	0	4	3	2	0	6	0	2	0	0	2	2	3	1	2	3	4	1	2	0	3	2	0	1	1	0	2	1	3	3	2	2	3	3	7	2	5	1	0	6	2	6
CFAP73	5	19	8	11	13	8	8	14	18	23	14	12	17	3	4	3	10	4	1	11	2	8	6	6	1	6	6	0	0	2	1	2	1	3	0	2	2	1	0	3	0	0	0	3	0	8	1	2	0	2	0	0	3	3	1	2	1	2	1	2	0	2	1	0	2	2	5	4	2
SNORD116-19	11	8	17	14	7	8	9	7	19	12	22	4	9	14	10	9	15	16	6	23	11	3	7	11	9	10	5	7	6	6	17	5	5	6	14	8	2	5	3	3	8	8	4	8	3	6	9	4	3	9	4	9	7	5	15	5	4	14	6	9	9	8	6	2	6	3	8	5	8
MRS2	5007	3609	5055	3888	4436	4265	4183	3190	4620	3756	4621	4016	4485	1813	1459	2147	1473	2459	1555	2424	1679	1928	1524	2018	1671	2416	1662	1185	1008	1214	1082	1046	1228	1306	1124	1112	1040	1053	1066	1329	1104	939	872	1076	813	1084	856	1339	743	1205	903	1085	1027	1087	934	842	873	1128	810	1214	824	1308	786	1139	961	1326	969	1242	929
ATXN3L	31	7	9	14	19	10	10	6	19	21	17	26	10	23	15	14	14	26	12	12	20	18	22	18	13	20	13	15	3	10	8	14	20	17	13	10	7	9	17	11	5	11	14	13	6	9	20	5	7	5	8	7	9	9	10	12	3	14	14	5	7	10	13	23	13	13	21	10	19
RP11-173B14.4	8	7	4	10	0	6	7	4	4	5	10	3	4	5	12	6	4	3	3	3	0	4	1	1	1	6	3	1	3	1	3	0	2	3	3	5	5	2	5	0	3	2	9	2	1	4	2	0	16	5	1	2	1	0	9	3	4	8	5	2	2	4	4	11	15	2	3	7	9
PCDHGB7	181	232	300	200	270	196	216	190	230	178	259	146	196	832	1200	884	1074	856	1218	1021	1167	834	1047	804	1236	984	1150	952	1431	978	1448	1148	1375	1176	1370	1182	1236	1074	1222	1106	1556	822	1481	956	1512	870	1270	1278	1447	1147	1213	876	1377	681	1257	669	819	939	761	1002	813	1028	744	874	607	1165	805	1045	776
RP11-540B6.3	3	1	2	0	1	1	0	4	0	0	1	0	0	1	0	2	2	0	3	3	3	6	2	0	3	1	2	4	4	0	1	0	3	0	0	2	0	6	1	1	1	2	2	2	1	1	0	2	0	1	0	3	0	0	2	0	0	2	0	1	0	0	0	1	0	0	0	0	0
TMEM53	186	160	180	183	193	161	187	122	199	155	201	175	172	138	184	207	250	170	223	242	295	191	176	157	257	184	228	244	210	215	247	291	226	312	246	232	284	214	200	287	236	162	88	241	105	187	137	285	135	252	141	229	151	183	116	133	166	128	155	197	170	188	149	208	142	222	119	164	144
RP5-1125A11.7	39	33	46	23	26	19	33	25	39	33	40	23	52	29	25	29	27	25	23	42	43	46	23	29	31	44	24	37	17	22	24	24	18	22	36	17	17	3	22	25	26	20	8	14	8	20	13	21	19	11	24	19	18	18	18	12	25	27	34	24	29	30	28	23	26	28	25	23	26
PELI3	158	203	220	159	184	202	173	117	142	158	161	177	172	109	85	99	66	99	96	159	69	127	68	115	69	140	71	107	126	75	92	120	105	105	92	99	84	92	106	107	121	98	88	108	66	120	82	146	82	128	103	111	91	97	84	98	87	118	135	179	111	184	87	141	126	121	109	168	119
MAP6D1	195	213	208	137	199	180	196	170	174	183	208	172	195	129	115	93	103	95	146	153	153	128	129	90	139	127	143	363	470	287	401	356	436	440	465	323	467	284	419	357	469	641	716	631	816	721	702	936	766	828	828	600	901	679	786	785	329	949	475	1058	636	1131	452	1043	560	1156	678	1154	485
RP11-279O9.4	11	14	5	10	7	3	5	6	7	10	11	8	3	6	4	10	5	1	6	13	3	1	7	7	13	10	8	5	4	4	1	5	3	5	4	3	2	3	3	1	8	2	1	7	0	1	0	4	0	2	1	5	4	5	1	4	3	2	2	2	3	7	1	3	4	4	5	8	3
TRMT112P6	1260	1273	1340	1211	1255	1120	1288	965	1282	1084	1130	1147	1065	856	892	965	1074	991	1070	1258	1043	1041	907	848	924	1171	910	793	707	694	589	630	601	745	678	593	569	648	562	777	565	482	359	601	410	595	392	752	316	700	394	578	482	600	387	379	268	431	302	561	299	477	311	493	366	535	325	509	260
FGD1	1331	2027	1815	1790	1688	1654	1513	1336	1771	1641	1730	1583	1702	3747	3415	3876	3864	3086	4193	4540	4010	3959	3507	3620	4085	4437	3498	2993	2356	2787	2270	2940	2647	3350	2497	2840	2290	2976	2160	3375	2367	1685	1351	1862	1510	2145	1236	2640	1332	2561	1233	2138	1566	1608	1188	1215	1062	1529	980	1910	1157	2070	1037	1880	935	2084	1099	2077	1088
RP11-359B12.2	65	49	50	51	33	49	57	54	51	32	61	47	57	87	53	79	61	80	54	82	66	78	68	86	61	76	72	90	199	144	138	103	171	99	147	89	138	99	121	106	178	189	173	211	162	139	149	255	129	220	197	194	178	164	193	186	190	247	178	276	187	266	174	221	184	241	250	333	229
SEZ6L	33	26	23	25	27	21	19	28	16	10	23	23	29	531	492	515	518	644	592	589	554	493	400	450	566	621	511	1178	1471	1177	1458	1293	1439	1524	1373	1481	1371	1235	1341	1394	1496	1592	2050	1967	2185	1685	2388	2293	2322	2241	2170	1673	2170	1477	2526	4231	4534	5147	4564	5628	4716	5814	4490	4891	4079	4850	5469	5210	5015
GNB4	2061	1329	1633	1321	1571	1457	1552	1286	1543	1471	1711	1548	1607	1597	1812	1652	1816	1620	1438	1815	1874	1664	1798	1901	1816	2152	1799	1356	1160	1468	1109	1421	1306	1591	1221	1528	1246	1530	1116	1834	1091	1031	380	1117	329	1026	540	1321	546	1529	690	1083	973	1009	780	628	638	918	588	1024	765	1030	682	949	819	911	1038	1160	720
RP11-622C24.2	0	1	5	0	2	0	4	0	7	4	0	0	4	0	1	0	0	3	0	9	0	0	0	6	0	0	0	0	0	0	0	0	0	0	0	0	0	0	0	0	0	0	0	0	0	0	0	0	0	0	0	0	0	0	0	0	0	0	1	0	0	0	1	0	0	0	0	0	3
IGSF3	2765	3304	3348	3037	3123	2815	2832	2489	3118	2764	3111	2788	2956	4920	8392	4731	8782	4389	8661	5479	8729	4957	7575	4701	8338	5773	7855	8345	9203	7319	8596	8014	9586	8994	8902	8311	8359	8471	7479	9188	9186	6531	8031	7244	8572	7364	7554	9067	7701	9158	7365	7057	8610	5609	7780	8287	7855	10753	7945	11769	7891	11831	7305	10339	6780	11878	8719	12284	8294
GAREM2	739	1126	1005	970	970	840	923	652	945	796	857	898	895	643	602	610	782	603	771	772	828	641	648	638	778	733	684	1283	1344	1176	1242	1321	1454	1343	1418	1151	1211	1216	1130	1324	1497	1388	1980	1693	2267	1667	1691	2050	1795	2073	1461	1627	1577	1371	1549	1608	1806	1786	1859	2331	1699	2613	1869	1919	1394	2290	1682	2152	1890
FAM53B-AS1	1	0	1	0	0	0	0	0	0	1	0	1	0	0	0	0	3	0	0	2	0	0	0	0	0	0	1	1	4	0	2	0	0	0	0	3	2	0	6	12	0	3	3	0	6	1	6	2	6	1	2	1	3	0	2	3	1	1	2	0	7	7	3	3	1	6	3	7	0
BST2	832	601	664	513	717	432	818	533	769	577	734	539	641	2142	1923	2184	2608	1964	2747	2836	2874	2362	2365	2178	2634	2494	2181	1252	600	963	639	923	783	1159	788	1000	690	911	629	1340	665	217	77	259	118	268	51	242	43	300	71	243	54	285	80	74	42	49	44	112	21	105	50	46	54	72	23	54	33
GANAB	20246	21828	22856	20550	20943	18434	19065	17057	19751	18096	20621	17726	18080	20476	21797	21070	23055	21315	23613	25241	22584	20883	19868	20367	22803	24935	19614	20325	19300	18261	18545	19365	19916	22085	19197	19403	17158	19406	16032	22223	18728	14892	11980	17350	12851	17349	11395	21987	11205	21019	11202	16498	15172	15190	11732	11879	9459	14399	9719	16301	10930	16166	9528	14191	9345	16251	10823	16491	10390
RP11-81A1.3	353	350	429	378	312	357	333	283	342	280	328	338	322	369	312	381	325	326	337	441	365	378	289	397	302	449	293	319	260	316	276	298	230	334	296	283	218	324	227	384	246	283	182	321	253	291	189	373	151	387	229	348	225	334	208	222	177	220	202	271	171	309	162	285	200	381	191	248	224
RP11-259K5.1	0	0	0	0	0	0	0	0	0	0	0	0	0	0	0	0	0	0	0	0	0	0	0	0	0	0	0	0	0	0	0	0	0	0	2	2	0	2	0	0	0	4	0	0	2	0	0	0	1	0	0	0	2	0	0	0	0	0	0	1	0	0	1	3	2	0	2	0	1
ICA1	1475	1313	1462	1367	1202	1413	1239	1174	1221	1361	1221	1397	1331	911	621	968	628	951	570	1271	646	961	643	1040	689	1209	567	275	270	272	315	319	350	310	293	327	267	275	242	421	281	174	164	175	151	196	176	227	209	213	259	145	193	142	237	168	266	220	239	274	232	284	236	209	192	256	312	267	237
MTRF1	469	282	411	325	301	332	374	345	397	394	357	405	370	375	367	334	376	417	357	400	391	391	366	398	414	462	374	477	462	374	361	382	422	381	352	442	349	417	281	541	351	396	337	429	238	351	295	470	270	432	298	416	287	315	339	241	287	356	273	425	346	451	297	430	305	388	396	422	352
RP11-363E6.3	7	14	16	10	12	5	15	7	14	10	11	10	12	3	7	11	3	7	7	4	3	7	7	7	9	18	9	5	4	4	2	6	13	15	3	2	7	13	3	12	3	2	4	10	15	8	4	13	6	5	4	5	7	9	8	2	5	8	11	10	6	4	7	5	4	4	14	8	8
MAPK8IP2	115	129	199	194	209	138	126	82	152	104	165	159	177	219	436	297	560	304	707	291	682	182	518	205	554	312	588	1944	2786	1646	2643	1928	2890	2150	2869	1784	2482	1770	2358	1971	2842	2422	7273	3152	9538	3229	6192	4341	7249	3989	6688	3174	6185	2994	6398	4757	7501	5716	8095	6888	7981	7361	7437	6259	6506	6608	7659	6586	8683
CTD-2248H3.1	739	484	645	456	491	502	572	501	554	552	481	499	488	515	652	506	643	629	526	668	593	560	599	471	571	625	511	455	413	375	395	370	390	435	388	397	336	359	323	521	339	231	188	321	114	305	171	312	143	283	123	260	206	312	172	139	112	208	105	234	151	194	137	184	158	278	149	226	118
ASPSCR1	889	1349	1367	1066	1323	1005	1297	906	1340	931	1228	1184	1164	1528	1315	1532	1649	1443	1763	2035	1679	1721	1445	1444	1739	1908	1546	1808	1347	1438	1198	1502	1465	1670	1492	1301	1246	1525	1311	1723	1356	1166	1076	1363	1283	1431	1068	1831	1396	1779	1203	1495	1297	1555	1216	1178	1128	1397	1092	1844	1212	1812	1098	1548	1138	1759	1171	1797	1095
CTD-2545H1.2	0	0	0	0	0	0	0	0	0	0	0	0	1	1	0	1	2	0	0	0	6	0	0	0	0	3	1	2	9	0	7	2	5	6	1	1	2	1	3	0	2	3	25	3	30	2	13	5	28	3	17	2	19	4	29	11	12	14	10	12	13	5	16	4	9	12	14	10	9
RP11-359G22.2	2	0	4	0	6	0	3	5	3	1	5	0	3	1	0	5	0	2	1	0	0	2	0	4	2	0	1	0	0	0	0	0	0	0	0	0	0	0	0	0	0	0	0	0	0	0	0	0	0	0	0	0	0	0	0	0	0	0	0	0	1	0	0	0	0	0	0	0	0
B3GNT5	322	275	302	324	269	392	296	338	283	389	306	338	274	287	349	300	328	342	293	399	319	336	314	366	327	428	323	147	191	240	178	180	191	218	205	199	196	164	161	255	181	97	61	152	72	114	101	96	65	116	128	104	157	87	120	96	130	127	143	145	150	200	110	166	135	158	195	174	175
HMGN2P5	822	921	1091	871	904	826	877	679	938	743	881	780	890	954	677	939	898	858	911	978	907	859	743	835	842	1029	720	1122	882	984	888	1017	987	1068	950	994	887	933	823	1106	919	743	304	988	323	925	378	1143	421	1252	481	972	786	989	508	334	221	398	248	520	335	501	229	420	307	590	350	574	255
PDE4C	273	287	246	234	238	217	260	236	313	254	318	216	266	488	732	575	800	680	832	667	802	472	611	493	865	693	917	1992	2705	1809	2492	2133	2589	2186	2269	2503	1803	2270	2230	1972	2131	3365	2549	4093	2950	3589	1978	5082	2295	4526	2089	3880	2844	3303	2160	3165	1271	3732	1337	4700	1336	4798	1228	4499	1204	5418	1408	4932	1266
EXOC3-AS1	73	93	66	60	79	68	69	47	69	51	81	48	63	48	55	55	46	55	49	72	53	49	42	56	49	92	55	41	61	46	53	44	52	58	61	55	61	56	59	60	64	36	45	64	53	73	80	94	51	101	88	65	121	63	82	86	116	90	122	132	120	136	115	105	146	103	156	102	174
PAPLN	182	291	220	292	247	245	230	261	309	242	275	267	251	1024	516	1094	644	1132	758	1290	658	1011	659	1164	847	1571	673	612	698	679	662	649	657	749	673	710	583	582	556	763	496	200	145	293	151	228	165	285	211	288	184	228	214	153	189	109	179	116	159	159	153	190	180	181	176	144	200	150	131
RP11-467L19.14	0	0	0	0	0	0	0	0	0	0	0	0	0	0	1	0	2	0	2	0	1	0	0	0	0	0	1	0	0	1	0	2	0	0	1	0	6	1	11	3	3	3	6	1	18	0	5	3	11	2	3	1	5	0	11	4	8	0	5	0	3	0	0	2	4	1	8	3	1
Mar-06	5054	4548	5556	4649	4301	4739	4391	4283	4674	4748	4860	4860	4609	5292	7335	5611	7257	5520	6597	6537	7559	5994	7146	6054	8296	6833	7499	9594	10169	9933	9914	10158	10676	10295	10039	10149	9088	9900	9011	11793	9501	9987	9761	10797	10087	10365	9213	13599	9180	11985	9922	10381	11334	9755	9847	9040	10603	11518	10553	12126	10369	13773	9558	12171	9913	12256	12762	13390	11654
FERMT2	5106	4243	5135	4186	4518	4718	4648	3760	4543	4393	4393	4450	4692	5822	4982	6371	4637	6750	4121	7657	5061	6562	4123	6625	4567	7748	4623	2851	2756	2969	2797	3035	2993	3273	2791	2978	2490	2785	2567	3478	2754	2246	2750	2484	2524	2454	2511	2969	2164	2866	2585	2367	2904	2555	2559	2414	2345	3067	2236	3567	2413	3972	2265	3198	2539	3050	2962	3583	2467
RP11-321G12.1	0	0	0	0	2	0	0	0	0	0	1	1	4	0	1	0	0	0	0	1	0	0	0	0	1	0	0	0	1	0	0	0	0	0	0	0	0	0	0	0	0	0	0	0	0	0	0	0	1	0	0	0	0	0	0	0	0	0	1	0	0	0	0	0	0	0	2	0	0
CRCP	940	762	1025	869	917	890	981	793	907	807	908	875	967	818	711	815	770	816	760	921	806	816	647	748	809	953	840	814	824	818	782	840	850	903	841	811	775	828	689	946	762	920	832	952	775	1165	861	1322	747	1162	779	944	944	869	815	1091	946	1399	989	1611	1042	1618	916	1509	984	1626	1064	1683	955
FAM193A	999	1129	1441	1138	1124	1084	1020	882	1169	926	1175	900	1089	1415	1534	1609	1575	1550	1598	1675	1537	1345	1375	1428	1591	1704	1531	1869	2177	1979	2003	2074	2033	2056	2012	1950	1818	2011	1708	2153	1995	2266	2577	2401	2884	2598	2445	3158	2416	2927	2188	2392	2680	1834	2394	2625	2654	3078	2652	3510	2858	3482	2655	3081	2325	3531	2963	3698	3011
RP11-96K19.5	1	8	2	3	1	6	5	1	0	3	5	2	7	10	8	5	11	4	5	10	4	0	11	3	12	7	2	4	9	1	6	2	6	7	13	1	3	2	9	2	9	0	5	5	10	7	2	11	3	2	3	1	8	0	1	4	6	5	9	5	7	6	3	10	4	6	10	9	9
AKR1B1P4	61	39	45	55	59	42	48	40	44	53	53	31	42	55	62	57	60	66	82	80	75	63	75	52	78	78	80	74	50	41	54	43	48	79	47	66	45	40	26	61	36	22	19	36	16	39	16	47	35	76	27	36	39	31	26	20	15	24	19	37	22	37	33	28	15	27	32	42	18
SNCA-AS1	1	2	2	3	6	1	2	4	4	3	2	1	0	4	7	1	5	0	3	3	4	0	7	4	9	8	7	2	7	4	5	4	3	3	6	4	1	2	5	9	4	4	2	6	4	1	2	1	1	2	0	2	2	0	0	0	1	2	6	5	1	5	5	6	1	5	0	6	2
NFKBIB	774	921	1118	1009	943	900	848	700	982	729	902	891	923	701	642	749	781	703	770	856	791	734	615	581	685	785	589	661	597	531	543	597	547	701	705	532	571	557	566	654	623	537	828	689	1324	840	648	1037	632	805	748	775	684	719	562	850	459	907	494	1186	566	1169	455	956	455	1123	505	1087	507
SRP9	14369	8244	10504	8740	9940	10896	10597	9461	10549	10049	9897	11607	10184	10492	9858	10118	10030	11735	7825	13129	11372	12084	10421	12003	10570	13626	10495	10534	7958	9447	8509	9613	9239	10356	8857	10542	8276	9224	7961	12218	8506	8334	7236	9574	6751	8765	6560	10408	5426	10660	6376	7927	7138	12020	6745	6353	5260	8847	5151	9953	5381	10812	5054	9561	7282	9388	6551	9955	6218
PLEKHG1	140	136	132	131	138	120	126	115	156	106	145	104	139	157	132	138	145	165	148	170	156	137	146	159	143	140	211	79	101	52	120	55	111	59	96	64	88	72	107	82	77	43	75	63	50	51	106	67	142	93	112	37	246	39	181	51	185	76	205	104	202	65	135	116	164	63	256	109	180
FAM153C	0	2	3	2	1	0	2	4	0	3	9	2	3	1	4	0	5	2	2	2	3	1	4	4	2	5	1	1	1	2	5	3	10	1	1	0	5	1	0	8	4	4	7	7	5	3	1	4	2	3	2	3	4	11	1	2	1	1	0	5	1	9	2	1	0	2	4	5	9
ZNF384	917	1026	1075	984	947	887	920	824	1055	932	1070	792	867	867	865	918	968	991	1016	1238	1050	861	818	867	996	1071	851	842	1050	931	1074	1003	1182	1045	1039	855	935	1015	855	1109	970	976	986	955	1300	1079	959	1423	1040	1205	1111	1035	1220	669	1064	940	946	1154	1031	1271	1087	1357	1040	1095	758	1346	1146	1272	1069
IGSF10	117	115	163	122	130	97	130	82	113	112	153	132	135	119	161	103	116	110	159	132	148	115	135	161	134	144	120	5	8	20	10	15	8	27	12	16	11	13	7	24	17	3	7	2	17	10	8	3	6	2	4	2	3	1	13	0	5	5	4	4	4	4	6	0	7	1	13	2	6
NANOGP2	60	50	57	40	52	51	64	42	46	38	57	46	51	16	6	15	4	11	6	25	5	18	7	11	3	8	5	0	0	0	0	0	1	0	0	0	0	0	0	0	0	0	2	0	0	0	0	1	0	0	3	0	0	0	5	0	1	0	1	1	0	11	3	0	0	0	0	5	0
YARS	8997	8473	10319	8234	8870	8364	8290	7226	9268	8040	8810	8001	8606	8054	8647	8102	8863	7988	8770	10124	8975	9074	8344	8479	9080	9614	8169	4734	5007	4471	4824	4412	5367	4953	4789	4262	4196	4298	4243	5185	4512	4890	3865	4576	4286	6148	3952	6733	3670	5243	3693	4901	4417	4282	3685	9792	5591	13872	5829	16677	5830	16004	5703	13324	5763	15402	6162	19301	6023
TMEM132B	2076	3144	2213	2845	1980	3182	2048	2886	1954	2995	1979	2931	2017	4840	5358	4880	5482	4532	5027	5966	5516	4944	4913	4867	5653	5963	5205	2030	4699	1997	4609	2138	4700	2305	4319	2219	4209	2191	3775	2729	4606	1093	4117	1137	4330	986	3242	1260	3423	1364	3420	1162	4141	795	3431	575	2367	828	2208	837	2512	888	2259	757	2102	908	2960	992	2608
HARBI1	134	108	207	102	91	100	120	93	131	110	133	92	103	139	127	139	144	153	138	185	152	120	132	124	147	184	134	155	184	105	189	155	178	133	152	119	125	140	182	145	135	203	98	152	104	151	153	198	145	181	168	165	194	156	172	172	208	201	237	271	195	269	212	305	224	268	194	263	196
RPL30P11	0	2	0	0	0	1	0	0	2	1	1	0	2	0	0	5	0	0	4	0	0	1	1	0	0	0	0	0	1	0	0	1	0	6	0	0	0	1	0	0	0	0	0	0	0	1	0	0	0	1	0	0	0	0	0	0	0	0	0	0	0	0	0	0	0	0	0	0	0
PRELID3A	168	257	250	166	176	186	160	185	206	228	219	176	224	97	74	149	108	148	98	175	83	112	100	133	85	152	92	201	135	192	144	197	193	265	141	171	155	227	150	265	137	218	137	231	143	291	136	343	125	324	105	288	189	206	158	160	149	247	127	201	135	235	146	237	138	243	121	253	136
CTC-448F2.6	13	17	28	23	38	24	35	19	23	24	30	12	33	23	14	22	25	16	24	33	25	26	21	26	12	24	36	25	20	15	20	32	23	24	20	21	22	20	15	20	17	20	19	19	11	32	21	39	19	33	31	29	31	27	20	30	28	28	24	64	29	39	28	46	34	37	33	37	40
TTC9B	5	1	12	16	6	8	2	8	11	4	8	5	7	4	6	3	7	3	9	3	10	10	4	4	1	11	1	9	14	0	29	16	23	3	14	7	7	7	13	8	23	28	133	30	182	24	133	39	177	54	142	16	105	30	133	150	313	155	403	194	316	240	351	176	339	180	296	201	390
WIPF3	641	585	737	555	627	534	575	531	630	564	656	535	537	351	287	373	344	354	354	476	346	470	333	511	367	450	299	76	46	100	45	78	57	78	56	77	58	58	65	128	74	50	23	49	18	48	15	52	25	53	13	38	11	30	30	38	24	42	14	40	29	63	16	46	20	23	10	36	17
RP11-65E22.2	570	420	485	383	479	447	443	396	482	438	503	439	466	612	588	573	549	569	452	719	674	627	586	628	621	667	550	410	407	484	414	504	504	525	394	536	453	448	427	627	380	313	199	332	219	381	160	419	108	352	182	393	239	374	201	156	109	174	141	217	123	242	122	184	126	229	160	205	108
C3AR1	2	3	0	1	0	0	2	2	1	1	2	0	2	3	0	2	1	0	1	0	0	0	1	0	0	4	0	0	0	2	0	1	0	2	0	0	2	0	0	0	0	2	1	3	3	2	2	0	0	1	0	1	2	0	0	3	0	1	0	0	3	0	2	0	0	0	2	0	1
PTH	0	0	0	0	0	0	0	0	0	0	0	0	0	0	0	0	0	0	0	0	0	0	0	0	0	0	0	0	0	0	0	0	1	0	1	0	0	0	0	0	0	0	0	0	6	0	0	0	0	0	1	0	2	0	0	2	0	1	0	0	0	0	3	0	0	0	1	0	1
CTD-2256P15.4	9	5	12	6	6	7	5	4	5	6	5	6	5	5	7	7	7	7	7	6	7	7	8	7	8	7	8	5	2	4	7	5	6	6	7	6	5	10	5	9	8	5	3	6	3	6	4	6	16	7	3	4	3	9	7	6	4	3	3	5	3	5	7	7	2	6	3	9	3
FNDC1	59	85	81	80	101	68	58	32	70	57	87	49	60	196	615	180	805	196	736	201	593	182	653	143	851	212	572	522	530	459	565	540	490	581	587	541	649	497	537	595	575	154	67	195	102	162	74	240	51	210	72	193	125	93	100	85	71	102	74	103	64	88	46	76	48	111	87	154	61
C1orf94	240	287	316	269	257	235	290	259	336	293	307	246	263	109	6	87	13	96	25	103	26	94	18	98	19	74	8	2	2	1	2	5	1	0	2	3	0	5	0	1	1	2	0	0	0	1	2	1	0	1	4	0	0	0	1	4	3	4	1	7	7	7	1	4	2	1	3	4	2
RP5-1085F17.4	5	1	6	5	3	2	5	5	5	2	1	4	2	1	3	1	0	2	1	1	10	7	4	1	1	8	1	4	2	1	5	6	4	4	3	5	1	3	4	2	1	5	7	7	12	4	4	3	0	7	4	4	7	6	2	8	7	12	5	8	13	5	1	12	2	5	6	5	4
RP11-591L14.1	0	0	0	0	0	0	0	0	0	0	2	0	0	0	0	0	0	0	0	0	1	0	0	1	0	0	0	0	0	0	0	0	0	0	0	0	0	0	0	0	0	0	0	0	0	0	0	0	0	0	0	0	0	0	0	0	0	0	0	0	0	0	0	0	0	0	0	0	0
USP9YP28	0	0	0	0	0	0	0	0	0	0	0	0	0	0	0	0	0	0	0	0	0	0	0	1	0	0	0	0	0	4	1	0	0	2	0	0	0	3	1	0	0	1	3	3	0	1	2	0	0	2	1	1	0	1	0	1	1	2	0	0	1	7	2	0	0	4	0	3	1
MT1M	12	12	10	2	3	6	9	12	4	6	8	14	3	2	2	6	5	0	6	5	3	3	7	10	4	2	3	0	0	0	0	0	0	0	0	0	0	1	0	0	0	0	0	0	0	0	0	0	0	0	0	0	0	0	0	0	0	0	0	0	0	0	3	0	0	0	0	0	0
RP11-92C4.3	2	3	2	5	2	2	1	2	5	3	3	0	2	5	1	4	2	2	2	8	3	1	1	4	1	3	4	2	0	0	0	2	5	4	2	2	2	8	0	3	1	3	0	4	0	0	0	3	0	1	0	2	1	0	0	0	1	1	1	0	0	0	1	0	1	1	0	1	0
ICAM2	1	7	4	5	6	5	2	1	2	3	0	4	1	2	8	2	3	6	4	5	5	4	6	3	0	2	7	9	5	1	2	0	10	7	8	5	2	1	3	2	4	2	1	5	0	2	0	1	2	1	11	3	4	2	3	2	0	4	1	0	1	6	0	3	6	1	0	2	0
ANOS2P	292	389	423	448	360	321	295	269	360	337	364	365	328	91	80	119	94	97	72	85	79	103	81	89	98	134	82	80	76	92	66	93	69	70	54	86	66	79	53	64	71	50	43	81	50	77	28	77	64	33	52	55	101	23	80	19	68	30	55	35	55	38	60	33	46	43	71	30	60
A2MP1	2	1	3	0	2	1	1	1	3	7	6	13	2	2	3	1	7	4	4	1	1	2	9	0	2	2	1	4	5	2	2	0	4	1	8	12	4	4	1	1	1	2	2	1	0	5	1	0	0	3	3	4	0	0	5	1	1	4	0	1	2	2	1	5	6	6	2	7	6
RPS9	1826	1753	1901	1614	1723	1543	1734	1452	1790	1499	1683	1635	1581	1461	1508	1459	1773	1387	1791	1847	1723	1592	1474	1380	1560	1711	1467	1527	1129	1092	1066	1171	1270	1344	1171	1213	1058	1202	989	1410	1088	847	582	973	738	1012	579	1307	579	1310	639	1012	762	1147	606	621	377	785	417	949	484	870	406	799	505	1059	461	928	397
MANBAL	1153	1093	1169	982	938	941	988	924	1164	877	1027	885	999	1024	1082	1110	1153	1097	1151	1372	1185	1072	985	1023	1176	1173	980	873	767	751	827	819	900	874	789	782	690	766	709	945	782	679	553	774	517	869	562	914	484	866	630	761	762	701	607	646	519	812	549	866	578	934	526	791	644	1046	572	850	562
GRTP1	1059	1246	1438	1327	1182	1212	1085	987	1352	1150	1076	1206	1191	548	351	616	431	664	388	826	439	609	389	641	430	735	427	276	150	223	129	267	225	241	168	254	120	227	123	241	131	104	63	126	81	165	60	192	50	166	48	137	49	124	40	79	69	117	47	117	49	162	30	114	80	133	43	121	61
COL26A1	2468	3411	3343	3294	3204	3086	2850	2605	3122	2820	2957	2884	2964	4376	5009	4509	5272	4031	5620	5142	5339	4068	4468	3606	5097	5180	4754	5241	3702	4633	3587	4851	3981	5780	3931	4388	3504	4551	3132	5209	3898	2681	2691	3328	3244	3329	2417	4184	2676	4172	2502	3304	2989	3041	2394	3088	2322	3864	2631	4874	2872	4827	2494	3812	2303	4786	2409	4563	2424
CXCL1	28	33	39	38	28	28	35	23	22	34	39	38	20	10	2	13	0	6	7	8	6	18	2	8	6	13	2	3	1	0	3	2	0	6	0	4	1	1	2	7	3	4	0	0	0	1	0	0	0	0	0	0	0	0	0	1	2	2	0	3	1	0	1	5	0	5	2	0	0
RP11-474C8.8	0	1	4	0	3	0	0	1	0	0	0	0	1	0	1	1	0	2	0	1	0	0	1	1	2	4	1	1	3	5	1	1	4	2	2	4	0	0	3	2	1	5	1	2	2	4	2	4	0	11	4	5	7	7	8	2	7	7	6	12	3	6	3	5	15	5	6	22	6
CYP4Z2P	0	0	0	0	0	0	6	0	0	0	0	0	0	0	0	0	0	0	4	0	0	1	0	0	0	0	0	0	0	3	0	0	1	0	0	0	0	0	0	0	0	0	0	0	2	0	0	0	0	1	0	0	2	0	0	0	0	0	0	0	0	0	0	0	0	0	0	1	0
APBB2	2179	2039	2474	1854	2052	2206	2067	1718	2165	1961	2017	2036	2011	2265	2090	2284	2060	2335	1939	2908	2261	2638	2022	2559	2263	2726	2123	2156	2524	2216	2351	2267	2621	2406	2300	2403	2120	2122	2247	2656	2581	2714	4134	2862	4452	2918	3358	3411	3396	3292	3386	2872	3354	2394	3303	3104	3462	3992	3233	4625	3220	4975	3172	4037	2701	4251	3691	4833	3855
KRTAP10-1	0	0	0	1	0	0	0	0	0	0	0	0	0	0	0	0	0	2	1	0	0	0	0	0	0	0	0	1	0	0	0	3	1	0	0	0	0	0	0	0	0	0	2	5	0	0	0	0	0	2	0	0	0	1	0	0	0	0	0	2	0	0	0	2	0	0	0	0	0
ZNF189	537	393	421	411	363	396	517	335	383	407	424	432	437	626	682	672	644	739	658	785	718	617	572	651	814	819	698	815	969	724	943	691	1013	747	943	730	792	686	854	832	938	945	1287	1066	1038	1092	1194	1242	1052	1092	1139	947	1409	937	1344	1309	1433	1738	1310	2039	1306	2088	1232	1691	1516	1620	1615	1988	1519
RP11-927P21.5	1	1	2	1	1	1	1	1	1	1	1	0	1	1	1	1	1	1	0	1	1	1	0	1	1	1	1	0	1	0	1	0	1	0	0	0	1	1	0	1	0	0	1	1	1	1	0	1	1	1	0	1	1	0	1	1	1	1	1	1	1	1	1	0	0	0	1	1	1
RN7SL138P	0	0	0	0	0	0	0	0	1	0	0	0	0	0	0	0	0	0	0	0	0	0	0	0	0	0	0	0	2	0	0	0	0	0	0	0	0	0	0	0	0	0	0	0	0	0	0	0	0	3	0	0	0	0	0	0	0	0	0	0	0	1	0	0	0	0	0	0	0
LINC01385	2	0	0	1	0	0	2	1	0	0	0	0	0	2	1	0	2	0	0	0	0	0	0	0	2	1	0	0	0	0	0	0	0	0	0	0	0	0	0	3	0	0	0	0	0	0	0	0	1	0	0	0	0	0	0	1	0	0	0	0	0	0	0	0	1	0	0	0	0
ARHGAP6	56	40	61	35	44	31	39	20	45	31	43	35	45	174	592	188	614	255	556	241	625	247	527	200	579	208	498	593	1060	520	980	549	1010	533	1037	596	924	559	944	651	977	596	488	753	634	738	434	1012	373	808	429	717	953	591	499	276	169	380	211	445	282	422	164	390	214	412	259	574	180
CBX5P1	173	155	197	169	176	147	183	163	161	170	169	173	186	204	229	194	278	221	239	267	267	213	258	243	285	239	218	304	340	238	287	258	269	354	316	264	204	334	267	349	254	303	167	268	152	263	173	373	151	370	159	309	229	233	159	169	114	232	128	296	156	260	126	230	110	293	201	315	158
LINC01282	0	0	0	0	0	0	0	0	0	0	0	0	0	0	0	0	0	0	0	0	0	0	1	0	0	0	0	0	0	0	0	0	3	0	1	0	1	0	0	0	0	0	0	0	0	0	0	6	0	0	0	0	0	0	0	0	0	0	0	0	0	0	0	0	0	0	0	0	0
FAM180A	1	0	1	0	1	1	9	2	1	0	0	0	0	14	17	18	32	16	20	24	15	12	21	11	14	18	11	0	1	0	7	1	2	1	0	1	2	6	3	3	0	1	0	0	0	2	2	1	0	0	2	1	1	0	1	0	1	1	2	6	2	0	1	1	2	0	4	0	0
IFT81	1231	783	977	772	902	879	879	799	977	808	816	863	897	651	440	567	434	663	365	720	509	624	449	602	483	712	496	539	714	494	744	569	757	554	654	687	747	502	610	672	713	883	1041	969	806	974	952	1117	714	960	899	807	1042	987	1057	989	1005	1441	994	1447	971	1627	936	1364	1072	1382	1127	1264	1085
SAR1P1	42	41	44	35	39	35	37	32	35	36	37	34	40	47	42	48	41	49	45	61	52	47	44	45	50	50	47	34	31	33	31	36	34	35	33	39	32	31	26	41	34	21	25	29	31	27	26	35	26	30	26	26	21	26	23	27	18	28	19	24	16	31	17	30	20	33	19	33	17
RP11-89N17.1	1	1	9	2	0	4	1	0	1	1	3	2	2	1	0	3	2	0	1	3	0	1	1	2	0	1	0	0	3	1	0	1	1	0	0	0	1	0	0	0	2	2	4	0	8	0	1	0	0	0	0	0	4	1	1	1	0	0	3	1	2	4	0	3	1	0	2	0	5
OR6L1P	0	0	2	0	0	1	0	0	0	0	0	0	0	0	0	0	4	0	0	0	0	2	0	0	0	0	2	0	2	0	2	0	0	0	4	0	1	1	1	1	0	0	2	0	10	1	1	1	3	0	2	2	4	0	2	5	3	1	2	14	2	6	1	1	4	3	6	4	3
RPL34P1	12	21	17	15	17	24	17	10	17	15	10	18	12	10	12	13	20	10	20	12	16	16	19	13	11	19	12	18	12	14	7	13	18	13	13	14	9	12	9	12	10	5	4	7	3	11	4	19	16	13	6	12	6	12	8	9	5	6	6	11	5	14	5	6	4	12	3	8	3
NDUFC1	1153	969	1025	869	1051	974	1145	806	1132	1003	1056	1106	1017	1051	887	1040	979	1080	987	1355	1027	1083	926	1152	997	1271	939	793	509	596	502	616	651	743	591	685	484	661	537	785	487	467	290	521	272	520	278	657	262	586	405	556	477	620	338	330	263	307	315	364	277	398	271	404	308	445	274	431	253
MTND4P23	4	0	0	1	0	0	0	2	1	1	0	0	0	0	0	0	0	0	0	0	1	0	1	0	0	0	0	0	0	0	0	0	0	0	0	0	0	0	0	0	0	0	0	0	0	0	0	0	0	0	0	0	0	0	0	0	0	0	0	0	0	0	0	0	0	0	0	0	0
FMN2	190	243	215	252	220	228	207	183	238	196	165	227	179	486	390	414	506	441	474	446	508	393	430	382	507	495	507	2205	2373	2094	2132	2332	2214	2453	2252	2125	1989	2359	1960	2463	2312	3394	4187	3807	4727	4193	3391	5366	3531	4443	3062	3784	3379	3789	3404	5284	3786	6477	3749	7376	3740	7830	3393	6703	3432	7296	4310	7685	4000
AC004160.4	0	0	1	0	0	0	0	0	0	0	0	0	0	1	0	2	4	1	1	1	0	0	0	0	3	0	0	0	2	1	2	0	2	0	1	0	1	0	1	0	1	7	10	4	11	6	13	3	6	7	5	4	5	2	6	9	11	12	7	8	8	8	7	4	7	8	15	12	14
RNA5SP465	0	0	0	1	0	0	0	0	2	1	0	1	0	0	0	3	0	0	0	0	0	1	0	0	0	0	0	4	0	0	0	0	1	2	0	0	0	0	0	0	0	0	1	0	0	0	0	1	0	0	0	0	1	0	0	0	0	2	2	3	0	0	0	3	1	2	3	0	1
SDC1	1373	2011	2017	1867	1818	1867	1605	1298	1717	1537	1586	1566	1728	2204	1722	2247	1860	2085	2051	2803	1830	2267	1588	2109	1791	2574	1548	761	524	697	495	829	584	846	589	646	552	720	533	875	528	167	51	208	64	242	62	227	20	332	49	290	126	214	54	44	55	43	84	56	79	52	87	61	72	70	71	71	67
SWSAP1	91	95	111	136	85	86	89	61	86	64	103	94	108	79	79	114	108	105	72	132	102	85	90	78	108	95	85	86	88	76	68	82	68	73	81	58	70	83	73	74	87	71	58	79	93	84	54	101	87	103	98	98	72	83	78	57	54	63	89	76	79	110	62	97	59	110	73	100	93
CLIC1P1	782	788	935	708	784	659	794	669	824	578	799	759	835	677	594	607	675	637	668	802	726	681	537	646	617	765	562	455	410	412	445	411	429	453	430	375	448	392	391	435	420	292	456	432	585	445	464	449	440	435	499	372	467	417	447	581	522	653	511	810	485	908	552	756	575	812	591	744	506
DGAT2L7P	6	4	4	11	6	2	11	4	6	11	5	5	11	3	1	0	1	0	0	1	1	1	0	0	1	0	0	0	0	0	0	3	1	0	0	0	0	0	0	0	0	0	1	0	0	0	0	0	0	0	0	0	0	0	0	0	1	0	0	0	0	1	0	0	1	3	0	0	4
BCL7A	550	654	627	586	640	544	535	562	631	570	636	605	531	2485	3191	2398	3831	2270	3706	2957	3795	2636	3429	2338	3768	2811	3430	7232	7156	6738	6979	7111	7438	7555	6718	6939	6452	6937	5972	7676	7080	8544	8282	10259	9805	10557	7496	13531	7711	11965	8066	10015	8924	9334	7984	13006	6893	15807	7008	18573	8148	19129	6844	16465	7004	18822	8382	20438	7666
MAFA	129	109	131	94	114	93	124	83	119	66	123	111	138	136	3623	135	5054	132	5278	172	5888	153	4616	93	5037	135	4551	845	6615	640	5649	670	7055	758	7638	633	7013	689	6705	751	7221	947	5515	1213	8156	1264	4129	1725	5384	1710	5784	1289	5719	1481	5016	770	3032	874	3418	1078	4107	1245	2693	1133	3432	1386	3769	1319	3528
TRPC7-AS1	0	0	0	0	0	0	1	0	0	2	0	0	0	0	1	0	0	1	3	1	0	0	0	0	0	3	0	0	0	0	0	1	0	0	0	0	0	0	0	0	0	0	2	0	2	0	2	0	0	0	0	0	0	0	0	0	0	0	0	0	0	0	5	0	0	0	1	0	0
AK6	354	191	272	246	269	271	271	235	262	255	247	310	245	210	229	231	243	278	201	256	256	231	230	235	213	253	234	197	189	178	184	165	179	207	208	198	174	169	169	214	143	161	118	138	119	162	94	208	80	170	96	132	116	204	121	133	94	204	99	212	90	181	101	182	132	182	124	190	90
DLEU1-AS1	0	0	0	0	0	0	0	2	0	0	0	0	0	1	1	0	3	1	0	4	0	0	3	3	0	0	0	0	0	0	0	0	0	0	0	0	0	0	0	0	0	0	0	0	0	0	0	0	4	0	0	0	2	0	0	1	0	0	0	1	0	0	0	0	0	0	0	1	0
RP3-323K23.3	46	36	58	44	43	49	43	29	43	43	38	54	50	54	84	69	78	50	69	84	85	60	70	60	73	51	63	79	65	58	72	82	93	72	74	100	70	72	72	109	84	71	48	76	74	79	53	84	39	107	59	74	54	118	54	84	34	77	61	100	36	105	42	77	51	96	46	69	55
LINC00315	1	1	3	2	1	2	0	4	2	4	2	3	6	3	1	7	1	10	11	5	1	1	0	2	4	3	3	0	2	0	3	0	0	0	3	1	1	0	1	0	1	0	7	2	7	0	6	5	8	0	2	4	3	0	9	1	8	4	4	2	2	1	0	0	3	0	8	6	4
RNU5E-4P	0	0	0	0	0	0	0	0	0	0	0	0	0	0	1	0	0	0	0	0	0	0	0	1	0	2	0	0	0	0	1	0	0	0	0	0	0	0	0	0	0	0	2	0	0	0	0	0	0	0	0	0	0	0	0	0	0	0	0	0	0	0	0	0	0	0	0	0	0
AC024560.2	3	2	0	2	1	2	1	3	1	0	1	2	0	0	0	0	1	0	0	2	0	0	0	0	0	0	0	0	0	0	0	0	0	2	0	0	0	0	0	0	0	2	3	0	15	0	1	1	0	0	4	0	2	1	2	0	4	1	5	1	0	2	0	2	1	0	9	2	9
SLC25A16	456	326	463	337	381	425	464	335	429	396	480	379	431	379	449	482	562	506	471	542	548	573	475	493	694	563	610	620	821	658	854	621	985	610	860	709	772	640	733	729	774	817	847	872	886	902	891	900	850	954	1102	794	1041	786	1025	947	1005	1250	961	1322	966	1431	988	1328	1155	1277	1133	1366	1113
RP3-507I15.2	1	2	0	0	1	1	0	0	4	1	1	1	0	1	0	1	0	3	0	4	0	2	1	1	1	2	5	0	4	1	0	0	0	1	2	0	0	0	0	1	0	0	4	3	1	2	3	0	0	1	1	0	1	0	1	3	2	3	2	2	2	4	4	5	8	1	5	2	2
MDGA2	68	50	62	25	58	24	66	21	72	29	51	45	80	15	24	26	17	27	16	48	33	47	26	31	26	25	26	5	11	18	1	6	6	11	2	13	14	2	15	26	10	2	1	2	16	6	0	9	2	7	0	5	10	3	3	10	0	4	7	4	5	13	5	4	6	9	4	6	2
CTD-2027G2.1	422	294	380	288	346	314	374	278	320	308	334	356	292	300	396	320	386	261	345	367	411	360	342	310	377	340	428	304	286	267	284	243	270	320	282	283	193	294	233	354	284	204	93	216	134	182	97	222	96	246	114	180	153	266	110	67	33	67	45	110	46	111	44	88	60	118	45	120	46
AP001059.6	1	0	1	0	0	0	0	0	0	0	0	0	1	0	0	1	1	0	0	2	1	1	0	0	0	1	0	0	0	0	1	0	1	1	0	0	0	0	0	0	0	0	0	0	0	1	0	1	0	0	0	0	0	0	1	1	0	0	0	0	0	0	0	0	0	0	0	3	0
KCNIP2	132	98	133	86	120	119	144	108	110	128	131	98	123	141	217	193	281	193	309	225	260	150	239	166	309	164	288	499	853	501	759	471	949	543	850	441	730	577	666	611	755	523	628	519	740	506	573	685	690	661	638	521	722	416	612	404	646	460	587	597	585	567	620	558	569	569	605	536	746
EDNRB-AS1	1	5	0	1	4	4	3	1	3	1	6	4	3	2	5	0	5	0	0	8	2	6	9	1	4	1	7	4	8	7	9	7	3	4	1	13	8	1	3	5	5	6	2	11	1	13	3	17	0	10	2	5	3	3	2	5	0	10	2	5	0	9	0	5	0	5	4	16	0
RPL10P3	29	25	38	35	42	23	39	21	35	21	33	30	26	43	36	47	41	35	39	54	41	48	36	40	35	49	37	41	37	32	26	37	39	30	27	33	33	26	25	42	31	12	18	23	25	19	13	41	10	37	25	26	23	27	19	24	14	26	16	29	23	48	16	24	18	44	17	31	21
THNSL1	375	282	263	203	324	217	295	227	302	205	256	259	286	310	314	285	340	296	313	302	320	308	312	287	348	330	308	312	265	252	305	272	313	354	351	389	303	317	268	348	286	225	89	201	54	206	142	287	192	228	163	204	184	198	187	125	119	207	169	215	164	213	183	259	210	221	227	249	188
RP4-641G12.4	1018	798	1048	789	918	816	904	710	840	850	916	798	960	752	796	749	838	885	812	954	826	765	710	720	870	888	786	856	806	832	798	876	828	872	790	777	702	824	737	1022	780	742	648	858	664	802	635	998	488	973	584	806	748	843	618	547	540	755	538	857	516	780	550	736	526	814	620	708	556
AC068134.6	9	33	32	37	25	18	16	20	26	36	17	29	16	4	2	3	5	4	12	10	9	6	2	11	9	9	5	2	1	0	0	3	0	0	1	0	3	0	0	0	1	0	0	0	0	0	1	0	0	0	0	0	1	0	1	0	0	2	0	0	2	4	1	1	0	1	3	4	0
RP11-109N23.4	6	10	5	5	8	6	14	9	15	5	7	19	11	1	12	2	8	7	4	6	5	9	4	3	8	5	5	4	12	1	6	10	8	0	3	14	1	3	3	2	4	3	3	1	0	7	7	6	7	5	2	11	4	11	9	13	8	2	12	2	12	2	16	2	7	9	10	2	8
UPRT	978	740	814	753	767	748	816	730	807	772	800	802	677	613	647	590	603	650	539	770	664	631	527	596	576	673	609	493	566	484	464	529	534	560	542	552	446	496	464	644	544	456	438	545	455	521	524	741	501	615	526	567	618	552	489	521	428	617	427	622	453	809	498	707	539	743	559	676	579
RP11-621L6.3	6	4	1	1	6	1	3	4	1	1	2	0	0	6	1	1	1	0	0	0	1	3	0	0	1	2	0	9	4	1	4	1	1	2	3	3	0	6	2	3	0	3	0	2	5	4	0	3	0	4	0	1	5	7	0	0	0	5	2	5	2	5	0	8	2	5	6	7	7
AC091493.2	6	3	16	10	3	12	2	4	6	11	5	6	13	9	7	15	6	21	9	28	12	19	4	35	22	13	6	0	1	8	4	0	0	3	1	3	2	1	0	7	1	5	0	0	0	3	0	0	0	0	0	0	0	0	2	0	0	0	0	0	4	0	2	0	0	0	0	0	1
RP11-188D8.1	1	4	2	1	0	3	3	3	0	1	1	1	1	4	5	6	0	2	9	4	5	10	3	3	0	4	1	6	4	10	1	2	10	2	8	0	2	3	1	1	0	2	4	7	1	8	3	6	2	2	1	4	1	5	3	0	3	6	2	7	3	10	1	0	5	3	8	2	12
RP11-247A12.1	0	0	0	0	0	0	0	0	0	0	0	1	0	0	0	0	0	0	1	2	3	1	0	0	2	0	1	0	3	1	6	2	3	3	3	1	3	2	2	1	2	5	7	2	6	2	2	6	2	7	6	3	6	2	5	3	9	5	5	5	7	10	7	4	8	12	5	8	6
THSD1	45	23	42	27	44	27	48	20	39	30	34	18	43	22	33	13	28	26	21	39	35	27	28	29	41	31	27	31	27	27	26	22	32	26	30	22	26	24	28	38	36	35	31	45	53	36	28	46	38	40	39	27	42	45	44	35	40	52	53	60	43	61	44	52	45	71	36	59	46
RP11-483I24.1	0	3	0	0	2	0	0	0	0	0	0	0	1	0	0	0	0	0	0	0	0	0	1	0	0	0	0	0	0	0	0	0	0	0	0	0	0	0	0	0	0	0	0	0	0	0	0	0	0	0	0	0	0	0	0	0	0	0	0	0	0	0	0	0	0	0	0	0	0
ATF1	921	720	776	617	684	719	718	559	689	683	671	839	758	538	405	509	478	703	329	694	399	524	397	594	428	687	419	340	284	324	321	318	292	353	290	301	290	324	253	428	273	222	237	297	280	310	199	328	142	309	171	287	212	321	223	156	137	224	154	292	181	352	169	267	125	263	179	313	172
AC097523.3	266	192	202	130	204	184	206	163	196	170	196	211	217	286	333	251	357	280	318	288	404	263	374	307	392	272	350	414	301	355	287	423	336	419	318	349	263	396	313	488	289	360	291	442	333	383	286	487	181	512	255	452	285	465	271	232	226	298	205	376	218	346	206	254	157	351	250	336	210
CHRNE	25	19	19	21	28	19	33	24	23	13	21	15	16	23	17	20	24	13	18	39	15	26	26	17	31	24	29	14	9	11	10	3	9	10	14	10	8	9	13	16	14	8	7	5	7	11	5	13	6	0	8	4	23	6	11	14	11	16	13	27	25	29	24	25	18	36	19	47	15
RBM20	41	27	26	35	45	24	26	10	24	23	20	32	22	595	2267	598	1942	562	1917	652	1838	668	1654	579	2039	663	2091	1855	2825	1704	2570	1695	2634	1937	2449	1585	2318	1875	2187	2022	2394	1908	1406	2209	1411	2122	1453	2933	1291	2553	1367	2132	1997	1737	1565	1216	960	1608	970	1897	1018	1899	890	1559	775	1880	1230	2101	952
RP11-746P2.3	12	15	14	19	13	17	37	18	28	17	12	10	16	17	15	19	22	13	15	17	11	22	26	20	23	22	14	23	27	24	27	35	29	13	16	29	27	37	21	23	34	59	65	43	94	45	38	32	41	35	38	56	26	30	39	23	47	54	48	76	47	90	59	50	50	49	60	44	51
NFIA	60	55	74	74	49	78	54	51	48	71	62	63	54	221	336	226	414	209	390	292	429	277	414	253	405	244	389	1060	675	985	647	909	743	1069	683	945	704	971	635	1228	699	1074	683	1166	911	1086	550	1668	580	1434	549	1256	669	1270	545	990	360	1192	345	1381	408	1477	285	1364	440	1419	500	1697	374
RP1-142L7.9	0	0	0	0	0	0	0	0	1	0	0	0	0	0	0	0	0	0	0	0	0	0	0	0	0	0	2	0	0	0	0	0	0	0	0	0	0	0	0	0	0	0	0	0	0	0	0	0	0	0	0	0	0	0	0	0	1	1	0	0	0	0	0	0	0	0	0	0	0
KLHL5	951	714	821	710	813	862	806	734	822	753	836	722	752	740	737	825	675	914	564	983	744	900	598	836	747	939	638	633	495	566	435	615	457	617	421	614	397	524	352	699	431	365	208	327	152	356	198	423	136	431	293	398	318	404	262	234	218	326	273	330	234	396	221	271	257	344	283	359	311
COX5A	2126	1631	1890	1589	1726	1676	1795	1356	1807	1523	1719	1634	1573	1121	1415	1241	1528	1344	1472	1606	1597	1284	1335	1202	1451	1573	1404	1985	1772	1530	1684	1559	1957	1799	1855	1530	1591	1607	1648	1930	1690	1573	1182	1675	1284	1741	1105	1989	1016	2115	1128	1665	1365	2183	1171	1210	1013	1527	931	1715	1078	1741	919	1613	1227	1855	1095	1800	1093
FKBP3	3118	2200	2872	2434	2395	2799	2581	2228	2449	2266	2404	2883	2477	2609	2074	2716	2361	2854	2162	3250	2761	2772	2332	2744	2480	3288	2290	2240	1717	2141	1870	1993	2010	2356	1984	2221	1809	1920	1705	2592	1946	1679	1369	1945	1164	1904	1333	2039	1084	2166	1296	1596	1432	2209	1364	1395	1365	1895	1274	2117	1342	2084	1282	1958	1548	2112	1600	2204	1481
RPL7P23	4514	3746	4077	3753	3799	4011	4038	3768	3868	4178	3668	4083	3611	3527	3699	3621	3928	3707	3562	4415	4241	3988	3603	3899	3752	4457	3601	3437	2501	2905	2578	2835	2964	3393	2811	3179	2530	3088	2420	3921	2713	2031	1272	2275	1389	2164	1280	2753	1209	2989	1538	2284	1615	2902	1401	1334	942	1822	945	2068	1080	2107	933	1919	1297	2240	1210	2147	1074
FOXR1	0	2	3	0	0	0	1	0	0	2	2	3	1	0	0	2	1	0	1	0	0	0	0	1	5	2	3	3	0	1	0	1	0	0	0	0	2	1	0	0	1	0	1	0	1	0	0	0	1	0	0	0	0	0	0	0	0	0	0	0	0	0	2	0	1	0	1	3	0
CTB-60E11.9	2	0	0	3	2	1	2	1	5	0	0	0	1	0	2	1	2	0	4	0	1	0	3	0	5	0	0	14	1	10	4	6	4	2	3	1	4	10	2	11	4	2	4	14	10	6	4	9	1	9	2	12	4	7	2	11	4	17	5	16	2	11	3	9	1	18	3	8	3
DNAH10	4	18	7	10	12	5	5	4	14	8	7	6	8	6	4	3	6	1	13	13	13	5	12	10	17	7	7	10	14	7	14	4	4	6	13	9	18	5	10	12	12	22	57	15	68	16	41	12	39	21	24	18	37	13	40	29	102	27	82	36	72	44	98	28	49	40	99	39	120
COL4A2-AS1	0	3	4	0	0	4	0	1	2	1	1	4	0	5	2	3	4	3	5	2	4	2	1	3	1	0	7	6	4	7	4	3	6	9	0	1	2	3	4	9	7	4	5	1	0	0	3	1	1	6	7	5	2	0	1	2	5	0	3	0	1	1	0	1	1	9	1	7	4
RTN3	6731	5722	6483	6532	6000	6621	5816	5758	6020	6380	5764	6412	5726	5650	4675	6059	5201	6494	4665	7460	5604	6204	4931	6076	5365	7341	4853	6253	5598	6092	5513	5982	6232	6837	5665	6535	5274	5849	4950	7226	5647	6050	6977	6870	6573	6320	6282	7924	5707	7826	6040	5997	5884	7092	6224	7507	7971	9753	7793	10828	7222	11170	7532	9903	8432	10487	8509	11123	8640
DYNC2H1	1930	1291	2101	1381	1642	1348	1664	1250	1628	1419	1831	1423	1743	1203	1230	1242	1131	1156	974	1370	1115	1151	1129	1361	993	1539	1137	699	1001	766	985	759	885	938	989	825	883	901	991	802	913	484	509	440	510	364	522	493	549	472	548	452	748	265	636	145	621	158	490	180	508	242	459	169	435	188	730	149	548
CTD-3222D19.12	72	60	60	60	73	82	69	36	59	57	64	55	81	59	47	68	60	68	74	105	41	95	41	75	79	85	61	24	32	27	39	39	38	41	35	39	38	33	31	36	27	27	40	34	27	31	25	30	31	39	29	25	22	46	30	53	45	58	30	46	43	53	35	68	43	64	59	43	36
AGAP1-IT1	7	1	10	8	5	3	7	8	5	3	3	5	7	25	14	21	24	14	27	19	13	17	16	28	21	13	17	6	11	7	13	7	9	18	8	9	8	18	4	23	9	6	11	10	1	12	8	5	9	11	14	13	8	3	8	8	8	6	3	6	2	8	3	4	6	4	2	10	13
STMN3	1433	1910	1977	1841	1702	1539	1600	1422	1734	1562	1370	1599	1683	1501	1834	1634	2434	1803	2443	1930	2466	1464	1805	1306	2147	1975	1981	6550	6696	5318	6461	5869	7271	6581	7399	5533	5996	5669	5803	6028	6771	6780	12286	9438	15577	9090	11579	11959	12666	11792	12366	9147	11957	9517	12079	10525	11393	12703	12374	15400	13004	15947	11606	13409	11833	15323	12530	14722	13156
RP11-1223D19.3	12	13	16	5	15	10	15	9	16	6	18	7	11	7	16	12	19	8	21	14	14	12	15	16	16	13	15	12	7	4	7	7	7	11	5	6	10	8	2	8	4	3	1	2	6	0	4	4	7	4	4	6	1	5	2	2	1	2	2	0	7	1	1	4	2	1	2	5	0
HCLS1	101	83	94	46	115	65	80	85	118	84	89	70	78	73	66	60	42	60	63	71	53	83	40	59	43	51	55	8	6	7	5	12	4	13	4	14	4	8	1	11	4	6	5	0	8	2	5	6	6	7	0	12	2	0	2	1	2	5	5	15	7	3	8	5	4	5	17	6	12
LZIC	630	548	671	483	590	639	542	491	611	581	562	598	501	798	743	824	798	801	710	931	882	838	783	831	851	950	810	837	868	922	974	936	938	854	852	875	838	874	741	1076	877	965	591	1099	537	1041	671	1212	617	1161	768	986	952	911	804	1144	845	1472	817	1644	902	1544	769	1338	859	1518	1124	1473	969
MMP10	4	4	4	8	2	6	8	2	6	0	3	0	4	4	0	2	2	0	2	0	5	0	1	0	0	6	0	0	0	0	0	0	0	1	2	0	0	0	0	0	0	0	0	0	0	0	0	0	0	0	0	0	0	0	1	0	2	0	2	0	0	0	0	0	0	0	0	0	0
METTL22	1007	1174	1143	898	937	1011	1047	1000	1017	893	954	1020	1042	1022	848	971	911	983	990	1278	901	1014	993	1006	1004	1114	966	871	874	879	797	811	883	885	819	761	714	823	698	851	841	927	1064	1122	1230	1083	953	1414	957	1408	881	1149	1040	899	935	1064	1089	1331	982	1605	1088	1569	946	1269	874	1548	976	1598	1044
RP11-341B24.3	134	68	100	133	144	104	100	72	106	100	117	92	138	64	90	102	110	120	98	171	120	120	106	138	94	128	138	106	92	100	94	104	74	128	97	114	108	95	93	130	78	95	88	100	116	104	100	97	91	113	86	107	70	126	92	99	118	124	104	149	106	142	103	107	102	164	90	139	91
TACC2	1430	1633	1954	1651	1585	1417	1338	1171	1631	1344	1685	1420	1688	5674	9182	5604	9671	5448	9471	6454	9036	5530	8190	5127	9955	6565	8768	10881	14631	9599	13774	10603	14483	11112	13291	10125	12635	10977	11600	11382	13038	13082	14687	14713	16054	14366	13895	18179	13518	16639	12970	13922	15999	11675	14523	16465	12241	20607	12088	23483	12886	24306	11894	20001	11059	22587	13296	23608	12332
POU5F1B	10140	9363	9486	8407	9021	8389	9270	7590	9124	7875	9085	8474	8221	5764	5447	5886	6060	5890	6244	7445	6256	6350	5449	5797	5887	6916	5180	2806	1683	2287	1604	2476	1918	2969	1971	2626	1639	2488	1591	3202	1775	842	444	826	407	926	371	1044	345	1079	425	950	336	985	378	313	328	378	352	391	289	492	312	321	311	412	250	451	237
RTEL1-TNFRSF6B	88	109	152	82	113	72	107	68	129	88	138	102	117	75	71	81	68	102	102	118	62	97	60	69	95	132	105	95	132	101	112	77	104	115	113	101	99	106	97	101	97	104	142	106	223	92	120	91	179	103	136	100	188	86	122	77	144	89	173	96	166	128	146	93	109	105	187	85	137
RP11-271K21.12	1	2	1	4	2	0	0	0	2	2	1	1	0	4	0	0	2	3	2	3	0	0	1	0	1	4	3	5	15	6	8	3	0	1	3	2	11	0	10	4	2	5	14	8	47	2	7	3	9	6	8	6	13	1	8	9	8	4	6	16	10	8	11	8	9	4	12	16	21
TMEM187	132	151	125	88	153	102	148	77	157	94	109	123	105	141	175	157	229	111	196	239	235	165	228	161	220	205	184	182	110	143	150	146	159	220	191	134	160	141	136	198	185	96	62	156	39	137	68	174	79	133	106	101	101	166	108	77	85	112	102	154	62	163	77	114	76	172	84	155	93
CD7	16	14	17	19	36	16	25	20	17	30	18	22	21	3	9	8	18	0	13	7	11	8	10	13	11	6	1	1	3	3	7	2	4	1	7	2	4	5	22	1	11	0	14	1	31	1	1	0	1	1	1	0	9	0	5	3	3	2	0	1	6	0	2	4	0	1	8	1	8
RP5-1120P11.1	38	34	41	37	25	21	29	47	34	42	43	56	24	10	9	5	11	2	4	21	9	14	5	17	3	14	13	5	0	6	4	6	3	7	1	7	2	7	0	2	5	3	0	9	8	7	3	10	3	4	0	0	1	5	5	4	9	4	2	9	2	9	3	5	3	12	4	12	0
PRICKLE4	13	21	12	22	10	18	8	15	19	14	16	16	8	40	35	49	53	39	61	61	48	36	36	48	56	68	34	82	114	86	106	69	111	89	113	71	82	90	94	95	78	89	65	100	65	108	74	134	68	140	69	88	100	90	69	56	59	68	58	94	65	110	54	84	61	126	69	130	64
RP11-244H3.1	28	31	14	31	12	39	41	44	36	30	38	25	37	31	67	57	61	48	79	57	57	54	61	57	61	71	71	76	98	52	86	69	87	60	104	57	85	108	75	87	77	69	23	96	22	66	33	89	32	92	35	111	58	59	43	49	44	84	50	72	59	62	46	68	43	95	76	108	68
GPSM1	599	897	976	805	852	691	724	640	865	700	807	705	767	387	639	428	896	351	885	479	896	409	588	345	810	503	651	1844	3227	1368	2804	1600	3101	1777	3256	1385	2782	1580	2728	1700	2960	2988	5075	3818	6450	3779	4636	4959	5369	4646	4889	3780	5672	3274	4756	6373	4345	7313	4694	9355	5137	9851	4353	8617	4092	9632	4701	9813	4468
FJX1	148	253	240	237	233	240	175	183	199	185	211	238	210	313	667	343	749	356	763	421	808	365	614	295	696	387	631	838	1606	662	1379	782	1648	755	1735	649	1552	648	1330	780	1639	1205	2617	1656	3696	1665	2382	2235	2692	2091	2647	1553	2956	1897	2539	2409	2256	2700	2641	3633	2983	3807	2390	3221	2561	3678	2682	3414	2651
CX3CL1	34	35	52	45	54	36	54	24	52	32	31	43	43	13	13	13	23	15	20	17	8	12	16	14	18	10	9	5	3	0	0	0	1	0	1	0	0	0	5	3	2	0	0	0	0	1	0	0	3	0	0	0	0	1	2	0	0	2	0	5	1	1	0	1	1	2	1	3	1
RP11-1149M10.2	1	0	3	0	1	1	0	5	1	2	0	2	0	0	0	0	0	2	1	0	0	0	0	0	0	0	1	0	0	0	0	0	0	0	0	0	0	0	0	0	0	0	0	0	0	0	0	0	0	0	0	0	0	0	0	0	0	0	1	0	0	0	0	0	0	0	0	0	0
DIAPH1	7900	7761	9851	8318	8867	7821	7816	6271	8314	6882	8918	7146	8452	11365	10038	11436	10600	11506	10002	13662	10411	11387	9552	11437	10601	14068	9389	5846	4904	5748	4866	6053	5075	6596	4804	6007	4654	5976	4176	7013	4953	3835	3263	4191	3169	4155	2799	5056	2578	4987	2992	4073	3530	3482	2967	2932	2898	3589	2821	4128	3078	4288	2734	3628	2690	3961	3398	4194	2989
AC006946.15	11	23	16	15	13	10	10	6	13	13	6	7	11	6	2	6	4	7	8	4	7	8	1	4	3	9	3	4	3	4	16	7	13	10	9	7	7	9	6	2	23	16	16	12	9	13	18	13	18	14	6	9	11	8	5	15	5	20	8	27	10	9	10	9	10	12	14	14	7
SSR3	5284	4026	5316	4347	4331	4758	4434	3937	4418	4385	4220	4881	4504	4475	5198	4927	5186	5178	4618	6046	5554	5069	5259	5218	5533	5670	5353	5257	4443	4960	4438	4903	5026	5547	4626	4881	4299	5143	4061	5940	4452	3844	2774	4195	2881	3952	2612	5108	2282	4549	2827	3962	3348	4889	2905	2681	2114	3617	2035	3966	2126	4094	1990	3814	2569	4056	2711	4260	2307
CH507-254M2.2	714	525	511	438	466	535	549	532	537	513	510	558	475	554	640	574	646	587	576	708	640	634	600	621	670	693	625	892	920	867	883	845	944	922	915	886	803	818	808	998	804	928	888	946	886	953	759	1146	630	1064	742	848	802	942	771	738	563	953	566	1105	565	1191	576	991	649	1005	641	1138	651
CDK7PS	837	586	624	513	662	629	667	582	636	598	617	534	684	354	280	366	328	352	326	399	304	364	295	333	357	416	272	202	212	243	221	239	238	209	231	240	209	200	170	294	225	207	149	220	115	216	166	286	112	231	134	191	203	211	140	125	123	164	123	208	136	229	128	153	128	183	130	179	130
AFAP1L2	128	188	189	164	154	175	176	183	174	218	164	148	173	676	1335	739	1252	674	1088	888	1179	737	1015	609	1114	785	956	550	511	571	529	488	575	594	595	531	453	448	412	574	494	370	208	378	180	413	173	375	160	447	156	360	228	402	168	202	105	314	104	393	112	408	81	292	118	300	114	428	84
RP11-326C3.7	35	21	22	24	28	24	29	25	47	22	45	33	31	6	9	19	18	15	20	19	20	9	15	12	24	20	6	2	3	9	3	6	4	5	6	7	7	4	4	9	9	4	0	2	0	6	1	6	0	8	2	2	1	9	9	8	3	3	4	5	0	7	2	8	8	10	6	3	1
RP11-18B3.2	136	101	118	120	111	96	113	111	117	95	133	115	115	132	168	147	158	149	127	159	133	164	151	165	159	196	151	153	121	160	130	138	110	161	105	155	118	135	105	139	127	79	27	79	32	114	16	102	18	107	36	69	41	94	25	27	19	30	17	34	7	17	11	31	10	30	25	27	14
RP11-241I20.1	0	0	0	0	0	3	0	1	0	0	0	0	0	0	1	0	0	0	0	2	1	0	0	5	0	0	0	0	0	0	0	0	0	0	0	0	0	2	2	0	0	0	2	0	3	0	0	0	2	0	0	0	0	0	0	0	0	0	0	0	0	0	0	0	0	0	0	0	0
RP11-150C16.1	0	0	2	0	1	1	0	1	2	0	2	0	1	0	4	0	4	1	4	0	0	8	2	0	3	9	4	1	0	10	0	0	0	4	2	1	6	0	0	11	2	0	2	0	0	0	0	0	2	1	0	0	0	0	0	0	0	0	0	0	0	0	0	0	0	0	0	0	0
STYX	2158	1548	1800	1574	1730	1701	1924	1573	1768	1707	1788	1778	1770	1552	1343	1630	1355	1719	1154	1978	1586	1663	1396	1737	1503	2021	1355	1066	657	1024	663	1113	759	1114	782	1099	744	1021	639	1301	690	520	318	609	259	586	331	651	344	702	441	568	488	576	506	335	394	435	363	513	365	548	365	506	481	495	457	510	430
GOPC	1837	1274	1619	1283	1493	1477	1578	1227	1408	1348	1498	1502	1430	1909	2030	1976	2184	2233	1779	2356	2219	1978	1975	2006	2269	2523	2196	2371	2287	2417	2247	2611	2287	2543	2161	2510	2131	2532	2004	2996	2219	2596	2074	2784	2028	2495	1969	3431	1881	3092	2000	2368	2432	2748	2144	2406	1745	3146	1699	3373	1857	3596	1691	3168	2009	3228	2202	3556	2003
WDR7	846	725	945	749	834	772	697	601	828	714	902	733	875	806	1090	791	1120	845	950	913	1179	710	907	819	1143	1059	987	1274	1683	1421	1734	1507	1659	1544	1517	1381	1530	1446	1361	1510	1660	1454	1731	1570	1845	1496	1558	1963	1539	1976	1419	1573	1818	1316	1607	1410	1679	1757	1596	1949	1560	1961	1496	1900	1280	1742	1812	1871	1614
RP11-307C12.12	3	3	9	1	9	5	6	5	8	5	8	0	6	6	1	8	3	8	3	9	3	1	9	3	12	4	7	10	7	5	2	7	4	7	12	7	6	4	14	6	14	4	10	2	16	12	3	8	18	18	5	7	10	9	9	2	10	5	11	4	7	18	18	7	4	24	14	16	10
EPO	26	27	29	32	43	30	14	27	36	12	38	32	18	4	4	1	4	5	8	2	8	3	3	6	1	2	11	5	3	0	5	11	2	9	12	13	1	8	5	16	10	8	1	10	1	6	4	17	8	22	6	11	2	7	6	11	1	6	5	16	6	24	1	3	4	8	0	18	11
PAICSP2	4	1	2	0	0	0	0	0	1	3	2	0	0	1	2	0	0	0	0	0	0	0	0	0	0	0	1	0	0	1	0	0	0	0	0	1	0	0	0	0	0	0	0	0	0	0	0	0	0	0	0	2	0	0	2	0	2	0	0	0	0	0	1	0	1	0	0	0	0
FGF7	4	2	4	3	4	1	4	3	3	8	5	4	2	6	4	5	11	15	4	12	5	4	8	10	6	8	6	12	9	10	9	14	10	13	14	11	8	15	8	13	13	15	9	11	6	12	7	15	7	16	7	12	12	12	8	12	10	14	7	16	7	19	7	19	14	16	9	17	12
RP11-15A1.8	30	21	29	12	26	25	18	15	23	35	16	38	27	48	33	19	17	35	22	38	35	51	18	39	29	55	29	29	22	26	21	21	19	27	21	25	25	8	19	22	15	15	25	24	26	27	34	28	17	13	30	25	25	23	29	25	33	36	23	55	22	42	19	40	45	30	32	40	43
RNA5S16	0	0	0	0	0	1	0	1	0	0	1	0	0	0	0	1	1	0	0	1	1	0	0	1	0	0	0	1	0	0	0	0	1	1	0	0	0	0	0	1	0	0	0	0	0	0	0	1	0	1	1	1	0	1	0	0	0	0	0	0	0	1	0	1	0	0	0	1	0
RPL7P19	1248	905	1183	922	1020	1071	1076	886	1031	870	1012	1108	1011	873	1076	928	1118	929	984	1142	1171	1027	1131	1131	1150	1124	1134	849	778	735	728	805	767	876	767	912	798	856	721	1074	733	500	404	581	478	533	357	694	387	683	313	585	475	791	401	351	235	440	285	528	312	600	256	502	331	541	302	531	254
RP11-297C4.3	0	0	0	0	0	0	0	0	1	0	1	0	2	0	0	0	0	0	0	0	0	0	1	0	0	0	0	0	0	0	0	0	0	0	0	0	0	0	0	0	0	0	0	0	0	0	0	0	0	0	0	0	0	0	0	0	0	0	0	0	0	0	0	0	0	0	0	0	0
CTA-984G1.5	34	27	41	30	23	36	12	19	30	28	33	46	31	34	25	28	21	31	26	43	28	38	28	30	33	32	24	67	39	43	42	76	48	49	51	40	30	44	44	58	39	58	53	89	116	59	43	67	54	90	30	72	40	62	17	31	42	35	37	83	28	61	37	59	32	55	32	69	32
C1orf64	0	0	0	2	1	0	0	1	0	0	2	0	0	0	0	2	0	0	1	0	0	0	0	0	0	0	0	0	0	0	0	0	0	0	0	0	0	0	0	0	0	0	0	0	0	0	0	0	0	0	0	0	0	0	0	0	0	0	0	0	0	0	0	0	0	0	0	0	0
USO1	18587	14191	16987	14564	14887	15939	15160	13635	15485	15379	14734	15984	15496	8508	8108	8783	7951	9331	7255	11009	8671	9369	7941	9674	8640	10939	8058	5505	4629	5445	4564	5342	5082	6511	5068	5836	4205	5626	4299	6774	4662	3774	2570	4205	2408	4125	2649	5131	2199	4573	2818	3678	2902	4054	2850	2988	2328	3953	2215	4353	2324	4625	2308	4127	2477	4505	2866	4050	2568
POLR2J2	38	45	69	34	44	39	37	32	42	47	45	45	54	37	48	50	51	36	41	57	42	52	37	45	67	50	54	75	89	52	96	51	80	49	75	60	59	61	84	69	74	82	89	97	97	76	106	95	105	95	104	80	117	62	101	89	101	114	104	157	122	133	86	98	86	119	123	161	110
SPATA31C1	10	17	31	29	20	23	12	13	20	12	11	11	17	12	5	9	9	5	5	11	16	11	6	11	3	14	10	25	5	11	8	18	8	14	11	12	25	14	2	13	4	2	7	5	16	10	4	11	7	4	4	3	9	2	7	10	3	8	4	14	2	12	1	3	4	14	7	7	4
RP11-129B9.2	208	170	233	181	211	196	173	145	234	198	255	174	180	111	123	163	139	132	133	163	152	138	103	147	144	195	115	78	50	68	55	70	50	63	53	69	50	74	43	75	33	54	35	40	22	39	14	57	26	52	21	45	31	60	27	15	19	27	17	22	27	37	18	33	24	40	19	26	25
PABPC1P6	0	0	0	0	0	0	0	0	0	0	0	0	0	0	0	0	0	0	0	0	1	0	0	0	0	1	0	0	0	0	0	0	1	0	0	0	0	0	0	0	0	0	0	1	0	0	0	0	0	0	0	1	1	0	1	0	1	0	1	0	0	0	0	1	0	0	1	1	0
PHBP19	17	18	23	16	11	22	18	18	23	14	22	25	17	23	18	14	18	15	19	22	25	25	16	19	23	25	25	14	18	10	10	10	21	16	18	17	12	14	12	15	17	12	8	10	7	15	9	17	8	15	16	12	15	11	11	10	4	19	12	7	9	18	14	13	9	13	11	14	7
AC069063.2	1	0	4	1	0	0	1	0	0	2	0	1	0	0	0	1	1	1	0	0	0	0	1	5	2	0	0	2	0	3	0	0	1	0	1	0	0	2	0	2	0	2	0	0	0	4	2	0	0	2	0	0	1	0	0	1	3	1	0	2	3	0	1	2	3	3	1	0	0
PMS2P7	67	55	63	37	75	62	39	40	48	40	58	42	44	49	37	56	69	74	53	66	66	45	32	45	95	89	83	118	109	87	106	96	87	86	83	54	93	90	73	72	87	93	69	119	68	75	61	105	80	95	60	92	67	88	76	107	94	114	67	153	89	225	95	128	92	118	110	209	75
TESC	157	134	236	137	161	175	177	146	181	159	118	149	211	1290	1439	1177	2187	989	2394	1445	2273	1322	1957	1118	1941	1353	1783	466	154	477	186	305	168	401	184	369	195	367	168	488	190	72	8	59	12	48	12	41	22	96	17	29	7	72	13	9	21	10	20	5	10	2	19	7	26	30	20	18	17
RP11-279N8.1	4	0	0	0	0	0	0	0	0	0	0	0	0	0	0	0	0	0	0	0	0	0	0	0	0	0	0	2	0	0	0	0	0	0	0	0	0	0	0	0	0	0	2	0	0	0	0	0	0	0	0	0	0	0	0	0	0	2	0	2	0	0	1	0	0	0	0	0	2
RNA5S8	0	0	0	0	0	1	0	1	0	0	1	0	0	0	0	1	1	0	0	1	1	0	0	1	0	0	0	1	0	0	0	0	1	1	0	0	0	0	0	1	0	0	0	0	0	0	0	1	0	1	1	1	0	1	0	0	0	0	0	0	0	1	0	1	0	0	0	1	0
CTD-2373J6.2	3	6	0	2	2	0	0	5	2	4	2	0	3	4	0	2	3	6	11	4	2	4	1	3	2	3	2	6	1	0	5	3	0	1	0	0	1	2	1	0	1	1	1	0	5	1	0	6	4	3	0	4	0	2	0	1	2	2	2	3	0	0	3	0	2	2	1	0	1
PBLD	149	127	163	129	111	126	103	118	122	117	153	128	116	127	94	121	118	134	119	165	71	170	108	136	156	183	136	164	272	175	221	119	217	145	248	167	185	188	174	208	210	226	361	242	369	251	373	234	365	289	337	220	393	179	368	223	477	295	419	368	437	369	429	352	363	308	475	398	454
PANX2	214	309	250	270	283	283	207	188	254	217	214	245	211	73	52	66	50	59	74	100	71	94	59	70	54	93	51	29	18	24	20	29	16	25	27	31	10	25	18	30	13	8	30	10	33	17	25	15	19	13	20	16	16	23	17	14	73	20	65	57	41	35	60	30	46	25	43	41	74
XRCC1	1238	1413	1530	1325	1252	1085	1431	1064	1415	1213	1400	1220	1309	1583	1512	1547	1761	1585	1989	2047	2042	1707	1651	1561	1735	1929	1419	1967	1863	1859	1801	1844	2063	2157	1909	1800	1759	1804	1677	1963	1856	1498	1206	1859	1339	1974	1311	2638	1230	2434	1381	1740	1509	1838	1429	1375	1012	1604	1080	2054	1104	1952	1037	1655	1011	2098	1049	1858	1101
BCAS1	8	32	12	12	17	13	29	11	12	12	18	14	9	31	86	37	120	37	96	50	86	26	65	50	115	55	74	50	30	40	18	49	18	29	21	42	21	55	25	101	31	38	26	19	6	27	8	26	7	22	10	21	15	19	11	25	41	29	15	31	32	22	17	27	11	22	16	34	16
ARHGEF37	47	48	43	23	48	27	22	6	30	20	43	18	17	148	123	152	111	135	134	187	124	136	129	145	142	191	141	76	72	87	62	56	53	92	46	79	40	63	55	110	51	35	29	25	24	41	16	33	10	37	19	41	42	32	22	15	10	21	21	15	19	28	20	15	22	11	22	32	10
TFP1	0	0	0	0	0	0	0	3	4	4	0	0	0	0	0	2	3	1	1	4	1	0	5	0	3	0	4	8	4	0	0	4	7	2	7	1	6	2	7	7	8	10	4	6	0	7	10	3	0	12	0	5	3	0	10	14	0	14	5	9	4	6	2	10	2	9	0	12	5
MYO6	3393	2407	2922	2163	2586	2594	2814	2603	2819	2656	2994	2680	2626	3786	4528	3826	4519	4005	4130	4734	4504	4066	4256	4166	4807	4985	4739	4897	4916	4748	4623	5154	4907	5433	4486	5084	3943	4988	4123	5967	4578	5292	4208	5569	4070	5081	4055	6206	3680	5964	4168	5012	4602	4867	4263	5155	4655	6527	4069	7326	4174	7491	3864	6463	4065	6657	5312	7703	4848
MIR3180-2	1	2	1	2	2	2	1	1	2	2	2	2	2	1	0	1	1	2	1	1	2	2	2	1	1	1	0	0	2	0	1	1	1	2	1	2	2	1	1	2	1	2	4	2	10	1	2	2	2	2	3	2	2	2	2	2	2	2	1	2	2	2	1	2	1	2	2	2	2
CMIP	2693	3349	3643	3381	3257	3204	2816	2709	3442	2854	3196	3027	2982	3417	3303	3492	3660	3276	3919	4098	4020	3716	3397	3410	4051	4094	3569	5058	4515	4880	4145	5134	4552	5541	4326	5075	4042	4618	3479	5600	4452	5626	4940	6732	5531	6872	4669	8752	5301	8574	4940	6898	4450	5481	4797	7654	6355	9452	6441	11497	5889	11814	6051	10100	5036	11455	6268	11474	6842
ABT1P1	12	12	10	7	14	8	14	4	18	16	8	5	10	16	12	11	14	6	12	16	10	6	14	13	22	13	8	14	10	14	8	16	18	10	16	12	18	8	12	6	15	10	12	12	15	11	7	7	2	10	21	6	10	5	22	5	14	14	8	17	15	14	5	22	3	6	4	14	6
RP11-353N4.6	12	14	17	22	23	16	22	14	25	12	13	15	14	17	8	15	12	17	13	20	14	15	13	14	11	26	13	3	3	3	2	4	4	6	3	4	1	6	2	5	3	1	2	2	2	2	2	1	2	5	4	5	2	6	2	1	3	4	4	4	2	3	3	3	4	6	2	3	4
RP11-178F10.2	0	0	0	0	5	0	0	0	0	0	0	0	0	0	0	0	0	0	0	0	0	0	0	0	0	0	0	0	0	0	0	0	0	0	0	0	1	0	0	0	0	0	0	0	0	0	0	0	0	1	0	0	0	0	0	0	0	0	0	0	0	0	0	0	0	0	0	0	0
C1orf61	126	105	60	82	82	111	130	83	113	77	144	99	92	346	408	389	430	387	396	464	346	374	391	409	513	505	454	478	343	481	280	437	274	388	315	464	299	414	259	545	257	411	44	391	35	364	61	364	52	474	69	440	89	259	55	330	66	459	88	553	70	562	59	435	70	651	51	747	55
CES2	592	709	674	678	648	615	677	555	648	643	649	631	615	783	720	774	816	746	877	920	816	755	818	701	862	872	722	892	1024	816	985	813	1021	932	994	826	848	804	823	884	935	820	724	1150	736	981	967	1326	983	1312	997	995	1196	942	1072	891	1226	1159	1149	1435	1116	1442	1194	1259	1113	1401	1201	1572	1279
TRPC6P	1	0	0	1	0	0	1	0	2	0	0	0	0	0	2	0	0	1	0	1	0	0	1	3	1	2	0	0	0	0	0	0	0	0	0	0	0	3	0	1	0	0	2	0	0	0	0	0	0	0	0	0	0	0	0	0	0	0	0	0	0	0	0	0	0	0	0	0	0
RPL23AP19	0	0	0	0	0	0	0	0	2	0	0	0	0	0	0	0	0	0	0	0	0	0	0	0	0	0	1	1	0	0	0	0	0	0	0	0	0	0	0	0	0	0	0	0	0	1	0	0	0	0	0	0	0	0	0	0	0	0	0	0	0	0	2	0	0	0	0	0	0
AC007319.1	18	19	26	21	19	13	37	13	15	21	23	11	23	1	1	2	4	0	1	0	1	1	5	9	3	0	0	0	1	1	3	0	0	0	0	0	4	0	0	0	0	0	0	0	0	2	0	0	0	1	0	1	2	1	0	1	0	1	2	1	2	2	0	0	2	1	0	0	0
MX2	137	118	138	142	111	128	125	93	116	111	145	149	87	91	86	104	72	102	71	136	63	153	74	117	74	125	86	22	10	16	16	12	11	20	22	27	19	12	5	14	16	3	0	5	7	6	6	0	9	9	6	3	9	3	9	6	5	11	0	1	10	3	7	0	3	4	2	1	3
GLRA4	16	4	15	8	16	11	17	4	12	8	23	7	14	15	38	8	17	8	11	13	31	13	48	6	20	6	18	2	0	17	6	4	6	0	2	1	4	2	0	0	4	8	3	1	1	1	0	3	0	3	3	1	0	2	2	6	0	4	6	0	9	4	7	3	0	4	2	3	0
CRYGN	12	24	14	19	13	17	29	12	7	16	16	20	22	13	3	8	7	11	4	37	3	13	7	9	6	14	7	1	1	0	1	0	3	0	2	1	1	7	1	6	1	0	7	1	12	10	1	1	0	1	5	4	3	5	10	6	6	3	3	1	3	4	6	2	4	7	7	4	8
RP4-694B14.8	18	8	8	19	9	18	10	9	15	8	8	9	17	12	8	7	6	14	1	18	6	8	11	17	5	16	4	6	15	5	12	9	8	3	8	7	18	16	9	8	5	2	2	8	0	6	5	3	4	8	5	5	9	6	5	16	3	11	12	4	5	4	15	12	12	5	8	6	13
RP11-1250I15.3	3	1	2	0	0	0	0	1	0	0	0	0	0	0	3	0	0	0	0	0	0	0	0	0	2	1	0	0	0	1	0	1	0	0	0	4	0	0	0	0	2	0	1	0	0	2	2	0	0	1	1	0	2	0	0	0	1	0	3	0	0	2	0	0	1	1	3	0	0
AC078942.1	0	0	0	0	0	0	0	0	0	1	0	0	0	1	1	0	1	0	0	1	0	0	0	0	1	0	0	0	4	0	2	0	5	0	5	9	0	1	2	2	0	4	6	2	13	0	1	0	25	2	8	3	3	0	14	2	15	0	4	2	6	3	7	0	6	0	10	2	2
ALAS2	5	6	1	5	1	4	1	1	4	10	4	9	4	14	26	20	27	34	37	33	51	11	31	14	21	24	35	44	12	10	22	26	27	35	14	11	16	20	14	10	9	7	10	9	12	4	4	3	5	16	3	14	5	3	11	0	4	3	1	1	3	4	2	5	1	5	3	6	0
XXbac-B461K10.4	7	20	13	3	6	18	10	5	22	14	12	8	14	13	20	7	22	9	15	11	8	10	22	9	13	9	11	27	57	42	47	37	24	15	29	26	38	31	39	25	29	47	36	38	56	39	25	36	22	30	27	24	30	15	31	39	11	36	17	38	15	42	15	28	17	36	27	52	13
RP11-798G7.7	1	1	1	1	0	0	1	0	0	1	1	0	1	1	0	1	0	1	0	2	0	2	1	3	1	1	0	1	1	0	3	1	1	0	1	1	1	1	2	2	1	0	2	0	3	1	1	2	2	1	2	1	1	0	2	3	3	4	4	1	1	4	3	1	1	2	3	1	2
HNRNPA1P41	745	714	807	653	574	518	621	617	596	642	729	569	536	516	569	582	577	566	545	705	474	518	401	529	488	679	393	614	548	509	546	514	620	581	558	521	439	600	432	646	513	528	361	619	437	655	414	759	422	738	413	572	506	531	384	402	279	475	276	528	324	486	245	416	312	538	301	545	294
NPIPB8	46	53	48	43	36	48	41	40	56	45	52	59	58	40	37	45	37	40	31	52	34	39	22	53	41	58	37	38	63	31	48	31	38	35	52	36	30	43	51	39	28	59	64	44	86	38	47	48	48	48	44	51	62	22	61	43	58	64	65	71	51	62	70	77	55	54	66	89	69
RPL13P4	3	0	0	0	2	0	0	7	0	0	2	0	0	2	1	2	3	0	1	0	0	3	0	2	8	5	0	0	0	0	0	2	1	1	0	1	2	0	0	0	1	6	1	0	7	2	4	0	0	2	3	0	3	2	0	0	0	1	3	2	0	2	0	2	2	0	0	0	1
ZDHHC23	953	854	1044	750	936	908	924	744	962	802	952	783	961	319	320	399	379	447	309	459	426	359	322	417	451	433	366	69	88	116	54	111	76	133	76	116	72	130	69	133	71	42	18	26	3	34	29	29	23	27	47	16	22	12	20	4	55	18	44	10	33	23	62	7	24	11	39	21	40
RP11-114H23.3	3	3	1	1	2	3	8	1	1	4	2	0	2	13	13	7	1	6	9	5	5	11	5	6	5	5	2	7	2	6	2	2	2	1	2	3	1	1	5	2	2	1	1	3	5	2	1	2	2	6	0	3	3	1	5	0	1	5	0	3	2	3	0	3	2	1	1	0	1
STOX2	2380	1812	2139	1476	1813	1580	1909	1184	2066	1287	2532	1437	2033	3645	4311	3470	3703	3449	3505	4333	3632	3626	3324	4033	4096	4629	3625	2135	1845	2261	1808	2031	1845	2328	1719	2284	1614	2282	1521	2741	1918	1801	1574	1913	1889	1831	1380	2307	1375	2102	1323	1815	1481	1480	1499	1978	1965	2592	1949	2795	1766	2640	1703	2456	1576	2477	2394	2944	2132
CTD-2530H12.2	0	0	0	0	0	0	0	0	0	0	1	0	1	0	0	0	4	0	0	1	0	0	0	0	0	0	0	0	0	0	0	1	0	0	0	1	0	0	0	0	0	0	0	0	0	0	0	0	0	0	0	0	0	0	0	0	0	1	0	0	0	0	0	0	0	0	0	0	0
MANEA-AS1	22	11	24	5	24	11	24	10	20	7	19	16	16	27	46	24	25	45	29	47	24	22	36	24	55	32	30	29	34	27	49	29	45	16	53	15	24	13	45	35	26	44	48	34	44	33	50	48	26	39	24	29	65	42	50	75	53	79	33	95	50	105	40	99	60	79	62	63	34
ITGB2	34	37	45	33	44	19	46	31	54	19	50	33	39	29	28	21	19	40	22	33	13	20	16	22	21	33	26	18	4	2	4	4	7	11	9	15	13	6	19	17	8	11	4	1	2	6	2	11	16	12	5	8	11	9	1	8	7	6	6	12	7	19	5	9	7	8	2	6	4
GUSBP3	36	35	39	35	24	31	31	33	33	37	47	38	34	39	32	40	39	37	43	55	30	38	32	52	43	52	37	41	52	45	47	49	42	40	41	42	31	56	43	49	43	44	37	45	33	38	31	47	42	47	42	44	49	31	44	41	52	60	51	52	56	52	41	52	44	56	57	69	58
RP11-554E23.4	8	1	6	8	5	4	7	5	10	9	3	6	5	1	4	7	1	4	0	9	2	8	5	2	3	8	6	3	2	3	3	4	5	1	1	0	1	7	1	6	2	4	1	1	1	4	1	3	2	2	5	6	6	1	5	1	2	3	1	1	3	5	4	2	1	3	5	11	0
AP000356.2	0	0	0	0	0	0	0	0	0	0	0	0	0	0	0	0	0	0	0	0	0	0	0	3	0	0	0	0	0	0	0	0	0	0	1	0	0	0	0	0	0	0	4	1	0	0	1	3	0	0	0	1	0	0	0	1	2	0	0	0	0	0	1	0	0	5	1	0	0
FAM65C	258	363	339	345	245	245	284	289	315	339	281	304	271	526	566	529	492	405	497	671	448	610	541	465	583	503	483	149	108	127	101	133	101	179	99	112	66	161	101	163	82	33	104	50	214	30	43	61	68	38	24	40	28	19	41	31	35	30	26	27	23	52	41	28	32	36	31	28	28
RP11-327P2.5	36	25	26	22	40	36	28	17	43	22	30	26	28	26	7	26	14	22	21	40	15	26	30	44	32	47	19	17	25	28	16	25	24	32	29	31	32	22	27	41	33	36	31	39	13	34	30	65	43	38	47	35	49	41	47	70	58	93	80	114	72	119	85	120	80	112	90	97	83
LINC00441	1	0	4	1	0	0	1	1	1	5	0	0	3	8	1	3	6	1	2	9	3	2	2	2	8	6	1	2	7	3	4	3	6	1	1	4	6	12	6	10	3	9	0	4	6	5	3	20	1	10	6	7	10	5	5	11	2	18	6	7	1	5	3	16	4	15	2	17	2
KCNN1	401	480	415	413	428	395	398	301	478	339	444	433	457	789	756	878	1136	837	1157	953	1114	743	902	617	1041	1037	953	1500	1428	1353	1336	1467	1619	1599	1636	1327	1416	1330	1382	1521	1563	1414	2139	1665	2894	1833	2016	2352	2204	2002	2147	1633	1807	1617	2024	1993	1760	2523	1855	2991	1631	3135	1654	2552	1577	3048	1665	2786	1807
NOP2	3106	2721	3635	2999	3046	2752	2942	2050	3094	2560	3161	2660	3041	2043	2202	2172	2423	2303	2548	2609	2442	2121	1939	2050	2416	2751	2192	1527	2025	1402	1837	1568	2017	1792	1894	1316	1659	1487	1397	1768	1728	1603	1896	1625	2681	1743	1696	2147	1508	1883	1520	1593	1998	1372	1669	1450	1433	1607	1528	2085	1582	2112	1409	1620	1311	2012	1570	1966	1501
DNAJB8	0	1	2	0	0	0	0	0	0	0	0	0	0	0	0	0	0	0	0	0	1	1	0	0	1	0	1	0	0	2	0	0	0	0	0	1	0	2	0	3	1	1	1	6	4	0	0	3	0	4	0	0	0	0	0	2	1	0	0	0	2	0	2	0	0	0	3	3	0
ITM2BP1	2	2	3	2	1	2	5	7	2	4	2	1	9	5	5	13	11	10	25	30	6	22	9	10	22	20	16	14	7	19	14	13	18	19	12	21	7	18	17	26	25	18	22	14	60	12	22	30	25	18	9	19	36	7	25	19	17	17	29	16	16	22	15	25	19	26	38	36	30
SPON2	55	86	60	50	69	70	59	60	54	51	70	72	65	309	697	357	864	357	913	346	990	337	621	229	725	395	804	3583	5803	3023	4946	3324	6028	3518	5569	2822	4849	2890	4752	3266	5721	7832	13363	10085	18464	10554	12514	14091	15733	12517	14157	10130	13410	10290	13093	18918	10985	21314	11702	27244	13303	29146	10940	25831	11782	30127	12414	28325	12178
RP11-672F9.1	2	4	4	2	4	3	5	5	4	7	4	8	4	2	1	0	1	5	0	4	2	3	1	3	2	1	3	3	0	0	2	0	0	1	0	0	0	4	0	0	0	0	2	1	0	0	1	1	0	0	0	0	0	1	1	1	0	0	1	0	0	1	0	0	2	0	0	1	0
RP11-210L7.3	0	0	0	0	1	1	0	0	0	0	2	0	0	0	0	0	0	0	1	2	0	0	0	0	0	0	1	0	0	0	0	0	1	0	0	1	0	0	0	3	0	0	0	0	1	0	0	0	0	0	0	0	0	0	0	0	0	0	1	3	0	0	1	0	0	0	0	0	0
CHCHD10	120	127	141	126	135	110	152	92	141	98	146	112	128	58	106	94	140	73	155	115	150	94	147	79	139	84	122	107	88	91	68	79	92	107	77	79	77	108	77	84	94	49	11	63	14	61	25	98	19	96	41	76	33	70	26	53	48	60	52	104	50	123	43	86	63	118	53	129	63
UBTFL8	57	81	91	63	88	66	57	36	88	56	71	52	59	81	69	84	79	89	72	56	62	98	82	79	61	95	62	43	54	45	62	55	58	72	56	50	28	51	47	50	76	51	106	53	112	70	77	67	77	73	65	39	86	52	71	85	69	87	62	70	82	95	104	57	64	78	95	81	84
SCAMP4	1151	1630	1647	1595	1566	1593	1432	1285	1674	1277	1524	1392	1544	1234	1111	1432	1191	1216	1395	1591	1275	1388	1198	1260	1368	1636	1193	1690	1295	1583	1221	1613	1437	1631	1367	1376	1219	1438	1181	1788	1249	1522	801	1773	1070	1932	993	2493	984	2386	1041	1953	1169	1646	1065	1884	1124	2416	1227	2985	1269	3133	1168	2712	1140	2983	1284	2923	1246
AC079907.1	1	0	1	2	0	0	0	0	0	1	0	0	0	0	2	1	1	0	1	1	2	1	1	1	2	1	1	1	0	0	2	1	1	0	0	1	0	0	0	0	0	0	0	1	0	0	0	0	0	0	0	0	0	2	0	0	0	0	0	0	0	1	0	0	0	3	0	0	0
CTD-2521M24.6	8	15	11	10	13	14	7	4	4	12	9	5	10	12	9	15	10	11	19	34	11	13	7	14	12	26	12	15	15	12	12	27	14	15	22	18	21	18	23	20	24	10	15	21	22	17	29	26	22	24	22	21	32	29	27	18	17	15	26	45	23	27	30	42	21	32	25	34	19
NANOGP7	41	37	41	31	35	37	40	27	34	27	43	25	32	6	5	11	2	8	4	12	1	8	1	7	1	8	2	0	2	0	0	0	0	0	0	0	0	0	0	1	0	1	1	1	1	1	0	0	1	0	0	0	1	1	1	2	0	0	1	1	1	1	0	0	0	1	1	1	1
TUBA1B	8057	8776	9629	8366	8104	7510	7544	6346	8120	7008	7876	7563	7527	7776	7755	7943	8837	7530	9128	9742	8887	8043	7314	7260	8047	9104	7159	8273	7480	7449	6897	7861	7965	8366	7646	7492	6649	7351	6396	8610	7236	6269	4115	8028	4688	7865	4386	9640	4467	9497	5051	7795	5700	7272	4732	5114	4844	6305	5099	7191	5038	7201	5010	6062	4712	7604	5217	6802	5420
MIB2	852	1241	1111	1279	1107	1087	1110	890	1213	969	1128	1226	1150	1931	1573	2169	2060	1726	2346	2433	2188	2510	1867	1929	2296	2275	1971	3219	2202	2857	2083	2835	2303	2963	2388	2528	1987	3016	2121	3262	1914	1665	1938	2018	2800	2046	1688	2401	2207	2599	2214	2343	2261	1878	2124	1806	2063	2061	2099	2692	2352	3062	1932	2508	1887	2922	2296	3002	2067
RP11-234A1.1	18960	17437	17783	16158	16530	15967	16580	14680	17196	15256	15850	15935	14784	14807	15899	15196	18143	14704	17957	18963	19188	16248	15856	15037	16695	17461	14997	14465	11146	11624	10819	11766	12841	13386	12302	12480	10750	12271	9934	14330	11388	7577	5992	8815	6572	8807	5514	11193	5012	11381	6448	9182	6966	10666	6100	5634	4024	7194	4253	8380	4678	8369	4280	7382	5170	9448	5271	8442	4370
RP11-886P16.10	1	4	3	12	4	9	6	6	3	4	3	8	10	6	3	7	2	4	6	8	4	5	5	3	3	4	2	3	3	3	4	1	2	3	1	4	3	9	3	4	4	8	5	4	5	3	3	5	5	7	4	3	3	3	3	3	3	9	5	4	9	7	7	5	3	1	2	7	6
HBM	5	0	0	0	0	5	0	1	2	1	1	1	3	1	0	0	1	0	0	0	0	0	0	4	0	4	1	0	1	0	0	3	0	0	0	0	0	1	4	4	3	0	4	1	0	0	0	2	1	2	1	4	2	0	6	3	5	5	5	0	4	4	4	7	8	0	3	0	3
FRG1GP	8	15	14	9	11	9	8	8	16	11	4	4	10	11	17	7	9	5	6	16	20	7	14	10	11	4	26	14	10	8	5	15	11	12	17	11	7	7	12	18	13	10	11	11	14	9	9	13	8	14	16	16	18	15	10	15	9	21	12	21	7	22	13	13	9	21	7	24	11
RP11-637A17.2	26	12	9	21	17	13	15	1	10	10	20	15	19	22	10	21	17	29	14	21	23	23	16	20	9	25	23	8	1	8	11	14	5	9	10	11	14	11	9	9	5	7	2	8	2	16	4	11	3	13	3	14	7	3	2	4	6	8	4	11	1	22	3	16	7	7	10	18	3
RP11-1094M14.8	13	17	25	14	25	20	25	15	16	19	21	17	25	21	22	12	23	13	20	26	17	18	17	28	33	16	16	22	18	17	23	11	19	16	18	12	12	17	14	22	21	14	19	16	12	18	15	17	3	29	24	23	21	17	33	28	12	24	17	22	20	11	12	23	16	22	14	23	29
STEAP3	992	1004	1185	961	1087	839	997	799	1033	882	1169	886	1104	785	1562	850	1749	820	1641	1137	1789	995	1426	782	1617	957	1398	731	610	574	557	589	627	751	603	607	537	725	506	782	639	373	193	432	204	434	195	716	212	690	199	424	431	380	222	140	136	187	119	235	188	217	148	134	166	268	162	212	139
AC083864.3	0	0	0	0	0	0	0	0	0	0	0	0	0	0	0	0	0	0	2	1	1	1	2	0	3	3	0	0	0	0	0	0	0	0	0	0	0	0	0	0	0	0	0	0	0	0	0	0	0	0	1	0	0	0	1	0	0	0	0	0	0	0	0	0	0	0	0	0	0
ID3	1080	1190	1277	1280	1233	1226	1173	1161	1105	1328	1057	1348	1102	11444	6542	12524	6671	12689	7097	15760	6855	11186	5068	10958	5915	14940	5955	1203	1154	1112	1152	1136	1362	1227	1296	1172	1057	755	1047	1256	1319	273	1428	295	1956	447	1113	320	1082	310	943	247	1035	313	998	437	530	364	583	573	638	643	602	450	754	428	550	326	530
TPMTP2	0	0	2	2	0	0	0	0	0	0	2	0	0	2	0	1	7	5	1	7	6	5	9	5	12	1	1	3	2	1	8	1	5	2	7	11	8	7	5	7	6	13	13	15	15	6	8	13	6	10	15	7	8	1	10	1	5	9	7	19	9	28	4	10	4	6	18	25	16
RP11-800A18.4	0	0	2	0	1	0	0	0	0	1	1	0	0	0	3	0	5	1	0	0	0	1	0	0	0	2	3	0	0	0	1	2	1	0	2	0	0	0	0	0	0	0	0	0	0	0	0	2	0	1	0	0	3	0	1	0	1	0	0	2	0	0	0	0	1	1	0	1	2
GLYATL1P1	1	1	2	0	2	1	1	0	2	2	2	1	2	2	0	2	7	2	0	1	0	0	0	1	0	0	0	0	2	1	1	0	1	0	4	0	2	0	0	0	2	0	0	0	2	1	1	3	0	0	3	0	0	0	0	0	0	2	0	2	0	0	1	0	0	2	0	1	1
PIGFP1	178	123	168	133	135	146	138	132	149	131	141	190	134	161	167	171	189	216	177	198	198	194	195	162	199	200	191	283	231	274	209	289	214	317	227	277	261	288	195	334	230	236	115	294	112	269	128	314	112	272	134	249	128	356	115	219	121	313	113	305	121	341	104	303	119	367	146	350	141
AC107072.2	0	0	0	0	0	1	0	0	0	0	0	0	0	0	0	2	1	3	0	0	0	2	0	0	2	2	0	0	0	0	1	0	0	0	0	1	0	0	1	0	0	0	0	0	0	0	0	0	0	0	0	0	0	0	0	0	0	0	0	0	0	0	0	0	0	0	0	0	0
GBP5	0	0	0	0	0	0	0	0	0	0	0	0	1	1	2	4	2	3	1	1	0	0	0	0	2	0	0	0	1	0	3	0	0	0	0	0	0	0	0	4	0	0	0	0	0	0	0	1	0	0	0	0	0	0	0	0	0	0	0	0	0	0	0	0	0	0	0	0	0
MAST4	368	347	356	315	416	300	362	308	406	316	385	252	392	659	695	706	641	667	649	837	678	697	656	738	745	905	641	450	299	406	357	432	362	486	390	416	336	410	324	521	364	322	296	296	345	283	354	285	374	355	312	241	467	182	436	314	495	378	491	410	566	500	432	406	436	452	646	473	517
HMGN1P28	1	0	0	1	0	0	0	1	1	0	1	0	0	0	0	0	0	0	0	0	1	0	1	0	1	0	1	1	0	0	0	0	0	0	0	0	0	0	3	0	0	0	0	0	0	0	0	0	0	0	0	0	1	0	0	0	0	0	0	1	0	0	0	0	0	0	0	0	0
TMC6	1464	1919	1732	1695	1715	1618	1886	1401	1867	1461	1856	1688	1723	1033	1017	1054	955	870	1074	1331	1009	1183	855	946	869	1190	739	203	130	176	114	210	160	160	137	144	156	140	127	207	161	19	30	47	16	51	27	36	35	26	30	39	50	38	28	30	51	28	52	36	55	73	57	50	48	17	40	25	40
C20orf96	874	942	848	888	814	958	830	746	813	803	863	768	844	507	534	538	561	597	641	757	638	621	512	557	739	649	535	892	1155	930	1037	905	1140	898	1055	855	775	921	905	1003	926	1161	1185	1249	1225	1231	1122	1532	1101	1452	1102	1116	1186	952	1059	1217	1326	1671	1367	2044	1421	1970	1391	1772	1289	1943	1405	2134	1479
VTN	4	8	7	8	8	5	8	6	5	7	3	2	5	0	0	11	12	4	10	3	6	5	6	3	9	9	4	2	13	7	22	17	12	13	5	6	8	6	14	1	10	24	39	19	42	16	17	10	11	33	14	19	25	11	24	27	43	31	30	32	45	29	36	38	29	31	36	37	24
FTH1P7	1828	1825	1896	1692	1882	1652	1789	1563	1765	1578	1716	1747	1648	1585	1571	1700	1721	1591	1835	2024	1866	1684	1618	1642	1796	1842	1549	1169	866	1039	753	1080	975	1182	931	1076	857	1024	829	1296	883	609	597	741	656	749	616	964	590	915	695	739	701	862	680	698	811	901	894	1119	845	1183	876	931	834	1099	886	1124	877
AP001046.5	0	1	5	0	0	0	0	1	0	1	2	0	0	20	35	22	43	7	43	24	37	16	56	17	33	17	37	64	40	61	48	59	64	35	57	35	50	50	41	74	50	48	11	75	5	60	16	87	25	75	26	67	33	40	18	57	20	64	25	57	38	76	22	83	22	95	40	57	21
FMO6P	0	0	1	0	0	0	0	0	0	0	1	0	0	0	3	0	2	0	2	0	0	2	0	0	0	0	1	0	0	0	0	0	0	0	0	0	0	0	2	0	0	0	0	0	0	0	0	0	0	0	0	0	0	0	0	0	0	0	0	0	0	0	0	0	0	0	0	2	0
SSTR5	19	18	23	12	17	13	18	11	25	12	22	14	11	19	49	16	71	9	41	31	67	24	33	13	73	20	53	65	88	42	84	69	99	54	88	54	97	55	72	87	112	58	14	61	0	105	9	124	4	106	6	108	24	90	18	85	1	96	4	170	12	141	1	142	7	176	10	194	10
RBMXP4	89	55	79	73	76	59	63	61	78	68	80	61	61	89	77	72	69	89	86	79	90	105	47	101	62	84	83	100	52	77	71	90	65	68	69	81	56	65	62	117	69	58	55	80	72	66	53	92	62	83	60	88	54	73	44	69	38	70	23	61	37	68	23	59	30	38	38	93	43
CTD-3022L24.1	11	11	7	4	6	16	8	4	10	8	10	3	8	0	3	0	8	2	3	11	5	3	3	7	10	11	3	2	1	1	1	0	0	1	2	0	0	3	1	1	1	0	1	1	0	1	1	2	4	0	3	1	3	2	1	2	5	1	5	3	3	0	4	0	3	0	3	0	0
BRMS1L	762	433	577	475	545	522	554	479	485	448	516	573	636	592	632	594	692	691	487	694	661	621	557	589	579	766	586	748	677	801	637	704	666	790	748	829	643	657	616	899	667	702	585	840	622	794	660	970	533	746	661	793	817	823	668	528	627	773	578	790	598	936	586	827	709	825	696	790	657
RP11-599B13.3	0	4	2	0	0	4	0	0	0	0	1	0	0	0	0	0	0	0	0	0	0	0	0	0	0	0	1	0	0	0	0	0	0	0	0	0	0	0	0	0	0	0	0	0	0	0	0	0	0	0	0	0	0	0	0	0	0	0	0	0	0	0	0	0	0	0	0	0	0
MFAP4	347	204	246	201	245	189	198	185	216	178	213	210	215	34194	39762	35197	42231	33591	43503	42750	43408	35482	36508	30892	40669	40543	36044	28572	15290	25801	15065	26963	17563	32201	17767	26795	15457	26016	13784	32293	16128	8788	3986	10088	4162	11111	3667	13007	3801	13339	4005	10988	4767	9359	4088	3812	2642	4831	2407	5979	2587	6159	2289	4692	2654	6137	2482	7682	2129
RP1-117O3.2	1	1	0	4	0	0	3	0	0	0	0	2	0	1	1	2	0	0	0	2	1	0	0	2	0	2	0	0	2	0	1	3	3	1	3	0	5	0	1	1	2	1	0	1	1	0	8	3	4	3	0	2	2	0	1	0	13	2	4	2	4	0	4	0	4	1	5	1	4
EIF2AK1	4889	4428	4929	4051	4578	4390	4346	3588	4462	4098	4505	3971	4360	3765	3672	3805	4132	3619	3978	4510	4313	3726	3675	3736	4195	4387	4007	4068	4396	3828	4216	3947	4480	4749	4347	4258	4095	4080	3671	4805	4321	3947	3971	4507	4235	4670	3917	5799	3713	5596	3976	4588	4732	4247	4127	3829	3730	4653	3940	5686	4065	5728	3829	5028	3846	5455	4345	5281	4257
CD44	239	227	272	202	251	249	199	179	229	165	276	214	232	179	238	139	178	165	172	230	190	162	198	158	189	214	191	20	26	13	11	11	19	53	23	11	13	24	22	46	9	13	6	6	5	7	2	5	17	0	17	4	18	8	9	5	18	6	12	3	9	11	7	2	17	2	7	6	4
OR52N3P	2	0	0	0	0	0	0	0	0	0	0	0	0	0	0	0	0	0	0	0	1	0	0	0	0	0	0	0	0	0	0	0	0	0	0	0	0	0	0	0	0	0	0	0	0	0	0	0	0	0	0	0	0	0	0	0	0	0	0	0	0	0	0	0	0	0	0	2	0
RP11-644F5.11	122	123	133	118	132	91	109	99	109	112	129	138	88	232	251	196	288	196	271	211	258	247	233	184	228	252	235	275	204	247	220	266	257	225	282	229	223	291	202	294	241	182	87	235	44	253	112	339	104	290	147	261	154	281	152	199	107	192	117	273	119	181	147	227	140	265	161	278	162
SEMA3E	123	60	90	73	67	73	80	38	106	67	88	70	101	245	446	261	363	294	371	305	285	291	348	299	405	284	394	148	235	122	209	114	274	138	254	121	206	205	199	138	243	21	183	50	143	29	121	54	149	43	120	39	168	51	123	16	82	16	68	19	82	35	53	13	95	4	86	29	107
FOSL1P1	35	42	27	23	35	18	50	24	50	37	55	35	25	6	8	13	13	6	6	14	4	12	3	6	10	9	0	4	8	9	4	3	2	2	5	5	4	3	3	4	3	6	0	6	0	5	4	3	2	8	4	3	3	3	5	1	3	0	2	2	0	1	1	1	1	0	0	0	3
RP11-385E5.5	0	2	0	0	2	2	0	0	1	0	0	0	0	2	2	0	0	0	0	1	0	0	2	0	2	0	0	0	2	1	1	0	1	1	1	0	1	2	1	0	0	0	1	0	5	1	0	1	3	2	1	1	2	0	2	0	1	0	1	1	0	0	0	0	1	1	3	2	1
RP3-406P24.3	0	0	0	0	0	3	1	0	1	0	2	0	0	0	0	1	1	0	0	0	0	0	2	0	1	0	0	1	0	0	0	0	1	0	0	1	1	0	0	0	0	0	1	2	1	0	2	0	0	0	3	2	4	0	0	2	0	0	0	5	2	2	0	1	1	1	2	2	1
LINC00470	5	2	1	2	1	2	3	9	8	2	8	2	12	5	2	11	3	8	6	7	4	6	4	4	6	6	7	5	7	10	7	4	10	4	8	7	5	6	7	8	1	11	13	8	15	16	14	14	1	19	8	9	15	11	5	13	14	21	8	10	7	25	4	9	7	20	9	28	9
FAM65A	53	66	43	43	41	39	58	45	78	57	65	42	54	37	69	38	74	34	65	81	82	33	71	38	92	56	65	117	179	93	166	117	200	125	167	97	141	90	147	138	164	191	484	219	565	232	381	303	397	283	439	228	426	211	406	399	496	422	562	579	556	614	487	529	476	577	592	561	619
CCNA1	631	198	659	318	518	257	527	212	538	258	590	306	489	517	1303	460	1376	452	1256	551	1350	446	1301	422	1175	456	1043	288	441	329	438	280	505	259	455	284	342	251	392	361	441	199	407	218	375	234	514	209	447	235	439	181	724	194	589	128	407	181	401	172	493	180	443	167	506	163	612	157	419
GABBR1	411	505	603	465	392	470	431	397	456	405	571	436	525	210	230	281	186	287	222	338	184	285	185	275	242	349	248	161	174	179	147	168	191	195	202	167	138	201	166	186	144	158	204	170	191	148	172	175	227	191	231	159	268	130	217	214	659	299	642	306	583	334	614	326	500	322	602	367	778
FAM159B	168	203	229	156	212	177	197	166	224	152	226	225	226	125	118	118	55	150	74	186	75	112	87	136	81	162	78	45	12	49	4	62	12	42	11	20	20	20	9	49	24	6	7	10	1	10	5	6	13	15	2	10	7	3	11	5	5	4	11	1	7	3	8	0	14	2	11	4	1
RP11-681N23.1	63	60	56	51	67	68	64	63	52	64	61	78	44	57	70	50	77	57	67	74	91	78	64	68	73	71	81	62	48	60	40	41	43	59	54	62	63	52	50	64	52	34	19	42	29	32	31	57	20	58	23	32	35	51	34	38	19	31	19	45	21	48	17	50	25	40	19	45	27
RP11-169D4.2	27	48	30	20	40	32	34	13	37	24	19	41	33	13	9	14	31	13	26	23	11	22	8	21	14	18	17	4	0	2	1	0	0	0	0	2	3	4	3	3	1	3	1	0	1	0	0	0	0	0	0	0	2	0	2	0	0	0	0	0	1	0	0	0	0	1	2	0	1
ZFHX4	109	115	129	55	106	69	79	97	96	120	125	103	118	318	416	350	392	309	370	306	402	296	379	290	472	417	408	427	421	416	392	445	400	420	373	435	403	414	320	484	430	510	503	512	434	566	441	627	416	549	422	490	689	391	470	1015	595	1271	563	1332	682	1291	575	1197	460	1237	918	1437	606
C1QL4	2	4	7	8	1	3	5	6	0	5	2	7	2	30	18	21	27	17	30	20	22	24	14	17	22	24	8	7	7	17	5	6	6	1	1	4	5	15	3	15	2	4	11	7	36	8	12	5	6	5	5	9	15	4	14	10	85	13	56	22	72	17	77	18	63	30	72	22	70
RP11-499E18.1	35	16	16	5	13	14	13	5	28	16	13	8	15	23	44	33	27	23	33	39	38	30	31	34	56	39	35	18	14	27	8	12	14	14	21	15	9	22	5	22	10	5	0	8	3	9	0	17	0	7	1	10	4	20	1	2	3	5	4	5	2	3	7	1	1	7	3	5	5
PRELID1P3	14	10	7	7	13	9	10	9	13	12	9	9	18	10	6	14	9	12	8	12	11	9	6	3	5	13	8	6	7	2	5	8	9	6	3	3	2	6	2	10	3	5	3	5	4	3	4	4	2	3	5	8	9	3	5	4	3	3	2	6	4	12	1	9	8	7	11	2	9
RP11-974F13.5	2	5	2	2	2	3	1	4	3	3	4	3	3	3	4	4	4	3	4	5	2	5	4	8	4	5	3	2	5	4	4	3	3	2	3	2	2	5	4	3	3	2	3	3	3	2	3	3	6	3	5	3	5	2	6	3	5	4	4	3	5	5	4	5	5	5	5	6	6
RP11-254F7.4	12	16	11	17	9	17	8	10	4	9	8	18	11	7	9	11	10	8	6	22	8	15	10	17	21	24	7	6	3	6	1	9	6	0	6	10	2	9	4	8	2	1	2	1	0	4	1	5	4	3	2	0	3	4	2	0	0	0	0	3	2	0	0	0	0	2	1	0	2
AKR1B10	0	1	1	1	0	0	0	0	0	1	0	0	3	3	6	3	1	0	2	4	1	3	2	3	4	2	4	2	0	2	0	0	0	1	3	0	0	0	0	0	0	1	3	0	0	0	0	0	0	0	0	0	0	0	0	0	2	0	1	0	0	0	1	0	0	0	0	0	2
FNDC11	95	70	76	88	95	118	98	85	107	90	90	95	108	38	39	39	51	41	46	69	63	34	34	28	38	68	32	55	69	41	57	31	62	65	71	49	43	56	55	41	74	71	58	113	90	97	95	148	104	174	84	135	85	105	96	235	176	235	171	327	166	393	167	374	152	393	182	429	190
RP11-626E13.1	7	2	1	2	0	1	4	5	1	1	0	1	0	23	40	30	39	45	68	42	60	43	28	33	39	32	57	30	54	41	45	62	34	49	54	25	46	40	22	31	50	26	32	29	50	33	32	39	35	39	35	16	30	29	44	17	32	41	24	28	27	51	29	21	26	25	25	32	33
ABCA11P	81	38	103	56	43	73	63	66	77	69	74	60	76	53	59	50	36	88	26	77	38	48	40	94	37	71	60	63	51	38	52	49	42	58	37	61	55	57	35	81	32	75	38	66	42	63	58	56	32	57	36	51	47	40	49	57	39	69	40	61	55	88	37	52	54	62	62	95	51
ELMO2	964	985	1236	1019	968	1095	961	902	1057	957	912	891	914	1374	1604	1511	1508	1498	1611	1755	1571	1368	1515	1341	1753	1638	1615	2207	2291	2116	2258	2033	2283	2079	2305	2104	2153	2182	1824	2290	2225	2176	1665	2471	1577	2433	1876	2943	2122	2958	2021	2324	2615	2017	2231	2193	2138	2705	2139	3259	2305	2965	2169	2766	2119	3149	2544	3269	2278
ITLN2	189	241	205	207	153	185	162	214	165	160	119	186	176	40	16	38	22	49	34	54	29	72	23	49	20	62	14	0	7	1	3	4	2	1	10	7	3	4	1	8	2	9	4	1	0	3	5	1	0	1	6	0	1	2	6	4	10	7	5	13	4	13	4	4	11	12	7	11	9
GPR4	3	21	11	11	4	8	6	5	9	4	12	13	2	8	13	26	24	18	12	19	26	14	9	15	24	14	13	0	4	4	3	5	3	3	1	1	7	2	2	5	8	0	2	0	0	0	2	0	1	1	0	0	0	4	3	1	3	0	3	5	4	0	4	9	2	2	5	0	7
LINC01433	0	3	0	0	0	2	1	0	0	0	0	1	0	0	0	1	4	3	2	5	0	1	0	1	2	0	0	3	3	3	3	3	3	1	4	0	3	2	2	0	1	2	3	6	2	3	3	5	9	3	4	3	0	2	5	4	1	2	2	7	1	8	4	9	1	5	3	8	3
CSF2RB	2	5	1	0	1	0	2	1	0	1	0	1	3	2	0	1	0	4	0	0	2	0	0	0	2	0	0	0	0	0	0	0	0	0	0	0	0	0	0	0	0	0	1	3	0	0	0	3	0	2	0	0	1	0	0	0	0	0	1	0	0	0	0	0	0	0	0	0	1
GC	7	3	2	10	14	5	2	8	8	5	8	8	2	0	0	1	0	2	0	2	3	5	0	1	0	0	0	0	0	0	0	0	0	1	0	0	0	0	0	0	0	0	0	0	0	0	0	0	0	0	2	0	0	0	0	0	0	0	0	0	0	0	3	0	0	0	0	0	0
LAT	18	9	14	17	11	6	10	6	14	22	15	24	18	8	12	19	13	14	12	16	4	14	4	6	11	12	21	10	13	20	17	12	5	14	18	17	12	10	18	21	12	8	23	22	15	14	10	8	15	31	17	20	29	19	29	17	19	21	23	15	19	11	15	22	28	24	17	22	20
FAM177B	0	2	3	2	0	0	1	1	0	5	0	0	3	1	0	0	0	2	0	1	0	1	0	0	1	0	0	1	0	0	1	0	0	1	0	0	0	0	2	0	0	0	1	1	0	0	0	3	1	1	0	0	0	1	0	0	0	0	3	1	0	0	0	2	1	1	2	0	0
COPG2	4867	3669	4131	3649	3916	3704	3977	3505	3973	3743	3924	4126	3886	3249	3194	3416	3340	3470	3086	4161	3602	3559	3095	3517	3447	3848	3130	3396	2792	3194	2788	3170	3174	3625	2867	3143	2672	3200	2600	3940	2711	3039	1782	2999	1761	2922	1707	3603	1421	3663	1838	3285	2121	2940	1787	2368	1865	2968	1835	3442	1974	3458	1811	3088	2024	3271	2333	3616	2075
VGLL1	0	0	4	0	0	0	0	0	0	0	0	0	0	0	0	0	0	0	0	0	0	2	0	0	0	0	0	0	0	0	0	0	0	0	0	0	0	0	0	0	0	0	0	0	2	0	0	0	0	0	0	0	0	0	0	0	0	0	0	0	0	0	0	0	0	0	0	0	0
NT5C2	1883	1633	2043	1905	1773	1794	1792	1704	2081	2011	1754	1904	1951	833	824	819	785	818	789	1044	880	967	731	933	924	952	842	865	984	832	1021	826	951	990	991	925	889	931	785	1082	1075	1029	1337	1100	1232	1156	1344	1342	1363	1242	1328	1029	1524	996	1476	1408	2158	1554	1998	2065	2000	2163	2028	1779	1808	1735	2183	2196	2543
ARL5AP1	8	4	8	6	8	13	9	6	5	4	8	6	3	9	12	12	11	9	2	18	8	6	12	12	3	13	4	6	6	7	4	3	9	14	0	4	2	5	2	5	4	3	2	6	0	2	7	9	2	2	7	7	4	7	0	2	2	3	3	4	2	10	3	4	2	4	7	2	4
RP11-328P23.3	0	0	0	0	0	0	0	0	0	0	0	0	0	0	0	0	0	0	0	0	0	0	0	0	0	0	1	1	1	1	1	1	2	1	2	1	1	2	1	1	0	0	1	0	4	1	2	0	0	0	3	0	2	2	4	2	3	2	4	5	1	1	2	1	4	5	2	3	3
CA14	1117	1376	1193	1255	1123	1372	1094	1180	1149	1169	1032	1260	1080	989	571	974	683	1008	666	1392	730	1043	620	1069	662	1091	586	747	527	665	434	654	483	680	517	590	484	663	385	815	508	378	106	326	106	387	104	490	88	430	95	365	102	418	104	126	56	194	64	255	58	217	53	195	62	276	71	265	54
RNA5S12	0	0	0	0	0	1	0	1	0	0	1	0	0	0	0	1	1	0	0	1	1	0	0	1	0	0	0	1	0	0	0	0	1	1	0	0	0	0	0	1	0	0	0	0	0	0	0	1	0	1	1	1	0	1	0	0	0	0	0	0	0	1	0	1	0	0	0	1	0
MTND4LP18	0	0	0	0	0	0	0	0	0	0	0	0	0	0	0	0	0	0	0	0	0	0	0	0	0	0	0	0	0	0	0	0	0	0	0	0	0	0	0	0	1	0	0	0	0	0	0	0	0	0	0	0	0	0	0	0	0	0	1	0	0	0	3	0	3	0	0	0	0
ZSCAN12	595	465	529	427	456	414	420	464	500	459	525	453	504	514	657	539	534	564	554	637	581	543	487	572	626	646	590	699	852	691	805	672	804	723	821	746	741	713	718	842	754	1046	922	1091	784	1089	777	1330	664	1195	805	1036	1028	785	930	980	799	1396	822	1392	911	1474	775	1417	763	1391	888	1559	840
RP11-21L23.2	76	119	83	102	89	105	83	97	90	79	76	100	77	175	163	184	153	155	161	173	153	159	139	154	192	187	152	266	162	213	158	251	194	264	152	295	143	183	133	288	148	233	320	309	382	308	208	352	185	326	156	322	176	301	159	183	175	322	184	346	149	373	149	258	144	299	188	279	199
RP11-492I21.1	5	9	7	5	12	5	3	13	12	3	7	1	5	4	14	5	4	2	8	5	4	1	4	9	6	4	7	8	2	0	0	3	2	0	5	2	7	5	4	9	0	7	3	0	4	3	3	4	0	0	0	3	2	4	1	3	0	4	0	5	1	4	0	2	2	0	1	3	0
AC062028.1	4	2	0	5	0	6	2	2	0	4	0	4	4	6	1	4	5	2	0	1	3	4	4	1	0	0	0	0	3	1	1	0	1	0	0	2	1	1	0	0	2	1	0	0	0	3	0	0	0	0	2	0	0	0	0	1	0	1	1	0	1	0	0	0	1	2	3	1	0
ARID5A	242	284	306	250	318	262	315	212	306	231	355	243	274	149	129	147	139	148	183	161	179	134	136	151	171	161	134	176	189	106	198	138	210	118	208	119	165	147	171	156	202	80	100	79	154	103	95	133	130	100	119	129	166	92	139	57	68	63	86	90	129	92	89	64	110	80	96	83	96
PSG9	2	1	0	0	4	0	0	0	0	0	0	0	0	1	4	0	1	0	4	5	1	0	0	0	3	0	1	0	0	0	1	0	0	0	0	0	0	0	0	0	0	0	0	0	0	0	0	0	0	0	2	0	0	0	0	0	0	0	4	0	0	0	0	0	0	0	0	0	0
AC015977.5	0	0	0	0	2	3	0	0	1	2	0	1	1	0	2	2	0	0	0	1	0	1	0	0	0	0	1	1	1	0	1	0	1	0	0	0	1	0	0	0	0	0	0	0	0	0	0	0	2	0	2	1	2	0	0	0	1	0	0	0	1	0	0	0	0	1	0	2	0
SCRG1	3	3	1	7	2	2	4	6	10	4	3	0	1	0	7	0	2	4	1	1	0	2	0	4	4	7	0	5	4	3	4	1	6	2	2	5	5	4	11	7	5	7	11	3	12	5	11	5	3	2	9	7	8	0	9	3	10	22	8	14	16	17	9	12	7	4	14	7	11
PIEZO1	1894	2857	2849	2617	2630	2335	2300	1833	2471	1967	2723	2151	2444	2395	3631	2780	3727	2067	4517	3265	3895	2598	3239	2313	3850	3179	3576	2794	3578	2471	3266	2725	3557	2936	3758	2435	3370	2890	3237	3007	3520	745	565	684	639	812	538	986	605	1021	611	798	946	542	695	374	574	421	490	583	584	675	518	454	389	474	533	516	483
RARRES2P9	0	2	1	1	2	2	2	4	1	2	1	3	2	4	0	2	2	2	1	8	2	2	2	0	0	1	0	0	0	0	0	1	0	0	0	0	0	0	0	0	0	0	0	0	0	0	0	1	1	0	0	0	0	3	0	0	0	0	0	0	0	0	0	0	0	0	0	1	0
AC012442.6	2	2	5	3	0	3	1	1	5	2	0	0	2	3	3	1	3	7	8	5	2	0	4	3	3	1	3	2	7	1	6	6	0	1	2	0	6	2	1	7	3	5	5	7	3	2	0	7	0	7	1	0	4	1	4	8	6	2	3	4	9	8	2	4	7	2	3	0	5
AC140542.2	0	0	0	0	1	1	0	0	2	0	0	0	0	2	0	1	1	2	0	0	0	3	0	0	0	0	0	0	0	0	0	0	0	0	0	0	0	0	0	0	0	0	0	0	0	0	0	1	0	1	0	0	0	0	0	0	0	0	0	0	0	0	0	0	0	0	0	0	1
RP11-475I24.3	53	44	64	44	32	59	40	40	42	46	60	48	54	57	48	53	34	55	60	77	44	59	33	55	48	64	38	19	20	19	26	30	24	24	24	24	17	28	16	35	19	25	16	31	20	22	18	26	27	23	26	23	32	21	17	28	35	24	29	36	35	43	36	26	35	26	46	45	33
CLDN4	429	737	494	655	476	607	428	631	509	671	444	620	352	1255	680	1223	656	1005	739	1854	664	1624	685	1307	689	1495	506	213	73	179	111	175	120	192	76	182	87	139	79	198	99	74	64	115	50	92	52	119	36	138	37	137	36	148	50	128	49	171	46	225	47	196	56	139	21	172	53	207	49
SCARB1	1740	2250	2358	2012	2263	2061	2008	1697	2382	1704	2342	1611	2037	2069	2643	2046	2903	1869	3124	2515	2876	2315	2744	2052	3057	2366	2583	2875	2139	2562	2170	2808	2405	2883	2336	2474	2118	2810	1979	2977	1969	2002	905	2254	1010	2257	892	3023	916	3134	1064	2410	1367	2043	936	1250	695	1265	718	1847	794	1632	664	1520	674	1868	721	1651	613
RP11-401E14.3	6	0	1	3	6	2	2	0	4	1	2	1	5	3	1	0	1	4	3	4	2	3	1	0	1	0	0	0	2	1	1	3	0	6	1	3	1	6	2	4	2	1	0	2	5	1	2	2	0	8	1	3	1	1	2	2	0	0	1	4	1	2	5	2	6	0	5	0	0
SLC17A6	18	22	8	20	11	18	14	16	2	24	12	18	10	2	3	3	3	4	4	4	6	4	4	2	3	7	3	28	182	33	205	58	214	20	229	38	146	10	163	36	231	371	3429	542	3507	550	2808	372	2295	348	2357	301	1670	310	2247	4578	6387	5952	6362	6535	5664	7292	6178	5604	5996	5175	6728	5446	7671
HSD3B7	47	68	84	83	55	66	46	38	50	40	64	45	52	42	25	44	28	52	40	42	41	46	36	14	27	41	28	28	37	22	54	28	37	46	37	33	37	36	27	50	35	44	32	31	66	40	29	46	35	47	44	36	42	39	40	21	54	39	45	47	45	49	42	31	43	48	39	47	61
RP11-180C16.1	7	2	15	8	2	7	6	3	7	7	9	8	9	4	11	8	5	9	3	9	8	9	6	4	5	11	6	3	3	1	3	7	5	2	4	3	9	2	0	1	1	11	10	10	6	7	2	1	13	12	2	3	6	6	9	8	13	10	9	14	8	6	6	7	11	8	7	17	13
THRB-IT1	0	1	0	0	0	0	0	0	0	0	0	0	2	0	0	0	0	0	0	0	0	0	0	0	0	1	1	0	0	0	0	0	0	0	0	0	0	0	0	0	0	0	0	0	0	0	0	0	0	0	0	0	0	0	0	0	0	0	0	0	0	0	0	0	0	0	0	0	0
LLNLF-173C4.1	43	66	27	51	47	56	51	36	67	44	65	53	59	33	27	39	22	39	31	57	25	40	15	42	32	51	24	22	20	25	18	23	24	19	20	18	15	22	22	24	18	14	14	14	20	18	12	19	17	19	15	13	15	10	15	8	13	12	15	15	12	19	14	13	14	14	14	18	17
Z83844.1	6	15	5	9	9	11	13	3	12	8	8	10	8	7	12	13	11	6	5	13	9	6	4	15	21	11	17	7	13	4	12	10	13	6	8	6	12	14	14	9	11	7	1	14	0	12	4	18	2	13	1	11	7	14	4	16	3	11	3	23	16	7	9	14	10	14	10	19	2
CTD-2329K10.1	3	3	5	6	1	5	1	8	1	2	4	6	4	2	5	2	3	2	10	6	2	3	4	2	7	1	3	4	8	5	1	10	6	4	9	8	10	7	2	12	1	11	3	4	3	4	2	5	6	2	1	11	8	5	2	5	0	4	4	5	6	3	2	5	1	0	0	7	3
RND1	222	275	333	234	244	259	227	223	243	236	233	225	258	120	63	105	89	150	82	153	69	163	71	125	110	142	63	45	30	47	27	42	15	46	27	33	27	22	38	58	25	38	21	48	15	28	34	40	24	35	43	47	37	19	33	65	54	75	55	80	38	69	72	46	40	58	60	69	57
CTA-339C12.1	1	0	0	0	0	0	2	0	0	0	2	0	0	1	0	3	6	2	1	1	1	4	0	1	0	0	2	3	0	1	5	0	6	0	2	2	3	1	2	0	1	2	2	0	0	2	2	2	6	0	15	4	6	0	2	0	0	2	2	3	0	1	7	4	0	4	4	8	1
RP11-90K6.1	7	3	10	4	13	3	8	8	11	7	14	4	11	2	1	2	4	4	1	0	2	4	1	5	0	3	2	0	1	0	0	0	0	0	0	0	0	0	0	0	0	0	0	0	0	0	0	1	0	0	0	0	0	0	0	0	0	0	0	0	0	0	0	0	0	1	1	0	0
KANTR	38	33	47	30	20	30	42	32	46	36	53	17	29	50	38	27	51	23	43	38	35	30	14	38	52	40	47	34	53	20	54	35	25	28	26	24	41	54	43	24	29	42	51	40	84	45	39	54	44	31	40	41	46	16	50	37	75	63	45	72	57	52	46	33	29	43	66	83	40
AC009263.2	43	35	33	21	32	23	43	30	27	28	28	45	31	31	57	35	44	34	44	39	36	37	42	28	55	41	54	42	45	31	59	40	60	47	43	55	26	28	42	59	25	44	44	57	37	36	33	52	19	59	37	58	39	69	26	41	18	51	22	50	26	35	18	48	33	45	36	71	22
SPATS2L	2528	2999	3069	3198	2662	3323	2353	2443	2560	2952	2345	2992	2715	2379	2578	2424	2532	2518	2481	3087	2653	2249	2274	2373	2542	2944	2466	2312	3054	2119	2876	2220	3097	2337	3266	2089	2841	2064	2639	2245	2932	1355	2260	1700	2381	1635	2031	2247	1701	2087	1883	1616	2594	1935	1969	1080	1881	1198	1807	1453	2088	1376	1951	1433	1943	1372	2349	1277	2075
RP11-69I8.3	12	11	15	16	16	11	12	17	11	12	12	24	17	1	0	4	3	5	0	2	2	6	3	2	6	1	1	1	0	2	0	0	2	1	1	1	0	0	0	5	1	0	1	0	0	0	2	0	3	0	0	1	4	0	1	0	2	0	2	3	1	1	0	0	1	0	1	0	1
CRIP1	0	0	1	0	1	0	1	0	0	1	0	0	3	0	2	0	2	0	8	0	0	0	1	0	0	0	0	0	2	0	4	0	3	0	4	0	4	0	2	0	6	2	2	2	6	2	2	0	4	2	3	1	4	1	3	0	1	2	1	3	3	0	7	4	4	0	5	1	3
FCGBP	103	145	137	169	140	137	105	112	133	151	118	165	123	109	105	144	95	98	120	136	105	111	103	110	136	117	80	107	72	89	80	75	60	88	50	79	53	76	69	103	63	49	49	70	46	54	22	55	32	54	60	70	60	43	34	35	48	39	45	43	34	51	44	32	56	48	36	42	68
RP4-647J21.1	0	0	0	0	0	0	1	0	5	0	1	0	0	4	0	2	5	2	9	4	3	6	2	1	5	0	5	9	4	11	3	2	2	10	4	14	1	8	0	4	3	8	1	8	9	3	2	2	0	8	2	8	3	5	4	9	0	3	4	4	5	5	2	4	3	12	4	5	2
APCDD1L-AS1	4	4	1	2	1	0	0	3	1	2	1	2	0	5	7	5	3	7	2	9	3	11	1	9	9	14	5	3	3	12	2	0	3	0	0	1	3	0	3	3	0	3	1	2	2	3	1	0	4	8	0	7	3	0	2	2	10	0	1	4	7	1	3	11	3	11	4	4	6
RP1-159A19.3	355	466	450	462	483	452	456	357	450	443	443	440	481	466	325	434	506	394	481	497	506	485	347	397	390	560	316	373	242	336	214	297	304	383	280	325	286	277	320	401	288	191	108	259	222	255	148	312	154	309	231	296	256	295	184	167	135	209	134	289	149	262	115	222	165	302	151	304	133
SDHDP6	217	206	272	205	211	173	201	168	232	170	226	182	181	148	209	149	215	179	217	197	207	174	186	158	199	173	159	147	121	114	110	117	187	144	130	88	137	141	112	159	136	74	41	92	44	102	46	146	46	141	73	125	72	114	55	58	43	73	37	87	47	60	37	74	44	101	33	80	38
RP11-430C7.4	0	1	0	4	2	1	4	0	1	0	2	0	2	7	8	4	4	4	2	0	4	0	5	6	1	0	7	5	2	11	10	8	3	4	2	8	5	0	5	3	1	3	1	4	7	13	1	3	0	2	2	5	3	3	1	3	0	7	2	8	1	7	1	2	0	3	6	5	2
CTD-2373J6.1	4	1	2	1	0	2	1	5	0	3	0	1	1	2	0	0	0	7	0	6	2	3	1	2	4	1	4	2	0	1	7	1	0	2	3	6	9	3	1	7	5	9	2	4	1	9	0	22	3	6	4	1	2	15	1	0	3	10	1	2	4	2	0	2	2	13	2	5	4
RPS27P29	1010	760	866	709	814	756	846	683	813	681	786	793	750	737	802	774	937	817	851	972	1039	841	899	778	945	884	910	783	591	630	601	672	625	691	643	717	560	633	554	771	636	440	341	501	335	466	289	664	285	621	310	473	353	616	332	338	198	467	241	554	271	510	259	478	290	531	277	539	218
LRIT2	7	9	14	1	4	5	2	8	2	4	3	2	3	4	3	1	1	2	6	3	5	2	9	4	7	2	9	1	0	4	4	2	4	2	0	4	0	6	4	6	5	4	13	6	13	6	7	6	6	5	3	0	3	4	0	4	9	7	8	11	14	12	8	2	7	13	4	11	6
LINC00689	2	0	4	5	1	4	4	0	6	3	1	0	3	0	2	1	1	0	0	3	2	2	2	0	1	3	3	1	1	1	0	0	0	1	1	0	1	0	0	0	1	7	2	3	0	1	0	5	0	0	0	2	6	3	0	5	0	3	0	8	0	4	1	2	0	6	4	5	0
RP11-24M17.4	6	7	6	6	7	6	3	3	8	8	9	2	4	5	16	14	7	7	10	7	5	8	9	6	5	8	3	2	6	4	3	6	4	10	3	8	4	3	4	5	2	2	1	6	2	6	2	9	10	8	6	4	3	2	5	8	5	3	1	14	5	5	3	4	6	13	1	8	2
CTNNBIP1	1334	1573	1358	1279	1263	1199	1409	1216	1389	1225	1262	1280	1192	1152	964	1113	1048	1098	1031	1468	1041	1310	862	1089	1054	1249	907	1318	1019	1095	958	1162	1010	1403	1019	1240	863	1167	875	1331	975	1012	1175	1309	1323	1241	1168	1579	1273	1663	1140	1382	1425	1339	1232	1196	1415	1538	1454	1847	1506	1854	1315	1739	1392	1815	1590	1873	1453
RP1-18D14.7	0	0	0	0	0	0	0	0	0	0	0	0	0	0	1	0	2	0	3	0	0	2	0	0	0	0	1	0	5	0	1	0	2	0	0	0	0	0	1	0	0	0	2	7	0	2	1	6	4	3	0	0	0	4	0	9	0	12	3	11	2	25	3	9	0	10	0	13	0
RP11-793H13.3	1	1	1	0	1	1	0	0	2	1	1	0	2	0	0	9	2	0	0	0	0	0	3	0	3	1	3	1	5	3	2	2	1	0	8	1	5	1	4	3	0	5	5	4	19	1	8	1	3	1	3	1	2	0	5	1	4	0	6	9	0	3	2	5	2	2	6	8	2
AF146191.8	0	0	0	0	0	0	0	0	0	0	0	0	0	0	2	0	2	1	2	0	1	2	1	0	3	0	3	3	2	3	0	0	3	0	1	2	0	1	0	0	0	0	0	0	0	0	0	0	0	0	0	0	2	0	0	0	0	0	0	0	0	0	0	0	0	0	0	0	0
AKT2	3929	4631	5099	4180	4644	4230	4339	3626	4591	3855	4608	4032	4478	4563	5219	4773	5969	4605	6191	5787	5875	4960	5225	4542	6128	5578	5296	7721	7168	6794	6755	7465	7250	7964	7041	7193	5982	8169	6102	8713	6183	8050	6344	9336	7879	9089	5367	11853	5900	11488	6167	9668	6186	7945	5808	9056	4936	10943	4999	13865	5373	13991	4862	11798	4671	14099	5451	13715	5175
RP11-181K3.4	6	3	3	6	2	1	3	2	5	2	3	6	4	1	0	6	3	1	5	5	3	5	2	3	6	0	6	0	8	7	8	5	3	1	9	2	3	7	5	6	4	11	4	11	5	7	11	15	7	13	2	10	8	10	21	5	11	2	5	5	13	1	9	6	7	9	7	12	12
SNORD58	0	0	2	0	0	0	0	0	0	0	1	0	0	0	0	0	0	0	0	0	0	1	0	0	1	0	0	0	0	0	0	0	0	0	0	0	0	1	0	0	0	0	0	0	0	0	1	0	1	0	0	0	0	0	1	0	1	0	0	0	0	0	0	0	0	0	0	0	0
C17orf51	343	289	373	275	387	271	354	211	347	256	341	268	359	492	673	454	808	434	751	561	769	515	691	477	784	503	651	943	1165	825	1063	940	1236	970	1120	817	1059	953	987	971	1191	1273	951	1376	934	1313	944	1709	996	1645	976	1358	1197	1094	1118	1465	1042	1835	1027	2022	987	2087	985	1759	958	2026	1203	2063	1065
RP1-153P14.8	3	3	1	1	6	6	6	4	5	4	3	7	3	40	45	30	93	26	48	31	97	39	57	26	86	48	81	29	22	37	45	69	33	87	36	47	55	36	33	63	35	25	6	24	6	34	17	47	16	37	18	23	15	19	14	18	16	19	32	17	12	21	17	33	14	12	14	35	21
RP1-102E24.6	263	343	357	351	328	325	254	286	318	301	316	330	293	107	95	105	116	126	104	124	104	87	89	122	100	131	90	74	61	94	58	64	53	89	60	82	60	62	54	90	62	53	67	52	76	60	52	61	35	70	38	78	40	35	56	42	62	42	50	60	34	52	24	42	14	52	35	45	34
USP48	5995	4491	5692	4425	4817	4968	5132	4179	4982	4522	5083	4821	4762	3942	4330	4188	3918	4017	3906	4885	4378	4179	4102	4706	4514	4795	4212	4176	3748	3969	3527	3875	3576	4139	3836	4093	3092	4193	3111	4871	3502	3486	2549	3719	2668	3408	2115	4102	2068	3968	2311	3411	2810	3202	2650	3057	2749	3850	2850	4547	2658	4708	2503	4208	2738	4224	3350	4662	3121
RP11-394B2.7	3	2	4	4	0	1	0	0	0	0	0	1	0	2	0	3	0	0	0	0	0	0	2	0	0	2	0	0	0	0	0	0	0	1	0	0	0	1	0	0	0	2	0	1	0	0	0	1	2	2	0	0	4	3	6	1	1	0	4	1	0	1	0	1	0	1	1	4	0
BPI	0	0	0	0	4	0	0	0	0	0	0	0	0	0	0	0	0	0	0	0	0	0	0	1	0	0	0	0	0	0	0	0	0	0	0	3	0	0	0	0	0	0	0	0	0	0	0	0	0	0	2	0	0	0	0	0	0	0	0	0	0	1	0	2	0	0	0	0	0
RN7SL606P	0	2	1	1	0	2	1	1	3	1	0	0	5	3	0	0	0	0	0	0	2	0	0	0	1	4	4	2	0	0	2	0	0	2	3	1	0	2	1	2	0	1	5	2	0	4	3	4	4	4	1	3	3	1	2	0	4	9	5	1	2	11	4	2	8	7	11	7	9
MIR6877	2	2	2	1	3	3	2	1	1	3	1	2	1	1	2	2	3	1	4	1	3	1	2	4	1	2	2	3	3	1	1	2	2	2	1	4	1	4	2	2	2	1	2	4	3	2	2	2	1	2	2	3	3	3	3	2	2	1	2	3	1	1	1	4	1	3	1	2	1
PDE5A	1587	1185	1389	1237	1060	1243	1201	1257	1239	1361	1271	1245	1241	1436	963	1342	862	1411	832	1806	913	1633	856	1482	1040	1588	835	537	289	555	272	504	294	536	337	601	260	556	231	789	285	215	208	246	183	173	171	248	99	268	127	248	197	168	208	131	210	164	162	197	114	241	153	184	139	130	196	197	162
GABRG3	30	22	26	12	37	29	12	20	40	19	30	19	17	11	4	6	0	12	12	13	7	11	8	7	4	12	7	4	4	6	0	0	3	1	2	0	0	0	7	2	4	2	15	5	19	2	11	0	7	2	11	0	7	2	5	15	22	3	19	9	21	6	33	3	10	4	34	2	40
IL22RA1	3	9	12	3	7	3	11	5	8	14	13	5	6	9	15	9	8	17	8	9	15	25	6	19	12	20	7	3	3	3	4	4	7	7	5	7	3	4	8	5	0	3	0	0	0	3	4	3	0	2	2	8	3	3	6	6	2	0	0	3	0	1	0	0	3	0	1	0	2
CTD-2521M24.4	2	2	7	1	1	2	2	6	4	7	6	4	2	12	6	13	12	13	6	12	8	18	0	15	12	3	7	9	4	11	2	9	1	3	8	1	9	9	4	1	0	1	0	5	3	2	3	6	2	6	0	3	8	1	0	3	2	3	4	2	1	3	1	1	1	0	0	4	3
RP11-430G17.3	3	1	2	3	2	0	2	0	2	3	0	1	0	2	1	0	0	1	0	0	0	1	0	0	0	3	0	0	0	0	0	2	0	0	0	0	0	0	0	0	0	0	0	0	0	0	0	0	2	0	0	0	0	0	0	0	0	0	1	0	0	0	2	0	0	0	0	0	0
PPME1	1835	2033	2108	1871	1959	1793	1748	1615	2003	1793	2110	1750	1915	1662	2214	1673	2313	1671	2178	2089	2342	1736	1953	1626	2140	2040	2209	2749	2591	2396	2623	2727	2909	2888	2560	2735	2360	2487	2141	2698	2564	2581	2544	3038	2647	2908	2408	3680	2178	3474	2240	2786	2688	2529	2314	2068	2305	2553	2273	3087	2405	3008	2284	2776	2166	2963	2381	2887	2469
RP4-646N3.1	4	0	2	5	2	0	0	1	2	0	2	0	0	0	1	0	3	0	0	0	0	0	0	0	2	0	0	0	0	0	3	0	1	0	0	0	2	0	1	5	2	4	0	6	0	4	1	1	0	2	0	1	2	0	1	1	4	9	3	0	0	7	1	6	7	0	6	2	3
NANOGP8	1427	1198	1399	991	1204	1025	1207	923	1197	917	1350	926	1101	204	119	264	84	342	118	315	97	195	66	228	67	316	91	15	8	22	18	17	9	15	7	14	7	10	15	19	14	9	34	7	25	16	29	8	21	13	15	14	22	9	30	29	34	25	28	24	27	19	31	15	32	14	31	16	23
RP11-6O2.4	4	1	5	2	0	0	1	2	1	0	1	0	1	1	1	2	7	3	3	2	7	1	3	0	8	9	17	7	8	8	9	8	8	11	7	4	3	3	8	11	12	7	5	2	14	2	3	9	2	9	3	6	2	3	4	0	4	1	0	4	2	2	1	2	1	5	3	9	0
AC022210.2	889	957	948	845	893	809	926	768	924	736	869	853	814	852	897	826	1045	818	1093	1082	1027	886	933	773	942	978	859	896	750	679	684	727	819	822	788	714	665	673	643	775	699	485	386	587	556	656	407	826	457	764	432	658	478	742	398	405	237	474	255	616	340	590	255	511	305	655	312	640	242
DDX58	791	657	676	681	660	643	633	637	595	749	604	791	587	361	322	321	300	362	279	567	353	448	312	372	348	529	315	196	239	148	205	143	253	165	188	162	206	135	195	258	251	130	236	186	228	165	208	202	244	221	285	162	273	159	298	108	213	118	232	175	192	148	196	137	228	140	291	173	294
NPAS2	61	60	49	45	57	51	43	53	53	46	47	45	48	101	123	104	160	89	192	125	157	112	132	74	212	101	190	47	34	49	30	32	55	32	41	45	30	67	25	64	36	7	11	26	5	5	4	24	6	11	3	11	12	8	9	3	13	2	6	8	13	5	8	2	2	7	13	12	20
AC114803.3	5	14	7	6	9	5	15	9	13	9	14	2	4	0	0	0	1	0	1	0	2	0	2	0	0	0	1	0	0	1	0	2	4	0	3	0	1	1	1	2	2	0	3	1	3	2	3	3	1	0	7	1	6	1	5	2	5	5	7	10	13	7	11	7	7	3	6	5	12
TFPT	76	77	79	63	51	74	82	48	51	46	72	67	70	47	82	72	72	63	89	83	88	92	81	49	51	79	84	82	79	51	63	50	77	67	79	72	53	53	94	69	69	54	60	94	52	57	53	110	82	93	63	71	83	89	55	53	87	94	61	79	65	91	54	58	73	110	70	73	74
CYP11B1	0	0	0	2	0	0	0	0	0	0	0	0	0	1	0	0	0	0	0	0	2	0	0	0	4	0	4	0	0	3	0	0	0	0	2	6	0	0	0	3	0	0	0	0	0	1	0	0	0	1	0	0	0	0	0	0	0	0	0	0	2	0	0	0	0	0	0	0	0
SLC25A1	2846	3598	3716	3341	3525	3198	3543	2646	3631	2757	3387	3255	3251	2318	1776	2483	1932	2368	2117	3139	2096	2592	1820	2305	1988	2881	1864	1724	1139	1604	1095	1580	1293	1871	1287	1643	1196	1572	1087	1736	1141	916	813	1071	916	1197	858	1495	1043	1507	965	1257	957	1271	865	957	1084	963	1124	1299	998	1308	992	1254	998	1584	952	1148	1128
TMEM55B	948	1005	1046	855	889	919	854	786	951	845	929	824	882	842	844	838	991	844	1051	1041	1005	937	937	877	1094	914	926	1450	1162	1104	1165	1332	1344	1397	1366	1083	1073	1279	1173	1431	1245	1287	1151	1489	1360	1519	1193	1886	1185	1767	1294	1503	1366	1630	1268	1209	1475	1461	1411	1979	1432	1835	1429	1682	1426	1815	1453	1964	1558
RP11-555K12.1	3	1	3	1	0	0	6	1	2	3	1	5	0	1	0	2	1	0	1	2	4	1	5	1	0	0	3	0	0	2	0	0	0	9	1	0	1	0	0	0	0	0	1	0	0	0	0	0	0	2	2	1	2	4	0	0	0	1	0	1	1	1	1	5	2	0	0	0	0
AC093899.3	0	0	1	0	0	0	0	0	2	0	2	0	0	0	2	0	1	0	0	0	0	0	3	0	0	1	0	0	2	0	0	1	2	0	1	1	0	1	0	3	0	0	0	1	0	0	0	0	0	3	0	0	0	0	0	1	0	0	0	0	0	1	0	0	1	0	0	0	1
RRN3P1	277	210	289	210	216	260	249	221	206	252	265	259	250	233	214	252	227	330	191	372	191	236	192	272	263	268	339	231	393	317	375	295	382	277	330	296	335	304	309	358	297	433	628	496	634	404	560	483	672	437	632	404	701	357	719	477	833	696	760	780	862	910	773	723	795	738	1099	907	922
GTF2IP8	1	2	1	6	0	4	6	5	9	1	1	8	10	2	4	2	10	6	1	3	3	2	0	13	3	10	1	4	5	2	1	0	0	0	2	1	0	5	3	2	2	2	3	2	0	9	0	1	0	1	0	1	0	5	0	1	0	3	0	0	1	0	0	0	0	0	0	0	0
AC018890.6	17	14	18	9	17	16	9	9	9	7	14	7	9	10	10	13	13	9	5	15	14	13	12	17	12	14	9	10	9	12	9	13	10	13	10	9	12	12	14	13	8	7	10	15	6	12	4	8	9	12	5	11	9	12	10	10	8	8	6	16	6	20	4	14	6	10	15	16	5
RP11-615I2.3	379	502	558	498	454	503	457	372	559	440	518	406	485	246	235	309	194	274	258	374	261	324	185	296	208	339	189	107	76	96	81	102	99	136	103	105	71	104	62	105	94	30	60	74	62	53	46	58	47	81	50	56	55	23	57	62	69	57	76	70	78	80	69	43	59	40	61	71	55
SUGP1	626	714	912	695	710	725	807	558	820	673	803	680	766	1042	1167	1049	1223	1006	1301	1249	1320	987	1152	998	1435	1212	1222	1629	1700	1240	1519	1437	1805	1550	1644	1413	1420	1376	1375	1665	1448	1539	1635	1817	1669	1855	1455	2319	1471	2200	1532	1756	1634	1643	1500	1572	1132	1886	1222	2340	1297	2331	1140	2021	1063	2373	1230	2285	1278
GPR50	54	80	73	74	62	55	51	48	64	51	67	77	45	262	558	313	461	214	562	255	436	240	467	212	469	281	460	186	216	180	210	194	238	245	237	208	202	223	187	258	192	37	28	26	58	48	36	30	43	51	37	44	48	14	26	9	33	12	19	4	17	9	25	7	17	9	12	7	31
SMIM22	2	3	13	1	4	6	3	0	6	5	5	6	5	0	3	0	3	2	1	4	0	4	0	3	3	8	3	0	2	2	11	0	3	3	4	7	5	5	9	7	4	3	34	7	28	2	29	3	38	11	32	5	22	7	27	14	37	10	33	16	26	11	29	19	31	13	27	15	38
STX1A	131	159	147	135	131	143	160	134	170	138	144	156	176	239	315	330	473	252	457	351	386	396	351	281	462	364	414	781	1190	604	1040	698	1133	694	1124	607	921	665	932	734	1044	908	1361	1015	1836	1076	1306	1345	1429	1240	1298	1037	1427	882	1308	1461	1466	1561	1608	1995	1778	2118	1660	2044	1553	2230	1629	2261	1789
RP4-663N10.1	0	0	0	6	0	0	0	0	0	0	0	0	0	0	0	0	0	1	0	0	0	0	0	0	3	0	0	0	0	0	0	0	1	0	0	0	0	0	0	0	1	0	1	0	0	0	0	0	0	0	0	0	0	0	0	0	1	0	0	0	0	0	0	0	0	0	0	0	3
RP11-321A17.3	1511	1038	1283	1063	1208	1128	1223	967	1188	1096	1101	1235	1175	1150	1112	1114	1222	1346	1172	1426	1334	1281	1124	1118	1286	1299	1289	1101	965	859	862	994	996	1057	1018	922	887	840	795	1134	961	807	744	994	707	844	692	1057	538	1078	638	856	799	1196	726	672	456	925	553	941	566	969	546	887	662	1028	615	1069	532
CTD-2571L23.8	1	0	0	0	0	3	4	1	1	0	0	0	0	1	1	0	0	0	1	3	1	1	0	0	0	0	0	1	1	0	0	0	3	0	1	0	3	2	1	2	0	0	0	1	3	0	1	1	0	1	0	0	0	0	0	0	1	0	0	0	0	0	0	1	0	2	4	0	0
TEX10	4577	3145	5453	3858	4200	3765	4319	3095	4309	3233	4037	3769	4511	4199	3874	4591	4028	5020	3372	5391	4198	4203	3423	4275	4016	5279	3850	2381	2165	2318	2128	2230	2399	2434	2218	2257	2048	2061	2028	2815	2138	1848	1656	1863	1830	2082	1515	2278	1267	2243	1506	1810	1949	1761	1595	1296	1279	1687	1285	1832	1242	2065	1149	1599	1386	1614	1563	1819	1327
SENP2	2936	2696	3250	2604	2820	2823	2501	2512	2858	2756	2677	2693	2803	2248	2484	2290	2433	2623	2391	2849	2747	2423	2230	2329	2620	2746	2377	2441	2649	2310	2445	2414	2733	2497	2599	2372	2229	2412	2166	2773	2426	2688	2690	2836	2446	2662	2574	3622	2306	3257	2523	2618	2783	2716	2511	2363	2164	2941	2126	3393	2097	3568	2127	3089	2263	3431	2383	3213	2456
POLR2KP1	72	86	93	52	79	71	84	82	92	106	71	96	69	100	72	89	98	102	102	95	110	122	61	91	87	106	62	117	59	122	67	117	93	91	78	100	71	85	78	108	77	94	50	86	52	77	49	124	75	127	83	118	73	103	63	106	64	103	82	114	54	127	51	93	86	138	89	118	63
C11orf87	25	13	16	13	25	18	15	18	27	23	19	16	25	61	73	47	111	73	89	54	90	64	85	53	108	62	89	97	95	126	136	95	94	129	123	124	144	91	122	98	114	99	92	104	111	132	50	146	56	102	85	117	61	70	73	81	40	113	47	133	53	108	43	123	38	127	57	133	46
RP11-119H12.1	18	11	14	5	7	13	8	7	12	7	15	9	16	11	12	8	0	18	2	22	8	8	15	7	6	7	5	11	14	8	10	5	16	5	4	8	9	5	5	6	3	2	10	6	7	9	14	11	9	8	7	12	13	9	11	13	9	10	14	14	16	8	12	8	26	13	21	18	7
ARPC5L	1810	1551	1978	1711	1804	1685	1796	1422	1932	1384	1898	1600	1871	1353	1299	1544	1539	1471	1560	1787	1545	1410	1259	1329	1536	1622	1432	1427	1220	1289	1162	1340	1191	1412	1321	1277	1012	1293	1025	1494	1178	1044	915	1123	1187	1177	880	1486	890	1398	942	1152	1042	1291	947	850	844	1010	754	1283	746	1234	750	1013	826	1306	848	1146	862
C2orf50	10	15	17	24	14	25	18	31	16	20	31	22	16	2	10	6	1	3	2	8	5	4	10	10	1	11	5	2	5	0	6	3	2	0	2	0	0	0	0	2	3	0	1	1	0	0	4	0	5	5	0	3	0	0	2	2	3	9	2	2	1	3	0	1	2	5	4	2	5
RP11-844G16.3	0	0	0	0	1	1	1	1	0	2	0	0	0	0	0	2	0	0	0	4	0	0	0	0	0	0	4	0	0	0	0	0	0	0	0	0	0	0	0	3	0	0	0	0	0	0	0	0	0	4	0	0	0	0	0	0	0	0	0	0	0	0	4	0	0	1	2	0	0
RBM17P1	18	14	14	14	15	16	20	14	12	17	18	14	16	26	36	39	41	31	28	35	38	36	39	35	41	34	33	28	32	37	31	36	35	28	28	26	28	37	24	45	36	26	26	39	31	29	14	40	24	36	18	23	19	27	13	21	9	24	11	35	15	32	11	22	14	23	17	25	10
STAB2	11	12	9	13	13	13	6	11	5	8	17	8	2	5	4	10	12	7	7	16	11	6	7	14	14	11	1	2	4	10	2	6	6	4	10	12	9	6	1	13	4	3	3	5	3	2	2	2	0	3	1	1	1	4	1	4	0	0	5	0	0	0	0	4	2	0	0	3	0
ZNF217	4891	4437	4889	4719	4418	4939	4402	4102	4426	4485	4392	4863	4454	3489	3230	3830	3095	3864	3065	4644	3272	3763	3037	3997	3413	4697	3272	2870	2656	2864	2653	2863	2716	3099	2527	3033	2366	2751	2249	3587	2807	2408	2744	2810	2424	2516	2323	3244	2283	2975	2161	2515	2354	2358	2329	1911	1876	2358	1760	2716	1905	2887	1743	2551	1800	2607	2205	2867	2009
PIM2	6983	7290	8103	6867	7214	6675	6846	5701	7310	6302	6882	6284	6838	11603	5547	12842	6630	12891	6796	16546	6933	12159	5730	11700	6512	15057	6171	1794	1177	2100	1205	1924	1409	2152	1341	2066	1138	1541	1096	2295	1278	814	1496	1012	1625	966	1248	1032	1092	1123	1105	836	996	951	1021	605	1030	609	1044	720	833	810	1018	570	1039	619	869	594	945
FGFR1OP2	1557	1021	1177	901	962	967	1161	1031	1131	1082	999	1197	1133	852	940	983	869	961	749	1146	925	1075	851	1047	1075	1115	967	1074	981	1163	1052	1259	1028	1283	1088	1296	989	1196	889	1418	908	1076	856	1133	900	1000	711	1310	586	1199	740	983	813	1202	790	756	579	1050	603	1197	670	1293	552	1134	781	1087	812	1355	616
RP11-174N3.4	78	53	76	48	61	47	66	45	53	60	69	51	53	68	69	56	73	82	49	81	55	69	48	30	84	75	44	58	46	34	37	41	62	35	51	36	25	35	29	37	47	28	25	35	26	23	15	51	22	46	25	36	31	24	21	26	11	24	15	48	19	29	18	33	27	31	24	35	13
AC013467.1	15	18	21	8	12	7	5	11	14	9	16	12	18	4	7	15	3	6	3	5	6	10	1	8	10	6	6	1	0	1	0	0	0	2	0	0	0	1	1	3	1	0	0	0	0	0	0	0	0	0	0	0	0	0	0	0	0	0	2	0	0	0	0	0	0	0	0	0	0
HSP90AA4P	548	391	498	474	479	503	470	372	460	409	470	475	441	400	882	410	1001	388	955	486	1015	412	1008	419	978	517	951	390	487	424	515	405	599	430	562	421	515	340	510	486	494	282	289	360	315	323	281	401	257	432	315	321	335	420	285	224	238	248	239	300	249	294	242	291	268	274	297	254	250
SLC6A1	7	10	4	8	7	4	8	6	5	5	11	1	2	20	28	21	30	16	30	46	44	42	22	30	58	26	25	6	23	13	13	12	19	16	21	13	7	5	24	24	7	5	1	1	1	7	1	15	0	10	9	6	4	12	2	1	1	2	5	8	1	4	1	6	0	9	0	4	2
RNA5S3	0	0	0	0	0	1	0	1	0	0	1	0	0	0	0	1	1	0	0	1	1	0	0	1	0	0	0	1	0	0	0	0	1	1	0	0	0	0	0	1	0	0	0	0	0	0	0	1	0	1	1	1	0	1	0	0	0	0	0	0	0	1	0	1	0	0	0	1	0
bP-2189O9.2	1	4	2	1	2	1	2	0	1	1	2	2	1	2	5	3	3	2	3	4	2	2	4	3	5	3	4	7	6	5	5	6	5	5	10	8	3	6	3	11	4	11	7	7	3	5	5	6	2	6	5	3	9	3	4	6	3	4	3	6	4	4	5	3	6	5	4	6	3
STAM2	766	535	723	530	676	600	649	461	620	527	702	656	744	702	815	764	794	878	693	997	779	712	698	880	804	985	779	622	745	751	689	710	791	692	693	748	667	681	680	783	697	755	773	795	754	846	766	1014	798	818	801	672	927	745	919	922	947	1212	909	1427	997	1497	905	1294	997	1297	1255	1386	1169
RP11-506F3.1	8	8	8	4	8	2	11	8	4	6	7	4	8	6	9	10	4	18	6	13	8	12	10	10	2	7	5	2	6	1	2	0	4	1	1	2	1	4	4	0	2	0	2	2	0	0	0	0	2	1	6	0	2	0	3	1	2	0	0	0	0	0	0	2	2	0	0	0	0
PSMB10	28	27	48	20	40	24	25	35	32	33	22	24	45	21	16	28	12	20	24	27	29	32	18	25	22	34	16	14	10	13	22	14	21	11	10	10	10	3	8	8	9	11	24	25	36	11	15	21	21	24	27	22	12	12	19	19	25	21	19	18	17	27	21	26	21	28	13	40	20
TRDN	655	427	471	471	423	528	468	526	527	586	463	517	462	21	34	35	25	42	20	57	8	49	13	47	8	63	7	7	6	4	3	3	4	0	4	1	6	3	4	7	7	2	12	0	7	4	9	0	3	5	5	3	0	1	6	3	3	1	5	5	6	7	7	3	7	4	17	0	9
ZNF419	517	406	435	390	382	410	404	344	464	382	441	368	447	390	394	418	392	483	404	505	418	423	391	433	472	544	466	386	557	435	465	328	469	442	491	377	407	385	416	509	421	590	520	608	527	596	465	637	453	600	551	548	564	451	525	606	543	768	666	926	600	912	593	891	582	814	666	1006	648
ASS1P4	3	5	0	4	2	2	0	3	2	3	2	3	2	17	49	20	41	45	41	31	41	28	36	25	60	21	37	16	10	17	12	19	10	26	13	21	13	22	17	35	12	1	1	4	3	7	0	4	2	8	2	3	4	7	0	5	4	8	4	9	3	13	3	7	7	7	2	15	2
MCEMP1	0	0	1	1	0	0	1	4	1	1	2	4	0	3	0	0	0	0	2	2	0	5	0	3	0	0	0	0	6	0	0	0	4	0	0	0	3	0	1	1	1	1	8	2	4	5	9	0	8	5	6	2	5	0	7	20	7	5	11	6	9	4	3	6	5	6	11	12	8
RP11-122G18.12	12	3	7	1	2	0	0	0	2	3	2	0	1	9	29	5	11	8	7	6	9	6	27	6	17	10	7	14	5	14	11	2	8	6	9	7	10	8	12	16	9	10	9	15	2	9	9	10	22	14	13	4	18	7	12	13	8	13	14	7	16	17	13	7	10	18	10	26	15
RP11-386M24.3	4	2	1	1	5	4	7	6	0	3	13	1	3	11	36	12	25	19	19	18	15	14	30	18	35	27	28	4	8	6	7	10	4	7	16	5	3	16	9	3	9	10	5	0	5	3	4	3	11	2	1	11	6	2	9	2	6	8	5	3	5	6	5	5	2	0	1	2	3
RP11-650P15.1	1	0	0	2	0	0	1	0	0	0	0	0	0	1	0	0	0	0	3	2	0	2	0	1	0	0	0	0	0	0	1	0	0	0	0	0	0	0	0	1	0	0	0	0	0	0	0	0	0	0	0	0	0	0	0	0	0	0	0	0	1	0	0	0	0	0	0	0	0
RP11-4B14.3	0	0	0	0	0	0	0	2	0	0	0	0	0	1	3	0	0	0	2	0	4	0	6	0	0	2	4	0	2	2	2	0	1	1	8	3	2	1	0	4	1	0	1	0	0	0	5	0	4	1	3	0	2	0	0	6	1	1	0	0	0	0	2	0	0	0	0	0	2
MTHFD1P1	5449	4630	6221	4967	5247	4667	4992	3933	5084	4508	5146	4379	5056	2797	2628	2742	3008	2674	2852	3272	2935	2825	2626	2757	2925	3278	2685	2636	2724	2592	2585	2665	2743	2869	2627	2518	2403	2557	2279	2997	2463	1644	834	1790	836	1902	864	2221	755	2204	916	1934	1421	1694	967	712	535	851	579	970	619	1054	587	869	566	953	711	1026	524
NDNF	40	50	26	25	22	31	34	39	28	52	33	43	27	74	168	78	177	61	203	131	140	95	175	92	159	121	165	142	95	130	123	178	130	166	125	230	81	157	121	219	137	94	56	107	47	95	30	153	31	103	24	85	42	127	36	67	16	68	14	76	20	95	26	83	20	65	12	64	7
MIR3122	0	0	1	0	0	1	0	0	1	0	0	0	1	0	0	1	1	0	0	0	1	1	0	1	1	0	0	1	2	1	2	1	3	1	1	0	1	1	0	3	1	1	0	0	2	1	0	1	0	1	0	1	0	0	0	0	0	0	0	0	0	0	0	0	0	0	0	0	0
FBXO32	21	22	18	16	27	27	28	25	19	17	17	20	15	91	224	74	268	94	255	133	219	87	211	85	309	102	193	396	456	303	388	394	399	364	346	328	336	407	307	390	358	737	317	627	288	781	280	923	316	844	315	698	382	675	373	732	272	833	234	1043	295	915	248	880	286	977	368	964	238
MTM1	506	299	407	342	360	447	445	323	417	368	436	423	421	256	297	343	335	350	276	345	336	236	251	265	291	353	280	176	158	139	149	198	163	147	148	163	154	141	111	217	159	114	132	133	88	141	120	129	81	135	144	123	149	138	144	100	145	178	151	156	155	153	135	171	169	156	165	159	166
RP11-637O19.2	2	0	2	0	2	4	3	1	3	4	2	1	0	7	8	3	7	1	5	2	3	6	2	1	8	0	5	5	3	0	0	0	0	0	4	2	1	0	2	4	0	1	0	0	0	0	1	4	0	0	1	1	0	2	0	2	0	2	0	2	0	2	2	0	0	6	0	3	0
AJ006998.2	0	0	0	0	0	0	0	0	0	0	0	0	6	0	0	0	0	1	0	0	0	1	1	0	0	0	0	0	0	0	0	0	0	0	0	0	0	0	0	1	0	0	0	1	1	1	1	1	1	0	0	0	0	0	0	0	1	1	1	1	0	0	1	0	0	0	1	2	1
SEPHS1P1	124	97	112	110	103	107	100	84	90	98	84	98	84	45	20	54	29	58	32	65	32	50	28	61	26	52	28	23	14	14	15	24	18	22	9	21	14	14	12	21	14	11	10	16	12	16	12	16	7	16	13	14	10	13	7	7	11	17	12	14	18	16	5	17	12	14	18	14	14
RP11-831F12.2	0	0	0	0	0	0	0	0	0	0	0	0	0	0	0	0	0	0	0	0	0	0	0	0	0	0	0	0	0	0	1	0	0	0	0	0	2	0	4	0	0	0	0	0	0	0	1	2	0	0	0	0	0	0	1	0	1	0	1	0	1	0	0	0	0	4	0	0	0
KRT18P13	152	152	146	130	120	129	154	124	130	110	137	146	122	54	35	83	39	62	45	124	39	85	48	72	47	88	24	4	1	3	2	7	1	8	5	2	4	3	0	2	4	2	1	0	0	0	4	0	0	1	4	2	2	0	2	8	2	2	1	7	4	8	6	1	3	4	3	0	0
JAZF1	702	526	738	659	610	674	571	450	729	520	636	635	675	247	216	279	223	321	200	327	250	286	237	254	283	355	248	169	114	174	118	178	106	195	147	175	105	174	125	211	143	76	96	105	69	139	65	134	75	134	93	117	58	121	102	86	172	157	195	215	142	215	166	203	190	169	201	227	196
OBP2B	0	0	0	0	0	0	0	0	0	0	0	0	0	12	14	1	11	6	7	5	6	11	3	10	19	3	9	20	2	1	0	10	0	2	1	3	0	1	1	10	1	1	0	1	0	0	1	2	0	0	0	0	2	2	0	0	0	0	0	0	0	0	0	0	0	0	0	2	0
CCNJP1	100	85	90	76	71	68	90	57	72	79	92	76	79	91	89	85	100	95	110	106	131	88	102	87	108	104	108	101	154	95	131	113	168	113	145	119	116	119	125	99	141	138	155	146	168	132	151	160	120	162	100	152	152	104	151	92	116	173	130	169	152	163	93	168	80	168	170	194	121
RP11-448G15.3	92	111	110	115	69	98	49	89	91	114	96	119	86	66	39	73	39	68	30	80	34	60	38	78	33	118	39	28	23	36	17	26	41	43	26	29	17	31	11	26	14	13	65	26	56	23	61	43	49	38	61	17	53	45	41	34	84	44	64	45	79	53	109	35	79	39	107	20	67
ZNF195	2955	2023	2610	2001	2132	2376	2470	1863	2334	2141	2239	2362	2317	1774	2270	1949	1946	2267	1918	2394	2194	1916	1848	1970	2334	2365	2261	2644	2809	2342	2907	2568	2962	2713	2897	2497	2414	2367	2322	2737	2662	3394	3758	3655	3644	3685	3620	4656	3239	3932	3417	3341	3818	3503	3638	3898	3457	5393	3495	6141	3771	6852	3487	5933	3950	5729	4281	6353	3878
ZNF783	362	448	463	384	411	393	407	373	440	357	462	356	423	470	672	550	699	525	766	638	744	538	598	451	696	678	639	977	1113	873	1048	909	1124	925	1119	875	947	957	885	1014	1080	936	519	1148	567	1116	844	1474	846	1419	1000	1104	1273	933	1103	988	1060	1227	1157	1406	1208	1437	1127	1335	1168	1608	1403	1655	1103
MOB4	2030	1015	1677	1195	1659	1492	1578	1220	1811	1318	1466	1652	1508	1766	1536	1693	1610	1885	1252	2389	1892	2031	1756	2021	1783	2165	1728	1460	1145	1409	1124	1478	1315	1527	1227	1631	1171	1491	1175	1755	1148	1328	1030	1411	1027	1393	995	1720	878	1744	982	1303	1086	1827	1065	1020	857	1404	812	1696	795	1777	751	1639	1175	1647	1037	1815	982
RP11-219I21.1	1	0	0	2	0	1	2	1	4	3	1	4	2	0	0	1	0	2	1	3	1	0	5	0	1	3	0	0	2	0	1	0	1	0	2	0	0	0	1	0	0	2	0	0	1	0	0	0	0	1	1	0	0	0	0	0	0	0	0	0	1	2	0	2	1	0	0	0	0
ALKBH5	2911	3063	2974	2758	3081	2882	3010	2420	3239	2535	3252	2671	2750	2156	2129	2099	2354	1976	2305	2583	2524	2285	2152	1961	2201	2510	2061	2522	1830	2214	1961	2470	2112	2892	2061	2742	1947	2639	1732	2943	1982	1709	1557	2075	1872	1972	1326	2460	1425	2621	1417	1971	1694	2244	1381	1443	1359	1810	1464	2101	1439	2366	1344	1874	1358	2368	1523	2196	1550
RP4-607I7.1	1	0	1	1	0	0	0	0	1	0	0	0	0	0	2	0	0	0	0	1	0	0	1	0	0	6	0	0	0	0	1	0	0	0	0	0	0	0	0	0	0	0	0	0	0	0	0	0	0	0	0	0	0	0	0	0	0	0	0	0	0	0	0	0	0	0	0	0	0
FOLH1	50	31	40	34	32	38	54	20	48	15	29	28	57	46	33	25	29	39	17	49	59	46	24	28	38	39	27	6	2	14	5	6	4	11	8	14	11	4	3	6	0	1	10	1	3	0	8	3	8	10	17	3	12	2	2	9	45	19	32	27	29	9	30	10	35	14	13	6	41
CYP4F29P	372	387	425	333	334	352	302	326	391	366	387	428	301	357	470	339	478	371	399	550	316	361	302	422	418	555	436	474	589	334	587	430	490	387	484	435	414	452	514	538	432	542	538	482	614	400	437	539	495	521	405	529	624	336	460	332	365	383	301	445	409	483	330	350	397	364	463	428	336
KCNS2	1	3	3	0	0	3	2	1	0	0	5	0	2	20	14	13	19	18	23	24	36	15	18	13	22	16	36	79	76	86	80	75	66	114	46	78	71	95	75	108	72	86	31	93	24	109	33	140	35	103	50	107	91	67	59	86	65	143	49	166	79	136	67	175	78	163	107	215	71
TRAPPC1	1165	1096	1202	1059	1111	1056	1074	1006	1091	1061	1089	1122	1058	1313	1366	1300	1542	1267	1530	1674	1672	1232	1412	1311	1441	1460	1364	1651	1417	1373	1447	1405	1599	1493	1599	1367	1301	1445	1272	1566	1446	1233	1105	1444	1470	1499	1278	1804	1367	1817	1423	1443	1579	1581	1403	1512	1560	1947	1631	2362	1621	2389	1599	2209	1717	2506	1625	2261	1664
MMP11	52	101	67	78	86	83	73	84	80	76	66	85	58	97	68	78	100	76	109	114	91	116	80	79	101	104	81	153	160	102	159	134	214	178	198	105	164	148	141	168	174	154	95	189	75	191	136	270	168	227	166	188	163	166	132	189	187	211	201	304	233	252	200	242	215	321	235	277	262
DDN	12	17	17	10	12	18	12	14	9	11	16	8	6	19	7	15	30	13	23	13	25	8	11	24	18	15	25	41	73	35	52	28	74	45	98	44	57	25	40	25	63	82	207	94	347	102	188	108	213	110	153	76	80	85	130	208	251	236	224	330	193	338	282	207	157	285	222	283	293
RP11-3L21.2	1	1	0	1	0	1	0	0	0	1	0	0	0	1	2	1	1	0	1	0	5	0	2	3	0	1	1	7	2	3	0	1	3	3	2	1	1	0	2	1	2	1	0	3	0	2	1	3	2	1	3	2	4	0	2	0	0	1	0	0	0	0	1	0	2	0	1	1	1
MIR202HG	0	1	0	0	1	2	1	0	0	0	0	0	2	0	0	0	0	1	0	0	1	0	0	0	0	0	0	0	0	0	0	0	0	0	0	0	0	0	0	2	0	0	0	0	0	0	0	0	0	1	0	0	0	0	0	0	0	0	0	0	1	0	0	0	0	1	0	0	0
GTF3C1	7923	9039	11368	9527	10920	7684	8802	6254	9653	7083	9762	7586	9450	9379	10459	9577	11808	9345	11938	11417	11776	9411	10104	9209	11983	11750	9977	9004	8707	8313	8489	8722	8931	9976	8640	8536	8288	8539	7449	9964	8864	7142	7702	8524	8124	8216	6795	11121	7059	10363	6651	8410	8726	7083	7062	6747	5900	7739	6053	8957	6546	9081	6037	7853	4998	9060	6765	8176	6196
VN1R20P	0	0	0	2	0	0	0	1	0	1	0	0	0	0	0	0	0	1	0	2	0	1	0	2	1	0	0	0	0	0	0	0	1	0	2	0	0	0	0	1	0	0	0	3	0	0	1	0	3	0	0	4	0	0	1	0	0	0	1	0	0	1	0	1	0	0	7	1	0
EDEM2	756	824	806	858	837	717	753	766	799	734	659	742	671	778	721	751	781	763	777	964	870	718	755	781	723	901	661	698	570	563	558	710	602	685	638	589	576	626	508	767	476	517	271	515	275	641	261	729	382	727	365	511	308	550	327	518	284	575	290	736	307	604	300	555	292	711	320	685	304
RP11-399O19.9	7	4	0	2	2	7	6	7	5	6	5	4	2	6	14	10	16	13	5	13	3	9	9	10	10	12	10	10	7	6	13	3	5	3	7	5	4	6	0	7	4	3	2	3	0	8	2	1	7	9	1	6	8	4	4	3	0	2	6	4	2	6	0	0	0	1	0	2	2
yR211F11.2	358	302	386	267	278	232	320	182	288	210	262	226	301	284	346	254	409	280	346	325	387	260	302	265	351	344	341	397	460	402	509	404	470	443	446	385	407	407	376	465	467	510	510	624	641	624	462	948	416	714	410	629	500	566	428	656	342	826	372	897	434	864	400	755	371	1089	422	926	366
TMEM139	29	35	29	28	32	31	27	34	30	20	25	29	47	28	30	27	29	28	36	54	35	18	22	27	33	37	13	8	14	13	11	10	11	24	21	10	19	21	19	33	7	6	6	7	1	12	3	12	2	17	5	13	8	8	7	3	10	13	17	17	10	10	16	11	9	8	15	11	7
NTRK3	209	337	257	292	262	357	235	286	223	311	217	307	254	227	222	308	258	276	240	286	271	295	219	268	289	311	243	326	191	224	223	216	198	285	181	255	155	238	160	338	193	542	321	523	371	503	290	627	280	504	305	511	439	321	362	1157	496	1303	539	1678	592	1377	470	1320	363	1538	630	1839	591
RP11-475D10.4	2	0	0	1	0	0	0	1	3	3	0	2	5	1	2	0	1	0	3	1	2	0	1	0	8	1	0	2	0	0	0	0	2	2	0	0	0	2	0	0	0	3	0	0	0	2	0	0	0	0	0	1	0	1	0	0	0	0	0	0	0	0	0	1	0	0	0	0	0
CHGB	220	236	266	210	230	230	231	199	211	170	228	239	207	443	647	388	840	492	813	546	820	390	639	397	844	516	834	2609	3075	2263	2912	2489	3100	2532	3158	2245	2657	2253	2474	2704	2893	2523	1938	3069	1864	2940	2215	3710	2091	3526	2224	2968	3163	2644	2451	2478	2390	3003	2569	3687	2634	3590	2565	3126	2569	3740	2965	3983	2727
EI24	5875	4798	6091	4757	5151	5174	5338	4371	5285	4612	5084	5087	5106	4126	3845	4361	4181	4382	3801	5195	4331	4426	3511	4306	3978	5036	3652	4107	3155	3601	3132	3600	3456	4068	3287	3905	2991	3680	2850	4630	3172	2834	2032	3344	2063	3170	2020	4089	2116	4235	2415	3278	2683	3632	2273	2200	1920	2825	2081	3406	2049	3278	1897	2946	2245	3491	2273	3089	2311
RGMB	293	302	259	282	304	271	282	278	300	264	238	304	266	251	225	273	296	324	308	389	312	324	256	319	321	342	210	327	325	285	294	280	365	278	343	314	362	301	332	326	334	404	1087	488	1453	515	861	528	844	416	862	460	660	342	827	890	1554	1100	1508	1362	1300	1500	1586	1138	1222	1138	1473	1292	1811
GPR45	2	2	0	0	0	3	1	0	0	3	1	1	1	0	1	6	0	1	0	2	1	2	0	1	4	2	3	5	5	0	0	1	0	1	0	0	0	0	1	0	0	0	7	0	1	0	9	2	4	2	6	2	1	0	4	0	4	2	12	0	16	2	4	2	10	0	6	2	14
ELMO1	296	430	324	322	335	309	344	317	287	310	325	295	327	1009	1085	973	1045	953	1003	1172	928	1073	1003	952	1034	1198	874	735	629	837	620	832	672	844	646	887	645	820	537	943	690	525	231	498	261	559	235	615	219	706	225	560	319	485	285	201	137	285	144	383	135	372	142	276	157	337	194	314	159
RN7SL678P	0	0	0	0	0	0	0	0	0	0	0	0	0	1	0	0	0	1	0	0	0	0	0	0	0	0	0	0	0	0	0	0	0	0	0	0	2	0	0	0	0	0	2	0	0	0	0	0	0	0	0	0	0	1	2	4	0	1	0	1	0	0	1	0	0	1	1	0	0
RP13-347D8.1	68	83	100	98	92	83	82	53	82	78	72	103	93	97	73	84	95	80	86	144	83	102	60	125	74	124	98	32	23	69	38	39	56	43	32	31	22	32	23	33	21	15	10	20	11	26	13	24	7	28	22	10	14	10	14	17	9	15	19	23	12	49	16	9	13	12	2	12	18
RNA5S7	0	0	0	0	0	1	0	1	0	0	1	0	0	0	0	1	1	0	0	1	1	0	0	1	0	0	0	1	0	0	0	0	1	1	0	0	0	0	0	1	0	0	0	0	0	0	0	1	0	1	1	1	0	1	0	0	0	0	0	0	0	1	0	1	0	0	0	1	0
AC108059.2	1	0	0	2	1	0	1	1	1	1	1	1	1	1	1	1	0	2	4	1	1	0	2	1	1	4	1	1	1	1	1	2	1	1	0	2	1	2	1	1	1	0	0	1	0	1	0	1	1	1	1	1	1	0	1	1	0	0	1	1	0	1	0	0	0	0	0	1	0
SNORD14A	13	14	18	14	13	21	12	12	12	14	15	20	16	4	3	6	10	10	16	9	8	7	18	11	9	6	7	7	12	12	11	7	10	3	7	11	5	13	6	6	5	7	1	11	6	6	7	18	5	9	4	5	10	14	15	6	8	9	12	12	13	4	6	11	6	5	7	17	7
RPL7AP34	15	11	13	10	10	13	10	8	7	8	14	13	13	14	11	6	18	7	15	11	13	10	8	12	9	15	14	7	10	12	6	7	11	10	12	8	6	15	14	14	12	7	2	5	7	7	8	12	9	11	13	7	7	16	8	4	7	10	8	14	3	9	2	8	5	12	4	7	6
PIGU	946	849	961	798	792	903	873	778	782	799	796	852	886	620	706	627	645	652	729	845	800	750	685	630	747	806	665	847	669	693	574	789	783	841	707	732	574	680	618	819	629	550	487	640	536	630	454	856	376	783	461	662	557	665	464	621	371	734	449	805	514	844	472	730	538	948	509	910	493
RP11-661A12.5	0	2	0	1	1	0	0	0	1	1	1	0	0	0	1	1	1	3	0	0	0	0	3	1	0	1	2	1	0	0	2	1	0	4	1	0	1	1	0	0	1	3	0	1	2	1	0	0	0	4	1	3	2	1	0	0	0	1	0	1	0	0	0	1	1	1	0	0	0
ISCA1P1	268	215	264	210	218	219	239	208	239	234	266	234	237	163	164	166	182	184	190	235	214	194	146	194	171	232	173	140	196	188	158	169	176	169	158	172	126	138	120	183	172	146	189	189	223	194	188	238	136	212	204	184	196	151	184	258	208	344	200	309	216	428	203	315	192	345	218	348	208
RP11-138I18.2	2	0	0	0	0	0	1	0	1	0	0	1	2	0	1	0	0	0	1	2	0	1	1	0	0	4	1	0	1	0	0	0	1	0	0	0	0	0	1	0	1	0	0	0	0	0	0	0	0	0	0	0	0	0	0	0	0	0	0	0	0	1	1	0	1	0	0	0	0
MRFAP1L1	3094	2168	2681	2170	2324	2311	2382	1873	2380	2127	2208	2246	2290	2552	2817	2692	2962	2773	2772	3181	3226	2684	2736	2552	2998	3073	2773	3005	2926	2672	2983	2799	3204	3134	2989	2787	2595	2569	2416	3256	2922	2927	2907	3300	3020	3294	2715	4048	2308	3554	2848	3016	3138	3374	2658	2819	2468	3842	2505	4111	2642	4060	2553	3855	2828	4422	2917	4335	2779
ADM	444	606	454	620	466	649	445	619	443	584	399	675	476	54	28	74	22	68	23	100	24	75	36	62	37	70	18	5	3	11	1	8	3	5	5	9	7	0	0	4	0	1	9	3	7	1	4	2	5	5	9	4	3	23	5	12	3	8	3	3	9	6	1	8	8	5	8	4	10
RP11-19P22.7	0	0	0	0	0	0	0	0	0	0	0	0	2	0	0	0	0	0	1	0	0	0	0	0	0	0	0	0	0	0	0	0	0	0	0	0	0	0	0	0	0	0	0	0	0	0	0	0	0	0	0	0	0	0	0	0	0	0	0	0	0	0	0	0	0	0	0	0	0
RP11-437J2.3	1	2	1	1	1	1	0	1	0	0	2	1	1	8	20	7	15	8	13	0	11	3	17	12	38	9	22	71	303	52	232	62	169	41	185	52	152	86	240	74	225	514	1509	520	1827	375	761	469	860	405	793	453	847	171	900	579	1174	773	867	712	783	800	804	622	366	594	1016	831	884
ZNF184	392	280	333	293	299	336	358	307	262	315	346	363	317	842	1161	846	1234	847	1109	1083	1322	1105	1165	974	1329	1130	1226	728	797	647	679	739	807	787	783	784	735	712	640	669	708	625	629	626	596	678	522	821	498	713	528	632	614	599	535	490	449	669	485	672	519	852	488	657	586	722	579	754	483
RP11-365N19.2	7	11	17	3	11	4	7	12	16	9	7	3	9	2	2	6	5	7	14	9	5	9	5	7	18	12	6	5	15	2	4	6	4	6	8	7	6	6	4	5	5	6	28	11	10	8	16	12	15	25	16	11	21	5	24	14	25	13	24	24	25	18	25	7	12	10	22	28	10
MIR31HG	0	1	0	0	0	2	1	7	5	2	2	6	3	0	2	0	0	4	5	0	1	3	0	0	1	0	0	0	0	3	0	2	3	0	0	2	1	0	0	0	0	1	0	0	0	0	0	0	0	1	0	0	0	0	0	0	0	0	0	0	0	0	0	0	0	0	0	0	0
PRDX2P4	767	860	839	773	838	717	762	612	754	801	732	746	680	654	772	702	824	735	816	907	787	727	693	623	758	744	704	1294	1179	960	1153	955	1218	1102	1189	1053	1104	995	975	1039	1115	1024	1152	1278	1316	1306	1093	1624	1176	1685	1101	1289	1238	1531	1136	1149	1048	1323	1073	1550	1005	1573	1037	1443	989	1647	1053	1504	1066
LCE1B	0	0	0	1	1	0	2	0	3	0	0	1	0	0	0	3	2	0	0	0	0	1	0	0	1	0	2	2	0	0	0	2	0	0	1	1	1	1	0	0	1	0	0	0	0	2	0	0	0	1	0	3	0	0	0	0	0	0	0	0	0	0	0	0	0	0	0	0	0
PTER	347	212	297	177	341	226	257	230	318	264	306	233	278	303	358	243	394	312	360	356	336	275	398	281	430	324	384	187	243	243	235	189	222	263	245	259	229	227	178	298	210	166	30	209	16	193	64	221	59	226	58	152	100	204	63	104	66	170	53	195	73	194	40	166	102	185	89	228	84
VENTX	491	474	507	422	591	425	521	389	553	434	545	411	506	117	181	196	150	142	162	240	199	163	131	136	162	202	169	39	66	36	67	35	65	53	78	33	52	28	65	26	75	10	99	23	76	42	134	46	143	32	98	20	123	24	136	70	117	61	124	72	138	60	121	78	113	53	132	77	129
RPL21P2	26	51	34	46	39	53	45	43	38	79	33	57	40	49	26	54	41	42	52	53	65	48	44	42	42	54	38	59	20	43	16	47	31	50	34	43	25	42	25	60	26	23	9	29	13	32	13	38	10	53	22	36	19	44	16	17	8	19	8	27	7	39	8	25	11	33	15	34	14
CTB-1I21.2	13	7	16	10	9	3	10	7	6	8	2	15	10	3	4	19	6	6	16	11	5	6	7	1	4	16	2	3	5	5	6	6	12	12	4	9	8	5	0	9	3	7	8	18	2	10	6	8	7	7	3	16	5	6	2	8	4	10	4	12	2	20	8	7	14	4	6	4	7
CTB-33O18.3	8	7	2	4	4	3	1	3	2	2	8	2	8	13	17	4	10	3	10	2	17	10	7	1	12	2	7	9	8	2	4	5	12	4	11	0	6	5	14	13	2	13	6	7	5	15	9	7	5	9	8	23	9	3	7	11	11	19	13	23	14	11	16	2	12	8	16	25	23
PHTF2	1284	864	1179	965	935	1001	1036	975	1080	1136	1031	1091	1018	1222	1133	1322	1188	1267	839	1581	1256	1299	1134	1471	1248	1506	1142	1409	1164	1486	1285	1348	1258	1416	1275	1485	1154	1352	1088	1681	1177	1058	1156	1396	1041	1072	973	1324	743	1383	986	1063	1092	1172	990	653	873	875	765	1047	784	1043	703	972	801	868	988	1059	877
RP11-598F7.5	0	1	2	2	2	3	1	4	1	0	4	2	0	2	3	4	4	1	2	7	3	7	3	3	5	3	2	4	5	5	7	5	9	5	4	4	5	6	4	6	5	7	4	9	11	8	4	11	7	8	15	9	7	1	7	12	9	17	8	19	12	26	6	14	8	21	8	26	11
RP11-703I16.1	41	33	28	22	32	48	29	21	32	17	28	29	32	44	30	27	40	24	37	44	47	39	43	52	38	45	28	59	38	45	46	66	55	46	45	66	46	62	37	43	39	51	47	94	64	82	47	89	49	78	36	63	30	75	37	65	41	54	39	83	28	101	43	71	32	80	43	81	36
RSL24D1P11	327	232	308	224	270	269	273	265	307	244	236	263	253	238	216	300	223	230	224	297	251	252	273	280	265	269	266	200	153	174	133	168	196	227	179	172	164	222	164	261	180	214	105	155	87	174	107	250	109	194	158	158	140	244	123	191	122	305	110	391	113	369	90	386	152	372	137	396	127
RP11-1191J2.4	4	1	2	0	0	2	0	1	0	1	0	8	0	1	0	0	0	2	0	5	0	0	0	0	1	0	4	2	6	0	4	3	4	0	2	0	0	3	0	0	2	0	6	1	2	4	2	2	15	2	3	0	3	0	3	7	5	3	1	2	2	4	4	9	3	8	10	4	1
RP11-307L3.2	328	256	306	284	268	319	245	247	337	278	291	311	323	310	275	306	354	339	324	309	345	288	314	309	325	332	311	399	356	280	323	322	390	418	312	364	318	327	319	367	309	242	306	297	314	293	283	431	264	429	304	329	315	340	334	340	274	327	246	432	227	413	248	382	229	397	299	401	276
ATP13A4	1	1	3	5	0	0	0	8	1	3	0	1	2	3	10	3	16	2	12	6	3	1	6	16	5	0	7	6	5	7	8	7	9	8	3	11	7	6	3	3	4	7	8	9	10	18	9	8	0	3	6	3	23	6	15	7	3	16	11	25	24	15	10	9	6	24	20	9	14
GPNMB	64	44	60	43	70	40	77	27	44	46	46	37	78	20	22	36	31	20	40	46	15	32	25	24	26	28	13	14	2	4	2	4	14	12	6	4	1	10	3	12	5	2	5	2	5	0	0	0	2	2	2	0	2	0	8	0	1	3	6	1	2	1	4	4	4	0	5	5	4
CTB-25B13.12	44	29	46	19	39	25	37	36	34	20	28	27	18	27	42	27	51	15	50	28	32	30	32	33	42	31	41	49	25	43	47	40	24	49	35	31	23	33	20	49	25	17	26	22	41	38	30	49	37	46	23	50	44	19	27	21	35	33	40	53	36	40	39	34	30	31	43	32	55
NANOG	4704	3353	3551	2897	3312	3344	3869	2930	3583	2926	3953	3251	3564	616	372	722	250	1021	219	924	259	584	187	663	221	1029	267	42	33	63	39	42	27	47	27	54	19	34	20	41	36	37	90	32	83	42	74	9	56	30	47	25	58	20	62	49	92	48	87	53	78	78	80	45	104	55	87	30	55
GRAMD2	90	67	57	46	63	67	80	66	74	67	70	35	53	30	36	42	52	43	53	49	44	55	34	51	32	61	52	20	7	18	16	21	14	21	45	12	7	13	24	27	10	13	10	9	1	6	0	8	6	1	6	6	12	10	6	9	3	13	4	12	9	13	6	9	3	6	11	9	6
RNU2-46P	0	0	0	0	0	0	0	0	0	0	0	0	0	0	0	0	0	1	0	0	0	0	0	0	2	0	0	0	0	0	0	0	0	0	0	0	0	0	0	0	0	0	0	0	0	0	0	0	0	0	0	1	0	0	0	0	2	0	0	0	0	2	2	1	1	0	4	2	0
TMEM167A	9945	7185	8805	7544	7729	8525	8041	7307	7972	7980	7774	8849	8310	8357	8468	8558	8477	9651	6932	10605	9115	9354	8046	9434	8853	10921	8491	6258	6802	6562	6495	6678	7183	7414	6620	6954	6213	6365	5846	7787	6809	6304	6517	7345	6112	6421	6056	8256	5134	7712	6209	6014	6495	6820	6389	6465	5836	8452	5918	9034	5931	9923	5638	9014	6482	8798	7485	9260	6984
GTF2H2	921	577	848	582	693	609	707	586	733	642	785	605	703	773	823	896	775	942	684	1064	820	890	786	891	949	956	932	715	665	712	659	634	676	671	652	725	569	626	573	782	587	562	363	589	361	570	427	601	433	590	445	596	575	599	467	367	419	573	470	626	452	700	397	567	489	668	517	669	458
LINC01362	0	0	1	0	0	0	1	1	0	2	0	0	0	0	0	1	0	0	0	0	0	0	1	0	0	2	0	0	2	0	3	2	0	0	0	0	0	2	3	2	3	1	1	1	0	0	1	0	0	0	0	2	5	0	0	5	3	7	0	2	1	2	0	2	0	0	1	1	1
U2SURP	9550	5965	9395	6479	8031	7289	8080	5957	7931	6656	8013	7423	8191	7560	7791	8014	7733	8794	6708	9661	8260	8196	7342	8473	8609	10042	7981	7590	7318	7938	7259	7911	7963	8193	7463	8209	6598	7902	6280	9266	6758	6706	4886	7149	4390	7099	4530	8483	3850	7662	4401	6299	5642	6383	4970	5543	4463	7245	4259	7993	4487	8799	4012	7989	4695	8027	5762	8554	4737
TIGD4	69	62	64	39	62	54	48	52	72	63	74	79	55	46	26	36	25	48	26	55	39	40	39	71	34	45	38	34	26	27	27	25	40	30	12	22	19	21	9	35	29	30	21	25	26	35	30	33	34	45	19	38	39	24	34	39	28	54	32	65	17	58	28	45	18	60	30	59	13
RPL21P11	334	258	261	248	252	252	296	242	253	249	238	273	251	263	286	279	289	277	292	333	314	291	283	259	318	304	288	308	201	232	208	211	223	267	237	256	216	249	206	276	219	180	104	189	110	167	98	237	82	231	111	184	118	238	105	94	77	159	75	163	92	184	80	156	110	174	101	179	76
ASS1P5	1	1	2	2	2	2	1	1	1	2	4	0	2	17	17	10	16	15	16	13	11	7	22	12	17	14	16	13	2	5	3	12	2	9	3	8	4	9	5	14	2	2	1	2	3	2	2	2	3	3	1	1	0	1	2	1	1	8	1	2	1	2	3	1	3	1	1	5	2
CTD-2396E7.11	192	148	172	155	146	148	139	112	169	134	143	149	174	54	21	71	17	57	34	61	23	67	29	67	21	78	43	3	2	9	0	3	3	1	2	10	6	2	1	7	5	0	4	0	0	1	1	0	3	4	4	1	1	0	0	2	6	0	1	0	1	0	0	1	2	1	3	3	2
C2	1	0	1	1	1	1	0	0	1	1	0	1	0	1	0	0	1	0	0	1	1	0	0	0	0	0	1	0	1	1	0	0	1	0	0	0	1	1	1	0	0	0	1	0	2	1	0	1	0	1	0	0	1	0	0	0	1	0	0	1	0	0	1	0	0	1	1	0	1
POTED	2	3	0	0	0	0	0	1	0	4	0	2	0	4	1	5	1	3	1	3	1	0	7	2	3	1	1	0	0	2	0	1	0	1	3	0	1	2	0	0	0	4	0	0	0	8	0	1	0	0	0	0	0	0	0	0	0	0	0	0	0	0	0	0	0	0	0	0	0
AC107218.3	0	1	4	0	0	0	0	0	0	0	0	0	0	1	1	5	2	0	3	3	7	2	4	3	4	0	1	0	0	4	2	0	5	9	6	6	0	5	3	0	0	1	1	3	0	2	0	25	0	26	0	5	3	2	7	7	0	1	0	10	2	11	1	4	0	13	2	14	2
SSRP1	17225	15427	18604	15437	16432	14440	15807	12203	16545	13686	16108	14039	15666	13053	12510	14063	13592	13793	13408	17075	13313	14112	11679	13492	13266	16386	11819	11945	10910	10756	10321	11507	11338	12266	10912	11390	9870	11062	8846	13131	10075	9104	6327	10364	6373	10014	6135	12718	5029	12616	5525	10331	8233	10315	6142	6085	4661	7701	4940	9227	5694	8669	5145	7719	5379	8701	5871	8952	5072
RP11-64C12.8	9	1	4	7	9	1	14	14	5	1	14	10	4	6	0	0	1	0	0	0	4	2	0	1	5	4	0	0	1	0	0	0	1	0	0	0	0	0	0	0	0	0	0	0	0	0	0	0	0	0	0	0	0	0	1	0	0	0	0	0	0	0	0	0	0	0	0	0	0
ZSCAN25	621	578	862	581	659	654	603	471	619	565	683	504	655	574	471	593	536	598	546	640	618	548	453	546	464	593	535	630	685	565	576	648	769	634	602	567	516	571	542	624	609	650	736	760	862	736	711	1058	704	789	707	815	880	672	818	746	695	894	764	1017	787	1025	748	933	780	971	787	1094	783
NADSYN1	1838	2019	1951	1760	1862	1676	1943	1616	1892	1706	1797	1752	1576	1177	1206	1338	1221	1289	1364	1622	1259	1369	1254	1260	1351	1664	1173	1830	1753	1584	1632	1714	1816	1761	1834	1582	1511	1728	1452	1819	1597	1823	1331	2198	1596	2066	1466	2749	1411	2572	1900	2217	2068	1767	1709	1954	1840	2330	1913	2826	2001	2965	1774	2535	1741	2879	1986	2696	1892
TJP3	419	596	631	531	542	500	472	465	566	485	502	464	495	180	80	187	96	232	116	283	119	218	81	213	124	221	103	67	53	34	50	68	65	74	37	60	46	36	30	52	55	39	109	60	157	45	71	75	65	81	34	59	61	42	42	71	58	85	71	98	60	185	59	147	56	115	50	146	66
BCORP1	12	40	13	38	8	49	17	32	28	38	13	42	13	10	14	27	17	16	6	27	8	19	11	15	42	28	12	28	12	6	5	12	5	17	8	16	8	16	12	18	4	17	7	19	4	15	4	20	5	27	1	14	8	6	5	19	6	26	10	41	5	20	3	15	3	40	10	47	7
KB-1410C5.1	9	14	16	21	15	10	23	11	8	4	12	18	11	5	7	14	20	15	25	17	19	8	16	13	5	9	11	7	9	9	11	20	15	13	3	11	14	5	7	16	6	13	14	4	16	8	7	15	13	12	19	8	16	12	6	6	15	20	8	17	8	14	9	18	14	15	10	7	8
UBE2D3P1	2181	1574	2072	1627	1857	1821	1889	1562	1904	1688	1793	1850	1797	1722	1835	1860	1908	2009	1755	2262	2131	1975	1773	1973	1923	2184	1862	1666	1472	1550	1463	1560	1520	1744	1415	1726	1457	1410	1170	1909	1492	1366	1267	1468	1225	1320	1145	1785	937	1618	1142	1438	1188	1483	1126	1201	1048	1547	1046	1877	1024	1787	896	1602	1137	1616	1223	1716	1130
GAS6-AS2	2	4	4	7	4	1	5	1	4	6	4	8	4	9	8	7	19	7	17	10	16	8	15	7	17	5	18	8	26	22	14	13	25	16	15	19	26	20	31	16	25	34	29	24	33	17	15	19	18	20	17	27	23	27	21	42	45	45	32	49	34	85	25	40	41	83	29	39	18
B3GAT3	524	578	551	474	578	502	557	489	596	494	500	475	528	527	663	575	800	560	816	723	852	619	773	540	817	744	781	1259	1011	874	926	1032	1126	1168	1055	953	988	1057	913	1100	991	871	590	969	824	1173	679	1374	760	1238	760	1139	883	1110	857	1073	884	1355	899	1618	906	1540	899	1552	877	1715	867	1691	1019
CRYBA2	0	1	0	0	0	0	0	0	0	0	0	0	1	26	150	31	216	35	173	28	200	40	139	20	193	35	206	52	217	44	197	42	249	44	238	33	225	20	220	27	224	8	38	8	26	19	43	24	46	18	42	8	61	7	54	8	7	12	10	10	12	3	11	11	19	9	19	3	30
TNIP1	1839	1921	1825	1734	1882	1774	1633	1601	1799	1718	1934	1501	1389	2363	2892	2366	3021	1973	2889	2828	2979	2620	2796	2036	3224	2643	2513	2566	2034	2080	1830	2341	2209	2591	1957	2436	1874	2474	1731	2601	2017	1646	1025	2116	1035	2052	1034	2771	1096	2748	1181	2141	1612	2076	1257	1460	1059	1712	1129	2270	1171	1981	1111	1867	1186	2588	1290	2090	1171
MIR6738	2	3	3	2	4	3	1	1	1	1	3	3	2	4	2	2	4	3	3	3	2	4	6	3	6	5	1	5	6	4	2	6	5	5	5	4	5	7	4	7	7	6	9	7	3	5	5	10	5	9	9	10	6	6	5	7	8	10	9	13	10	13	10	7	8	8	7	13	10
RPL26P30	386	275	390	306	300	256	308	237	310	244	302	305	304	306	343	314	351	333	416	389	396	329	324	296	382	433	359	455	408	344	395	370	377	390	360	342	361	368	344	383	386	372	212	391	220	331	250	509	240	462	210	367	317	433	281	308	203	428	184	490	256	480	214	429	259	415	209	439	220
PCDHB8	215	286	251	272	215	217	199	170	236	212	213	228	246	525	556	533	585	592	625	693	548	534	518	527	548	722	611	377	475	449	479	450	465	490	449	421	391	422	431	514	477	354	666	463	723	402	552	605	599	555	603	413	571	378	563	527	448	657	474	713	391	735	445	642	296	702	434	741	452
RP11-768B22.2	0	0	0	0	0	3	3	0	0	0	2	2	0	0	3	2	0	0	0	3	1	1	0	0	0	0	0	0	0	0	0	0	0	0	0	0	0	0	0	0	0	0	0	0	1	0	0	0	0	0	0	0	0	0	0	0	1	0	1	0	0	0	0	0	1	0	0	0	0
LINC00675	2	3	2	0	4	3	0	1	0	1	1	0	2	1	3	0	0	1	0	3	0	0	0	4	1	2	0	0	0	1	0	0	0	0	0	0	0	0	0	1	2	0	0	0	0	0	0	0	0	0	1	2	0	0	0	0	0	0	0	0	0	0	2	0	0	0	0	0	0
RP11-543P15.1	2420	2433	2154	2306	2195	2333	2252	2041	2266	2505	1972	2316	2088	2273	2057	2310	2480	2244	2515	2836	2867	2531	2290	2166	2426	2631	2183	2413	1452	1859	1396	1993	1712	2225	1639	2104	1447	2006	1432	2341	1615	1210	773	1478	871	1443	751	1948	701	2000	991	1643	873	1882	866	1018	549	1282	573	1517	679	1607	595	1406	788	1725	790	1580	643
BCRP9	4	2	2	6	1	2	0	4	4	0	2	0	0	0	2	1	0	0	0	2	0	0	2	0	4	1	6	2	5	3	0	1	3	2	0	0	1	0	0	0	4	0	2	2	1	0	2	1	0	0	0	0	0	1	0	0	1	3	1	0	1	0	0	0	0	0	0	1	5
MLANA	9	7	11	3	1	12	8	15	14	6	9	2	10	15	11	8	7	6	6	9	10	13	3	11	10	11	18	8	21	7	10	15	8	9	7	17	6	13	4	17	7	5	32	19	34	5	26	17	13	16	10	4	15	9	17	17	23	30	19	18	21	32	18	36	20	29	30	21	30
ASPHD1	384	505	459	392	486	378	515	278	482	361	458	442	471	274	206	275	285	159	318	361	300	269	236	252	315	291	257	458	488	358	497	430	530	448	511	276	467	349	481	373	540	334	519	449	717	552	551	637	708	652	678	528	648	466	665	836	921	922	1041	1263	971	1354	904	1174	911	1411	1039	1308	1019
PPP1R14D	1	0	3	0	0	0	2	2	1	0	0	0	0	6	1	2	0	0	1	2	2	1	3	0	2	2	0	2	0	0	3	0	3	0	0	0	0	2	0	0	2	1	0	0	0	2	1	1	6	0	8	0	3	0	0	0	1	0	2	0	1	3	1	1	1	2	6	2	1
KCNA7	12	22	15	8	2	13	13	19	8	12	13	9	13	3	10	4	3	5	3	3	1	2	7	6	9	6	6	3	1	0	1	1	2	1	2	0	1	2	1	4	0	1	1	2	0	0	2	0	0	2	1	1	4	1	2	0	0	4	6	0	4	1	4	3	0	3	1	1	3
RP11-118F19.1	8	5	9	3	13	5	2	4	4	1	5	8	5	5	6	3	2	9	1	12	4	4	1	0	4	4	2	2	2	0	1	1	2	0	0	1	3	1	1	0	0	3	5	2	10	1	1	0	6	3	0	4	7	0	6	6	7	7	8	6	6	9	7	2	4	4	7	5	2
RP1-43E13.2	2	4	5	6	2	0	8	1	4	2	2	3	3	0	6	8	4	1	4	5	5	5	6	4	12	8	4	2	8	2	2	3	3	2	4	11	2	7	8	9	1	5	1	1	8	3	6	3	0	4	5	4	3	2	3	2	4	2	2	11	1	4	1	1	1	4	8	5	6
KRT8P3	1310	1569	1640	1506	1593	1406	1548	1180	1605	1328	1401	1432	1451	1306	892	1387	989	1274	1065	1614	1109	1340	847	1242	930	1594	884	316	220	267	186	302	220	310	243	264	204	291	211	266	252	67	80	91	127	97	73	106	83	120	126	92	112	101	105	62	126	73	111	90	111	87	109	72	148	129	111	88	97
COX6CP14	0	0	2	0	0	0	0	0	0	2	0	0	0	0	0	0	0	0	0	0	0	1	0	0	0	0	0	1	0	0	0	0	0	0	0	3	0	0	1	0	0	0	0	0	0	0	0	0	0	0	1	0	0	0	0	0	1	0	0	0	0	2	1	0	1	0	3	0	0
CENPA	649	582	619	536	462	564	553	452	516	533	540	503	555	731	908	811	989	773	815	1049	928	983	983	790	918	982	890	1141	805	1063	922	1019	1047	1138	933	1132	859	992	871	1371	793	688	260	787	243	693	212	804	162	1010	269	837	414	967	269	123	114	166	98	181	137	169	115	166	123	184	152	225	85
RP11-816J6.3	0	2	5	2	5	0	0	3	4	8	0	0	1	3	0	2	6	2	1	6	1	2	0	0	4	2	4	1	1	1	5	4	0	0	0	1	0	0	1	1	0	1	0	0	1	0	0	3	5	0	0	0	0	0	0	2	1	1	3	5	0	5	2	2	1	1	0	1	0
TCP10L	22	5	10	10	10	13	14	8	10	16	9	7	10	406	704	533	920	496	846	576	980	563	804	453	921	512	818	1477	989	1443	1085	1393	1172	1485	1142	1273	1033	1376	887	1792	1074	2034	1124	2174	1394	2124	886	2737	875	2524	852	2097	790	2208	808	1964	500	2557	514	3154	527	3133	521	2812	482	3418	470	3369	493
PFN1P9	752	960	955	913	955	898	914	675	866	823	796	891	897	897	660	917	891	793	966	1090	1035	972	828	857	888	1039	759	470	396	432	329	456	442	526	436	428	414	420	350	506	442	231	239	262	330	285	190	403	291	397	300	343	281	400	255	236	159	166	204	259	235	327	188	236	220	291	232	230	196
VEGFA	1234	1887	1541	1659	1371	1683	1310	1549	1439	1852	1502	1605	1349	1220	1106	1275	1141	1118	1153	1741	1095	1547	1149	1301	1223	1598	1053	747	300	520	223	533	329	683	213	778	263	711	251	700	221	651	185	555	182	807	173	883	187	866	168	631	180	509	186	1702	572	2367	574	2680	537	2941	527	2591	540	2876	560	3790	575
THOC3	2395	2116	2568	2084	2161	1926	2348	1666	2298	1868	2080	2168	2200	2257	2304	2586	2721	2510	2566	2854	2673	2455	2271	2414	2483	2695	2163	2306	1832	2028	1840	1929	1926	2353	1879	2106	1684	2031	1629	2466	1738	1480	1023	1720	1156	1721	1002	1889	935	2080	1111	1690	1379	1678	1052	1064	765	1323	809	1635	891	1574	799	1461	829	1640	889	1476	917
STRIP2	506	552	603	444	499	579	548	447	542	533	605	558	567	526	522	513	536	550	523	607	467	586	526	649	517	785	535	878	705	895	747	862	710	948	711	862	579	925	583	997	582	749	293	769	303	793	283	834	266	786	418	746	404	619	411	270	363	410	328	413	282	518	300	333	261	407	337	425	316
TTR	0	0	0	0	1	0	0	0	0	0	0	0	0	0	1	0	2	0	0	0	0	1	0	0	0	3	0	0	0	0	0	0	0	0	0	0	0	0	0	0	0	0	1	0	6	0	0	0	0	0	0	0	0	0	0	0	2	0	2	0	1	0	0	2	0	0	0	0	1
LRRC34	345	228	270	164	280	266	315	162	272	238	295	223	287	261	224	199	301	199	244	287	244	300	241	253	312	292	265	181	194	124	127	148	165	160	158	141	111	150	150	227	155	96	65	100	61	117	63	99	47	115	91	140	99	76	89	63	97	83	51	86	102	118	79	92	88	82	96	141	85
RP11-273B20.1	20	25	37	28	28	24	45	27	30	33	42	28	24	24	18	14	16	19	28	22	23	40	17	34	19	48	25	37	34	32	32	15	26	15	29	21	22	29	16	16	28	25	44	33	41	26	26	20	27	23	36	31	43	18	42	31	47	32	38	42	49	57	32	39	33	45	36	57	40
RP11-714G18.1	3	3	7	0	10	12	0	5	3	4	4	9	1	1	15	7	6	2	5	6	6	2	4	14	10	9	14	15	15	8	8	7	3	0	8	6	14	7	8	15	13	20	20	21	32	5	9	12	15	12	17	15	10	12	18	6	9	24	15	13	8	23	10	16	5	13	20	16	13
DPP10-AS1	82	73	79	46	53	79	79	52	85	69	104	60	62	40	28	52	35	62	67	66	35	52	35	45	43	56	37	76	30	58	44	76	50	18	44	54	32	55	41	46	47	34	23	48	13	71	18	60	21	59	36	52	19	28	17	22	16	26	17	55	11	53	20	51	10	80	7	56	21
FAM169B	1	0	1	2	2	2	0	1	2	2	0	0	0	0	0	0	0	1	1	1	1	2	1	0	1	1	0	0	0	0	0	1	3	0	0	2	2	0	0	0	0	1	0	0	0	2	0	0	0	2	1	0	0	0	0	1	2	0	0	2	0	2	0	1	1	0	0	0	0
CTD-2311M21.3	35	38	48	37	36	23	35	41	58	17	60	30	38	28	17	61	47	20	42	48	23	48	18	56	45	47	55	7	4	15	14	18	11	22	15	15	1	19	21	12	3	8	0	1	0	1	1	5	0	5	0	11	2	0	0	2	0	0	0	0	2	5	0	0	2	0	0	0	1
CTC-510F12.7	5	4	3	4	4	8	2	0	4	1	12	3	3	4	2	4	1	1	8	2	2	7	2	1	9	2	9	8	8	10	19	14	8	3	9	4	5	6	5	19	1	22	21	16	12	23	11	10	5	8	17	13	12	4	10	9	2	12	3	11	9	24	7	2	7	17	7	17	10
RP11-332H14.1	2	3	0	0	0	2	0	0	1	1	0	0	1	2	0	0	0	1	0	2	0	1	0	1	0	0	0	0	0	2	0	0	3	2	0	1	1	0	0	0	0	0	1	0	0	4	0	0	0	1	1	0	0	1	0	0	1	1	0	1	1	0	2	0	1	0	0	1	0
SNORD18	0	1	2	0	2	0	1	2	0	1	1	0	1	0	2	2	0	0	3	2	1	1	0	3	1	0	1	2	2	2	0	1	1	0	1	1	0	3	0	3	2	2	1	0	0	4	0	4	0	0	2	1	0	0	0	0	0	0	0	1	0	2	0	1	0	0	0	0	0
ARHGAP30	34	48	58	22	42	30	32	28	38	26	47	12	47	9	31	23	24	13	32	17	39	19	13	11	29	24	27	15	22	15	14	8	14	17	32	12	19	12	12	6	21	24	17	17	8	5	16	20	23	16	15	7	22	13	40	21	22	15	33	31	40	42	22	53	28	33	38	38	24
LINC01068	1	6	1	2	1	9	0	5	3	1	1	0	0	0	1	0	8	1	0	0	0	1	0	2	3	4	0	3	3	1	2	1	0	2	7	0	2	0	5	2	2	4	3	0	0	3	3	4	4	2	0	0	5	3	0	2	0	1	2	5	2	0	2	1	2	3	5	5	2
RP11-141M1.1	0	0	0	0	0	0	0	0	0	0	0	0	0	0	0	0	0	0	0	0	0	0	0	0	0	0	2	0	1	0	0	0	0	2	0	0	0	0	0	0	0	0	0	0	0	0	0	0	0	0	0	2	0	2	2	0	0	1	0	2	4	0	0	0	0	1	0	1	0
LINC01471	0	0	0	0	0	0	0	0	0	0	0	0	0	0	0	0	2	0	0	0	0	0	2	0	0	0	4	0	0	0	0	0	0	0	0	0	1	0	1	0	0	0	1	0	0	0	1	1	0	0	0	0	0	0	0	0	0	1	0	1	0	0	0	0	1	0	0	0	0
RP11-139F9.1	18	23	19	9	14	17	18	1	21	13	14	8	14	5	17	7	7	7	7	19	17	10	12	7	16	12	6	12	6	5	16	6	9	5	10	8	4	1	5	5	5	3	4	10	3	4	4	8	6	2	0	3	2	4	0	8	4	13	6	8	2	15	4	8	0	7	5	10	2
CXADRP1	36	44	42	41	36	42	30	35	32	39	38	39	36	21	18	25	17	23	17	28	17	23	19	24	18	28	17	9	8	14	8	16	9	10	10	10	4	8	6	13	9	5	9	7	11	7	8	7	7	6	11	8	8	3	9	10	10	11	10	11	10	10	10	14	9	12	9	15	12
PPFIA3	762	992	1019	870	1008	931	871	838	1061	914	869	852	901	850	1118	957	1479	806	1604	1188	1457	1048	1261	783	1407	1114	1239	2651	2451	1926	2195	2120	2348	2476	2408	2106	2127	2322	1997	2391	2276	2384	3091	2792	3503	3003	2749	3756	2989	3505	2749	2858	2964	2496	2739	4607	3608	5421	3585	6558	4023	6911	3437	5858	3286	7270	3670	6634	3742
S1PR4	2	0	0	2	0	0	0	2	1	1	0	0	1	2	1	1	5	1	0	6	0	0	0	0	3	0	1	0	3	0	3	0	8	0	0	1	7	0	1	3	3	0	2	2	0	0	4	1	4	2	2	2	1	3	2	3	7	2	2	3	1	6	0	4	1	1	5	8	0
ZNF780A	379	286	393	296	347	325	285	287	265	326	353	416	342	483	537	466	446	531	411	584	473	549	466	588	587	572	485	507	534	470	527	499	527	545	509	437	461	435	379	592	450	565	483	578	414	644	477	738	467	617	526	574	635	419	546	607	573	718	589	786	561	914	533	795	541	789	639	896	597
TIFAB	0	0	0	0	0	0	0	0	0	0	0	0	0	0	0	0	3	0	6	0	0	0	1	2	9	0	2	2	2	0	2	1	2	2	0	2	1	0	1	6	4	1	0	5	2	2	0	5	0	6	3	1	0	5	2	0	0	0	0	0	0	7	0	4	2	0	3	5	0
RP11-264B17.3	33	29	37	23	25	24	31	18	33	21	28	31	42	42	26	38	22	31	18	30	21	35	14	27	34	28	31	42	36	38	41	21	38	31	28	18	18	20	26	27	28	18	47	42	44	47	33	32	63	33	31	26	56	35	55	29	47	51	56	46	58	59	43	37	43	47	57	42	63
LSP1P1	0	0	0	1	0	0	1	0	2	1	1	0	0	1	6	4	5	3	7	4	11	3	2	2	2	4	3	5	2	5	2	6	4	5	5	2	3	6	4	7	1	6	1	3	4	3	6	10	1	12	4	10	1	7	2	4	2	7	2	6	0	8	1	6	2	9	1	7	1
RNA5S4	0	0	0	0	0	1	0	1	0	0	1	0	0	0	0	1	1	0	0	1	1	0	0	1	0	0	0	1	0	0	0	0	1	1	0	0	0	0	0	1	0	0	0	0	0	0	0	1	0	1	1	1	0	1	0	0	0	0	0	0	0	1	0	1	0	0	0	1	0
PDHA1P1	5	4	8	5	11	12	6	7	7	5	12	9	9	9	4	5	9	10	10	20	16	14	6	6	7	11	20	10	9	13	5	8	10	10	8	14	7	9	6	9	6	4	8	12	9	4	9	12	4	12	10	11	8	8	7	9	3	13	7	15	5	15	2	11	8	17	3	8	7
RNU2-17P	1	0	1	0	2	2	2	0	0	0	2	0	0	0	0	0	0	10	0	3	0	0	0	1	2	2	0	0	0	0	0	0	0	0	0	1	0	0	0	1	0	1	0	0	0	0	0	0	0	0	0	0	0	1	0	0	0	0	0	0	0	0	0	0	0	0	0	1	0
SLC25A5P1	527	525	586	490	533	416	493	435	530	404	501	450	465	408	461	390	507	398	492	604	549	473	393	335	460	405	420	425	425	358	382	428	403	432	451	361	316	412	289	415	404	294	152	331	189	358	178	450	179	403	224	337	236	341	212	221	137	254	131	295	180	326	143	296	176	358	152	303	166
SCLY	350	372	472	352	343	386	326	318	373	315	394	377	400	332	421	376	426	380	501	468	354	451	391	429	528	487	406	467	478	411	427	417	420	448	441	410	463	428	415	553	350	454	293	571	424	499	285	533	315	507	309	527	364	345	287	350	237	507	235	598	269	573	226	412	193	497	278	578	236
C1orf141	1	0	0	0	0	0	2	0	0	0	0	0	0	0	1	0	0	0	0	0	0	0	0	0	0	0	0	0	0	0	0	0	0	0	0	0	0	0	0	0	0	0	0	0	0	0	0	0	0	0	0	0	0	0	0	0	0	0	0	0	0	0	0	0	0	0	0	1	0
PKMP1	7069	7704	7061	6928	6853	6672	6550	6303	6962	6436	6574	6619	5917	12714	14761	13334	15200	13142	15744	15829	15762	12685	13700	12166	14829	15641	13868	12297	10454	11894	9941	12900	11067	14450	10708	13379	9723	12535	9076	13990	10787	7010	5988	9182	6251	8093	5547	11269	5128	10926	5792	8604	7380	8597	5542	3696	2795	4127	2796	5020	3342	4926	2860	4606	2941	5571	3209	4099	2749
CGB7	23	18	17	17	16	23	16	20	23	18	23	5	17	9	4	6	7	10	5	17	4	7	10	14	7	11	2	6	0	3	0	0	0	4	0	5	2	1	0	1	0	0	1	2	1	0	2	0	0	0	0	1	3	0	1	0	2	0	2	0	7	0	3	0	1	0	0	1	1
HMGN2P6	197	195	255	180	185	176	174	154	182	148	185	180	189	202	155	188	181	199	184	233	185	179	156	174	166	228	151	229	190	229	204	229	214	243	207	214	183	207	158	255	177	191	74	214	70	219	86	251	73	279	88	205	159	235	106	81	54	96	63	111	79	95	54	91	66	128	76	131	64
RAB3A	299	318	338	290	265	230	320	247	331	287	311	269	334	239	348	285	367	258	445	350	441	305	405	255	450	294	387	687	756	505	698	633	780	746	658	572	643	531	592	588	747	959	937	1361	1024	1208	975	1726	912	1647	1046	1270	979	1192	938	1920	1233	2258	1326	2701	1322	2737	1300	2478	1156	2824	1212	2579	1493
FAM66B	37	26	47	29	47	22	39	14	40	22	34	24	16	14	41	15	13	15	38	13	20	23	22	18	38	29	29	24	33	26	34	21	26	27	46	12	21	21	24	21	25	21	26	27	39	28	28	30	29	33	42	19	24	18	46	34	41	37	45	32	67	17	50	26	32	29	63	50	76
SFT2D2	883	738	964	799	760	805	782	755	782	810	859	809	812	988	1161	1062	1154	1201	884	1218	1228	1079	1132	1106	1121	1311	1173	1317	1005	1189	1067	1172	1045	1201	932	1123	884	1089	848	1440	915	957	791	1174	753	1031	810	1475	926	1366	1024	1164	1016	1117	973	843	818	1186	708	1386	788	1435	726	1154	925	1276	1012	1523	854
RPL23AP69	4	4	4	6	5	4	8	2	10	4	5	3	5	2	5	5	3	6	8	3	2	8	8	2	7	2	4	4	4	5	2	6	4	5	5	4	1	16	2	7	3	4	2	7	1	3	1	5	0	7	1	6	6	1	2	2	0	0	0	1	3	2	0	5	0	1	3	3	6
MIR5685	1	1	1	1	1	1	1	2	1	2	1	1	1	2	2	1	2	2	1	4	1	2	2	2	2	2	2	1	2	2	2	2	1	2	1	2	2	2	1	2	1	1	2	1	1	1	1	1	0	2	1	1	1	3	1	1	1	1	1	1	1	3	0	3	1	1	1	1	1
ZNF610	153	178	132	98	115	116	135	99	142	121	124	107	117	196	201	211	183	200	182	264	218	180	163	204	192	288	150	152	152	134	176	152	186	163	147	204	158	171	165	185	209	159	86	142	74	184	195	194	240	180	189	147	225	167	253	257	246	326	237	280	221	363	284	371	280	340	301	344	345
RP11-930O11.2	0	0	0	0	0	0	0	0	0	0	0	0	0	0	0	0	2	0	0	0	2	0	0	0	2	0	0	1	3	4	3	5	5	0	2	1	0	0	2	4	2	3	4	2	2	8	6	5	1	7	2	10	1	5	4	0	5	7	1	5	1	2	10	2	2	4	4	12	7
UBB	7517	7587	8250	7205	7369	6814	7136	6162	7186	7077	7026	7312	7099	9013	9935	9181	11523	9106	11651	10822	11720	9245	9727	8966	10993	10803	9725	10699	9301	8599	8689	8947	10361	9873	9882	8957	8355	9321	8138	10952	9378	7817	5932	9743	7198	9202	6542	11974	6743	12256	7999	10074	8402	10627	7013	6649	5482	7682	5587	9436	6148	9479	5230	7858	6352	9555	6423	9121	6028
C16orf52	556	416	503	408	445	449	461	522	457	454	440	531	417	485	476	467	461	471	422	585	461	512	426	560	515	581	470	507	551	521	506	531	546	533	504	523	462	492	443	630	494	541	499	561	517	557	463	712	428	644	433	494	493	562	468	412	407	584	449	679	416	705	396	696	493	609	572	732	480
MORF4L2-AS1	56	82	77	57	61	79	72	49	60	44	64	49	52	65	72	112	59	52	60	80	83	94	73	87	103	82	81	41	47	50	29	61	51	46	37	67	48	35	21	80	42	40	21	40	20	31	21	47	11	58	15	44	41	38	36	34	29	39	44	48	44	62	47	43	30	30	35	40	42
RNY1P4	3	1	1	0	0	0	0	0	0	0	0	0	0	1	1	0	0	1	0	3	1	3	0	0	0	0	1	0	0	4	0	0	2	1	1	0	0	1	0	0	0	1	0	1	4	0	1	0	1	0	0	0	2	0	1	4	0	0	4	2	0	1	1	1	0	1	2	1	0
EIF4A1P8	6	8	1	1	4	4	2	2	2	3	2	2	1	2	5	6	1	3	2	1	5	2	0	3	4	1	6	1	7	0	3	1	2	2	1	1	2	4	2	1	2	1	2	1	1	4	3	4	4	2	2	2	4	1	3	2	2	4	1	1	3	4	2	3	1	2	1	6	3
NBR1	2957	2379	2653	2192	2497	2275	2638	1990	2535	2221	2626	2179	2382	3771	4526	3793	4991	4168	4404	4716	4769	3845	3996	3618	4656	4627	4337	3729	4631	3507	4112	3654	4413	4335	4328	3821	3900	3843	3604	4453	4183	3952	3228	4292	2958	4341	3569	5307	3236	4663	3663	3940	3882	3629	3719	3707	3082	4649	3070	5236	3382	5111	3050	4590	3165	5620	3786	5059	3384
HMGB1P46	0	0	0	0	0	0	0	0	0	0	0	0	0	0	0	2	0	0	0	1	0	0	1	1	0	5	0	0	0	0	0	0	4	0	0	1	0	0	0	1	0	0	0	0	0	0	0	0	0	0	0	0	0	0	2	0	0	0	0	0	0	0	0	0	0	0	0	0	0
CTB-151G24.2	16	15	26	21	17	21	16	17	20	19	18	18	20	12	12	11	17	16	13	16	13	10	13	12	15	17	15	2	1	1	1	1	1	1	2	1	1	1	1	2	1	1	3	1	1	1	2	1	2	1	1	1	1	1	3	1	2	1	2	0	1	0	1	1	3	0	1	1	2
SP140	4	11	16	6	14	7	2	11	13	4	12	7	18	6	11	14	5	29	10	12	9	4	4	11	23	4	4	0	5	4	1	1	2	0	0	1	3	3	1	7	4	6	1	3	0	0	0	8	0	3	2	2	0	0	0	4	3	2	0	1	2	4	3	2	0	4	1	1	3
MIR6864	0	0	0	0	0	0	1	0	0	0	0	0	1	1	0	0	0	0	0	0	0	3	0	1	1	0	0	4	0	0	1	0	1	0	0	0	6	0	0	1	1	2	1	0	0	0	2	1	1	4	2	0	1	0	2	2	2	1	3	3	1	3	2	5	2	0	2	1	2
CFP	56	37	39	34	62	48	66	68	56	36	77	40	71	38	25	21	27	25	26	42	23	20	43	42	23	20	31	21	28	9	10	15	12	9	4	16	9	26	10	15	14	2	10	23	16	6	5	11	27	10	3	10	9	8	8	11	21	7	22	13	10	14	21	16	14	30	19	13	29
ZNF355P	21	9	15	7	13	11	17	9	15	11	9	11	21	7	5	5	6	8	6	11	6	7	8	11	11	10	7	6	4	9	5	4	5	6	2	5	3	7	4	6	3	5	5	7	5	3	5	15	7	6	5	7	5	6	3	3	7	9	4	9	4	8	5	9	3	5	7	9	6
RP11-544A12.5	1	0	0	0	0	0	0	0	0	0	0	0	0	3	0	0	0	1	0	0	0	1	1	0	0	0	0	0	0	0	0	0	3	0	1	0	0	0	0	0	2	0	0	1	10	0	0	4	3	6	0	0	2	1	0	0	2	0	0	0	3	1	1	0	1	0	1	7	0
COL20A1	10	10	20	6	2	17	15	12	31	9	9	14	11	29	18	31	47	33	28	36	27	19	27	13	16	42	38	164	138	97	112	89	146	141	98	135	114	138	116	74	88	211	85	241	139	227	109	305	58	341	84	190	128	188	96	236	120	225	128	383	113	377	79	361	95	420	139	460	115
PHBP15	2	3	4	4	2	4	2	5	3	3	5	6	3	9	4	2	4	7	1	8	2	10	4	7	8	7	4	4	6	8	6	4	4	1	4	7	4	5	4	4	5	8	16	7	33	5	13	9	16	8	18	9	21	2	14	12	18	18	12	13	19	20	11	9	15	9	15	15	20
RP11-349F21.2	2	0	0	0	0	0	0	0	0	0	0	3	0	0	0	0	0	0	0	0	0	0	1	0	0	1	0	0	0	0	0	0	0	0	0	0	0	0	0	0	0	0	0	0	0	0	0	0	0	0	0	0	0	0	0	0	1	0	0	0	0	0	0	0	0	0	0	0	0
CTD-3107M8.1	136	105	126	94	91	95	90	91	66	83	113	100	82	109	112	106	98	107	123	136	110	89	103	106	92	123	111	93	85	99	110	94	77	80	109	128	69	77	87	110	85	96	66	129	76	98	60	140	71	109	77	97	79	119	63	97	71	109	61	115	78	134	82	83	65	150	82	153	56
USP38	757	543	762	687	591	654	593	606	621	609	571	690	627	777	927	851	892	805	819	1023	972	839	845	779	969	1032	992	987	1032	941	949	926	1004	915	984	937	935	885	816	1029	951	1078	875	1214	991	1133	864	1428	820	1346	815	1112	988	1227	918	1249	808	1335	760	1733	766	1671	803	1465	783	1727	946	1809	867
AL590763.5	0	0	0	0	0	0	2	0	0	0	0	0	0	0	0	0	0	5	0	0	0	0	0	0	0	1	1	0	0	0	0	0	0	0	2	0	0	0	0	0	2	0	1	0	0	0	0	0	0	0	0	0	0	0	0	0	0	3	0	0	1	0	0	0	1	0	3	0	0
MICALCL	2	4	2	3	3	6	0	3	5	4	2	6	3	24	8	11	24	19	20	22	23	12	20	17	11	14	17	31	15	26	12	20	5	20	17	31	25	37	13	16	6	9	11	11	12	15	10	23	9	12	16	15	18	10	16	9	13	7	14	27	10	21	11	20	4	28	7	20	10
FTH1P23	592	646	656	578	662	580	632	476	635	529	586	592	554	553	487	615	590	526	660	689	687	603	579	570	607	619	557	442	296	346	258	379	331	426	328	375	297	333	284	441	315	178	208	241	259	255	199	346	211	302	243	267	247	299	239	240	266	277	308	366	276	390	266	329	251	392	287	395	284
CRISPLD1	1619	1455	1600	1612	1387	1612	1314	1300	1578	1544	1400	1641	1591	1818	1836	1851	1760	2149	1718	2285	1981	1758	1598	1950	1724	2300	1950	1224	1104	1294	1200	1296	1187	1395	1158	1185	963	1218	967	1431	1136	628	764	626	804	683	680	735	499	739	634	579	803	643	588	397	428	485	408	502	449	656	388	619	470	523	494	471	451
RP11-158G18.1	0	0	0	0	0	0	0	0	0	0	0	0	0	0	0	0	0	0	0	0	0	0	0	0	0	1	0	0	0	0	0	0	1	0	0	0	0	0	0	0	0	1	0	0	0	0	0	0	1	0	0	0	0	0	2	0	0	0	3	0	0	0	0	0	0	0	0	2	0
CNN1	449	609	564	496	459	505	462	370	565	482	474	441	516	440	360	513	418	475	482	678	528	566	434	498	450	593	364	124	109	98	98	130	114	174	88	95	89	72	47	132	89	34	43	28	75	19	34	22	21	34	41	8	36	33	33	32	46	32	40	57	51	29	34	20	66	38	51	24	33
VKORC1	544	476	469	426	491	428	476	398	435	394	439	539	380	380	384	366	440	321	438	467	422	360	390	341	467	392	389	691	458	509	545	509	524	599	507	586	446	529	453	605	448	477	400	588	349	512	396	735	338	741	420	567	397	722	359	710	354	870	418	1031	417	958	364	810	422	1019	458	1058	414
CTD-2315M5.2	2	1	1	0	2	2	2	5	0	2	3	3	2	0	0	0	0	2	0	1	0	0	0	0	0	0	3	0	0	0	0	0	0	0	0	1	0	0	0	1	2	0	1	0	0	0	0	0	3	0	0	0	1	0	0	0	2	0	1	4	2	1	1	0	0	0	2	2	0
ZSWIM2	0	2	0	0	0	0	2	0	0	0	0	0	0	0	0	0	0	0	0	1	0	0	2	4	0	0	0	0	0	0	0	0	0	0	0	0	0	0	0	0	0	0	0	0	0	0	0	0	0	0	0	0	0	0	0	0	0	0	1	0	0	0	0	0	0	1	0	0	0
RP11-1094M14.7	1343	955	1250	983	1076	1064	1073	952	1031	1090	1118	1104	1148	874	834	927	856	981	768	1032	988	897	772	885	874	987	721	665	560	625	556	610	606	704	617	687	558	678	483	833	578	405	329	460	317	431	323	623	252	519	330	430	417	471	370	270	331	329	296	426	325	457	274	364	323	392	327	407	350
RP11-345J4.3	11	17	11	9	9	9	12	7	12	12	12	7	10	4	6	7	5	4	5	9	5	3	3	10	8	4	7	6	5	3	4	2	4	6	7	3	5	10	3	11	4	6	5	12	3	6	8	12	9	6	5	5	8	8	3	10	6	7	9	12	5	12	9	11	9	17	6	19	15
MCHR1	80	101	98	58	55	66	78	76	70	62	101	58	76	129	219	89	203	116	244	157	190	125	189	104	218	152	179	240	125	176	133	214	159	224	205	187	146	240	118	238	161	138	74	165	141	194	61	187	54	209	74	202	73	155	60	125	44	131	41	135	70	173	56	123	66	213	74	148	71
RP11-113A11.3	0	0	0	0	0	0	0	0	0	1	0	1	0	0	0	0	0	1	0	0	0	0	0	0	2	0	0	0	0	0	0	0	0	0	0	0	0	2	3	0	0	0	0	0	0	0	0	0	0	0	0	0	0	0	0	3	0	0	0	4	0	3	0	0	0	0	0	1	1
CH17-140K24.2	0	1	1	0	0	1	2	0	0	0	0	0	1	2	3	0	3	3	1	1	1	0	0	0	0	3	1	1	4	1	4	1	1	1	2	3	2	2	1	4	2	0	5	6	6	3	2	6	0	1	5	6	6	3	4	1	6	1	9	6	4	5	1	14	2	1	2	4	4
C4orf26	1	1	0	0	1	2	1	0	1	0	2	0	0	0	2	0	0	3	0	0	1	0	4	2	8	0	4	6	0	2	2	2	2	2	0	2	2	2	1	3	1	0	1	1	3	1	2	3	0	1	1	1	3	5	3	4	4	1	3	11	2	7	5	4	4	0	4	8	2
AC027612.4	92	128	138	130	106	103	92	81	120	106	101	87	114	132	148	148	204	158	181	158	129	131	156	141	176	201	149	92	128	96	161	115	121	113	139	93	130	127	89	110	117	75	147	111	146	95	92	103	157	109	97	82	118	65	110	104	90	130	106	128	109	144	109	132	81	138	132	167	127
RP11-40B20.1	0	0	0	0	0	0	1	0	0	0	0	0	0	0	0	0	0	0	0	0	0	0	0	0	0	0	1	0	0	0	0	0	0	1	0	0	0	4	0	0	0	0	1	0	4	1	0	1	0	0	7	0	1	0	1	6	3	2	3	2	3	0	7	1	1	1	0	1	4
ATP10D	190	192	255	199	212	211	238	171	216	191	295	154	290	1048	1652	977	1685	1006	1472	1085	1529	953	1370	965	1705	1274	1508	2193	2677	2012	2573	2193	2651	2404	2514	2199	2255	2313	2250	2611	2491	2227	1464	2532	1243	2356	1450	3449	1588	2905	1676	2443	2126	2242	1688	1510	905	2049	714	2264	868	2142	679	1983	741	2387	985	2551	824
POLK	447	251	394	286	295	330	359	287	327	329	402	352	321	483	752	537	745	546	647	650	716	575	677	500	750	656	768	876	980	923	1093	910	1051	1026	1082	877	886	1007	923	1136	934	1216	674	1255	556	1059	740	1462	574	1291	671	1096	890	875	903	886	832	1158	719	1416	888	1367	755	1311	840	1269	1057	1410	868
PPIAP20	0	0	3	3	7	4	1	4	1	1	0	0	1	1	1	1	0	1	0	2	0	3	0	2	3	0	1	0	2	0	1	0	1	0	1	2	0	1	0	0	0	3	0	0	7	0	2	1	4	1	1	1	0	0	0	2	0	1	2	8	1	0	1	0	1	1	1	3	1
KDM1B	438	296	380	335	388	336	394	264	387	325	421	403	379	476	512	532	561	519	528	601	566	548	538	480	639	544	601	810	931	750	870	771	934	907	829	920	853	758	826	903	934	865	464	1079	368	1086	626	1280	669	1120	703	911	913	1043	810	890	949	1233	971	1368	988	1347	936	1357	994	1432	1210	1419	1074
MED15P9	53	123	58	69	49	74	66	92	59	85	78	83	82	72	15	86	25	65	37	115	41	93	32	88	38	90	29	26	25	30	8	34	16	33	19	25	17	15	9	24	15	30	6	13	9	10	6	14	20	15	10	12	11	11	12	12	9	7	10	21	11	15	6	17	10	23	14	25	10
SEPT7P5	8	4	7	11	7	7	8	8	5	5	10	4	11	8	9	9	10	9	7	10	8	8	7	7	6	10	9	6	8	8	9	7	9	8	7	7	3	6	4	9	5	6	5	8	8	10	5	9	6	10	4	3	6	7	6	4	7	8	7	8	8	9	5	10	3	9	8	10	8
RP13-279N23.2	0	3	2	1	0	7	1	1	1	1	1	0	1	2	1	0	2	1	2	1	1	2	0	1	0	5	0	2	3	0	1	1	1	2	0	2	0	1	0	1	3	2	3	4	0	2	2	2	1	0	2	1	2	0	4	1	1	2	0	4	0	1	1	1	1	1	1	1	3
DUXB	7	0	3	2	3	0	7	2	4	1	3	2	6	6	36	7	10	3	18	7	11	13	8	7	12	12	12	8	0	9	4	2	3	0	8	0	4	2	2	9	0	0	4	2	6	2	4	1	8	0	2	3	7	0	13	2	2	0	3	0	4	0	1	1	2	3	4	0	10
MYH6	4	6	11	6	3	2	1	3	3	12	7	9	4	13	12	25	13	10	16	12	16	9	10	4	7	20	6	5	1	4	7	7	0	4	4	4	6	1	3	6	9	2	1	0	3	0	0	3	0	3	3	3	4	1	3	2	0	3	2	0	3	0	1	0	0	1	4	1	2
DIAPH2	2329	1826	2165	2047	1939	2091	1989	2006	2001	2203	1940	2255	1954	705	501	755	568	720	491	809	631	754	566	900	507	1041	480	378	287	353	310	367	255	371	311	366	262	379	281	464	334	201	111	218	91	241	85	257	80	296	99	206	91	201	74	136	110	209	87	219	88	269	106	225	86	203	109	273	78
TMED1	242	334	313	270	289	286	261	171	319	258	250	272	211	250	249	241	264	208	308	283	332	240	271	234	240	277	234	228	138	209	130	222	182	209	147	224	136	212	128	289	163	120	56	158	37	191	74	197	94	174	80	162	115	157	78	116	67	108	62	142	107	146	46	139	78	163	54	150	76
GATAD2A	5413	6433	8124	6648	6905	6167	5826	4878	6812	5083	6759	5480	6668	5908	5643	6246	6185	6126	6845	7698	6492	6324	5536	6137	6433	7579	5642	5291	5070	5072	4838	5177	5384	5843	4997	4921	4625	4903	4246	5926	5118	4953	6570	5816	8119	6264	5692	8310	5953	7487	5474	6042	6135	5412	5447	6372	5048	7527	5501	9256	5737	9528	5208	7784	5128	8746	5686	9057	5798
GPR160	1394	1036	1038	898	987	1134	1281	1090	1157	1067	1094	1294	988	261	134	269	125	236	112	339	151	310	141	251	138	355	157	31	11	52	20	38	18	28	33	22	19	19	20	39	25	7	13	14	15	7	8	12	12	14	20	8	19	11	5	2	7	6	9	13	7	18	5	11	13	4	6	9	14
RNU6-878P	0	0	0	0	0	0	1	1	0	1	0	0	0	0	0	0	2	0	0	2	0	0	0	0	0	0	0	0	0	0	2	1	0	0	0	0	0	0	1	0	0	0	0	0	0	0	0	0	0	0	1	0	0	0	0	0	0	0	0	0	0	0	0	0	0	0	0	0	0
DLX1	1	2	0	2	0	3	2	5	2	3	8	4	0	11	25	4	11	8	23	8	20	12	28	8	22	9	28	52	46	51	29	37	50	48	50	62	45	65	34	56	46	80	29	86	17	95	21	160	39	136	51	132	37	90	33	79	15	94	19	168	33	132	23	137	29	188	33	180	20
RP11-684B2.3	0	0	1	0	0	0	1	2	0	0	1	0	0	0	0	0	3	0	0	1	0	0	0	0	0	0	0	2	1	0	0	0	0	0	0	0	0	3	0	0	0	8	0	0	0	4	0	1	0	0	1	1	2	0	0	0	2	4	0	2	1	0	1	0	0	0	1	3	1
RP11-80B9.4	0	0	0	0	1	0	0	0	0	1	0	1	0	0	0	0	0	0	1	1	0	0	0	0	1	2	1	0	2	4	0	1	0	0	1	0	0	3	0	0	0	0	2	1	3	0	0	0	0	1	0	0	0	0	1	0	5	2	0	1	4	0	1	0	2	0	0	1	1
LINC00982	1	0	0	1	1	0	0	0	0	0	0	1	1	1	7	3	9	1	5	9	4	7	16	1	3	17	0	0	0	0	0	2	0	1	2	4	0	1	1	1	0	0	1	0	1	0	0	0	0	0	0	0	0	0	0	0	0	0	0	0	0	0	0	0	0	0	1	0	0
PACSIN3	1324	1792	1907	1899	1815	1795	1583	1275	1723	1549	1590	1571	1708	1215	1007	1240	1224	1128	1277	1524	1220	1344	1145	1115	1078	1305	1008	898	406	759	372	894	522	813	440	730	387	740	315	978	446	241	46	299	93	301	64	378	100	437	86	397	71	294	44	118	52	125	53	180	36	178	78	132	34	149	65	165	45
RP9P	57	46	52	35	37	50	43	36	38	37	34	49	41	57	94	79	103	80	106	91	100	71	90	61	111	74	98	127	112	90	107	107	100	123	105	122	102	89	98	135	99	117	111	134	113	124	97	149	63	175	106	94	160	132	106	121	120	170	96	150	138	162	107	188	115	198	128	203	141
IFNE	3	5	4	0	0	3	2	2	0	1	3	2	6	0	3	2	1	1	9	4	0	3	2	0	0	0	0	0	1	0	0	0	0	0	0	0	0	3	0	0	0	0	0	0	0	0	0	0	0	0	0	0	0	0	0	0	0	0	2	1	0	0	0	0	0	0	0	0	0
GTF2H4	2	3	5	4	3	5	2	3	5	4	3	3	3	4	6	6	5	3	4	5	4	3	5	5	4	8	5	4	8	6	7	5	9	5	8	7	8	6	7	7	5	10	8	12	8	8	8	10	6	8	5	8	10	7	8	11	10	11	10	12	7	11	11	9	9	10	11	14	8
RGPD4	480	336	504	359	422	390	394	300	400	373	450	386	422	529	671	553	552	529	507	598	585	506	545	579	725	718	634	457	607	514	634	502	589	614	543	528	495	530	511	621	548	583	490	579	468	558	422	680	351	579	446	544	473	411	469	473	391	587	355	651	401	671	332	605	294	590	495	645	420
PI16	3	1	4	0	2	1	2	2	2	1	0	10	0	3	0	0	0	2	12	0	1	4	5	1	0	5	1	0	0	0	0	0	0	1	0	1	0	0	2	4	2	0	0	1	0	0	0	0	0	1	0	0	0	0	0	0	0	0	0	0	0	0	0	0	0	1	0	0	0
SIRPB3P	0	0	0	0	0	0	3	0	0	0	0	0	0	0	2	2	0	0	2	0	0	1	1	0	0	0	3	0	0	0	2	0	0	0	0	0	0	0	0	0	0	0	0	0	0	0	0	0	0	0	0	0	0	0	0	0	0	0	0	0	0	2	0	0	0	0	0	0	0
MIR199A1	0	0	1	1	0	0	0	0	2	1	1	0	0	0	1	0	1	0	1	2	0	0	1	0	1	0	0	3	0	1	2	0	2	0	0	1	0	1	2	0	1	2	1	2	8	2	1	1	0	1	1	5	1	1	0	3	0	2	1	2	3	1	1	6	0	6	1	5	0
ARL2BPP1	0	0	0	0	0	0	0	0	0	0	1	0	0	0	0	0	0	0	0	0	0	0	0	0	0	0	0	0	0	0	0	0	0	2	0	0	2	0	0	2	0	0	0	2	0	0	0	2	0	0	0	1	0	0	0	0	0	0	0	0	0	0	0	0	0	1	0	2	0
ATP6V0E1P3	65	70	63	94	66	81	72	43	51	80	56	73	72	73	53	79	101	74	105	121	102	58	56	103	73	100	79	117	79	88	68	74	60	102	81	62	62	80	83	104	54	80	76	100	130	94	76	146	103	134	102	85	99	113	84	146	38	135	32	175	50	235	28	192	55	255	57	220	46
MYO1E	3892	3400	4192	3480	3622	3314	3337	2819	3676	3096	3961	3055	3547	2026	1500	2262	1632	2315	1496	2575	1768	2093	1456	2104	1518	2696	1518	605	458	634	428	702	423	699	343	680	450	667	329	852	429	227	292	233	249	244	245	281	245	306	241	270	247	174	231	148	340	117	308	144	297	163	287	146	235	128	305	112	261
RP11-775L16.1	10	10	31	13	8	13	14	6	9	8	16	8	21	8	17	13	16	13	20	18	17	10	22	10	11	12	10	12	22	11	18	8	22	29	16	15	13	20	13	18	18	9	6	13	10	11	20	24	10	26	30	15	14	6	24	18	16	13	18	28	12	26	16	22	13	28	6	24	8
FTH1P24	0	0	0	0	0	2	0	0	0	0	0	0	0	0	2	0	0	2	0	1	2	0	2	0	0	0	1	1	1	2	3	1	0	0	2	0	0	0	0	2	1	2	2	3	1	0	10	0	3	0	0	5	4	4	1	0	3	5	1	3	1	1	1	0	0	1	4	8	2
AATBC	25	35	38	24	34	21	22	26	28	31	35	20	22	25	14	11	12	11	20	15	11	21	13	26	18	27	19	13	16	12	8	14	17	18	10	4	10	12	14	26	13	27	50	18	112	21	10	19	21	20	19	28	29	11	17	20	33	32	25	19	34	14	33	38	23	28	29	37	21
RP1-228P16.1	7	5	11	5	9	7	2	4	4	3	14	10	25	6	3	15	5	9	10	26	10	3	18	9	28	16	7	7	18	6	21	7	28	5	16	9	16	12	17	16	25	13	35	6	9	21	29	12	27	19	35	10	36	14	30	19	40	20	39	16	34	17	24	25	45	6	27	16	26
CTB-25J19.1	13	6	24	1	19	1	11	6	11	1	15	2	10	16	98	10	71	9	75	13	66	19	70	10	70	26	63	19	25	13	30	18	30	14	30	12	30	2	20	13	36	8	67	7	81	17	81	17	82	12	80	15	106	8	93	6	67	7	96	9	90	13	83	11	82	16	99	8	85
ABHD14A-ACY1	10	11	9	8	14	9	7	8	7	9	6	7	7	4	7	8	6	7	11	7	7	6	7	4	7	14	9	3	10	5	8	3	6	5	4	3	8	6	5	6	4	2	1	5	0	5	2	8	3	4	2	5	1	6	2	3	2	0	3	3	2	4	3	3	1	3	2	1	2
SPATA31B1P	7	1	1	3	1	1	0	0	2	1	2	2	2	0	0	0	1	0	0	2	2	2	0	3	0	1	1	0	0	0	1	1	0	0	1	0	0	2	0	1	1	0	0	0	0	0	0	0	0	4	0	0	1	0	0	0	0	0	0	1	0	2	0	0	0	0	0	0	0
RP5-1050D4.5	11	17	8	15	19	10	19	5	19	6	24	10	18	7	8	18	17	14	24	26	18	10	12	7	19	10	8	10	12	7	11	20	18	9	16	4	11	18	2	14	10	7	2	11	2	9	3	8	1	19	14	7	8	3	9	15	14	14	17	22	23	20	7	18	9	15	7	12	10
IGBP1-AS1	8	3	5	3	0	5	3	5	3	15	13	4	5	6	7	4	1	3	0	6	1	6	5	4	12	0	5	0	5	7	4	4	6	8	5	3	3	6	4	1	2	9	4	11	6	1	2	5	4	12	10	2	11	7	2	9	16	7	16	14	8	17	11	11	9	5	23	12	12
AC006262.5	0	0	0	1	0	0	0	1	0	1	2	3	1	0	0	0	0	0	1	0	0	2	0	0	0	0	0	0	0	3	0	0	0	2	0	0	0	0	0	0	0	1	0	0	0	0	0	0	0	0	0	0	0	0	0	0	0	0	0	0	0	0	0	0	0	0	0	0	0
CTC-260E6.9	3	2	6	2	3	3	5	3	5	3	9	2	2	5	2	9	4	0	4	6	8	8	1	4	6	4	4	4	9	3	3	7	2	2	3	7	6	2	3	7	7	3	3	4	2	3	9	10	5	7	4	3	3	4	6	3	10	5	3	6	2	9	5	4	9	6	11	3	4
LINC00971	0	0	0	0	0	0	0	0	0	0	0	0	0	0	0	0	0	0	0	0	0	0	0	0	0	0	0	2	4	1	1	0	0	0	1	2	0	1	0	0	2	0	1	3	0	2	1	1	0	2	0	2	2	1	0	0	4	1	0	3	1	1	1	0	0	1	2	3	0
RN7SL263P	0	5	0	0	0	0	0	1	0	1	1	0	2	3	0	6	2	3	0	5	4	5	7	3	12	4	7	4	3	1	2	1	5	7	2	3	6	3	1	8	2	3	8	1	10	0	9	4	10	6	11	4	10	0	7	2	3	4	0	5	4	6	3	2	1	0	4	6	2
ABCF2P1	471	449	661	511	544	472	464	362	549	446	556	464	560	497	492	517	561	574	602	544	592	522	536	456	616	644	604	496	560	464	560	516	624	502	554	508	490	427	484	630	565	506	505	491	594	581	480	756	490	582	510	542	642	513	498	540	406	713	431	864	486	920	450	731	355	798	489	796	372
RP11-385M4.1	2	2	6	6	3	3	7	6	2	2	2	0	0	30	16	50	24	10	19	53	15	39	13	30	27	27	13	5	0	7	3	2	4	6	6	1	0	1	2	5	0	0	1	4	3	1	1	1	0	0	4	8	2	2	3	0	2	2	2	0	0	2	1	0	0	1	1	3	2
RP11-439M11.1	0	0	3	0	0	0	0	1	1	1	0	1	0	1	5	1	15	1	4	3	3	1	0	0	8	2	2	6	10	6	5	2	4	3	6	11	5	13	10	5	3	6	1	14	3	4	2	17	2	10	0	14	2	7	4	7	9	10	5	7	5	14	4	2	4	14	6	4	2
RTN3P1	1826	1742	1889	1738	1687	1678	1696	1486	1788	1487	1623	1711	1517	1520	1278	1558	1509	1615	1488	1950	1555	1596	1268	1570	1489	1864	1410	1561	1602	1472	1572	1601	1682	1726	1653	1558	1385	1379	1292	1739	1497	1493	1665	1596	1736	1631	1603	1900	1438	1766	1552	1579	1472	1420	1520	1684	1818	2296	1896	2571	1750	2641	1842	2278	1835	2416	1868	2659	2046
INHBA-AS1	0	0	0	1	2	4	0	1	1	0	0	1	0	0	0	0	2	0	0	3	0	1	0	0	0	3	6	0	0	0	0	0	2	0	0	0	0	0	1	0	0	0	2	0	0	0	0	0	0	2	1	0	0	0	0	1	0	0	0	0	0	0	0	0	0	0	0	0	0
MEOX2-AS1	13	15	7	6	5	7	3	12	4	8	4	9	8	10	7	14	0	14	4	12	2	9	9	7	3	2	0	0	1	0	0	0	0	0	4	0	0	0	2	2	0	0	0	0	0	0	1	0	0	0	0	3	3	0	0	0	1	0	1	0	0	0	2	0	0	0	1	0	1
RP11-455F5.5	1	1	1	1	1	0	0	0	0	0	0	0	1	0	0	0	0	1	1	1	0	0	0	0	1	0	0	1	1	0	2	2	0	2	1	0	2	4	0	1	1	2	0	6	4	3	1	2	2	1	2	1	3	1	0	0	3	6	4	3	5	5	4	1	8	5	6	9	4
COPS2	4377	2613	3720	2994	3407	3353	3519	2866	3416	3093	3312	3592	3428	2945	3424	3028	3356	3383	2654	3535	3617	3130	3283	3091	3614	3570	3392	3478	3026	3148	3134	3553	3253	3818	3314	3394	3092	3216	2739	3901	3198	3329	2894	3588	2801	3576	2527	4547	2111	3859	2649	3380	3097	3827	2590	2868	2140	4033	2056	4188	2181	4594	2072	4086	2526	4148	2628	4406	2450
LPAR5	7	13	20	18	19	13	17	4	4	10	17	22	12	3	9	12	9	8	17	13	24	6	15	2	25	12	9	3	7	6	9	1	6	5	8	1	7	7	7	2	11	4	3	3	2	5	1	14	21	9	5	9	11	3	12	7	9	7	11	2	16	17	9	16	16	10	11	17	7
AC004158.1	3	2	2	2	1	2	1	1	1	2	1	2	2	2	3	1	3	2	1	3	2	2	1	2	2	2	2	2	2	2	2	3	3	2	2	1	2	2	2	2	2	2	2	2	6	2	2	3	2	2	2	3	3	2	2	2	2	3	2	3	1	5	2	2	1	5	2	5	2
SSTR3	7	3	17	10	14	5	5	7	14	8	6	6	3	29	54	28	90	38	80	18	78	16	53	23	52	28	62	33	68	33	59	38	62	24	73	32	73	40	63	32	51	20	5	55	8	37	9	56	17	53	24	39	11	40	11	18	7	35	1	32	10	25	3	28	9	34	9	31	3
EMP1	23	5	23	10	19	18	19	18	13	9	14	24	17	19	11	11	11	14	7	31	8	14	8	19	7	9	9	1	3	1	4	0	2	10	3	1	8	4	5	14	9	1	2	2	5	2	2	12	0	5	5	2	2	10	4	4	4	2	2	6	4	1	0	3	2	20	2	0	5
AURKAIP1	2721	3158	3570	3076	3448	2927	3204	2182	3291	2539	3068	2937	3245	2754	2441	2863	3399	2684	3746	3415	3448	3096	2735	2514	3100	3174	2856	3495	2373	2668	2259	2708	2807	3059	2943	2444	2411	2655	2389	2953	2494	1822	1623	2498	2098	2350	1638	3276	2018	3416	2083	2637	2154	3031	1943	1905	1393	1958	1559	2630	1699	2916	1453	2264	1649	2829	1691	2546	1594
MIR6820	169	171	206	129	179	193	195	157	209	151	210	163	148	172	208	183	264	174	251	257	206	270	196	191	336	193	273	245	287	219	321	261	281	251	289	247	241	269	300	270	240	223	405	307	482	202	380	296	298	272	331	256	378	212	337	346	601	511	553	585	638	590	633	496	755	537	731	597	656
RP11-74K11.1	415	516	630	520	519	496	460	394	554	434	470	424	478	1358	1300	1300	1476	1236	1650	1633	1529	1208	1328	1046	1447	1513	1352	2082	1833	1859	1700	2024	1798	1975	1736	1966	1664	1784	1346	1930	1686	2014	1924	2447	2618	2510	1622	3221	1744	3300	1640	2627	1722	2304	1416	2052	1084	2552	1180	3174	1328	3024	1209	2724	1146	3250	1334	3032	1120
PHBP9	98	111	101	94	117	69	96	77	130	78	120	120	102	91	60	109	102	94	104	103	110	113	80	80	96	113	90	80	60	77	79	64	69	71	76	73	68	88	65	83	80	66	52	78	62	57	45	97	46	91	68	84	71	59	70	58	54	56	77	75	65	92	57	73	55	77	68	85	68
ABCG8	5	3	2	2	4	1	5	2	4	1	8	2	1	0	0	0	0	0	5	0	5	0	0	3	0	2	1	0	0	0	0	0	0	0	0	0	0	0	0	4	0	0	0	0	2	0	2	0	0	0	2	0	1	1	1	0	6	3	1	0	1	0	1	0	1	0	0	0	8
CTD-2650P22.1	7	12	9	9	8	3	5	5	7	5	8	4	5	10	0	14	5	7	4	7	5	12	9	7	3	8	6	0	1	4	6	1	6	3	3	6	4	2	2	4	8	4	1	1	0	6	0	3	0	0	1	2	2	0	1	1	2	3	0	0	4	0	0	9	0	1	0	1	0
BNIP3P1	2605	1789	1450	1372	1754	1661	1986	1919	1870	1756	2092	1631	1434	337	642	333	715	361	683	370	719	365	544	336	622	370	617	860	556	724	556	736	574	1036	533	1379	452	974	444	856	551	642	432	890	514	682	454	985	448	1166	436	876	482	964	494	578	450	782	454	834	432	892	428	827	460	970	477	780	490
RP1-101G11.3	0	0	1	0	0	0	0	1	1	0	0	0	0	0	0	1	0	0	1	0	0	0	0	1	0	0	0	0	2	0	1	0	0	0	0	3	0	2	1	7	0	3	3	1	4	2	4	2	0	3	0	6	1	0	0	3	1	2	0	12	1	13	2	2	6	6	0	9	1
MIR93	2	2	3	5	3	8	0	1	2	5	0	6	2	2	0	1	2	3	1	2	1	1	2	1	2	5	1	2	1	1	4	0	1	2	4	2	0	1	0	5	1	2	1	1	3	2	1	0	3	0	0	2	2	1	1	0	1	2	7	3	4	0	1	5	2	4	0	3	2
HAUS6P2	46	20	28	26	28	26	29	27	28	26	28	12	28	11	28	16	26	14	12	28	32	26	19	26	29	32	8	16	14	16	25	26	23	16	24	18	9	15	12	19	23	19	15	14	21	28	4	14	3	21	7	18	16	16	7	10	14	24	10	18	5	15	8	24	6	14	18	10	7
CEBPZOS	2525	2883	1718	2735	1997	3272	2147	3312	2115	3372	2010	3472	1955	2426	1312	2404	1394	2442	1307	3540	1447	3038	1325	2981	1430	3178	1473	1318	741	1238	767	1241	788	1347	820	1273	725	1182	734	1549	693	951	498	1149	519	1056	542	1307	598	1292	655	1024	634	1313	624	953	656	1317	661	1524	641	1669	587	1456	712	1574	735	1771	758
ANO4	122	97	144	110	152	152	131	105	113	123	138	92	111	193	173	142	163	150	166	228	146	164	114	149	148	192	128	303	198	272	198	315	196	349	175	363	187	287	167	302	196	309	273	325	301	358	233	377	146	312	227	278	216	320	214	482	356	570	348	672	271	627	347	564	275	582	337	627	391
RP11-334E6.3	0	0	0	0	0	0	0	0	1	2	0	0	0	0	0	0	0	0	0	0	0	0	0	0	0	0	0	0	0	0	0	0	0	0	2	0	0	0	0	0	0	0	0	0	0	0	0	0	0	0	0	0	0	0	0	0	0	0	0	0	0	0	0	0	0	0	0	0	0
RBPJP6	258	207	239	230	205	225	221	196	224	221	223	251	216	113	128	133	121	133	105	161	131	126	105	134	129	147	117	112	127	121	119	134	113	129	115	131	111	132	95	151	99	140	107	134	114	119	115	166	75	156	90	128	97	121	109	106	88	151	96	166	96	178	78	140	84	147	107	168	114
PSMD5-AS1	177	179	204	144	137	143	142	126	204	149	195	184	178	188	211	199	207	198	208	273	159	201	178	205	249	246	241	276	302	269	333	249	312	285	277	297	250	316	261	307	265	443	274	347	203	359	295	446	286	368	339	407	353	220	327	351	414	445	383	468	337	492	363	472	366	449	477	553	418
HMGN1P36	340	346	365	333	318	342	332	267	317	344	317	340	327	273	253	290	322	304	335	353	309	323	300	310	295	371	304	259	193	238	191	229	234	240	229	252	175	236	223	301	213	148	116	196	137	174	109	221	107	219	129	186	149	197	133	109	86	152	104	180	104	150	101	145	102	178	119	186	92
MTCO1P22	0	4	7	6	15	2	2	0	4	2	5	5	15	4	2	6	9	5	12	5	7	8	3	4	14	11	15	1	6	7	5	6	4	1	6	8	6	10	1	4	6	10	1	2	7	5	6	7	7	4	2	9	4	2	2	4	3	6	8	13	5	3	1	6	8	10	2	8	11
FAM9B	2	0	1	4	0	0	0	0	0	0	0	0	0	1	0	3	0	1	3	5	2	3	3	5	3	0	0	0	0	0	3	0	2	0	0	1	2	0	0	0	0	0	0	0	0	0	0	0	0	2	0	0	0	1	0	0	0	0	0	0	1	0	0	0	0	0	1	2	2
SCGN	0	0	0	0	0	0	0	0	0	0	0	0	0	3	10	2	12	5	5	6	10	1	7	0	13	4	5	20	39	23	21	22	25	27	36	31	32	40	35	19	34	45	17	33	25	35	33	36	15	49	33	34	25	71	19	14	22	56	25	47	25	41	13	45	21	55	32	37	25
APOOL	828	600	565	559	514	710	594	535	616	677	680	655	553	673	903	837	930	767	795	1004	944	908	727	904	950	879	960	1052	894	1115	885	1082	914	1135	974	1133	801	1143	851	1340	910	1085	735	1291	636	1112	617	1398	676	1408	796	1136	791	1007	814	1013	664	1295	634	1315	689	1436	627	1335	756	1477	844	1460	727
FAM53A	33	52	50	14	39	27	63	38	56	40	50	37	54	32	28	26	48	36	32	38	41	36	49	19	36	32	19	54	36	56	53	56	40	70	64	45	37	41	39	44	43	37	34	42	37	67	18	75	23	73	46	64	40	63	36	40	24	30	44	72	21	72	22	64	27	78	34	84	33
RPS10P28	193	265	202	232	177	223	203	219	219	257	191	222	177	198	168	200	191	211	224	251	203	223	147	190	162	256	139	182	96	124	88	135	131	159	122	132	106	147	118	159	109	86	46	112	68	121	66	149	53	142	94	122	64	99	73	63	51	82	48	98	40	101	39	92	49	96	51	105	44
USP3-AS1	4	3	8	2	4	5	2	6	1	3	3	7	6	4	2	3	1	2	0	1	0	3	3	1	4	1	6	3	5	3	4	6	5	8	3	7	5	3	4	2	2	4	5	8	11	3	7	8	11	10	8	8	12	6	6	12	12	5	15	6	10	18	14	11	12	10	13	16	15
RP11-85O21.5	0	0	0	0	0	0	1	0	0	0	0	0	0	0	0	0	1	5	0	5	0	5	1	0	3	4	2	0	3	3	0	0	0	0	8	6	1	0	2	2	2	0	2	0	0	0	3	2	0	0	7	0	0	1	1	0	6	0	2	4	4	0	3	2	2	0	1	0	3
MIR4313	2	0	1	0	0	0	0	0	0	0	0	0	0	0	0	0	1	3	3	0	0	0	0	0	1	0	0	0	0	0	3	0	0	2	0	0	0	0	0	0	0	2	0	0	0	0	0	0	0	0	0	0	0	0	0	0	0	0	0	0	0	1	0	0	0	0	0	0	0
C9	2	0	2	0	0	0	0	0	0	1	1	3	0	0	0	0	0	0	0	1	0	0	0	0	2	0	0	0	0	1	0	0	0	0	0	0	0	0	0	0	0	0	0	0	0	0	0	2	0	0	0	0	0	0	0	0	0	0	0	0	1	0	0	0	0	0	0	0	0
ZNF677	1467	1236	1328	1161	1179	1291	1295	1207	1312	1244	1202	1351	1232	1273	1096	1299	1123	1304	1038	1487	1141	1391	1101	1484	1270	1679	1236	1009	825	972	786	1035	864	1119	862	1166	756	1050	726	1302	770	983	394	1060	381	976	651	1137	645	1118	725	1086	708	887	844	1216	877	1719	940	2042	806	1908	859	1871	803	1840	1151	2100	1039
GPR150	4	7	10	5	5	5	7	4	6	2	7	4	1	2	2	0	8	1	9	5	15	3	7	5	8	11	8	17	7	5	3	9	6	14	6	3	3	12	3	11	3	3	1	21	5	2	5	19	0	7	6	7	9	4	1	3	6	7	6	6	7	16	8	12	7	10	6	8	12
RP11-435I10.5	0	1	2	0	0	0	2	0	0	0	3	0	0	1	1	0	2	0	0	0	2	0	2	0	0	0	0	2	2	2	0	0	2	3	0	0	0	0	0	0	1	0	0	2	3	1	0	0	0	1	1	0	0	1	0	0	0	1	0	0	1	0	0	0	0	0	3	2	1
RP11-972L6.2	2	1	0	1	1	0	1	0	0	1	0	0	0	0	2	1	0	0	1	1	1	0	1	1	0	0	1	0	0	2	0	1	1	0	0	0	0	0	0	1	0	0	0	0	0	0	0	0	0	0	0	0	0	0	0	0	0	0	0	0	0	0	0	0	0	0	0	0	0
RP11-520D19.2	1	0	4	0	0	0	0	0	1	0	0	0	0	1	0	0	0	0	0	1	0	0	0	1	0	0	0	0	0	1	0	0	0	0	0	0	0	2	0	1	0	0	0	0	0	2	2	0	0	1	0	0	0	0	0	0	0	0	0	0	0	1	0	0	2	0	1	1	0
AMMECR1-IT1	0	0	0	0	1	0	0	0	0	0	0	0	0	0	0	0	0	0	0	0	2	0	0	1	1	0	0	0	0	1	0	0	0	0	1	4	0	2	2	0	0	0	1	0	0	0	0	0	0	0	0	0	0	0	1	0	0	0	3	0	0	0	0	0	1	0	0	0	0
RP1-65P5.5	0	0	0	0	0	0	0	0	0	0	0	0	0	0	1	0	1	0	0	0	0	0	0	0	4	0	0	0	0	0	2	3	0	0	0	0	2	0	0	0	0	0	0	1	0	0	0	0	0	0	0	0	4	0	0	0	0	0	0	0	0	0	0	0	0	0	0	1	0
RP11-567G24.3	0	0	0	0	0	0	0	0	0	0	0	0	0	0	0	0	0	2	0	0	1	0	2	0	1	0	0	1	1	3	1	3	0	3	3	2	1	1	6	1	2	7	7	3	11	7	4	7	5	3	1	5	3	2	3	3	5	6	2	4	6	3	4	6	2	9	4	5	2
CACNA1S	5	9	0	4	4	0	7	11	4	0	3	0	9	3	3	6	23	9	24	11	21	5	7	2	5	2	12	15	40	10	36	6	41	9	40	5	44	10	25	22	32	7	13	7	23	4	14	17	3	30	3	8	24	15	9	1	4	5	5	4	3	10	4	6	3	0	2	2	4
HCFC1	6316	9177	10679	9672	9735	8253	7912	6789	9020	7227	9203	7737	9120	8099	8368	8561	9436	7740	10060	9964	8986	7919	7937	7974	9538	10620	8309	8190	8058	8214	7445	8734	8300	9735	7916	8384	7591	8244	6675	9259	8384	6981	7682	8464	10069	8762	6958	12191	7863	10747	6981	9065	9017	6217	7147	6738	5982	7639	6068	9529	7246	9593	6089	8169	4888	9941	7194	9028	6534
AP000344.3	0	0	1	0	0	0	0	0	1	1	1	0	0	1	3	1	5	3	1	1	1	0	0	0	2	4	1	3	5	0	1	2	1	4	2	0	1	5	1	2	1	1	1	2	0	1	0	3	0	4	4	4	2	3	2	3	2	5	1	3	0	0	0	2	2	2	1	5	1
RP11-334L9.1	2437	2539	2757	2813	2341	2771	2310	2302	2269	2404	2281	2598	2428	3146	3248	3521	3767	3597	3644	3964	3892	3343	3276	3328	3768	4113	3423	1996	1425	1919	1391	2041	1638	2189	1565	1961	1395	2010	1380	2335	1441	666	509	790	516	754	524	975	463	892	572	708	614	850	535	474	739	491	736	574	687	648	739	539	800	613	890	571	872
FBXO46	741	870	1005	837	989	853	875	726	901	727	895	831	853	708	625	766	691	619	833	995	718	759	610	671	699	933	633	582	505	546	466	575	567	602	608	483	567	607	425	577	488	385	446	511	536	469	426	721	630	547	537	513	591	464	527	450	512	475	487	621	555	719	451	565	487	577	527	557	589
RP11-34P13.15	275	355	372	290	310	336	332	237	379	220	462	278	369	174	156	245	147	226	182	293	155	252	136	186	231	298	165	128	127	108	126	114	135	136	127	122	128	109	128	108	128	70	71	76	98	71	69	95	93	115	83	82	90	60	77	41	90	53	95	85	87	75	65	61	81	68	81	84	81
GRK1	0	2	0	8	4	0	0	0	5	0	0	0	0	1	6	0	3	2	2	0	3	0	0	4	3	2	2	12	8	7	7	4	5	5	10	10	2	6	5	5	9	6	1	4	5	6	5	4	10	9	5	8	10	8	4	6	13	14	16	12	11	12	18	14	7	24	11	15	10
GGNBP2	1218	911	1004	812	937	885	858	791	943	858	923	907	877	1034	1165	1045	1238	1096	1187	1228	1323	1155	1200	945	1319	1110	1174	1695	1523	1361	1495	1460	1701	1686	1548	1450	1376	1457	1239	1839	1440	1787	1723	1775	1659	1916	1669	2153	1429	1898	1512	1610	1978	1924	1700	1873	1663	2550	1696	2866	1736	3069	1655	2721	1884	2801	2112	2806	1856
PLAC9	53	48	63	88	55	69	70	61	65	60	49	67	66	36	16	24	16	35	16	25	25	31	11	22	19	37	4	10	5	0	8	10	4	7	0	9	2	8	3	8	4	5	2	3	0	2	0	4	2	1	5	11	2	0	4	1	0	2	4	8	3	8	3	0	7	3	2	5	1
AC005264.2	1	0	0	0	0	0	0	0	1	0	0	0	0	0	0	3	1	0	1	1	0	2	1	0	0	0	2	1	0	0	0	0	1	3	0	0	2	1	0	0	0	2	0	0	0	0	2	0	1	0	5	0	0	0	0	0	0	0	0	0	0	0	5	0	0	0	0	0	0
RP11-326G21.1	9	6	9	9	2	8	8	5	5	6	5	4	6	7	7	8	3	8	1	13	6	9	4	10	7	15	3	2	0	0	0	0	0	1	0	0	0	4	0	0	1	3	1	1	1	0	0	1	0	0	1	0	0	0	2	0	2	0	2	2	3	1	0	0	3	1	0	2	1
RPS23P1	157	157	150	145	121	130	132	131	152	164	125	128	117	138	137	155	160	169	164	192	138	140	128	110	136	188	81	166	94	84	97	109	142	127	114	83	91	135	90	146	121	90	48	98	44	122	58	120	32	157	54	100	72	102	48	76	41	94	39	86	48	92	42	80	56	111	49	89	57
RPS4XP17	380	352	367	324	312	352	343	254	360	300	291	301	302	314	264	297	361	303	342	412	366	339	270	298	318	354	281	305	216	239	222	259	317	278	273	255	216	235	221	298	226	170	177	233	262	218	125	271	146	269	219	230	173	324	204	166	114	201	124	208	108	245	123	205	141	206	165	220	118
ARID2	2720	2398	2894	2247	2261	2389	2240	2112	2366	2372	2740	2392	2469	2829	3070	3029	3045	3013	2521	3499	2868	2897	2637	3085	3165	3811	3106	2866	3141	3055	3040	2816	2975	3073	2912	3098	2586	3163	2948	3443	3238	3274	3300	3522	3516	3331	2413	4142	2319	3944	2433	3651	2944	2577	2486	2615	2149	3305	2022	3484	2164	3842	1908	3182	1702	3220	2576	3860	2133
RP3-412A9.16	6	7	4	8	4	17	5	7	9	8	4	0	3	15	4	8	11	8	9	12	13	7	10	6	1	10	7	5	10	15	8	7	13	4	6	5	2	3	3	6	4	4	1	10	2	5	3	7	1	5	5	3	13	8	7	4	10	5	6	10	6	7	10	7	12	6	9	8	16
SNX13	1545	1082	1437	1299	1252	1245	1367	1272	1199	1227	1380	1416	1235	1548	1657	1602	1640	1877	1385	1962	1813	1639	1453	1715	1654	2022	1548	1446	1387	1669	1380	1577	1528	1812	1478	1710	1409	1616	1345	2046	1369	1307	1193	1443	1192	1341	1071	1547	1061	1576	1166	1240	1327	1190	1176	1044	1143	1233	1032	1402	1082	1620	1022	1327	939	1347	1317	1334	1263
GMPR	30	20	4	22	28	22	34	25	30	24	34	13	47	22	8	16	22	12	20	17	29	23	19	14	25	13	13	9	45	28	28	21	31	19	33	8	25	14	21	19	16	28	29	21	38	19	27	15	54	10	48	13	46	24	56	30	43	18	76	32	48	17	51	32	40	32	59	15	55
ACTR1B	1464	1804	1689	1601	1672	1511	1559	1407	1633	1471	1642	1547	1525	1977	2366	2098	2692	1836	2764	2675	2685	2360	2400	1934	2596	2460	2423	2919	2753	2614	2536	2599	2907	2734	2780	2367	2446	2612	2306	3069	2687	2104	1843	2272	2165	2547	2001	3208	2196	2857	2484	2252	2416	2455	2086	2830	2143	3377	2240	4275	2495	4122	2228	3818	2190	4539	2285	4276	2217
RP11-611E13.3	0	1	2	0	0	0	0	1	0	1	1	0	0	0	0	1	0	0	0	2	0	0	0	1	0	0	0	0	2	0	0	0	0	0	0	0	0	0	0	0	1	2	0	0	1	0	0	1	0	0	0	0	0	0	0	0	0	0	0	0	1	0	0	0	0	0	0	0	0
RP11-1006G14.3	1	1	2	1	4	1	1	0	3	4	6	1	1	1	4	4	1	0	4	3	1	1	1	2	2	2	2	1	0	3	2	1	3	1	2	1	2	1	2	2	0	0	1	2	1	1	2	1	0	2	2	0	1	1	0	0	0	0	2	0	3	1	2	3	0	1	2	1	1
AKIRIN1	10620	8872	10570	9554	9676	9778	9343	8210	9969	9102	9124	10202	9310	6397	5323	7280	5808	7808	5150	8943	6067	7332	5249	7386	6099	8850	5615	3997	3928	4018	3864	4110	4138	4324	4113	4177	3726	3653	3407	4584	3818	3453	4634	3979	4900	3792	3961	4743	3649	4575	3811	3652	4305	4365	3910	3329	3816	4265	3644	4848	3684	5158	3658	4425	4074	4485	3927	4699	4004
AARS	12657	13818	15273	12977	13297	12154	12220	10462	13319	12431	12950	12283	12436	12682	12323	13483	12440	12347	12821	16623	13163	13875	11682	13896	12474	15371	11390	6718	6614	6142	6257	6219	6698	6948	6614	6569	5785	6449	5435	7893	6311	5174	4382	5372	3902	7329	4475	7540	4586	6014	5174	5639	5591	4736	4724	12119	6949	15804	7055	18349	7095	18095	7403	15976	6495	19011	7619	19104	7616
MYLKP1	4	2	2	2	2	4	6	0	4	3	0	2	2	2	8	4	5	4	8	8	6	8	7	7	12	20	10	5	5	1	2	5	2	6	1	2	2	7	8	5	2	3	0	3	4	3	0	1	0	3	0	2	3	4	2	1	6	0	2	1	1	0	3	0	0	8	1	2	0
SMARCE1P1	149	126	164	130	135	119	136	117	122	131	120	137	138	161	140	157	152	148	154	156	152	143	128	122	170	170	134	185	181	158	182	183	175	159	186	159	168	138	173	185	175	177	153	224	156	226	158	285	132	242	185	192	213	166	187	203	152	267	150	293	190	260	166	253	149	302	211	295	181
SEMA6A	19222	18723	20294	17862	19743	18170	18360	15871	20455	17025	22190	16887	19301	13124	11109	14535	9855	14906	9768	17458	10721	13269	9218	13986	10916	17189	9905	7808	9208	8709	8817	9003	8863	9185	8595	8711	7456	7522	7182	9300	9296	13015	17717	14491	20021	14506	13729	17190	13768	15288	12927	13085	15145	10462	13293	19186	12525	23254	12162	27077	13686	28352	11708	24379	11287	25695	15235	28015	12904
FXYD7	166	159	196	208	152	179	156	144	235	176	181	206	182	514	280	521	351	478	314	727	365	583	303	507	337	617	347	74	62	47	47	51	46	64	50	78	50	49	54	74	71	17	56	16	63	30	62	24	49	12	49	31	42	17	76	42	233	30	203	57	156	42	251	37	186	43	163	54	246
SMIM14	1915	1535	1185	1354	1344	1539	1564	1629	1393	1679	1412	1723	1224	1020	672	933	795	897	607	1263	810	1092	678	963	787	1190	713	1229	905	1123	926	1126	1058	1220	1025	1160	975	1140	906	1397	1006	1286	794	1497	621	1403	914	1673	853	1562	1004	1219	1137	1497	1135	1242	1064	1631	962	1872	1062	1913	1023	1650	1236	1929	1325	1961	1232
DDX27	3280	3143	4319	3404	3479	2946	3083	2613	3466	2678	3283	2915	3317	3030	3326	3412	3503	3208	3501	3710	3640	2960	2960	2827	3416	3989	3141	2666	2691	2194	2444	2358	2604	2433	2714	2168	2339	2307	2295	2674	2397	2079	1968	2577	2162	2429	2010	3114	1815	2748	1947	2328	2419	2239	1996	1970	1824	2446	1829	2971	2078	2773	1773	2534	1855	2817	1981	2656	1781
CYP11A1	37	62	48	46	59	34	61	64	55	65	45	52	52	100	98	122	110	95	160	164	135	161	98	111	140	171	107	60	27	22	28	27	32	62	56	75	35	60	56	34	23	6	1	2	3	9	4	11	6	8	6	5	1	14	4	2	0	2	1	4	2	3	1	0	7	6	6	0	1
TUBB2BP1	2772	2191	2675	2049	2603	1823	2503	1696	2606	1765	2883	1831	2311	936	958	953	1026	921	1049	1247	1015	1048	792	922	969	1116	816	814	1244	717	1180	698	1340	873	1322	733	1029	664	1057	873	1281	1350	2635	1802	3155	1834	2938	2050	3187	1994	3149	1561	2711	1499	3019	4120	4618	4931	4780	6061	4429	5708	4759	5258	4195	5910	4641	5527	5163
MDH2	9033	8736	9851	8472	9381	7873	8820	7042	9532	7647	8896	7706	8111	6667	7688	6569	8575	6305	8947	8376	9016	7237	7757	6484	8705	7798	7776	7740	6968	5954	6842	6298	7401	6994	7047	6216	6892	6476	6068	7307	6584	4904	3600	6061	4020	6111	3719	8520	3890	7964	3899	6577	4733	6860	4014	4521	3052	5480	3419	6578	3615	6569	3176	5888	3602	7173	3623	6531	3425
PRDM4	754	711	876	752	683	656	767	588	766	594	748	698	644	641	865	731	846	693	800	779	833	632	733	697	965	818	800	745	1135	697	1055	697	1121	823	1054	778	905	772	949	953	989	814	1089	898	1001	809	913	1151	979	1064	974	790	1250	736	1006	890	1248	1100	1228	1305	1304	1231	1220	1220	1205	1170	1523	1197	1372
AC006115.6	2	0	4	0	0	0	0	0	1	0	0	0	0	0	0	0	0	0	2	0	4	0	0	0	0	1	1	0	0	0	1	0	0	0	0	0	0	0	1	0	0	0	1	0	0	0	0	0	0	0	0	0	0	0	0	0	2	0	0	0	0	0	0	0	0	0	1	0	2
CA5BP1	153	200	261	213	197	230	181	173	216	179	214	186	207	151	113	177	136	183	120	205	146	146	103	182	160	244	152	119	140	103	95	102	105	134	100	80	107	105	95	180	122	98	140	117	155	126	136	163	159	125	125	143	168	76	157	130	164	142	157	174	159	177	150	151	124	173	183	210	152
NPR3	8	5	2	0	6	3	0	3	3	2	7	2	5	0	5	3	6	0	7	1	8	3	5	3	0	3	7	1	2	2	6	3	6	0	1	2	2	8	2	4	2	0	0	3	0	8	2	10	2	3	0	10	7	9	1	7	3	5	3	7	0	6	3	8	1	0	4	4	1
SMIM7	1327	1178	1518	1077	1205	1292	1156	1106	1277	1111	1330	1151	1252	1079	1029	1136	1158	1073	1148	1265	1153	1138	1059	1161	1273	1297	1141	1444	1280	1267	1259	1241	1340	1291	1282	1334	1239	1199	1126	1502	1255	1384	1244	1644	1397	1646	1228	2103	1219	1842	1210	1524	1379	1534	1272	1474	1240	2117	1369	2208	1379	2323	1257	2130	1294	2304	1352	2345	1298
BCRP4	40	41	29	28	24	31	19	26	37	27	36	26	35	75	102	93	109	74	116	80	111	61	111	76	106	87	89	103	110	104	109	71	122	101	79	69	65	70	63	120	78	81	111	106	119	94	79	111	59	126	55	61	90	51	76	79	54	108	79	145	76	98	69	107	73	92	70	106	45
HSBP1L1	51	29	59	54	47	46	44	54	71	37	41	58	64	34	13	35	13	22	21	53	32	21	19	44	12	40	25	13	37	17	43	18	23	27	15	18	16	54	33	57	33	72	186	90	190	79	106	83	76	86	69	94	110	101	60	105	104	128	115	173	95	182	126	166	131	126	127	203	134
CTD-2291D10.4	229	300	339	275	234	251	203	194	257	286	269	215	277	325	303	356	236	381	311	493	320	367	326	390	383	433	322	240	324	286	254	269	257	272	248	233	250	304	192	346	256	273	161	278	172	253	219	291	261	336	229	309	263	166	190	205	165	227	199	284	177	288	176	224	163	273	225	266	198
RP11-642M2.1	0	0	0	1	0	0	0	0	0	0	0	0	0	0	0	0	0	0	0	0	0	0	1	0	0	0	0	0	0	0	0	0	1	0	0	0	0	0	0	0	0	0	0	0	0	0	0	0	0	0	2	0	0	0	0	0	0	0	0	0	0	0	0	0	0	0	0	0	0
HNRNPA1P28	13	16	13	17	14	13	19	10	7	13	11	13	14	14	14	10	9	8	10	16	12	10	7	11	8	10	8	10	11	13	7	10	9	14	10	17	8	16	5	16	9	8	11	10	2	10	10	9	4	18	3	16	6	9	5	8	5	14	5	11	7	11	4	5	5	16	4	10	7
ZNF385B	52	35	44	36	56	63	40	33	57	44	60	64	54	68	37	51	45	76	47	89	49	71	39	77	62	67	39	9	4	17	13	7	1	13	7	32	8	10	1	19	4	8	2	3	7	0	0	0	0	4	2	0	3	2	1	0	8	6	1	0	0	2	1	0	5	2	1	0	3
FCF1P1	95	85	113	91	91	91	88	70	106	103	106	86	101	93	81	120	101	115	102	94	86	90	100	127	62	119	87	46	61	55	56	70	59	67	57	74	53	71	52	98	61	46	45	51	30	57	50	81	30	68	56	61	72	58	53	41	36	44	47	60	44	60	28	56	38	71	71	67	37
KRT18P19	1	0	2	0	1	0	1	1	1	0	0	2	1	0	0	0	0	0	0	0	0	0	1	0	0	0	0	1	0	0	0	0	0	0	0	0	0	0	0	0	0	2	0	0	0	0	2	2	0	0	0	0	0	0	0	2	0	0	0	0	0	0	0	0	0	0	0	0	0
HLA-DRB5	8	3	2	7	2	0	8	1	7	5	7	5	9	7	5	4	5	3	9	3	14	8	2	9	4	4	6	3	0	4	1	2	0	6	3	0	2	0	2	0	3	0	0	1	3	2	2	0	6	0	1	0	0	0	0	0	0	1	0	0	0	1	0	0	0	0	0	0	2
AC073283.4	36	42	23	27	38	36	29	22	27	24	39	18	34	33	22	56	22	32	52	42	33	59	36	25	13	70	26	23	15	8	31	23	15	10	25	19	21	15	23	23	5	17	16	18	7	15	27	26	27	19	20	11	12	11	26	32	54	51	51	47	48	47	51	68	48	57	64	65	66
RNU6-1205P	0	0	0	0	0	0	0	0	0	0	0	0	0	0	0	0	0	0	0	0	0	0	0	0	0	0	0	0	0	0	1	0	0	0	1	0	0	0	0	0	0	0	0	0	0	0	0	0	0	0	0	0	2	0	0	0	0	0	0	0	0	0	1	0	0	0	1	0	0
PADI6	0	0	0	0	0	0	1	1	0	1	0	3	4	1	1	1	0	0	2	0	0	0	1	1	0	2	2	0	1	0	1	0	0	0	0	0	0	0	0	1	0	0	0	0	0	0	0	0	0	0	0	0	0	0	0	0	0	2	0	0	1	3	0	0	0	0	0	0	0
RP11-71H17.8	17	14	26	19	19	25	17	13	26	18	20	27	28	13	14	7	9	1	16	22	8	8	3	18	14	27	21	1	8	8	5	10	5	0	3	1	3	8	6	0	8	10	5	5	7	1	4	2	5	9	2	5	3	4	7	2	1	3	1	1	1	1	7	0	0	6	2	4	0
CRYBA1	1	0	4	0	0	0	0	0	1	0	0	0	1	2	6	1	6	2	12	0	6	2	3	0	1	0	3	10	17	8	8	10	23	15	6	11	10	10	12	17	14	18	45	23	41	35	36	33	26	18	36	12	36	23	28	22	32	48	33	36	43	33	25	32	34	19	31	23	29
URAHP	21	12	18	18	14	16	15	18	20	18	20	16	14	13	21	21	19	22	17	22	13	8	14	13	13	9	22	9	15	22	26	11	8	16	25	20	17	15	14	32	11	15	9	15	24	13	10	12	26	15	10	7	16	16	15	14	18	22	31	30	15	17	28	29	23	20	28	31	27
ASZ1	0	0	0	0	0	0	0	0	0	0	0	2	0	0	0	1	0	0	0	0	0	0	0	0	0	0	4	0	1	0	0	0	0	0	0	0	0	0	0	0	0	0	0	0	0	0	0	0	0	0	0	0	0	0	0	0	0	0	0	0	0	0	0	0	2	0	0	0	0
RP5-867C24.4	5	0	2	1	1	1	0	1	0	0	0	1	5	0	2	0	4	1	1	4	2	2	4	0	0	6	3	1	4	1	3	1	0	0	1	1	2	2	0	2	1	3	5	3	7	5	2	1	6	3	1	4	6	4	0	2	3	10	1	0	1	3	1	1	4	0	11	11	8
RP11-395I14.2	7	7	13	6	7	9	4	5	10	10	6	7	3	8	17	7	17	3	8	4	8	10	4	9	9	10	11	11	10	11	9	10	12	7	8	7	9	15	5	18	10	7	6	8	11	12	9	4	1	3	8	11	7	3	7	1	6	5	8	5	5	8	5	10	5	3	7	11	3
RPL31P11	2053	1496	1646	1414	1511	1508	1546	1416	1565	1336	1471	1601	1449	1281	1455	1319	1549	1420	1570	1701	1851	1527	1717	1488	1706	1619	1608	1334	1161	1149	1146	1167	1232	1396	1253	1256	1205	1200	1084	1361	1192	778	652	926	691	844	590	1136	579	1062	656	894	742	1099	614	545	435	800	524	967	567	998	535	861	634	1085	551	950	512
CCS	772	931	992	932	857	880	878	739	886	767	882	796	881	891	834	968	1059	939	1064	1304	1081	1063	829	977	1127	1055	1032	1725	1538	1446	1469	1415	1692	1621	1626	1372	1421	1593	1289	1802	1426	1575	799	1819	876	1779	898	2412	976	2272	1168	1776	1285	1818	1107	1391	800	1601	952	2018	1081	2064	853	1948	962	2201	1085	2127	1018
GADD45A	563	378	513	309	467	351	519	324	449	390	466	485	454	613	932	565	1020	687	1041	803	1064	675	888	707	954	768	891	3844	3156	2801	2955	3197	3294	3494	3125	3080	2862	3034	2789	3665	3206	5669	4293	6216	5405	6333	3587	8579	3549	7891	3675	6717	3801	7212	3784	6613	2520	8055	2826	9474	3277	10013	2657	8984	3427	10093	3454	10033	2755
RPL32P3	503	539	558	378	429	486	460	445	538	409	537	363	520	420	442	497	425	422	430	553	431	480	395	516	524	555	481	432	595	417	547	387	557	414	576	482	461	507	449	491	476	567	620	723	607	711	594	749	592	679	559	677	610	384	591	660	739	817	702	922	677	1035	609	803	531	802	734	1038	702
SLC39A14	7998	9512	10452	10348	8990	10075	7978	8190	8282	9368	8112	9676	8942	8634	7048	9069	7081	9444	6851	11725	7315	9105	6485	9644	6950	11577	6778	4152	3081	3610	2953	3950	3297	4295	3158	4025	2829	4042	2737	4608	3122	2597	1545	2470	1559	2917	1212	3484	1141	2953	1233	2655	1530	2486	1062	2496	1178	3364	1130	3826	1113	3753	1043	3428	1105	3813	1317	4365	1071
RP11-567O18.1	3	1	0	0	5	1	0	3	1	0	1	1	0	1	0	1	1	1	2	0	2	0	0	2	0	6	0	7	0	0	0	0	0	0	0	1	0	7	0	1	0	0	0	1	0	5	0	0	0	1	0	0	1	0	2	0	2	0	0	0	0	2	2	1	0	0	3	0	1
PDZRN3	238	248	311	279	274	211	233	199	294	301	273	236	289	1631	2062	1603	2356	1280	2455	1686	2527	1728	2173	1497	2421	1732	2163	3888	3714	3327	3551	3658	3774	4204	3600	3776	3457	3711	2911	3892	3514	3312	2303	4149	2742	4002	1915	5646	2033	4949	1965	4152	3085	4179	2109	2477	881	3228	908	3796	1355	3803	882	3385	1032	4232	1306	3860	897
RNA5S17	0	0	0	0	0	1	0	1	0	0	1	0	0	0	0	1	1	0	0	1	1	0	0	1	0	0	0	1	0	0	0	0	1	1	0	0	0	0	0	1	0	0	0	0	0	0	0	1	0	1	1	1	0	1	0	0	0	0	0	0	0	1	0	1	0	0	0	1	0
APOPT1	478	391	454	341	440	485	367	340	454	428	415	455	404	389	363	400	471	380	488	515	427	407	336	325	416	441	382	505	399	388	470	385	455	483	378	386	468	434	398	503	436	375	746	498	825	469	668	653	590	468	655	493	607	522	622	517	680	728	652	756	674	823	643	739	711	819	726	810	676
AATK	90	180	133	155	150	124	139	130	153	131	138	136	151	154	241	97	292	88	362	135	258	138	215	109	225	138	232	713	1003	551	839	729	917	705	967	659	911	654	776	679	911	740	748	907	995	1071	785	1349	1046	1263	976	1057	1107	941	926	1215	737	1394	852	1831	966	1950	711	1608	723	1957	987	1921	820
C5orf66	3	6	5	6	3	2	2	6	9	3	2	8	6	9	16	12	19	7	15	25	14	15	15	12	16	11	19	23	24	27	23	17	30	21	26	28	25	25	25	37	21	21	32	44	17	24	24	23	22	22	18	32	30	21	24	27	24	34	41	49	27	32	28	25	15	40	22	26	24
ZNF879	149	143	161	117	145	141	160	104	144	114	117	147	100	178	170	178	130	212	172	176	170	159	138	150	181	162	147	142	168	147	185	166	213	171	169	190	170	186	152	198	174	146	212	208	161	160	150	235	165	233	167	176	212	179	147	166	195	213	163	281	152	249	185	240	162	236	183	278	219
TAB2	3574	2993	3485	2946	3191	3244	2963	2747	3239	3002	3187	3147	3014	2720	2785	2939	2805	2942	2484	3587	2838	3005	2498	3106	2890	3479	2659	2387	2301	2404	2361	2528	2451	2654	2167	2473	2251	2322	1973	2895	2297	2404	2371	2343	2482	2545	1875	3110	1681	2694	1839	2211	2238	2370	1919	1918	1683	2528	1569	2772	1627	2890	1588	2370	1658	2668	1886	2660	1939
BDP1	1303	986	1255	962	991	1023	897	893	985	1087	1158	1028	1144	945	1290	976	1100	1053	897	1154	1080	890	914	1071	1343	1290	1275	1011	1168	987	1002	1028	1098	1140	921	1040	919	1225	1072	1316	1101	1272	1312	1184	1003	1074	1007	1379	850	1240	1090	1153	1280	762	1277	958	1298	1368	1112	1426	1161	1311	1093	1187	969	1289	1535	1550	1333
RP5-899E9.1	0	0	0	0	0	0	0	1	1	0	3	2	1	0	2	0	0	0	0	0	0	0	0	0	0	0	0	0	0	0	0	0	0	0	0	0	0	0	0	0	0	0	0	0	0	0	0	0	0	0	0	0	0	0	0	0	0	0	0	0	0	0	0	2	2	0	0	0	0
HNRNPUL1	10933	12208	13527	11617	12486	10820	11273	9069	12020	10175	11663	10084	11747	11454	10734	11768	11810	11185	12169	14350	11821	11649	10549	11093	11807	13692	10562	11265	10518	10618	10158	11093	11130	12137	11093	10843	9820	10538	9231	12190	10349	9510	7722	11294	8504	11585	7434	14492	7615	13877	7613	11372	9476	9559	7418	8623	6372	10325	6644	12322	7365	12967	6280	11038	6395	12866	7499	12589	7059
RP11-138E2.1	1	0	1	0	1	0	0	0	2	3	0	0	4	0	1	1	1	1	3	2	1	1	0	0	0	0	0	0	2	0	0	0	0	0	0	0	0	0	0	0	0	2	3	0	0	0	1	0	1	4	1	4	2	1	1	3	4	2	9	8	2	7	5	0	4	2	2	0	1
DPPA3	162	97	166	143	159	132	137	87	143	86	138	164	140	52	95	64	60	54	69	86	64	68	61	54	88	77	66	11	18	14	8	10	6	8	12	12	4	6	2	4	15	2	8	5	8	6	2	10	1	4	1	2	3	3	4	5	7	8	3	4	4	0	5	2	3	0	7	3	2
RP11-73M18.10	9	7	4	8	3	8	9	7	8	9	9	10	8	8	12	13	18	14	16	18	18	14	12	6	15	19	11	20	27	12	12	17	22	17	16	16	13	13	14	24	11	23	16	32	27	25	22	34	29	37	27	18	23	15	18	22	9	32	13	23	15	50	13	31	10	27	19	48	8
AP1AR	1553	1118	1515	1167	1317	1305	1255	1049	1213	1162	1245	1420	1362	1337	1469	1329	1355	1516	1173	1596	1552	1445	1291	1551	1476	1707	1381	1230	1229	1342	1336	1391	1372	1375	1341	1390	1296	1203	1235	1575	1243	1322	1048	1452	1075	1292	1047	1693	1026	1623	1179	1261	1402	1619	1148	955	888	1424	824	1513	944	1829	856	1444	1100	1489	1099	1584	1043
AC093698.4	67	35	48	38	49	33	44	38	53	34	36	43	41	36	50	38	42	52	32	30	30	34	30	35	28	40	64	36	26	43	30	40	24	40	24	28	20	52	16	49	28	20	5	24	17	31	11	18	5	41	7	22	12	11	10	3	8	8	13	10	12	8	9	5	9	18	6	12	9
RP1-28O10.1	2	0	0	1	2	4	0	2	1	8	3	0	3	0	0	0	0	0	0	0	0	1	3	0	0	0	2	1	0	0	2	0	0	0	0	0	0	0	0	0	0	0	0	0	0	0	1	0	0	0	0	0	0	0	3	5	2	6	1	3	2	0	1	15	4	1	2	9	0
RN7SKP106	1	1	0	0	0	0	1	0	0	2	3	0	0	0	0	0	1	0	0	0	0	0	0	0	0	4	0	0	2	0	0	3	0	0	0	1	0	0	1	2	0	1	0	2	0	2	0	0	0	0	0	0	0	2	0	0	0	0	0	0	0	0	0	0	0	0	0	0	0
ZIC4	2	2	3	3	6	2	3	7	1	2	1	3	2	6	9	2	10	1	13	5	9	3	6	3	9	7	22	4	5	3	3	1	5	10	8	4	5	3	10	16	9	1	1	0	0	1	3	1	0	0	0	0	0	2	0	0	2	0	0	0	0	1	1	2	0	0	1	0	1
RILPL2	201	201	247	218	195	178	204	174	193	212	181	197	206	135	127	123	144	136	128	198	126	145	85	130	117	163	91	88	46	79	53	62	76	117	56	100	80	71	65	95	43	23	21	25	25	27	20	52	21	43	14	31	22	39	30	15	16	11	11	20	19	39	9	15	12	5	21	24	6
GFY	47	54	36	38	35	55	62	32	51	41	30	32	47	51	100	60	81	42	104	83	85	55	94	62	110	74	76	41	63	40	80	56	68	62	49	50	63	59	52	76	53	61	35	50	43	61	34	79	21	65	31	47	49	56	30	48	24	71	11	59	16	68	15	55	18	78	32	108	24
AC010642.2	9	4	11	6	7	7	6	1	9	4	3	7	6	4	18	3	16	9	7	17	5	10	8	11	8	2	8	7	16	6	16	4	16	12	15	6	6	4	15	1	9	12	41	17	40	21	31	9	40	26	29	26	34	12	44	19	26	31	41	31	32	38	34	54	30	29	35	42	32
CTD-2384B11.2	1	1	1	6	1	2	1	1	1	4	1	1	1	0	0	0	0	3	2	0	0	6	0	1	1	1	0	0	0	0	1	0	0	1	2	0	0	0	0	0	0	0	0	0	0	1	1	0	4	0	0	0	0	0	0	0	4	1	1	0	2	1	1	0	1	0	0	0	1
RP11-686D22.4	3	7	11	2	7	2	3	3	5	2	4	7	7	3	0	2	0	4	1	1	1	0	1	3	0	5	3	0	1	3	1	0	0	0	0	0	1	0	0	2	1	0	2	0	0	0	0	0	0	0	0	0	0	0	0	0	1	1	2	0	0	0	0	0	0	0	0	0	0
RP5-1047A19.4	2	1	0	0	0	0	0	3	0	0	1	0	0	0	0	1	0	0	2	2	1	1	1	1	0	0	2	0	0	0	0	0	0	0	2	0	1	0	7	1	1	5	1	1	0	0	5	0	1	1	4	0	5	0	4	3	2	5	4	1	3	2	4	0	2	0	6	4	3
MAP2K4	1513	1161	1517	1145	1225	1337	1116	1080	1260	1218	1224	1240	1301	1325	1407	1224	1432	1523	1286	1493	1481	1271	1337	1246	1509	1627	1320	1453	1311	1628	1370	1331	1358	1513	1433	1498	1224	1460	1281	1766	1316	1462	981	1626	968	1513	1052	1921	943	1768	1158	1395	1343	1656	1093	1143	998	1498	986	1722	1009	1808	1010	1740	1003	1627	1094	1740	999
RP11-50C13.1	24	24	12	11	4	18	17	16	14	8	18	22	24	3	16	23	9	12	16	16	13	15	16	16	12	24	12	16	15	9	17	17	15	28	12	18	19	8	21	34	10	29	28	22	43	14	18	25	13	21	18	30	18	18	12	14	22	26	21	18	14	32	16	34	34	34	26	35	21
CCDC136	985	1181	1179	1113	1030	947	987	855	1126	1152	1165	1047	1122	1186	1318	1410	1529	1306	1558	1636	1383	1355	1286	1362	1626	1608	1619	1841	2565	1676	2311	1598	2354	1576	2292	1673	1960	1908	2237	2124	2172	3093	3246	3150	3045	2549	2617	3310	2573	3188	2545	3187	2780	1715	2679	3547	3452	4492	3563	5029	3246	5259	3206	4267	2172	4821	3546	5602	3113
PRKD3	5429	3936	4550	3514	4080	4079	4371	3541	4354	4181	4737	4222	4430	4238	4883	4506	4139	4741	3680	5537	4340	4660	3788	4925	4542	5427	4217	3808	3372	4409	3500	4047	3730	4521	3464	4017	3136	4268	3099	5136	3361	4221	3523	4262	3594	4215	2481	5025	2173	4579	2568	4097	3164	3600	2679	2861	1842	3703	1804	3917	1973	4289	1782	3779	1838	3663	2441	4155	1924
NCBP2L	1	0	0	0	1	0	0	0	0	1	2	0	0	0	0	0	0	0	0	1	1	0	0	0	0	0	0	0	0	0	0	0	0	0	0	0	0	0	0	0	0	0	0	0	0	0	0	1	0	0	0	0	0	0	0	0	0	0	0	0	0	2	0	0	0	0	0	1	0
MITF	61	66	57	47	36	55	62	37	40	47	38	64	36	90	125	132	106	99	152	118	137	87	113	102	174	145	122	90	46	71	76	54	73	76	72	85	70	73	100	89	96	52	42	64	51	61	38	76	47	73	37	70	57	71	50	25	22	26	20	29	31	46	30	33	21	59	43	37	23
WNT9B	3	1	7	0	4	1	4	1	4	3	8	0	1	1	6	3	2	1	4	5	0	3	2	2	0	2	1	0	1	0	0	0	1	0	0	0	0	0	0	0	0	0	0	0	0	0	0	0	0	2	0	0	1	0	0	0	0	0	4	0	1	0	2	0	0	2	0	0	0
MT2P1	43	80	56	62	63	56	82	66	55	63	53	58	60	41	9	51	29	43	40	65	37	52	22	52	26	58	20	1	1	2	4	2	2	5	1	3	1	2	2	4	3	0	0	0	0	0	0	0	1	1	2	2	2	2	1	0	5	1	4	0	2	0	3	2	0	0	3	0	3
GLS2	82	130	97	98	91	58	107	85	124	76	95	87	104	38	24	43	34	33	23	51	32	44	15	31	37	42	17	8	16	15	1	10	5	15	6	11	3	23	4	11	10	8	2	2	10	10	3	4	6	5	3	2	12	4	9	5	8	9	9	7	6	12	5	7	12	8	10	4	13
AP000770.1	4	3	8	2	4	3	3	0	0	1	0	2	8	2	0	0	0	3	0	3	0	2	4	2	1	0	0	0	0	6	1	0	1	0	0	0	0	1	0	2	0	0	0	2	0	0	1	0	0	1	2	2	1	0	0	1	3	0	0	0	1	0	1	0	1	1	0	3	0
RIN1	93	63	62	68	69	72	90	59	95	54	103	61	84	47	95	39	78	35	97	62	63	77	54	55	86	63	66	216	190	151	198	191	204	219	207	193	180	199	145	206	137	242	63	256	55	238	65	378	85	429	76	302	100	250	76	195	48	222	51	322	65	312	63	214	29	379	69	297	58
RNA5S14	0	0	0	0	0	1	0	1	0	0	1	0	0	0	0	1	1	0	0	1	1	0	0	1	0	0	0	1	0	0	0	0	1	1	0	0	0	0	0	1	0	0	0	0	0	0	0	1	0	1	1	1	0	1	0	0	0	0	0	0	0	1	0	1	0	0	0	1	0
FGFR3	491	691	764	689	776	585	585	420	740	646	595	612	647	1005	1538	1018	1887	922	1973	1281	1921	1080	1546	944	1890	1125	1767	1750	1764	1517	1531	1798	1905	2109	1825	1715	1685	1903	1501	2053	1680	1834	629	2035	945	2214	601	3187	644	2749	726	2334	892	1976	712	1561	262	1809	274	2316	345	2273	254	2423	264	2810	313	3128	222
MRPS7	2014	1662	2226	1750	1915	1722	1972	1342	2114	1527	1917	1617	1835	1689	1721	1766	2016	1963	1785	2051	2104	1681	1544	1538	1872	1965	1672	1743	1728	1395	1656	1561	1959	1646	1780	1447	1701	1507	1404	1713	1634	1298	1106	1716	1275	1500	1143	1987	1213	1869	1424	1467	1637	1729	1226	1095	955	1518	969	1715	1155	1586	999	1484	1132	1738	1119	1759	1083
LINC01600	18	5	3	13	8	15	7	2	13	7	9	3	10	11	12	10	10	19	14	22	23	10	12	21	15	18	18	4	5	6	15	13	17	7	8	18	7	13	7	10	4	9	0	4	0	8	3	9	1	6	2	4	6	10	6	12	2	15	3	14	10	19	6	6	2	12	17	23	5
SUSD2	228	179	191	112	164	98	122	93	131	98	141	97	133	4705	14756	4266	15410	3663	15931	4873	15588	4894	13541	3421	15434	4645	13375	21846	20241	17812	18749	20610	21584	22533	20227	18627	19095	19009	17113	20322	19884	16432	6637	19962	7955	21298	7071	27491	7661	25480	7205	19692	9866	18247	7702	19467	4473	24282	4785	29091	5342	30266	4359	25109	4802	30375	5345	31083	4188
RNF146	1174	860	985	842	853	969	988	879	956	858	946	960	903	953	939	1013	1034	1121	823	1316	1090	951	963	1046	1013	1189	1021	1365	1549	1347	1472	1236	1683	1320	1561	1329	1426	1230	1382	1509	1489	1442	1953	1627	1749	1612	1818	1951	1647	1697	1902	1477	2028	1707	1821	1674	1855	2295	1778	2434	1825	2671	1835	2331	1809	2545	2162	2546	2140
STRC	29	25	17	11	23	13	24	29	16	25	25	18	11	12	23	22	19	16	24	35	19	27	40	18	25	22	20	42	29	48	28	36	38	32	24	26	17	36	30	36	23	33	21	17	22	23	26	23	22	26	13	30	31	16	21	25	42	34	33	29	38	45	48	21	37	53	50	54	41
DEPDC4	125	81	95	72	98	63	136	79	99	116	102	93	106	55	81	81	85	66	80	120	111	99	65	80	130	95	82	59	63	104	51	69	63	64	72	70	50	93	57	92	40	49	25	52	28	84	10	57	16	45	34	58	27	38	21	12	36	62	27	61	19	33	11	43	32	50	16	62	32
KNOP1P2	4	0	2	3	3	0	5	1	4	2	1	3	0	2	6	2	1	2	2	5	1	5	0	8	3	0	2	3	2	0	1	0	0	3	1	1	1	2	4	3	3	5	4	0	7	0	0	2	12	1	4	0	2	0	7	0	3	6	1	0	1	0	1	2	1	2	12	2	3
SYNJ2BP	1958	1408	1916	1435	1461	1664	1446	1389	1570	1600	1515	1645	1799	1593	1767	1593	1837	1731	1583	1981	1793	1673	1709	1881	1959	2288	2084	1475	1561	1582	1612	1615	1641	1674	1567	1705	1334	1644	1315	1987	1496	1792	971	1773	885	1704	1008	2100	1022	1937	1248	1649	1327	1586	1221	1837	991	2384	918	2495	1024	2601	970	2283	1002	2389	1158	2533	1145
CTRL	0	1	1	0	1	1	0	0	2	0	1	0	0	0	0	0	0	0	1	0	0	2	0	1	0	0	0	0	1	1	1	1	0	0	1	4	1	0	0	1	0	0	2	1	0	1	0	1	0	1	1	2	0	0	1	2	0	0	0	0	1	2	1	0	1	1	2	5	0
HIST1H4C	21	26	21	40	27	22	21	20	12	18	22	16	10	16	17	26	15	16	12	22	24	33	19	19	7	28	16	22	13	21	20	32	11	10	11	25	8	13	11	36	13	18	2	17	3	22	2	17	0	17	1	27	3	20	3	14	0	7	1	11	1	6	2	1	8	17	5	11	3
GUCY1B3	186	143	155	122	152	188	198	117	164	114	171	156	176	179	150	182	188	217	169	248	201	243	187	226	196	275	118	172	130	166	135	116	152	211	134	193	115	131	106	225	95	150	101	208	122	231	87	219	106	225	65	195	87	173	98	154	84	285	99	285	73	284	77	304	92	330	91	332	81
ATP1B3	4859	3752	4219	3947	3867	4189	4202	3639	4170	3881	4032	4057	3985	3654	3944	3932	3939	4080	3719	5106	4384	4041	3746	3973	4102	4423	3621	4058	3276	3688	3163	3546	3687	3806	3388	3555	2984	3480	2872	4301	3189	2958	3910	3172	4317	3113	2960	3662	2655	3575	2671	3016	2903	3434	2704	3058	2324	4066	2278	4377	2437	4462	2172	4289	2783	4402	2654	4823	2660
RP11-567J20.2	0	0	0	0	0	0	0	0	0	0	0	0	0	2	0	0	1	0	2	0	0	0	4	0	2	2	1	2	0	0	0	3	1	0	0	4	0	0	0	0	0	1	0	0	0	0	0	0	0	3	0	0	0	0	0	1	0	0	0	0	0	0	0	0	0	0	3	0	0
ANKRD1	4	3	3	1	0	1	11	7	1	6	0	4	0	0	1	4	0	5	0	9	1	0	0	2	3	5	0	0	1	5	1	0	1	1	0	5	0	3	1	0	1	0	1	1	2	0	0	1	0	1	0	4	2	1	0	5	1	2	1	2	0	7	0	2	1	6	0	6	1
N4BP1	1931	1612	1942	1546	1835	1562	1785	1480	1789	1614	1814	1466	1744	1689	1856	1832	1822	1720	1829	2027	1856	1729	1770	1738	2066	2113	1776	1707	1705	1564	1690	1671	1771	1869	1616	1658	1630	1676	1464	1879	1691	1644	1653	1750	1615	1797	1558	2338	1517	2109	1502	1725	1755	1412	1685	1692	1618	2018	1485	2437	1708	2447	1444	2342	1477	2391	1788	2542	1708
RP11-744A16.4	19	9	21	12	12	9	11	12	14	14	18	11	13	19	22	20	17	21	19	28	15	22	7	22	22	19	21	10	5	7	8	6	9	5	4	6	6	4	7	9	6	5	0	2	0	4	2	6	1	2	1	4	3	2	1	3	1	2	1	6	5	1	0	0	2	3	0	2	1
PRRX2	104	119	122	102	118	104	128	89	154	85	118	83	139	74	80	84	153	47	146	100	144	80	119	65	126	53	143	140	91	81	76	96	127	117	161	96	102	99	119	116	103	59	20	64	44	64	28	115	15	116	18	94	28	90	16	35	3	58	3	49	7	54	4	72	15	57	6	84	3
FBLN2	1611	1766	1633	1358	1643	1501	1776	1266	1745	1393	1778	1460	1557	1402	1405	1394	1520	1086	1618	1699	1423	1593	1444	1358	1595	1544	1154	881	473	794	464	791	521	1022	509	895	507	778	460	1072	474	200	88	233	62	240	65	321	41	314	80	236	188	241	83	114	29	113	35	135	66	133	58	118	60	163	75	145	56
GNPDA2	395	264	397	274	305	383	285	378	341	291	347	351	323	410	481	429	475	448	355	521	558	451	483	485	531	593	510	595	518	527	574	647	634	690	569	571	576	617	531	667	561	595	402	696	328	586	434	824	345	723	370	533	500	645	464	503	396	598	383	614	395	683	386	742	470	657	502	618	484
CTD-2089N3.2	2	6	0	1	2	0	6	3	1	1	3	1	0	26	24	24	21	26	27	29	29	25	20	27	25	15	18	87	46	63	28	49	29	57	56	52	35	50	24	53	37	44	62	64	52	51	55	90	57	92	45	56	45	53	60	72	91	85	59	90	90	94	71	86	61	82	90	103	120
TBX18	4	1	0	1	0	0	1	0	4	0	2	1	1	10	58	7	33	8	37	10	49	7	33	14	46	13	29	26	242	17	206	19	224	43	145	20	138	6	154	38	199	7	108	18	176	18	107	12	74	18	93	11	247	11	106	0	48	2	51	5	133	8	45	5	99	5	137	12	50
RP11-848P1.7	2	2	1	2	2	1	2	1	1	3	2	4	3	2	1	3	2	0	3	13	3	2	2	5	1	3	9	0	0	1	1	0	1	1	3	0	1	1	0	1	2	1	2	0	2	0	0	1	2	0	1	2	1	0	1	2	0	1	1	0	1	1	0	2	0	0	1	0	3
ZNHIT1P1	87	78	104	94	76	86	83	61	91	56	87	86	90	72	71	83	103	90	73	104	101	59	120	82	104	93	84	75	68	72	60	82	81	84	98	68	80	68	88	81	81	45	55	69	66	63	58	122	60	64	64	74	71	81	61	56	44	99	52	91	67	127	61	91	54	88	45	72	52
RP11-23J18.1	3	5	1	3	0	3	1	0	0	2	0	0	0	2	4	1	0	0	1	6	5	4	1	5	2	9	1	0	1	0	0	1	0	0	0	1	0	0	0	0	0	0	0	0	0	0	0	0	0	0	0	0	0	0	0	0	0	0	0	0	0	0	0	0	0	0	0	0	0
HSPA8P1	2665	2442	3249	2713	2465	2795	2356	1907	2414	2018	2311	2453	2845	2772	4158	2933	4793	3301	4392	3324	5235	2719	4310	2820	4637	3352	4744	2407	3182	2425	3266	2539	3696	2518	3426	2366	3233	2066	3166	2677	3199	1073	1504	1572	1620	1149	1502	1286	1455	1746	1579	1215	2395	1662	1894	476	1439	567	1370	551	1636	690	1341	546	1745	588	1762	585	1523
PMS2P5	25	14	24	17	8	17	14	20	13	14	24	14	23	17	24	24	20	24	14	24	10	18	15	12	17	30	16	17	22	28	29	33	16	20	22	22	19	19	16	28	26	24	18	31	26	21	18	21	17	33	17	40	23	23	26	24	30	63	24	50	18	50	25	40	24	35	26	41	32
RP11-362J17.1	1	0	1	2	2	0	1	0	0	0	0	1	2	1	1	0	0	1	2	1	0	0	1	0	0	0	1	0	1	1	1	0	0	0	0	0	1	0	1	0	3	0	0	4	0	0	1	0	0	0	2	0	0	0	0	2	2	3	2	0	2	1	0	2	4	0	3	2	5
WAS	15	24	16	26	22	11	23	4	15	17	22	15	13	39	19	20	16	7	22	23	19	28	21	27	23	46	29	18	39	27	49	30	39	35	40	20	26	8	32	55	42	54	30	41	31	53	39	52	38	53	59	49	55	54	51	47	34	77	51	67	46	88	42	49	59	67	73	118	53
NLRP2B	408	317	471	279	416	294	373	222	405	284	393	296	370	246	192	241	241	231	213	325	233	270	179	262	184	286	214	62	86	55	86	57	72	73	79	87	79	45	92	91	86	36	65	48	44	48	71	69	77	64	68	50	83	41	64	58	114	60	79	89	82	54	81	66	66	50	72	62	73
HS3ST6	5	2	11	2	3	2	2	4	7	3	5	6	8	10	48	13	38	7	49	18	45	11	29	7	46	13	30	165	112	95	98	111	142	122	128	116	115	132	89	134	129	103	52	106	80	143	25	187	47	178	38	143	48	140	40	74	16	61	12	98	16	100	12	86	21	126	25	107	18
RP11-315O6.1	4	2	4	2	5	3	1	7	4	1	6	4	0	9	3	10	12	6	6	5	7	6	8	13	16	6	2	7	6	9	6	12	2	7	9	8	1	6	9	8	5	5	0	10	0	6	0	9	8	11	5	3	1	5	2	0	0	3	0	7	3	2	1	1	0	2	0	2	0
GRIK3	240	340	240	332	242	252	233	206	278	310	264	277	283	221	160	239	167	198	133	283	161	244	144	212	181	272	165	113	183	107	179	126	134	97	179	137	141	103	149	166	208	227	985	248	1024	234	923	300	902	331	704	229	732	151	809	864	2748	983	2546	1184	2686	1070	2777	1045	1811	1071	2680	1193	3154
RP1-274L7.4	2	0	0	0	0	0	0	0	1	0	0	0	2	2	1	0	0	0	0	0	1	1	0	0	0	1	1	0	0	2	1	0	0	0	0	0	0	2	0	0	2	0	2	1	0	0	0	2	0	1	1	0	0	0	1	3	0	2	0	1	0	0	0	0	0	0	6	0	0
BAP1	3540	3693	4386	3590	3819	3286	3679	2759	3931	3006	3632	3049	3625	3488	3723	3476	4139	3599	4435	4314	4150	3510	3509	3192	4015	4095	3746	3985	4360	3690	4088	4003	4574	4196	4295	3711	3609	3783	3739	4198	4326	3724	4973	4636	5859	4772	4702	6094	4648	5310	4769	4410	5502	3981	4586	4411	4305	5323	4578	6646	4858	6434	4540	5286	4153	6258	4789	6184	4661
RNU6-485P	4	3	0	1	0	2	0	2	0	0	0	6	2	1	0	0	2	2	0	0	0	0	0	0	0	1	2	0	1	0	0	0	1	0	1	0	2	0	1	0	0	3	2	3	0	0	1	0	0	1	0	0	1	1	1	4	2	1	2	1	1	0	0	1	0	1	2	1	0
PPP1R14BP5	0	0	0	0	0	2	2	0	0	0	1	1	0	0	3	2	0	0	0	3	0	0	0	0	0	0	1	0	1	0	2	0	1	0	3	1	0	0	0	1	0	0	3	1	1	0	0	3	0	1	0	2	0	1	0	0	1	0	2	0	2	0	0	0	0	0	1	0	2
AC005519.4	63	48	71	61	40	60	63	48	68	53	53	49	57	52	53	99	76	84	71	72	56	71	50	73	89	92	66	87	92	78	70	65	92	84	87	88	61	69	104	89	58	89	75	85	56	76	70	108	109	58	80	92	83	66	87	72	106	99	99	129	99	135	120	104	84	135	79	88	110
LRRC8D	1665	1476	1743	1697	1629	1811	1536	1444	1619	1634	1459	1696	1650	1400	1270	1542	1288	1624	1198	1767	1386	1446	1098	1549	1164	1824	1269	1332	1409	1335	1337	1412	1482	1455	1415	1383	1276	1155	1159	1587	1420	1487	1779	1703	1838	1823	1551	2011	1489	1915	1671	1611	1592	1562	1701	1826	1485	2344	1549	2852	1468	2962	1496	2555	1523	2654	1815	2601	1695
AP000439.1	0	0	3	0	0	4	0	0	0	2	0	0	0	0	0	0	0	0	4	0	1	2	2	0	8	0	0	0	2	0	0	0	0	3	0	0	0	0	0	0	2	0	0	0	0	0	0	0	0	1	0	0	0	0	0	0	0	0	0	0	0	0	0	0	0	0	0	0	0
RP11-864I4.3	0	0	0	0	0	0	0	0	0	0	0	0	0	1	2	0	0	0	2	0	0	0	0	0	0	0	0	0	0	0	0	0	0	0	0	0	0	0	1	0	0	0	0	0	0	1	0	0	0	0	0	0	0	0	0	0	0	0	0	0	1	0	0	0	0	0	0	0	1
RP11-59N23.3	0	0	0	0	0	0	0	0	0	2	0	0	0	0	0	1	0	1	0	0	0	0	0	0	4	0	0	0	0	0	0	0	2	0	0	0	0	0	0	0	0	0	0	0	0	0	0	0	0	0	0	0	0	0	0	0	0	0	0	0	0	0	0	0	0	0	0	0	0
MXRA7	952	955	924	884	906	856	873	786	912	901	846	878	843	771	885	724	950	790	908	975	1058	835	883	677	1059	850	954	1233	2073	1151	1877	1153	2273	1389	2123	1217	1786	1219	1707	1504	2059	1641	3634	2026	3885	1911	3365	2294	2797	2346	3184	1675	2756	1966	3022	2795	4682	3502	4708	4031	4413	4172	4585	3573	4545	4049	4967	3597	5041
ZMYND12	14	11	10	5	8	9	11	8	13	6	9	8	10	22	16	6	10	4	10	17	12	8	8	10	10	14	8	13	6	18	2	13	2	18	16	9	16	16	9	22	10	4	0	8	5	13	0	9	7	14	6	5	8	12	1	0	13	8	13	10	17	11	6	9	14	10	12	9	1
RP11-216N21.1	0	0	0	0	0	0	0	0	0	0	0	0	0	0	0	0	0	0	4	0	0	0	0	0	0	0	0	0	0	0	0	0	0	0	0	0	1	0	0	0	0	0	0	0	0	0	0	0	0	0	0	1	0	0	0	0	0	0	0	0	0	0	0	0	0	0	0	0	0
RP11-1396O13.1	0	0	1	0	0	0	0	0	1	2	1	0	1	0	0	0	1	2	0	3	2	2	0	1	1	4	1	1	0	1	1	1	0	0	2	0	2	1	0	2	0	0	0	0	0	0	0	0	0	0	0	0	1	2	1	0	1	4	0	3	1	1	1	0	0	0	0	2	1
MIR215	0	0	1	2	1	1	1	0	1	1	3	0	0	0	0	1	1	3	1	0	1	0	1	1	0	1	1	0	0	1	0	1	0	0	0	1	1	1	0	2	2	1	0	0	4	2	0	0	0	3	0	0	0	2	0	0	0	3	1	1	1	0	0	0	0	1	3	0	0
VPS37A	983	743	887	738	764	787	871	769	911	759	879	849	828	803	903	759	909	872	781	1125	1033	834	913	885	932	919	865	1082	1050	1052	1025	1028	1239	1250	1140	1081	1061	960	935	1210	1168	1192	1236	1345	1317	1383	1082	1740	1074	1651	1175	1330	1143	1464	1100	1205	1050	1472	979	1739	975	1839	983	1733	1121	1473	1215	1838	1134
RP3-395M20.3	1	0	0	0	0	0	0	0	0	0	0	0	0	2	2	1	2	2	2	1	5	2	2	0	2	1	2	18	18	19	16	19	14	13	10	15	14	26	20	17	10	35	10	24	10	22	5	31	10	21	9	29	18	15	9	20	3	21	4	41	4	34	8	40	5	30	7	32	7
RP5-1148A21.3	21	19	29	18	20	18	21	12	17	13	19	23	24	12	15	33	10	20	11	29	9	12	20	16	9	17	2	10	5	6	1	6	11	8	7	11	3	5	1	15	4	4	2	7	5	7	6	18	17	10	14	7	8	21	8	1	7	14	6	3	9	14	4	2	4	4	6	1	7
RP11-112N23.1	0	0	0	0	0	0	0	1	0	0	1	1	1	0	0	1	1	0	1	1	2	1	1	2	2	0	3	0	1	4	0	0	0	2	0	2	1	1	2	2	1	0	0	2	1	0	1	0	0	0	0	2	1	1	0	1	0	0	0	0	0	0	0	0	1	0	0	1	0
GLB1L2	704	870	820	721	752	689	649	630	725	696	814	675	719	409	245	410	292	476	349	542	272	436	264	406	287	455	310	242	360	242	294	238	280	298	319	234	281	205	253	219	327	325	545	350	792	310	481	467	526	477	594	335	484	222	547	442	649	535	662	678	568	654	593	485	451	548	684	634	678
COIL	1036	698	978	716	887	853	968	740	911	755	844	850	851	813	890	924	900	951	814	1021	909	902	871	977	914	1087	860	773	652	722	755	801	695	862	745	787	657	768	651	889	645	645	392	654	307	597	440	759	342	804	467	566	599	733	500	416	490	460	456	636	542	629	453	560	570	586	640	595	553
RP11-806H10.4	26	67	33	59	49	38	46	41	39	44	54	45	38	45	33	51	39	50	44	52	38	70	32	54	32	61	30	5	14	7	11	7	2	5	9	5	8	3	8	6	6	2	4	3	14	5	2	6	0	2	0	1	3	0	4	2	13	6	4	8	4	11	2	4	3	1	3	4	2
SEC13	3146	3248	3460	3010	2907	2877	3028	2551	3076	2696	2949	2918	2812	3475	3518	3526	3726	3476	3881	4395	3979	3554	3392	3591	3893	4073	3343	3700	3189	3410	2946	3405	3230	3525	3191	3076	2800	3456	2553	3717	2899	3039	2491	3597	2846	3383	2394	4316	2456	4171	2669	3550	3150	3662	2463	2963	1880	3540	2054	4340	2318	4332	1973	3596	2165	4392	2140	4057	2125
RNU6ATAC24P	0	2	4	3	4	0	0	1	5	2	2	2	2	0	0	0	0	5	2	4	0	1	1	3	3	0	3	0	0	1	1	1	1	1	3	0	1	2	1	2	2	3	0	0	4	3	2	1	2	4	1	1	0	1	1	1	7	2	5	5	3	3	1	1	3	7	11	4	1
ZNF215	747	479	763	565	631	645	537	462	627	552	630	598	683	1067	802	1148	797	1160	719	1533	806	1271	869	1270	868	1374	878	468	363	553	378	539	386	497	320	533	348	473	309	651	365	290	226	274	235	303	233	244	248	300	264	259	271	238	253	84	235	126	171	123	201	110	186	140	239	103	263	115	272
RP11-231G3.1	5	3	6	5	4	4	2	5	2	13	3	5	5	6	6	12	3	3	5	7	7	14	2	10	6	15	18	9	8	10	6	8	10	7	12	10	9	4	4	16	7	0	5	4	5	5	5	24	6	18	9	1	4	13	4	7	4	9	8	10	2	14	8	9	7	16	9	13	3
MGC16275	16	28	15	11	13	9	12	9	14	16	16	6	16	21	20	21	26	17	24	20	40	24	26	20	27	16	26	24	59	30	39	45	50	38	41	40	47	56	40	30	50	57	18	80	17	61	36	99	21	88	26	86	72	60	52	54	34	134	46	108	66	130	28	136	49	140	64	143	45
NALCN-AS1	2	0	1	0	1	1	0	2	0	0	2	0	0	5	1	0	2	0	2	1	0	0	1	1	3	3	0	0	0	0	0	0	0	0	1	0	1	0	2	0	1	2	1	1	0	2	0	0	0	1	0	2	2	2	0	2	1	2	2	1	0	0	3	0	0	0	0	4	2
MIR6786	1	2	3	3	1	2	2	2	4	2	3	2	2	1	2	2	3	2	2	2	3	3	3	2	2	3	2	3	3	3	3	4	5	2	3	4	4	2	3	6	3	5	4	3	4	5	4	5	4	5	4	6	5	3	4	4	5	7	4	8	5	7	2	7	3	8	4	7	5
SERTAD4-AS1	6	37	7	13	9	9	24	16	16	28	13	12	8	26	18	54	26	15	32	69	43	41	17	28	32	29	21	11	3	1	5	4	3	7	1	1	11	5	11	3	8	9	2	0	1	2	6	3	3	4	0	5	1	2	4	0	2	1	2	1	1	2	5	3	1	0	1	1	1
RP11-354P11.3	1	0	2	0	0	0	1	0	1	0	2	0	0	0	0	3	2	0	0	1	2	1	2	0	0	0	2	2	0	0	1	3	0	0	0	0	0	0	2	0	0	0	0	0	2	0	0	0	0	0	0	0	0	0	0	1	0	0	1	3	2	0	0	0	0	0	0	1	0
FAM103A1	434	309	351	325	346	351	344	305	335	319	347	372	333	403	396	452	374	492	371	510	439	460	406	453	397	545	459	413	407	397	355	429	433	449	379	403	360	399	329	471	417	391	381	480	373	402	349	524	262	536	389	376	379	550	405	388	368	545	341	565	353	644	306	541	421	598	466	545	399
IGSF9B	637	1005	917	818	769	645	712	526	874	825	1046	661	1017	910	1301	868	1551	808	1558	1016	1231	795	1326	995	1614	1195	1471	1240	2173	1172	1843	1417	1564	1469	1734	1170	1688	1595	1845	1624	2069	2399	2283	2387	2613	2178	1944	3138	2541	3079	2329	2855	2659	1003	2509	3026	2355	3406	2222	4346	2276	3725	1885	3320	1078	3775	2459	4934	1968
DAZL	142	103	162	133	96	108	84	112	129	193	107	125	134	308	210	231	183	306	209	418	229	395	240	375	257	337	203	36	14	73	15	60	12	73	23	58	19	29	9	65	34	23	5	17	13	25	18	23	8	32	3	29	10	24	9	6	5	8	14	22	2	13	7	10	13	6	10	17	1
PARP12	217	177	202	187	185	232	172	129	207	185	182	178	145	127	56	103	89	57	63	116	106	127	80	105	92	120	85	34	22	43	26	27	27	31	23	35	23	30	27	41	22	11	4	24	12	18	6	16	6	21	14	17	10	4	4	3	4	5	12	3	12	25	11	14	4	12	10	7	5
RP11-354M20.3	10	9	7	3	4	5	6	5	6	8	10	8	2	4	8	6	9	4	7	9	7	7	5	8	16	10	9	12	8	10	15	6	8	8	8	12	7	10	10	5	9	15	7	4	18	10	5	6	4	14	4	14	14	2	10	12	13	13	5	21	12	10	12	7	7	8	15	23	4
PEX2	1036	806	1045	764	902	909	959	834	912	878	870	972	870	1031	1109	1018	1186	1071	1023	1309	1291	1106	1116	998	1214	1337	1154	1718	1083	1236	1086	1567	1094	1666	1123	1407	1029	1533	1070	1719	1045	1501	524	1539	642	1442	555	2040	376	1911	610	1566	711	1824	592	1019	378	1236	339	1575	409	1615	321	1570	478	1600	495	1794	381
AC000068.10	2	6	5	4	9	4	4	4	4	4	8	3	5	4	4	2	4	5	6	2	13	5	4	2	7	8	4	10	13	14	10	4	9	4	8	7	3	5	6	2	10	11	5	15	8	12	4	12	8	10	10	5	5	14	6	2	13	14	12	21	7	10	5	8	8	6	14	10	7
LINC00950	147	155	116	119	109	116	102	166	136	168	134	139	81	87	157	100	150	105	129	172	105	189	165	182	165	158	124	166	133	159	132	145	132	150	128	155	81	173	112	190	120	133	130	146	155	121	126	173	115	166	118	181	142	143	169	208	340	293	332	309	285	299	343	258	307	310	375	365	385
RNA5S11	0	0	0	0	0	1	0	1	0	0	1	0	0	0	0	1	1	0	0	1	1	0	0	1	0	0	0	1	0	0	0	0	1	1	0	0	0	0	0	1	0	0	0	0	0	0	0	1	0	1	1	1	0	1	0	0	0	0	0	0	0	1	0	1	0	0	0	1	0
PHYHIP	356	496	443	393	385	366	381	334	391	341	396	336	349	1802	2608	1904	3479	1599	3559	2224	3478	1938	2765	1658	3248	2097	2961	4592	5057	3579	4838	3807	5447	4418	5479	3536	4517	3594	4411	4207	4820	6036	4632	7362	6034	7901	4329	10356	4261	9564	4558	7525	4962	6963	4250	7330	1912	8458	2044	11084	2420	10666	1889	9640	2061	12274	2361	10769	1924
RNU6-1128P	0	0	0	1	0	1	0	1	1	1	3	2	0	0	0	0	0	1	0	0	0	0	0	0	0	0	2	0	1	0	0	0	2	0	1	0	0	0	0	0	0	0	0	1	0	0	0	0	0	0	1	0	1	0	0	2	0	0	0	0	1	0	2	4	1	0	0	1	1
RP11-44K6.2	28	22	26	18	26	34	16	39	12	34	18	41	24	0	3	1	0	1	0	1	0	1	2	2	1	1	0	0	0	0	0	0	0	0	1	0	0	0	0	0	0	0	0	0	0	0	0	0	0	0	0	0	0	0	0	0	0	0	0	0	0	0	0	0	0	0	0	0	0
RP11-961A15.3	0	0	0	0	0	0	0	0	1	0	1	0	0	0	0	0	0	0	1	0	0	0	0	0	0	0	0	0	0	0	0	0	0	0	0	0	0	0	0	2	0	1	0	1	0	0	0	0	0	0	0	2	0	0	0	0	0	0	0	1	2	0	0	0	0	0	0	0	0
CTD-2353F22.2	52	58	34	32	57	51	40	51	39	65	65	56	63	23	13	41	23	21	8	30	5	25	17	24	18	18	21	3	2	4	0	4	0	7	2	1	0	4	1	1	2	2	3	0	2	0	4	1	7	0	3	0	2	0	4	4	2	0	3	1	2	5	4	4	0	0	0	0	3
RNU6-647P	1	0	0	0	0	0	0	1	0	0	0	0	0	0	1	1	1	0	2	0	0	0	0	4	0	1	0	1	0	0	0	0	1	0	0	0	0	0	0	0	1	0	0	0	0	0	0	1	0	0	0	1	0	0	0	1	0	0	0	1	0	0	0	0	0	0	0	0	0
PXN-AS1	127	157	191	131	148	135	137	118	178	133	157	138	179	120	117	108	138	111	120	134	139	104	135	114	145	143	115	114	46	72	71	81	70	86	87	87	76	72	77	116	53	53	27	92	23	71	41	80	87	135	61	56	62	64	51	46	72	71	65	79	76	110	64	97	52	97	68	133	55
AC019181.2	0	0	0	0	0	0	0	0	0	0	0	0	0	3	0	0	0	0	0	0	4	1	0	0	0	0	0	0	1	0	0	2	0	0	0	0	0	1	0	0	2	0	0	1	0	0	0	0	0	0	0	1	1	0	0	3	0	0	0	0	0	0	0	0	0	1	0	0	0
RP11-18B16.2	0	4	2	2	3	0	0	2	1	1	1	2	0	8	3	11	5	3	3	9	7	16	10	9	7	7	5	0	0	2	0	1	2	0	0	0	0	0	0	0	0	0	0	0	0	1	0	0	0	0	0	0	1	0	0	0	0	3	0	0	0	0	0	0	0	0	0	0	0
AC083900.1	0	0	0	4	1	1	0	0	0	0	0	2	0	0	0	0	0	1	1	0	0	0	3	0	3	0	0	0	0	0	0	0	0	0	0	4	0	0	3	0	0	0	0	2	0	1	0	0	0	0	0	0	0	0	0	0	0	0	0	0	1	0	0	0	1	0	0	1	0
RP5-896L10.1	0	0	0	4	0	1	0	0	0	1	0	2	0	2	0	0	0	0	0	0	1	0	0	0	0	0	0	0	0	0	0	0	0	0	0	0	0	0	1	0	2	0	2	0	0	0	0	0	0	0	0	0	0	0	0	0	0	0	1	0	0	0	0	0	0	0	0	0	0
MMP8	0	0	0	0	0	0	0	0	0	0	0	0	0	0	0	4	3	0	3	6	9	2	2	0	0	5	0	0	0	0	0	0	0	0	0	1	0	0	0	0	0	0	0	0	0	2	0	2	0	0	0	0	0	0	0	0	0	0	1	0	0	0	0	0	0	0	0	0	0
TOM1L1	1635	1487	1558	1295	1258	1636	1429	1425	1285	1579	1445	1643	1363	1084	644	1078	708	1187	670	1389	791	1152	737	1174	636	1285	648	636	456	669	455	641	387	771	509	668	378	751	366	852	445	323	131	309	119	347	229	454	197	376	186	381	258	385	194	131	165	156	184	184	180	176	159	154	186	143	198	205	160
RP11-433P17.1	3	5	7	4	3	5	4	5	6	5	6	4	6	4	4	5	6	5	3	8	4	5	4	6	7	10	5	2	3	2	4	3	4	7	5	2	3	5	3	2	5	4	4	4	6	4	4	7	2	4	4	5	4	3	6	4	2	4	2	6	3	6	1	7	3	5	3	5	4
TRABD2A	298	287	290	332	248	301	273	274	319	308	365	261	293	244	200	246	160	252	154	373	230	256	170	240	163	285	178	15	20	44	24	19	39	36	24	26	15	31	20	42	30	19	20	14	38	14	24	10	17	12	13	10	19	14	21	5	8	15	15	2	17	22	26	0	27	5	17	3	20
RP11-707G14.1	1	0	0	1	1	0	0	0	0	0	0	0	0	1	0	0	0	0	0	0	0	1	0	0	0	0	0	0	0	0	0	0	0	0	0	0	0	0	0	0	0	0	1	0	1	0	0	0	1	1	1	0	1	1	1	0	1	1	1	2	1	1	0	1	0	1	1	0	1
RP11-402P6.13	0	0	2	0	1	6	0	0	0	0	1	0	0	0	0	0	0	0	0	0	0	0	0	0	0	1	0	0	0	0	0	0	0	0	0	0	0	0	0	0	1	0	0	0	0	0	0	0	0	0	0	0	0	0	0	0	0	0	0	0	0	0	0	0	0	0	1	0	1
CTD-2195B23.3	2	2	7	0	8	0	3	0	0	0	3	6	0	2	1	0	1	2	0	0	2	3	2	2	2	1	0	0	0	0	3	1	0	3	0	0	2	2	0	0	0	0	0	0	0	0	0	0	0	0	0	4	0	0	0	0	0	0	0	0	0	2	0	0	0	0	0	0	0
HMGA1P5	2	1	2	1	0	3	0	0	5	0	2	1	1	0	0	0	0	0	6	0	1	0	1	0	0	2	3	2	0	0	0	0	0	1	0	1	2	0	0	1	0	0	0	0	0	1	0	0	0	0	0	0	0	2	4	0	0	0	0	0	0	0	0	0	0	0	0	0	1
RP11-10C24.2	7	2	5	1	3	5	4	4	1	7	4	8	7	7	5	2	0	9	0	7	1	4	0	1	7	0	15	1	7	5	1	5	2	2	1	1	1	2	3	3	4	1	8	2	5	0	4	2	2	0	7	0	7	1	7	0	4	7	3	0	6	3	5	2	12	5	12	2	3
DHX35	1254	1108	1399	1133	1192	1026	1152	905	1244	1018	1147	1036	1183	867	916	925	784	899	863	1149	794	819	807	932	855	1041	748	938	905	833	817	917	855	989	870	865	745	979	745	1035	801	811	432	927	418	872	423	1160	534	1120	539	914	721	847	543	701	489	920	542	946	583	983	501	878	550	848	576	970	548
RPS3P7	2	1	2	2	4	0	1	0	1	3	1	2	0	0	3	2	3	0	1	2	1	1	0	0	0	1	2	4	1	3	1	1	1	3	0	1	1	1	0	1	1	1	0	0	1	3	0	0	3	1	2	1	0	0	1	0	0	0	0	0	1	0	0	1	1	1	1	1	0
LL22NC03-86G7.1	142	168	195	153	153	167	143	155	176	134	175	126	180	220	194	235	263	229	244	318	203	226	180	229	310	269	258	336	449	259	325	258	363	317	455	264	294	257	291	314	311	491	549	449	478	398	456	490	518	441	465	398	603	271	554	526	639	625	657	650	668	741	559	604	592	671	755	772	632
MGARP	55	33	27	42	32	41	45	37	35	41	21	52	29	71	13	71	23	72	37	100	27	97	26	74	29	77	42	16	5	11	7	10	13	10	5	10	4	6	0	7	5	6	10	4	8	4	5	2	1	3	4	5	1	3	6	8	11	13	15	3	6	5	11	7	10	3	7	7	15
PEA15	3459	3555	4077	3736	3535	3287	3395	2663	3550	3157	3613	3292	3780	1934	1749	2054	1632	2225	1736	2596	1686	1962	1461	2024	1711	2549	1549	1529	1346	1505	1424	1445	1557	1572	1618	1463	1310	1372	1192	1589	1436	1355	1371	1689	1398	1656	1277	2065	1201	1931	1440	1707	1550	1659	1272	1760	1405	2093	1468	2559	1465	2482	1410	2185	1511	2657	1594	2599	1641
RP11-857B24.1	0	0	0	0	0	0	1	0	0	0	0	0	0	0	0	0	0	1	0	0	1	0	0	0	0	0	0	0	0	0	0	0	0	0	0	0	0	0	3	0	0	0	0	0	0	0	0	0	0	0	0	0	0	0	0	0	0	0	0	0	0	0	0	0	0	0	0	0	0
SLC16A12	127	90	98	87	82	92	106	105	79	97	121	66	80	11	10	9	7	11	1	4	4	15	8	15	11	12	2	6	6	2	0	0	2	4	1	1	5	0	0	0	1	0	1	1	1	3	0	0	0	0	0	0	0	6	4	0	0	0	0	0	0	1	0	4	0	0	0	1	0
PATJ	3576	3024	3415	2886	2778	3039	2839	2645	3057	3120	3201	2926	3001	2479	1686	2355	1590	2204	1390	3048	1466	2638	1539	2660	1737	2934	1380	483	293	499	279	440	256	512	239	513	232	493	263	663	254	104	130	144	63	132	88	121	107	135	134	113	68	124	94	71	129	87	145	123	142	152	126	125	135	108	182	125	164
KCNH2	350	495	458	480	536	499	492	437	502	439	455	496	508	502	686	536	989	487	995	683	1055	617	825	489	890	594	946	1467	1793	1342	1511	1435	1933	1741	1936	1370	1681	1394	1544	1439	1816	1699	2889	2127	3862	2294	2393	2928	2850	2773	2771	2209	2353	1908	2529	2874	2867	2975	2877	3852	2695	4263	2710	3615	2440	4224	2711	3857	3088
TXNP6	1873	1309	1586	1339	1480	1494	1548	1240	1460	1366	1498	1494	1490	1342	1404	1383	1535	1331	1290	1628	1622	1376	1320	1457	1433	1573	1402	1195	955	1027	1037	1017	1110	1180	1075	1192	936	1021	959	1309	893	739	604	911	676	714	660	959	663	1021	673	794	759	1117	761	722	722	879	780	952	721	1055	715	975	859	1099	842	1096	808
RP11-441F2.4	0	5	0	0	0	1	0	3	0	0	1	0	1	2	1	0	0	1	2	0	5	2	0	1	0	0	0	0	5	0	0	1	1	0	0	1	2	2	3	2	0	5	13	0	26	4	5	0	7	4	7	2	7	1	9	4	8	3	7	2	9	2	3	0	3	3	12	8	15
RP11-587D21.4	0	0	2	0	0	0	0	0	0	0	0	0	0	0	0	0	0	0	0	0	0	2	0	0	0	0	0	0	0	0	0	0	0	0	0	1	0	1	0	0	0	0	1	0	0	0	0	1	0	0	0	0	0	0	0	1	0	0	0	0	0	0	0	0	0	0	0	0	1
RPS26P3	811	675	902	674	743	619	704	565	735	553	705	648	715	655	579	649	642	673	677	811	664	632	525	606	561	756	526	443	435	405	430	392	459	433	417	377	384	371	323	452	414	299	296	404	345	359	317	474	293	462	377	342	393	451	322	310	249	359	260	442	284	414	245	365	323	479	304	408	288
RP11-417N10.4	0	1	0	0	0	0	0	0	0	0	0	0	0	0	0	0	0	0	0	0	0	0	0	0	0	0	0	0	0	0	0	0	0	0	0	0	0	0	0	0	1	0	0	0	1	0	1	1	0	1	1	0	1	0	0	0	1	1	1	1	1	1	0	0	1	0	1	1	1
RP11-582E3.4	12	11	9	5	11	9	7	8	13	21	9	12	12	41	35	17	29	35	28	40	33	31	41	27	43	36	36	19	19	23	26	24	18	24	22	19	16	33	12	29	14	35	10	27	17	20	12	26	2	24	19	22	19	5	18	23	10	39	10	29	10	31	8	31	16	25	11	38	22
LENG1	11	9	11	11	10	9	10	8	11	11	12	9	12	9	9	9	12	11	13	14	14	9	12	7	11	13	9	15	10	12	11	11	10	12	9	11	7	13	12	12	9	9	6	12	5	10	7	14	10	15	11	12	11	14	9	7	7	9	9	10	11	13	8	9	9	15	11	12	8
RP11-403B2.10	157	134	155	139	138	159	140	130	141	148	142	143	141	78	68	104	71	83	67	108	77	88	58	96	79	135	59	36	29	36	33	35	32	37	30	40	20	32	31	42	31	25	35	25	45	29	43	15	31	27	35	27	28	17	37	35	53	41	40	44	41	56	50	39	34	39	51	44	53
SDC3	1715	2312	2106	1927	2066	1787	1990	1599	2178	1837	1991	1799	1818	1356	1197	1290	1370	1242	1433	1794	1353	1390	1117	1236	1319	1528	1133	1294	1210	1179	1229	1380	1338	1414	1342	1315	1154	1268	944	1398	1253	1004	1617	1298	1976	1361	1656	1473	1620	1535	1703	1246	1771	1066	1782	1487	2741	1752	2715	2177	2603	2199	2556	1874	2250	2239	2739	2214	2948
HACD2	1339	1136	1444	1372	1190	1356	1153	1246	1232	1361	1313	1431	1287	1669	1277	1739	1298	1623	1115	2083	1441	1855	1347	1854	1472	2090	1335	1303	956	1413	860	1307	1092	1566	966	1468	940	1382	871	1662	887	789	326	811	357	846	370	1077	339	1007	392	846	493	873	410	466	418	512	370	650	392	674	390	679	396	667	485	731	393
PTPN3	338	302	249	277	287	281	285	196	272	212	303	255	330	466	534	458	507	392	484	714	582	729	505	630	536	623	442	491	350	450	313	412	413	477	375	499	338	445	366	496	365	573	186	734	170	759	167	802	98	838	180	799	201	669	202	404	184	603	191	650	141	690	180	578	137	653	147	627	244
RP11-1280N14.3	39	30	50	26	25	32	29	40	42	40	40	46	36	62	81	76	78	75	69	78	64	81	74	86	90	88	94	84	81	95	98	83	82	84	88	80	64	92	88	104	72	115	112	117	112	92	99	116	97	115	110	98	111	82	114	88	135	135	131	145	144	162	138	133	150	151	162	183	138
SYNE3	7	19	16	5	20	12	16	9	14	3	14	6	11	180	258	151	366	141	323	197	373	183	330	151	409	205	323	960	1151	757	1164	960	1042	833	1002	763	1028	1006	915	969	993	863	600	970	671	959	551	1351	580	1291	619	1005	971	709	661	406	591	602	769	627	706	670	683	546	555	573	868	774	705
CTD-3239E11.2	0	0	1	0	0	0	0	0	0	0	0	0	0	1	3	2	1	2	0	0	0	4	0	1	0	0	1	0	0	0	0	0	3	1	0	0	0	0	0	0	0	2	0	1	0	1	1	4	1	0	1	0	1	0	0	2	0	2	0	0	0	4	0	1	0	1	0	0	0
ZNF790-AS1	47	94	42	80	25	108	48	54	38	77	32	77	24	59	17	70	26	63	20	77	21	59	24	75	42	88	11	26	20	14	22	27	11	43	14	46	13	25	14	36	10	35	29	30	29	41	33	53	26	31	23	46	20	34	18	52	40	64	42	43	42	116	33	64	17	76	28	67	42
RPL23AP43	10	3	10	9	15	3	7	7	8	10	13	5	5	7	8	11	6	6	2	16	4	6	2	12	6	1	6	4	4	3	4	1	14	11	7	2	4	3	3	3	2	2	6	6	21	6	5	3	16	6	7	7	9	4	5	3	6	4	10	2	10	8	3	5	11	10	10	4	4
SAMSN1	14	13	5	11	4	12	12	20	20	17	4	26	16	0	0	0	0	2	0	0	0	0	0	1	0	0	0	0	2	0	0	2	1	2	2	1	5	0	0	0	7	4	108	4	110	7	87	5	78	5	84	2	39	3	72	19	148	32	144	44	83	44	134	40	112	34	137	25	186
CTB-3M24.3	0	0	0	0	0	0	0	0	0	0	0	0	0	0	0	0	0	0	0	0	0	0	0	0	8	0	0	4	0	1	0	0	0	0	0	0	0	0	2	0	0	5	2	0	3	0	3	0	1	0	1	0	4	0	7	2	1	2	2	3	3	1	4	4	2	0	4	0	3
ANKRD28	3941	3351	4278	3427	3521	3269	3371	2800	3887	3111	3759	3425	3755	2671	3002	3027	3241	3103	2693	3427	3204	3013	2751	3017	3516	3797	3139	1930	2003	2186	2029	2028	2006	2071	2014	1941	1718	2085	1717	2428	1968	2242	2730	2337	2256	2382	2180	2510	1875	2511	2091	2293	2238	1791	2100	2525	2712	3239	2614	3398	2674	4006	2655	3126	2565	3004	3252	3417	2814
RP11-65L3.2	9	5	5	4	1	6	2	4	3	4	1	7	6	4	2	4	7	3	9	7	3	6	5	15	3	3	1	3	7	0	7	3	6	5	9	5	5	9	9	4	1	11	7	6	6	8	19	18	20	5	11	25	8	18	16	14	20	21	15	22	13	16	11	21	18	30	19	33	31
EEF1A1P3	11	2	4	11	3	6	4	9	7	5	6	8	13	4	4	13	4	2	8	5	4	4	13	2	5	3	6	5	3	6	4	2	2	5	5	5	2	3	1	6	5	1	4	1	1	6	1	5	6	5	9	1	2	1	4	5	2	5	5	6	5	2	1	11	4	5	10	4	2
PRAMEF35P	0	0	0	0	0	0	0	0	0	0	0	0	0	0	0	0	0	0	0	0	1	0	0	0	0	0	0	0	1	0	0	0	0	0	0	0	0	0	0	0	0	0	0	0	0	0	0	0	0	0	0	0	2	0	0	0	0	0	0	0	0	0	0	0	0	0	0	0	0
SLC25A6	8305	8980	9084	8108	8658	7801	8564	7002	8886	7704	8179	7923	7801	7868	10396	8197	11838	7522	12588	10310	12471	8612	9984	7604	11151	9288	9740	12078	11294	9486	10494	10244	12238	11690	11957	9799	10584	10213	9852	11373	11006	8556	6800	10892	8771	11182	6817	14686	7220	14458	7692	11399	8358	11816	7046	9204	4848	10998	5346	13870	6284	13544	5068	12106	5648	15404	6112	14289	5214
AP006222.2	22	8	11	13	11	10	14	30	17	17	26	14	12	26	25	17	23	25	15	20	20	23	20	16	25	23	19	23	29	19	16	26	20	18	21	16	16	25	16	19	15	23	27	23	23	30	22	43	22	26	20	36	23	26	32	26	34	34	36	39	39	51	42	33	53	40	45	44	40
DUSP4	136	275	227	344	172	346	129	282	164	356	151	324	175	629	783	551	771	558	780	763	870	696	759	558	884	754	869	3172	2508	2836	2427	3163	2368	3527	2571	3213	2322	2842	2190	3338	2615	5960	2449	6897	2572	7256	3082	8862	3285	8336	3422	6899	4324	6844	3995	8479	4193	11161	4285	12840	4995	13103	4112	11752	4912	14023	5434	13966	4622
KRT80	1	6	2	6	8	6	5	1	4	1	5	1	6	10	7	3	5	16	2	30	0	5	6	4	12	18	7	0	2	0	0	0	4	5	0	0	0	0	1	1	3	0	0	0	0	0	0	1	0	0	0	0	1	3	0	0	0	0	1	0	8	2	0	2	0	0	0	0	1
TMED7	3067	2008	2380	2245	2354	2784	2477	2337	2296	2449	2336	2708	2470	2443	2443	2431	2350	2721	1820	3268	2848	2919	2565	2792	2580	3279	2539	2223	2013	2175	1988	2296	2182	2552	2108	2584	1910	2266	1922	2909	2175	1969	1672	2366	1597	2027	1498	2776	1459	2464	1667	1929	1750	2433	1592	1634	1435	2384	1330	2679	1428	2778	1255	2647	1784	2492	1788	2563	1618
LSM3	1675	1110	1646	1335	1481	1510	1465	1220	1461	1242	1405	1498	1390	1358	1292	1456	1358	1582	1332	1896	1812	1512	1493	1522	1553	1770	1487	1295	942	1107	993	1188	1083	1299	1081	1254	927	1089	831	1302	954	743	501	922	593	786	513	908	525	1032	695	849	713	1169	671	525	453	645	395	796	479	754	422	595	565	693	588	726	510
DMRT1	1	0	3	3	0	2	1	2	1	2	2	0	4	0	0	1	4	2	1	2	0	3	1	0	0	0	0	0	0	0	0	0	1	0	0	0	1	0	1	0	1	2	0	0	0	0	0	1	0	0	5	0	0	0	1	1	3	2	3	2	3	0	4	1	1	0	0	2	9
SPDYE8P	9	12	12	8	7	10	6	8	11	11	12	10	12	10	8	11	11	9	8	13	8	12	12	10	15	12	19	12	23	13	21	15	19	15	18	16	15	24	15	16	15	28	21	28	20	26	18	33	29	30	30	29	30	18	23	30	26	53	27	47	25	40	29	42	25	42	31	54	31
RP1-293L8.2	50	45	57	51	37	33	47	32	50	40	49	50	32	40	26	52	31	51	43	66	41	47	28	51	24	53	31	2	2	5	0	4	7	6	0	2	6	0	2	2	2	0	3	0	0	3	4	0	2	2	3	0	2	0	4	5	2	1	7	2	0	0	6	0	3	0	1	3	3
COL5A2	2786	3013	3119	3054	2844	2956	3048	2388	3011	2753	3054	2620	2797	5691	9080	5914	6765	5495	6579	7216	7004	6260	5965	5813	6379	6981	6566	2657	2098	2482	1832	2594	2160	2796	2171	2372	1847	2559	1758	3154	2134	548	1481	599	1270	545	1056	722	1017	747	993	591	1803	539	1180	380	2810	295	2664	395	3824	468	2738	366	2671	288	3778	344	3421
RP11-530N7.2	15	5	13	4	5	2	6	8	7	0	9	3	5	3	0	5	5	7	4	8	1	9	4	17	4	3	3	1	0	2	1	0	0	0	0	0	1	2	1	0	0	0	2	0	1	0	4	0	0	0	0	0	0	0	0	0	0	0	0	0	0	0	1	0	0	0	0	0	0
RN7SKP299	0	3	2	2	0	3	0	2	2	1	1	0	0	0	0	1	0	0	0	0	0	2	0	2	0	2	0	0	0	0	0	0	0	0	1	0	1	0	0	0	0	0	0	0	0	0	0	0	0	0	0	0	0	0	0	0	0	0	1	1	0	0	0	0	0	0	0	0	0
AATK-AS1	2	5	8	4	1	3	9	4	7	7	5	2	7	3	6	5	4	3	11	9	5	1	6	4	9	0	9	24	31	13	24	23	22	28	26	30	25	26	44	35	19	24	28	36	18	36	21	46	36	33	24	41	52	22	31	34	28	38	22	37	24	36	22	30	24	62	31	41	11
TBL3	2492	2815	3505	2911	3239	2460	2944	1959	3206	2175	2995	2547	2974	2275	2014	2310	2374	1985	2614	2928	2697	2270	2342	2166	2332	2639	2038	1934	1657	1565	1589	1854	1752	2033	1824	1525	1604	1636	1510	1952	1729	1234	1015	1668	1422	1732	1034	2187	1119	2019	1322	1652	1609	1646	1199	1289	1007	1615	1133	1949	1380	2051	1059	1641	1183	1933	1197	1704	1188
MIEN1	613	487	597	466	530	567	606	476	532	459	547	485	455	404	490	438	619	433	612	451	577	493	493	387	640	513	528	682	480	521	580	553	506	606	569	593	508	506	454	654	550	593	332	818	302	685	373	920	443	913	484	701	480	831	472	616	483	825	536	1007	505	872	607	750	577	1004	548	971	538
KLHDC7A	483	674	728	782	683	617	534	513	622	634	557	670	612	49	16	50	22	57	11	93	20	65	14	77	16	63	9	3	1	3	4	2	1	2	12	4	2	0	2	3	6	2	13	1	0	3	2	6	2	2	4	3	1	3	6	10	4	17	7	15	6	14	4	6	7	6	7	6	5
EIF2D	1954	1706	1855	1611	1625	1619	1913	1518	1725	1617	1835	1690	1626	1628	1563	1560	1821	1591	1540	2088	1765	1801	1555	1592	1610	1924	1486	1366	1458	1276	1358	1228	1471	1547	1438	1242	1331	1403	1186	1540	1219	1084	380	1298	464	1110	493	1551	514	1393	655	1263	869	1065	672	778	587	1067	690	1240	600	1237	538	1185	625	1388	718	1360	601
RP11-118K6.3	14	7	9	8	10	11	14	13	23	14	20	14	20	2	13	18	11	1	10	16	5	15	6	15	7	19	10	0	3	1	0	7	0	5	0	0	0	3	1	1	0	2	2	0	0	0	0	0	0	0	0	1	0	0	1	0	1	3	1	0	2	0	2	0	1	5	2	2	0
AC004453.8	5289	5363	5295	5150	4872	5165	4900	4787	5035	5316	4760	5209	4759	4667	4465	4359	5161	4475	5498	5759	5527	4926	4574	4530	4938	5509	4497	4981	3527	3866	3430	3989	4231	4627	4107	4408	3487	3947	3615	5242	3815	2759	1990	3602	2420	3629	2080	4912	2009	4850	2824	3863	2744	4591	2338	2520	1662	3306	1760	4030	2052	4218	1746	3397	2103	4676	2098	4280	1928
RP11-76P2.4	0	0	2	2	0	0	0	5	0	0	4	1	2	0	0	0	0	2	0	2	3	0	1	1	1	2	0	0	0	0	0	2	1	1	0	1	0	0	0	0	0	0	2	0	3	0	0	0	0	0	0	6	0	0	0	0	0	0	0	1	0	0	0	0	0	0	0	0	1
RP11-385D13.1	0	0	0	0	0	0	0	0	1	0	0	0	1	0	0	2	0	1	3	3	0	0	1	0	3	0	0	0	0	2	1	2	0	1	0	0	0	0	0	0	0	2	0	2	0	1	1	0	3	0	1	1	0	0	4	0	1	0	0	2	1	0	0	1	1	0	1	2	0
ASCL5	7	3	6	8	12	6	6	3	7	2	3	7	9	7	1	3	0	3	5	12	9	6	10	0	11	8	6	2	3	1	7	4	3	0	3	5	3	1	4	1	3	4	0	4	3	0	0	8	0	4	1	0	0	0	1	1	8	2	5	5	1	6	6	1	0	1	4	4	2
PROK2	60	87	67	66	70	63	66	48	52	61	68	89	70	9	7	19	4	8	15	13	8	22	19	9	6	10	11	2	0	0	1	0	0	0	0	2	0	3	1	4	2	0	0	0	0	0	0	3	0	0	2	0	0	0	0	0	0	0	0	0	0	0	2	0	1	0	0	0	1
RP11-1070N10.7	0	0	0	0	2	0	0	2	0	0	3	0	0	0	0	0	0	0	0	0	0	0	0	0	0	0	0	0	0	0	0	0	0	0	0	0	0	0	0	0	0	0	1	0	0	0	0	0	0	0	0	0	0	0	0	0	0	0	0	0	0	0	0	0	0	0	0	0	0
TNMD	56	63	69	62	46	56	52	51	41	43	48	38	44	7	0	7	9	14	3	16	8	17	6	11	1	15	4	3	0	0	1	0	4	0	0	3	1	0	2	0	5	1	2	0	2	3	0	0	0	0	4	0	0	0	0	0	0	3	0	0	0	0	0	3	0	2	1	0	1
RP11-317N8.4	485	563	612	550	512	434	469	440	525	480	525	420	497	490	391	451	490	512	506	554	427	466	333	459	468	667	353	446	454	435	447	427	440	456	438	442	390	474	364	525	377	385	366	526	552	492	362	651	383	677	464	527	411	369	369	354	352	465	282	505	331	522	266	413	288	457	334	492	244
ADAMTS14	167	234	240	210	206	177	202	140	215	166	245	193	224	1266	1877	1314	2242	1086	2364	1690	1954	1298	1869	1096	2488	1601	2232	2255	3789	2389	3550	2563	3648	2499	3480	2261	3101	2414	3258	2742	3245	2807	2500	3188	2790	3346	3406	3542	4134	3660	3971	3206	4626	2055	4229	2861	2811	3721	2917	4445	3338	4962	2725	3480	2730	4140	3284	4206	2842
RP5-971N18.3	0	1	3	0	2	0	0	0	3	0	0	2	0	0	0	0	2	0	0	2	3	0	0	0	1	2	0	0	0	0	4	0	5	3	0	0	2	3	0	2	2	5	0	2	2	3	2	3	8	5	0	1	1	0	4	0	4	2	2	7	3	1	1	0	2	0	7	3	0
CFAP157	39	59	82	58	51	48	47	50	62	42	47	50	46	100	94	103	117	87	99	142	104	141	94	102	122	146	103	158	241	153	150	162	190	172	157	138	162	143	125	164	164	139	53	145	50	139	53	207	103	162	127	161	137	116	91	69	64	67	60	108	79	74	75	76	62	111	84	96	70
RP4-635E18.8	34	31	35	48	35	33	31	40	50	40	67	31	24	44	28	23	17	30	15	18	19	35	17	22	33	32	20	44	45	27	43	23	36	27	48	23	36	35	36	47	26	47	60	55	72	57	45	68	57	38	66	37	54	44	49	69	76	68	51	70	55	87	60	71	71	94	48	96	83
LINC01197	1	0	0	0	1	0	1	0	2	0	0	0	0	2	2	1	2	1	0	0	0	0	0	0	0	3	0	0	0	0	0	1	0	0	0	0	0	0	0	0	0	0	2	0	0	0	0	0	0	0	0	0	0	0	0	0	0	0	0	0	0	0	0	0	0	0	0	0	0
C11orf21	0	0	0	0	0	0	2	0	0	0	0	0	0	0	0	0	0	0	0	0	1	0	1	1	0	0	0	0	0	0	0	0	0	0	0	1	0	0	0	0	3	0	1	0	6	0	1	2	0	0	0	1	0	0	0	0	0	1	0	1	0	0	1	0	0	3	0	0	0
CALU	13003	10999	11773	11167	10799	12015	11088	10968	11016	11688	10712	12046	10473	12345	12020	12969	11376	13502	11113	16051	12800	14008	11513	13743	12864	15876	11732	11831	8122	11561	8180	11838	8785	13074	8379	12025	7326	12096	6675	14757	7872	8509	4543	9076	3799	9115	3993	10786	3360	10288	4106	8527	5094	8611	4131	6138	3314	7586	3312	8653	3510	8748	3212	7770	3698	8328	4061	8560	3616
RP11-113C12.2	1	7	7	3	1	5	5	1	3	4	3	4	6	3	4	5	4	5	5	6	7	5	2	4	5	4	1	4	1	4	4	4	2	5	3	3	4	4	3	5	3	2	1	1	2	5	0	3	3	0	3	3	2	3	1	2	1	1	1	3	1	1	2	6	5	3	0	6	1
RP11-14P20.1	0	0	0	0	3	1	0	0	0	0	0	0	1	0	0	0	0	0	0	0	0	0	0	0	0	0	0	0	0	0	0	0	1	0	0	0	0	0	0	0	0	0	0	0	0	0	0	0	0	0	0	0	0	0	0	0	0	0	0	0	0	0	0	0	0	0	0	0	0
RP11-420A21.1	21	18	30	26	19	14	20	16	16	8	20	27	14	25	26	19	19	30	22	35	28	20	31	37	27	22	22	8	14	27	21	11	26	15	19	25	13	24	29	24	17	15	13	19	29	15	20	10	31	9	8	21	16	32	24	20	13	17	15	20	16	17	9	22	14	17	8	25	16
TNFRSF11A	184	245	278	277	230	272	164	237	242	283	187	233	230	404	418	401	441	374	455	541	446	479	378	442	480	503	487	356	233	287	258	336	279	442	291	318	223	290	219	438	299	172	124	232	110	211	81	224	128	230	88	190	81	165	102	114	59	146	60	144	44	205	53	147	46	140	44	212	34
AC010976.2	60	38	59	29	50	28	35	41	45	36	70	46	51	46	38	50	41	61	35	66	34	26	40	71	73	65	58	47	61	43	48	44	68	37	47	52	43	39	46	52	48	35	48	46	66	38	38	49	30	62	49	44	79	47	70	59	56	42	61	51	61	71	36	55	62	55	53	50	66
RP11-113C12.4	8	6	16	7	16	12	8	8	17	10	11	10	15	33	25	38	28	37	30	47	20	37	21	25	30	23	24	18	11	14	10	20	17	13	11	27	17	15	6	15	17	5	0	5	0	10	0	8	0	7	2	13	3	6	3	4	4	2	5	0	3	1	0	0	0	7	4	6	1
ACTN1	9392	11710	13215	12402	11885	11276	10136	8326	11391	9656	10887	10077	11596	12944	10829	12879	11489	12216	12096	15671	11956	13523	10269	12704	11728	15621	9939	6564	5114	6319	4768	6716	5478	7445	5241	6458	4953	6497	4474	7930	5195	2774	2749	3329	3025	3453	2463	3765	2552	4096	2342	3154	2924	2550	2481	1399	2195	1722	2168	1859	2191	1931	2189	1602	1987	1743	2415	1760	2089
ACAA1	900	828	1140	943	1007	779	825	644	932	725	928	671	905	845	1016	994	1265	916	1203	1091	1159	820	959	956	1126	1034	993	1647	2135	1337	1999	1591	2179	1474	2069	1370	1866	1472	1777	1433	1707	1689	2035	2194	2525	2243	2002	2753	2004	2897	2265	2097	2543	2128	2265	2225	1524	2538	1753	3342	1875	3147	1612	2866	1613	3036	1825	2909	1710
RP11-120K19.4	0	0	5	0	0	5	1	1	4	0	0	0	0	0	3	2	0	6	1	2	1	3	1	6	3	3	2	3	3	0	3	4	2	1	1	4	1	1	2	1	0	3	4	1	0	1	5	3	4	0	1	4	1	0	1	8	1	3	1	6	1	1	5	7	5	0	6	11	4
MIR6895	3	3	2	1	1	2	0	1	3	1	2	0	1	1	1	2	1	2	1	4	0	3	3	1	1	1	1	0	2	1	3	1	2	2	2	2	3	1	0	0	2	0	3	2	6	3	3	1	1	1	1	2	4	1	1	1	3	2	5	3	4	5	5	1	2	2	1	1	3
LRP8	3494	3838	3799	3594	3213	3615	3120	3300	3604	3507	3631	3468	3230	2300	2519	2354	2557	2307	2502	2941	2520	2513	2192	2427	2656	3021	2439	3150	2578	2949	2451	3173	2571	3236	2307	3067	2242	3203	2313	3479	2419	4061	3285	4342	3281	4169	3120	4975	3364	5149	3195	4047	3598	3422	3584	4090	4162	5141	3990	5786	3770	5941	3869	5326	3377	6041	4403	6240	4394
RP11-401F2.3	6	6	10	4	7	7	8	10	2	6	4	5	4	2	4	2	2	3	2	3	2	5	1	1	1	8	6	0	1	0	2	1	0	0	0	1	0	1	1	1	0	0	1	4	2	0	0	5	4	2	0	2	5	0	2	0	3	2	2	0	1	2	2	0	1	0	3	4	4
RP11-317G6.1	1	0	1	0	1	1	0	1	2	1	0	0	1	0	1	0	1	0	0	0	0	0	0	2	1	0	0	1	1	0	1	0	1	0	1	1	1	0	1	1	1	2	1	1	3	3	2	3	1	2	2	0	3	0	3	4	3	1	2	3	1	2	2	4	1	3	2	3	4
AC008753.6	1	9	2	0	1	9	5	0	2	1	0	3	4	3	1	1	0	4	0	3	0	1	0	3	1	3	2	0	0	0	2	1	3	0	0	0	1	0	0	0	0	0	2	0	0	3	0	0	3	0	1	0	3	0	0	1	2	0	2	2	4	0	5	1	0	1	5	3	2
RP11-700J17.1	20	27	24	37	22	23	25	23	15	25	45	34	26	9	24	14	28	31	15	25	16	43	28	43	31	35	30	33	37	36	14	34	26	20	30	50	20	28	24	40	36	31	31	33	29	23	36	43	31	35	16	31	33	33	27	21	23	24	32	48	27	42	22	57	25	55	27	22	44
AC140912.1	0	0	0	0	0	0	0	0	0	0	0	0	0	0	0	0	0	0	1	0	0	0	0	0	0	2	0	0	0	0	1	0	0	0	1	0	0	0	0	0	1	0	0	0	0	0	0	1	0	0	0	0	0	0	3	0	1	0	4	2	2	0	6	0	0	0	1	0	1
KRT8P2	48	46	57	53	38	52	55	30	64	50	38	43	57	46	23	44	44	39	44	51	42	51	27	34	39	49	45	9	5	21	11	9	16	13	7	12	12	8	10	11	6	2	2	1	1	2	3	3	4	5	0	4	5	7	9	5	3	3	8	4	5	2	2	6	3	0	8	12	4
L34079.3	3	1	2	1	1	1	3	2	2	1	1	3	1	2	1	1	2	2	1	1	2	2	2	2	4	6	1	2	1	2	1	2	1	2	1	1	2	3	1	2	1	4	0	1	1	2	1	2	5	2	5	2	1	1	1	2	1	4	1	2	4	3	1	3	2	2	2	2	1
CELA3A	1	0	0	0	0	0	0	0	0	0	0	0	1	2	2	0	5	0	0	2	6	0	0	0	0	0	3	3	0	1	3	0	0	0	1	2	0	1	0	0	1	0	0	2	0	0	0	2	0	4	0	3	0	5	0	0	0	0	0	0	0	0	0	0	0	2	0	0	0
C1orf131	365	252	359	278	264	325	309	246	287	234	291	275	338	393	436	430	565	461	421	431	448	392	403	405	518	433	430	452	492	513	442	449	513	531	540	485	401	470	426	504	476	424	243	484	246	504	298	639	308	570	356	428	426	521	375	449	418	579	358	630	321	612	361	510	393	652	439	528	422
RP11-813F20.4	0	0	0	0	0	0	0	0	0	0	2	0	0	0	0	0	0	0	0	0	0	0	0	0	1	0	0	0	0	0	0	0	0	0	0	0	0	0	0	0	0	0	0	0	0	0	0	0	0	0	0	0	0	0	0	0	0	0	0	0	0	0	0	1	0	0	0	0	0
BANF1P3	742	773	757	712	733	638	703	609	748	724	705	724	636	788	709	789	848	788	864	965	815	747	674	681	680	899	647	685	457	532	467	574	578	677	605	547	459	610	466	644	495	412	223	559	248	439	267	644	291	741	279	474	401	447	296	361	226	335	237	403	291	417	221	399	287	488	277	438	257
CTD-2410N18.3	9	4	4	2	2	4	3	2	15	0	4	3	2	1	1	3	5	7	2	2	4	5	4	3	4	9	2	11	8	2	7	4	17	4	5	6	4	4	4	5	5	3	5	2	12	5	14	1	2	7	5	5	7	4	9	10	5	6	13	6	8	8	8	3	10	4	5	8	9
RP11-547D13.1	49	65	61	52	40	52	52	68	53	68	62	73	67	43	72	44	56	50	40	44	45	34	61	35	65	49	61	51	43	42	34	50	47	48	36	48	25	66	33	71	32	65	32	48	48	56	23	97	20	88	29	48	53	53	30	96	44	95	41	120	54	150	37	109	46	119	72	174	62
RGS10	368	344	331	306	283	312	324	319	348	315	312	318	399	428	634	456	809	340	786	506	942	489	667	403	706	478	739	1853	2029	1227	1842	1494	2144	1583	2069	1629	1761	1461	1749	1832	1950	2470	3103	2946	3453	3031	3158	3927	3060	3682	3362	2984	2924	3468	3061	4486	3478	5593	3575	6551	3767	7059	3637	6193	4162	6878	3981	6827	4224
UBALD2	210	299	292	264	250	259	235	237	260	263	307	266	264	445	708	588	824	508	910	590	875	531	733	475	797	530	831	1001	1159	726	1087	767	1233	898	1198	830	1138	820	987	943	1191	992	749	1075	1036	1306	785	1671	831	1499	949	1313	1016	1312	909	1040	739	1283	675	1647	860	1705	677	1486	791	1769	788	1724	823
TOE1	412	389	617	484	434	483	394	304	392	390	439	377	484	389	532	397	536	521	502	563	598	450	481	403	519	575	534	605	622	524	579	534	610	578	534	509	528	528	506	587	464	398	213	346	231	414	258	536	289	509	290	441	417	407	335	262	228	276	261	416	240	366	238	298	315	296	298	337	283
TMCC3	207	232	193	194	186	205	214	208	203	216	171	183	183	268	197	275	289	277	224	340	240	304	214	333	267	374	216	134	109	116	96	120	81	196	96	132	100	117	86	161	108	51	69	60	66	79	55	81	71	64	75	56	75	65	78	48	193	69	176	59	148	64	193	66	160	51	204	58	184
RP11-476M19.2	3	3	0	1	0	6	0	1	6	3	0	8	0	0	0	1	1	0	0	3	0	3	0	3	1	3	0	0	0	0	0	0	0	4	0	0	0	0	0	0	0	0	0	0	1	0	0	0	0	0	0	0	0	0	0	0	0	0	0	0	0	0	0	0	0	0	0	0	0
PLEKHA7	506	765	719	795	557	680	581	557	586	698	650	632	613	304	132	272	157	339	138	341	160	301	131	337	110	404	147	149	126	198	118	191	100	185	131	215	91	164	95	258	104	153	201	137	193	176	176	197	237	194	184	203	148	124	204	268	215	367	275	365	182	383	231	230	181	282	198	282	264
ZNF674	207	163	170	122	163	160	185	161	155	169	173	157	168	149	144	185	133	207	146	256	158	188	136	142	173	204	155	126	195	192	157	143	174	140	160	144	148	158	142	187	202	163	250	186	130	249	199	244	227	199	252	198	233	171	230	257	247	425	216	414	244	371	277	375	270	381	346	423	320
RP11-368I23.4	0	0	6	0	0	0	0	0	0	0	0	0	0	0	0	0	0	0	0	0	0	0	0	0	0	0	0	0	1	0	0	0	0	0	0	0	0	0	0	0	0	1	0	0	0	0	0	0	0	0	0	2	1	0	0	1	9	2	3	1	0	1	4	0	7	0	6	0	0
DHRSX-IT1	0	0	0	0	2	3	2	2	1	1	0	1	0	0	1	2	1	0	2	2	0	1	1	3	4	1	1	1	4	1	0	1	1	0	0	0	1	0	1	0	0	2	0	0	0	0	0	1	0	0	1	1	1	1	2	2	2	0	0	2	0	1	1	1	1	0	1	0	2
MEF2C-AS1	27	18	7	9	15	19	15	8	20	11	9	11	27	12	20	5	21	6	21	9	23	14	18	8	19	6	23	11	22	35	22	18	32	23	38	18	30	18	19	19	20	19	11	33	13	23	15	32	18	20	21	31	17	19	18	19	14	33	13	38	30	39	10	49	25	57	22	82	30
HAP1	149	218	164	195	160	204	166	122	168	155	163	164	155	279	225	310	315	308	303	355	277	317	262	344	334	367	243	176	112	145	129	160	134	203	149	176	133	165	118	227	123	83	73	99	65	103	73	100	96	121	74	102	61	89	71	41	53	51	47	55	48	86	56	72	36	48	62	111	46
RPL35AP30	3	8	6	6	6	7	5	4	7	5	6	5	5	3	3	7	6	4	5	4	2	4	4	5	3	5	5	4	2	4	2	3	3	5	4	1	2	3	1	2	3	2	2	4	0	3	1	6	1	4	3	3	4	2	2	1	3	2	1	1	1	3	1	3	3	4	4	4	2
SPACA1	0	0	0	0	2	0	0	2	0	0	0	0	0	0	0	0	0	0	0	0	0	0	0	5	0	0	0	0	0	0	0	0	0	0	0	0	0	0	0	0	0	0	0	0	0	0	1	0	0	0	0	0	0	0	0	0	0	0	1	0	0	0	0	0	0	0	0	0	0
SLCO6A1	22	14	3	10	5	15	11	10	13	11	8	18	13	25	48	20	59	23	25	30	57	12	37	35	70	24	47	83	58	84	63	58	78	78	86	53	55	66	63	103	53	64	66	62	59	54	21	77	52	85	36	47	51	89	27	62	38	89	21	84	49	87	24	73	26	87	51	127	38
ASF1B	1178	1191	1267	1048	1256	1166	1065	965	1217	979	1201	1074	1041	870	792	905	971	784	857	1124	943	894	730	792	966	1032	791	1879	1217	1495	1224	1659	1238	1804	1199	1481	1124	1612	1018	1809	1137	823	176	941	200	1123	194	1347	173	1261	273	1132	440	1060	253	183	56	273	92	268	124	306	83	183	133	261	110	274	54
IGLCOR22-1	0	0	0	0	0	1	2	0	0	0	0	0	0	0	1	0	1	0	0	0	0	0	0	0	0	0	1	0	0	0	0	0	0	0	1	0	0	0	0	0	0	0	0	0	3	0	0	0	0	0	0	0	0	0	0	0	0	0	0	0	0	0	0	0	0	0	0	0	1
MDC1	451	506	628	476	538	432	464	359	539	388	522	401	501	639	785	641	737	597	835	763	736	676	666	621	880	748	724	660	720	645	682	630	743	734	642	696	658	745	558	783	665	573	334	639	352	637	316	862	273	756	325	650	499	405	332	352	312	424	316	516	328	552	321	427	220	477	370	469	340
LINC01431	8	11	5	14	6	4	10	1	4	11	6	8	15	14	9	12	7	14	19	17	22	5	12	7	8	6	8	7	6	5	7	4	11	6	3	7	8	2	8	8	5	0	2	4	8	2	10	5	6	9	4	3	9	6	2	6	10	7	2	12	6	9	6	6	7	4	13	12	2
PLCXD3	11	1	5	7	2	3	3	4	2	6	7	6	11	4	8	4	6	5	2	8	0	0	4	4	5	7	1	0	1	0	0	1	3	3	0	3	2	0	1	0	5	3	19	4	21	2	13	3	17	3	40	1	7	5	18	28	103	41	74	20	78	39	89	26	82	21	77	34	95
KRT71	0	0	0	0	0	0	0	0	0	0	0	0	0	0	0	0	0	0	0	0	0	0	0	0	0	5	1	0	0	0	0	0	0	0	0	0	0	0	0	0	0	0	0	0	0	0	0	0	0	0	0	0	0	0	0	0	0	0	0	0	4	0	0	0	1	0	3	0	6
FUT9	331	337	331	339	285	365	315	358	323	435	344	356	350	303	201	266	196	320	171	470	211	357	237	444	243	510	256	127	106	247	124	174	87	174	86	233	91	186	101	234	116	139	70	131	66	146	50	131	41	141	69	154	68	106	64	92	77	118	70	132	48	134	56	116	58	100	97	170	68
SNORD116-7	2	3	8	3	3	1	1	3	4	1	1	0	2	1	0	3	1	1	1	0	1	3	3	2	3	0	3	0	2	0	1	0	1	1	0	1	1	0	3	1	1	1	0	0	0	0	0	0	0	0	1	0	0	0	0	0	0	2	1	0	1	0	1	0	0	0	0	0	0
GATA2-AS1	4	0	0	2	1	1	1	0	0	0	5	1	3	38	47	46	52	36	64	47	67	29	60	31	69	55	46	55	64	31	38	51	58	45	64	46	79	55	36	76	57	13	28	12	45	23	34	26	7	29	8	7	27	5	12	6	9	11	7	12	15	17	9	9	9	13	10	12	3
TMEM123	3828	2478	2909	2535	2805	3074	2735	2691	2822	2808	2824	3173	2631	3919	2810	3998	3150	4546	2561	5187	3419	4335	3119	4437	3592	5134	3258	4533	2479	5119	2570	4665	3017	5630	2764	5459	2565	4577	2494	6169	2673	4186	1869	4478	1772	4219	1640	4765	1297	5257	1701	4502	1910	4703	1629	1448	672	2174	711	2532	796	2846	639	2241	928	2398	982	2575	821
RP11-649A18.5	17	25	18	16	18	21	32	14	24	22	16	18	38	10	19	35	33	31	20	50	28	34	14	31	29	45	36	24	67	43	53	39	49	60	51	37	30	42	30	44	37	58	83	64	76	54	86	72	102	74	64	61	72	41	73	104	103	106	122	126	120	130	109	108	88	107	120	141	123
FBXO9	1373	1237	1558	1304	1249	1161	1241	1034	1328	1196	1366	1398	1204	1344	1300	1401	1361	1455	1233	1748	1495	1406	1235	1376	1399	1739	1335	1348	1297	1326	1373	1367	1330	1342	1437	1438	1151	1397	1142	1462	1235	1197	1242	1396	1349	1237	1197	1678	1156	1592	1345	1208	1316	1567	1231	936	1362	1200	1193	1391	1259	1466	1275	1335	1308	1343	1358	1556	1435
MTRNR2L10	8	2	5	10	9	4	12	6	9	5	3	3	4	3	7	10	5	2	6	6	8	4	8	11	6	4	4	9	9	3	9	7	8	7	7	8	8	6	3	6	7	9	9	6	68	4	8	4	42	5	4	5	4	15	8	6	12	8	2	7	4	7	8	12	5	11	4	4	8
ANKRD62	0	0	6	0	0	0	0	0	0	0	0	2	0	1	2	4	4	0	6	0	5	3	4	6	5	2	7	16	22	37	25	21	25	22	21	22	19	29	24	45	22	40	28	23	18	37	19	42	14	26	13	18	36	29	15	13	13	17	11	22	16	18	16	22	12	21	16	24	9
RP11-318C24.1	48	68	63	85	81	91	78	65	78	100	58	67	83	56	39	57	81	45	69	49	68	75	57	52	70	57	68	39	14	28	18	34	27	34	34	27	24	35	27	50	36	10	12	14	4	16	7	27	11	32	18	20	14	25	20	11	12	13	8	13	7	10	2	15	6	17	8	16	7
PKP4	3241	3473	3698	3389	3154	3219	3033	2919	3259	3223	3202	3152	3224	3076	3090	3427	3025	3109	2986	4216	3012	3704	2766	3580	3236	4159	2986	2349	2114	2455	2022	2297	2121	2582	2094	2480	1929	2504	2007	2954	2186	1672	778	1889	719	1818	832	2251	751	2160	874	1843	1200	1454	935	932	734	1310	690	1490	717	1651	678	1273	726	1559	922	1712	743
RNU6-945P	1	0	0	0	0	1	0	0	0	0	0	0	0	1	0	0	0	0	1	0	0	0	0	1	3	0	0	0	1	0	1	1	0	1	0	1	0	0	0	0	0	0	1	0	0	0	0	1	0	0	0	0	0	4	0	0	1	0	0	0	1	6	0	3	0	0	1	1	0
FRRS1L	36	26	33	26	48	43	26	17	46	55	47	34	37	91	252	103	275	111	270	134	315	129	304	107	338	144	295	186	328	175	281	139	349	210	338	163	279	183	271	210	325	120	157	151	124	135	196	122	194	133	246	106	240	124	245	171	299	196	333	235	294	262	277	250	294	210	337	257	425
RP11-421L21.2	7	1	7	6	3	5	0	4	0	3	6	13	7	3	4	5	6	6	3	3	6	4	7	10	11	4	5	1	9	3	5	2	10	10	3	1	4	1	6	0	8	7	4	7	0	8	6	4	3	14	2	17	10	2	16	14	1	10	11	22	4	14	4	13	19	11	10	7	12
RP11-114H7.2	163	145	222	177	170	136	180	112	190	147	187	113	185	207	236	203	218	192	251	264	261	231	255	198	269	271	266	294	306	299	320	265	296	309	289	257	259	264	231	309	258	289	279	319	357	369	277	460	321	410	263	376	297	297	277	292	288	375	229	446	264	467	247	419	271	521	252	389	231
COX17P1	378	380	293	322	298	310	363	305	307	321	353	318	336	357	389	373	487	364	394	380	458	330	337	283	403	436	374	415	311	315	305	386	358	360	335	336	286	327	276	424	300	299	148	357	155	294	200	432	129	437	182	324	209	345	202	227	205	276	164	347	189	344	171	267	192	316	177	399	177
AIFM3	18	15	10	8	15	10	24	13	12	13	17	19	20	36	18	31	40	15	53	39	22	29	26	22	34	32	39	12	31	18	19	16	18	32	16	33	19	18	16	28	23	14	8	8	15	19	9	26	20	16	1	23	10	19	5	12	10	18	7	16	9	32	6	12	6	25	9	27	9
RNU1-1	1	2	2	2	2	1	1	2	1	1	3	1	1	1	1	1	1	1	1	3	2	2	1	1	1	3	2	2	1	2	1	2	2	2	2	2	0	1	1	3	0	1	0	2	3	1	0	3	3	6	3	2	1	3	1	1	1	2	1	2	1	2	1	4	1	2	1	2	1
SPDYE10P	9	10	11	8	9	10	7	8	8	10	11	8	14	8	7	9	10	10	10	12	9	11	13	10	15	10	19	16	22	15	21	16	18	15	15	16	18	27	15	17	14	29	19	26	22	25	20	30	28	34	27	28	31	17	22	29	26	50	26	46	24	43	29	39	29	38	34	51	30
ZNF251	237	223	271	170	209	152	221	166	233	170	215	198	193	175	216	202	214	188	210	229	217	187	193	182	224	286	217	294	329	285	309	321	317	303	317	303	245	283	261	331	234	493	484	513	572	468	441	619	494	569	433	461	468	451	416	690	524	849	559	1014	570	1089	523	948	506	917	644	1105	596
CTD-2021H9.3	22	22	17	17	45	12	37	27	23	26	17	12	38	28	34	18	50	23	75	39	38	31	24	28	26	39	31	19	4	4	13	5	15	1	23	8	9	16	26	10	10	3	0	2	3	4	0	7	12	3	13	2	5	2	4	0	1	1	7	9	4	25	2	8	2	1	1	6	2
RPL18AP15	3	4	4	4	4	4	4	3	6	4	3	2	5	3	6	3	4	4	2	3	4	2	5	4	7	2	3	3	2	2	4	4	2	4	3	5	3	4	4	2	4	4	1	4	7	3	2	3	4	5	1	3	2	3	2	1	1	1	2	4	1	3	1	2	1	2	1	3	1
FOXD4L1	0	0	3	1	0	1	0	0	0	0	2	4	0	2	4	2	1	2	0	6	3	1	0	4	2	6	0	4	2	0	2	1	0	3	5	3	1	1	3	1	2	4	14	2	10	6	9	5	25	2	8	3	7	1	14	7	23	5	23	5	20	10	15	6	20	6	21	8	26
RP11-489P6.1	0	0	0	0	2	1	0	0	0	0	0	0	0	0	0	0	1	0	0	0	0	0	0	0	0	0	0	0	0	0	0	0	0	0	0	0	0	0	0	0	0	0	0	0	0	0	0	0	0	0	0	0	0	0	0	1	0	0	0	0	0	0	0	0	0	1	0	1	0
RP5-821D11.7	131	147	145	103	151	160	129	110	146	96	154	158	155	118	92	148	121	178	125	156	78	126	114	189	161	163	135	133	118	134	132	189	132	149	117	142	97	162	110	147	118	131	136	156	139	135	136	193	135	183	152	150	156	178	134	121	161	156	135	208	164	218	123	184	160	185	173	175	160
NT5C1B	1	0	8	9	0	3	1	3	1	1	5	5	3	1	0	1	0	0	1	1	5	1	0	0	1	2	1	0	3	0	1	2	0	0	1	0	3	3	0	0	1	3	2	1	1	1	1	0	0	1	4	0	1	0	0	0	2	3	2	0	1	3	2	1	0	0	2	2	2
RP11-752G15.8	14	18	12	12	9	14	24	9	10	19	16	9	10	18	10	18	19	14	8	29	18	23	11	31	15	18	20	15	28	22	23	21	26	8	23	26	11	13	21	20	17	14	8	15	2	8	7	14	13	11	13	16	15	3	20	19	18	29	24	23	11	22	11	23	17	21	7	21	19
HNRNPCP10	12	10	13	11	11	5	8	3	16	5	5	7	14	7	4	11	17	9	6	10	11	9	7	8	10	13	13	0	5	10	4	6	3	0	8	12	4	2	1	14	4	4	11	3	4	11	1	3	0	10	2	11	5	5	2	5	2	0	2	5	5	20	5	8	3	12	1	5	3
MYADML	0	0	0	0	0	0	0	0	0	0	0	0	0	0	0	1	1	0	0	0	0	0	0	0	0	0	0	0	0	0	0	0	0	4	0	0	0	0	0	0	0	1	0	0	0	0	1	0	0	0	0	0	3	0	0	0	0	0	0	0	0	0	2	0	0	0	0	5	0
RP11-159F24.3	21	12	13	10	7	10	2	8	7	10	14	14	11	13	15	16	9	11	19	19	12	18	17	9	30	21	21	14	24	23	30	10	23	11	33	28	15	17	15	26	25	20	19	14	3	20	9	39	15	20	8	12	16	9	16	17	10	26	8	32	14	27	14	27	18	24	12	16	7
RN7SL726P	0	0	0	0	0	1	0	1	0	0	2	1	0	0	1	0	0	0	0	2	0	0	2	0	0	0	0	1	0	0	1	0	0	1	1	0	0	3	0	4	1	1	1	2	0	1	0	1	0	1	0	0	0	0	6	0	0	0	0	0	0	0	1	0	0	5	0	0	1
RP11-10D7.5	0	0	0	0	0	0	0	0	0	0	0	0	0	0	0	0	1	0	0	2	1	0	0	0	0	0	0	0	0	0	0	0	0	0	2	0	0	0	0	0	0	0	0	0	0	0	0	1	0	0	1	0	0	0	0	0	0	1	0	0	0	0	0	0	0	0	1	0	0
ZNF442	84	63	80	61	57	75	72	53	82	49	78	85	55	65	69	74	47	80	49	84	70	111	64	85	61	107	63	53	33	71	35	51	45	38	27	39	35	38	31	69	30	56	22	30	28	43	8	37	13	38	30	27	28	35	22	30	35	43	45	45	25	54	34	63	46	50	74	55	52
ZSCAN16-AS1	61	61	54	46	71	56	48	47	63	50	67	58	44	105	126	102	140	75	126	97	131	85	112	76	140	119	108	159	97	114	93	135	190	128	132	107	111	132	127	171	113	107	65	161	59	73	73	188	106	156	105	117	106	137	85	63	47	70	73	123	68	129	49	108	94	162	81	122	72
HSPB2	8	9	4	1	4	1	3	3	2	5	2	12	2	2	6	5	9	3	4	7	16	9	8	2	9	1	24	14	14	5	19	10	12	2	20	5	11	5	16	10	12	25	12	7	15	9	10	28	4	18	12	21	15	20	9	10	1	8	4	3	1	18	4	10	4	15	7	12	2
PALM2-AKAP2	8	20	11	11	26	14	18	10	12	13	28	13	29	18	12	18	11	15	16	18	17	17	17	20	24	10	22	1	1	3	4	2	2	6	2	8	0	3	1	4	6	0	0	3	0	0	1	6	5	0	2	0	0	0	3	2	0	0	0	6	1	3	3	2	0	0	1	2	0
RPS29P2	0	0	0	0	0	0	0	0	0	0	0	0	0	0	1	0	0	0	0	0	0	0	0	0	0	0	0	0	0	1	0	2	0	0	2	0	1	1	3	0	1	0	0	0	0	0	0	0	0	1	0	0	0	0	0	4	0	0	0	0	2	0	0	0	0	0	0	7	0
SCAP	3571	4949	4876	4703	4747	4385	4216	3681	4690	3913	4301	4253	4454	4027	3904	4293	4568	4067	5129	5289	4797	4395	4337	4008	4676	5078	4053	4390	3733	3893	3727	4010	4075	4495	3992	3905	3725	3693	3491	4431	3869	2670	2748	3268	3498	3386	2762	4124	2980	4307	2755	3341	3281	3047	2625	2515	2590	3082	2772	3728	2975	3787	2777	3161	2508	3814	2967	3278	2768
RPS3AP35	1	0	2	2	1	1	2	1	4	2	3	4	1	1	1	2	2	1	1	1	1	2	0	1	3	3	1	0	0	1	3	0	0	1	0	0	1	1	1	3	0	3	0	1	0	3	2	2	0	1	0	0	1	0	5	0	0	1	1	1	1	0	0	0	1	1	3	3	0
H2AFZP5	0	0	2	1	3	1	0	2	4	2	3	4	1	2	1	2	2	3	0	1	0	1	0	1	5	4	1	0	2	0	2	0	2	0	1	0	0	2	0	2	0	1	2	0	2	2	1	2	0	0	1	0	0	0	0	0	1	1	0	0	0	2	0	2	0	0	0	1	2
RP11-579O24.3	3	3	1	1	0	2	1	2	10	0	1	0	2	0	1	1	1	4	0	2	0	1	1	7	1	2	5	7	9	3	5	11	4	3	0	3	6	1	3	11	6	5	7	10	20	9	20	8	2	7	11	5	18	16	14	11	21	10	6	10	13	19	16	22	20	20	7	8	10
TUBB4AP1	116	96	106	95	142	123	126	67	116	91	111	84	137	63	58	60	84	46	105	126	100	81	84	77	68	79	65	57	169	87	115	84	179	89	150	79	154	74	129	58	215	199	412	261	567	282	389	290	477	305	501	226	303	178	365	403	585	507	570	611	409	656	542	450	398	553	523	465	619
VAMP7	639	420	513	424	484	490	491	472	525	504	513	563	486	561	652	543	632	641	554	684	729	608	604	577	738	656	591	545	485	540	510	614	506	672	474	608	514	563	486	642	482	389	308	476	265	511	310	583	290	570	348	393	410	558	356	346	290	544	310	538	306	631	286	518	332	499	367	513	323
RP11-255G12.2	3	1	1	0	4	5	1	3	4	3	0	2	2	0	0	1	0	1	0	2	1	2	0	3	0	0	3	0	2	0	0	1	0	1	0	1	0	0	0	3	3	0	0	0	3	0	0	0	0	0	3	0	3	0	0	4	1	0	2	1	1	0	0	7	2	2	2	2	0
SIRT6	480	648	590	554	583	474	573	402	546	527	602	493	484	511	448	573	616	456	643	646	651	504	494	442	564	694	486	755	701	561	679	644	665	696	778	590	619	665	614	673	658	600	471	773	657	852	543	1106	831	944	678	910	880	905	732	757	679	922	769	1320	849	1159	656	1067	776	1354	786	1242	829
YTHDF3	4590	3411	4541	3389	3782	3734	3819	3119	3925	3505	3708	3516	3958	4622	5161	4652	5242	5327	4733	5550	5361	4742	4916	5175	5306	6060	5176	4594	5340	4703	5265	4811	5465	4997	4971	4968	4833	4568	4439	5448	5100	4546	5934	5208	6218	4928	5080	6061	4653	5508	4911	4751	5519	4751	5093	4353	4246	5589	3895	6106	4140	6472	3969	5601	4354	5883	4883	6047	4667
NBPF4	0	0	0	0	0	0	1	0	0	0	0	0	0	0	4	3	2	1	0	1	5	1	11	2	2	1	6	2	1	2	3	7	8	4	5	9	8	4	6	8	6	5	14	10	5	6	6	5	2	4	5	5	3	4	7	2	9	3	9	2	9	4	6	3	2	3	7	0	5
FCER1G	7	10	6	18	6	1	5	5	8	2	18	31	1	9	7	3	8	6	10	4	4	14	5	7	9	2	12	17	15	17	7	9	12	3	3	9	6	4	1	6	11	4	19	21	15	5	7	18	6	18	20	13	19	10	10	6	3	13	3	5	2	16	0	10	16	9	9	14	4
RP11-432J24.5	50	30	26	29	40	25	47	28	20	37	25	19	10	0	1	2	0	2	2	0	1	4	0	4	0	1	0	0	2	0	4	0	1	1	4	1	8	0	10	3	0	0	0	1	3	5	2	10	2	5	1	5	5	2	2	10	0	2	1	0	1	9	0	4	1	8	0	1	0
CPD	4428	3536	4197	3564	3796	3739	3722	3437	3704	3752	3786	3857	3869	4576	6960	4601	6709	4444	5900	5144	6849	4871	6356	4799	7541	5634	6557	5078	6202	4778	6054	4832	6246	5602	6003	5173	5667	5352	5630	6095	5984	3406	2773	3688	2981	3404	2336	4640	2083	4253	2519	3623	3601	3186	2640	2153	1489	2693	1439	3056	1709	3341	1332	2691	1483	2941	1992	3624	1515
RHOF	70	133	133	104	118	118	88	86	124	97	123	100	89	65	50	106	42	40	78	82	58	76	59	62	58	75	59	52	35	42	33	60	42	35	36	49	51	42	49	48	31	40	71	69	75	57	38	42	48	69	55	89	62	29	56	40	94	46	93	87	80	107	72	77	48	72	66	70	96
ZNF229	468	381	530	337	417	330	392	326	357	327	463	419	422	281	318	347	291	372	246	515	283	346	256	403	293	470	267	193	221	208	204	217	256	249	242	214	217	246	156	240	240	252	358	273	408	308	429	320	341	232	417	239	410	198	446	368	573	491	577	513	506	534	570	500	480	510	633	503	600
EHD3	625	719	855	683	656	666	599	535	683	647	637	691	555	1327	1372	1426	1626	1179	1734	1786	1666	1467	1475	1306	1665	1440	1376	1588	1383	1405	1341	1498	1396	1798	1395	1485	1222	1627	1015	1679	1347	773	510	960	527	1024	562	1380	691	1255	645	992	785	871	691	766	659	807	635	1060	642	1109	642	1090	638	1215	675	1080	636
KCNK5	1828	2602	2507	2434	2144	2318	2148	1989	2305	2209	2042	2104	2096	1884	1783	2116	1500	1851	1526	3059	1510	2174	1329	2028	1299	2510	1344	593	306	543	281	604	343	583	335	528	274	508	308	704	310	162	140	208	165	213	64	205	56	185	51	234	102	198	53	82	68	82	44	121	60	113	64	87	65	126	64	82	52
RPL10AP5	0	0	0	0	0	0	1	0	0	0	0	0	2	0	0	0	0	0	0	0	1	0	0	0	0	0	0	0	0	0	0	0	0	0	0	0	0	0	0	0	0	0	0	0	0	0	0	0	0	0	0	0	0	0	0	0	0	0	0	0	0	0	0	0	0	0	0	0	0
PDE6H	0	0	0	0	0	0	0	0	0	0	0	0	0	0	0	0	0	0	0	0	0	0	4	0	0	0	0	0	0	0	0	0	0	0	0	0	0	0	1	0	0	0	0	0	0	0	0	0	0	0	0	0	0	0	0	0	0	0	0	0	0	0	0	0	0	0	0	2	0
RPL37P23	3789	4174	4010	3943	3481	3531	3585	3528	3810	3836	3498	3509	3473	3275	3284	3490	3889	3527	3863	4285	3616	3650	2760	3123	3173	3954	2566	3569	2429	2668	2570	2741	3137	3301	2716	2634	2237	2825	2165	3342	2521	1994	1536	2675	1893	2622	1686	3325	1681	3257	2127	2520	1952	2709	1573	1977	1549	2404	1327	2890	1587	2732	1241	2294	1640	3156	1683	2916	1611
RP11-640N20.1	3	1	6	5	4	3	8	4	4	3	3	5	2	0	4	0	4	2	0	4	2	1	1	3	3	4	8	1	3	0	1	3	2	6	0	0	0	1	1	4	0	3	2	0	0	1	0	0	3	0	1	0	1	0	0	0	3	8	1	0	1	2	5	0	0	0	2	2	1
RP1-102G20.5	0	0	0	1	1	1	0	0	0	2	1	0	1	0	1	2	0	0	1	1	2	0	0	1	0	0	3	0	0	2	2	0	0	0	0	6	1	3	2	3	1	0	1	1	5	1	0	0	0	0	0	0	0	0	2	0	0	0	1	1	0	0	0	0	0	0	2	4	1
NDUFA5P8	0	0	1	1	1	1	0	1	2	0	0	0	1	0	2	0	1	2	0	2	1	1	1	2	0	0	0	2	1	0	1	0	0	0	1	1	1	0	0	0	1	1	0	2	5	1	0	3	1	0	2	2	1	2	0	0	0	0	1	1	0	4	1	0	0	0	0	1	1
RP11-215G15.4	229	260	367	276	287	278	321	196	363	260	349	259	300	234	214	259	195	273	225	256	251	230	192	228	216	304	256	237	199	212	187	234	229	253	210	220	195	267	191	314	209	197	199	213	182	190	189	313	208	263	182	230	220	194	187	205	177	224	169	303	224	309	150	244	172	268	193	242	191
CTB-7E3.1	0	0	0	0	0	0	2	0	0	1	0	0	0	0	0	3	0	0	0	0	0	0	0	0	3	0	0	0	0	0	0	0	0	0	0	0	0	0	0	0	0	0	0	0	0	0	0	0	0	0	0	0	0	0	0	0	0	0	0	0	0	0	0	0	0	0	0	0	0
JDP2	517	680	698	745	583	678	580	640	607	621	580	653	547	346	311	433	263	354	321	516	260	462	263	388	248	483	273	42	14	32	16	36	12	36	13	26	21	29	25	38	19	21	25	7	20	47	15	32	38	4	45	15	35	10	46	246	97	371	124	418	102	433	112	343	91	404	126	376	99
GPX1P1	948	1013	1216	1007	1155	1014	1111	822	1181	859	1035	969	1078	900	794	939	937	869	988	1102	1098	914	802	816	858	1089	780	666	679	518	651	605	678	679	721	578	653	514	631	608	682	429	599	650	800	703	658	942	772	804	838	647	907	863	791	779	543	918	642	1183	701	1204	577	1108	679	1274	650	1264	671
OGDH	3649	4198	5119	4178	4829	3756	3868	2822	4423	3416	4537	3507	4451	5945	9153	5978	10272	5825	10277	7256	10457	6083	8754	5680	10295	6942	8855	11680	11532	10453	10860	11013	12047	12473	11800	10267	10713	11041	9990	12040	11469	8762	7547	10695	8820	10401	7305	13725	7407	13142	7444	11135	9333	9652	7634	6922	5923	8329	5621	9330	6258	9720	5729	8321	5193	9394	6193	8985	5994
LINC00933	2	1	4	1	1	4	3	0	2	2	0	4	0	1	3	4	0	2	0	1	0	5	1	2	1	0	2	7	3	1	3	1	10	4	3	10	10	9	4	2	6	0	4	1	0	4	8	4	0	2	9	2	6	6	2	6	0	5	4	1	5	1	5	8	6	0	3	3	5
ADCK2	408	438	478	546	487	408	403	369	422	362	405	384	365	319	242	379	381	334	407	517	369	462	342	435	383	419	342	548	311	409	301	399	424	499	381	459	421	494	312	516	345	283	85	318	66	355	121	405	134	400	114	360	153	349	142	228	178	240	208	403	220	369	195	383	197	388	180	415	206
ZNF354C	860	668	842	658	637	711	683	669	640	762	644	680	692	764	813	753	867	813	678	1007	907	819	725	808	926	931	858	1246	1057	1082	966	1184	1138	1261	1035	1273	971	1300	922	1507	1006	1327	890	1268	710	1341	770	1652	706	1417	753	1235	1003	1081	818	1026	889	1267	779	1506	916	1568	711	1331	791	1378	1030	1544	912
AGFG1	4325	3472	4503	3396	3846	3659	3734	3160	3813	3395	3837	3760	3940	4094	4318	4125	4554	4368	4112	5130	4675	4203	4231	4442	4920	4925	4377	4256	3872	4221	3726	4108	3862	4688	3709	4320	3694	4196	3422	4916	3794	3714	3530	4190	4030	4151	3070	5200	2720	4524	3282	3842	3613	4104	3162	3126	3294	4201	3127	4517	3250	5249	3207	4218	3341	4512	3684	4838	3667
RP11-556N21.1	5	4	7	5	7	10	6	5	1	1	5	1	7	2	4	7	4	6	4	6	3	2	1	2	5	6	4	1	3	1	1	1	2	2	6	5	2	2	3	3	1	1	2	1	2	1	2	1	3	1	1	1	3	3	3	1	2	1	2	1	3	1	2	2	7	1	3	2	2
APOL2	297	349	358	318	279	356	282	306	343	317	310	284	334	177	155	193	158	197	137	212	156	197	135	184	157	228	116	33	23	26	21	28	24	38	27	42	20	21	25	47	28	8	2	12	1	14	1	13	1	11	4	5	10	2	4	5	5	9	10	9	2	9	4	1	4	2	9	2	4
MIR455	0	0	0	0	0	0	0	0	1	0	0	0	2	0	0	0	0	0	1	1	0	0	0	0	0	0	0	0	0	0	0	0	0	1	0	0	0	0	0	0	0	0	0	0	0	0	0	0	0	0	0	0	0	0	0	0	0	0	0	0	0	0	0	0	0	0	0	0	0
SMPX	2	0	0	1	2	1	0	0	0	1	0	0	1	4	3	1	6	3	7	13	3	4	5	1	3	12	1	0	1	0	0	1	3	0	3	1	7	2	1	1	13	0	5	0	3	0	0	2	3	1	1	1	0	0	0	0	0	0	1	0	3	0	2	0	0	0	0	0	0
AC073957.15	1	0	0	0	0	0	0	0	0	0	0	0	0	0	4	0	0	0	1	0	0	0	0	0	0	1	0	0	1	0	0	0	2	0	0	0	0	0	2	0	0	0	0	0	0	0	0	0	6	0	1	0	3	0	0	0	0	1	3	0	0	0	1	0	1	0	2	5	0
NEDD1	2109	1178	1525	1168	1422	1320	1556	1166	1466	1291	1445	1384	1547	1872	1701	1723	1613	1874	1312	2220	1845	1943	1664	1896	1724	2266	1696	1563	1074	1655	1182	1653	1339	1715	1419	1798	1168	1685	1191	2053	1140	1068	421	1022	327	1222	449	1390	403	1345	550	1169	797	1300	599	599	533	712	528	810	554	804	571	672	690	755	693	782	643
SAYSD1	268	225	347	216	240	260	285	204	285	236	288	249	240	263	306	255	295	278	326	352	297	285	293	266	244	274	312	265	298	262	309	293	300	307	266	266	212	231	264	343	280	213	274	258	277	226	276	357	327	358	304	263	321	314	258	228	332	287	334	378	350	340	320	281	347	396	360	352	364
AC108462.1	0	0	0	0	0	0	1	0	0	0	0	0	0	1	0	2	0	0	0	0	0	0	0	0	0	0	0	0	0	0	0	0	0	0	0	0	0	0	2	0	0	0	0	0	0	2	1	0	0	0	0	0	2	0	1	1	0	0	0	0	1	0	2	1	0	1	0	0	0
KCTD7	983	874	1086	843	896	905	965	807	1025	830	970	840	976	662	694	632	737	697	753	917	668	758	742	783	837	901	744	862	967	763	857	771	1043	896	945	840	678	794	771	982	883	1194	1905	1252	1803	1422	1788	1453	1632	1498	1518	1191	1526	1004	1686	2136	2967	2691	2879	3168	2750	3140	2999	2698	2573	2921	2919	2957	3151
RPL5P6	28	30	24	34	26	20	27	22	24	36	27	24	24	29	22	30	25	30	40	29	43	27	39	18	28	25	17	36	15	18	21	24	23	31	22	25	13	36	21	25	23	13	11	19	9	18	15	32	15	27	15	19	10	19	11	7	8	18	5	20	9	15	5	19	9	27	10	17	11
AC109829.1	2	0	2	0	0	0	3	1	8	2	6	0	0	0	0	2	0	1	4	1	0	0	2	3	3	2	0	0	3	1	6	0	0	0	1	1	2	0	0	2	11	5	4	0	0	5	7	3	6	2	18	2	7	1	4	4	7	22	11	10	18	7	4	0	2	13	11	4	16
HS3ST5	87	102	114	153	101	133	59	93	75	143	66	99	107	104	95	109	85	156	66	120	90	145	86	152	76	168	72	54	155	62	174	86	192	94	145	68	113	77	125	107	163	119	582	183	727	161	523	194	428	166	452	116	418	150	430	333	489	390	466	508	449	572	431	504	414	488	517	485	532
IFI27L1	219	224	275	212	205	179	212	203	221	231	188	178	230	238	283	283	316	243	358	369	359	331	282	280	327	299	241	438	354	321	318	340	395	378	393	420	357	400	253	454	311	301	188	344	231	336	219	397	208	410	304	314	295	356	275	317	279	375	307	400	264	366	253	346	249	457	309	445	313
LAMP1	5104	5676	6293	5778	5952	5272	5275	4492	5727	5031	5548	5081	5512	5599	5516	5978	5783	6054	5906	7161	6285	5997	5247	5538	5624	7061	5088	4177	4016	4029	3846	4258	4330	4626	4034	4315	3776	3816	3406	4804	3959	2942	4039	3589	5057	3690	3842	4670	3950	4549	4277	3558	4909	3607	4066	3417	3622	4049	3771	4860	4061	5088	3862	4557	3885	4919	4114	4568	3979
ASS1P10	83	101	78	67	57	83	60	70	68	73	72	85	66	556	1327	538	1065	567	1089	756	998	590	944	554	1019	717	872	571	368	414	306	465	331	552	291	481	291	505	278	540	334	79	65	84	57	114	59	128	48	132	53	108	103	111	74	91	58	176	72	195	71	210	92	141	76	151	84	312	68
RP11-572N21.1	0	0	0	0	0	0	2	0	0	0	0	1	0	0	0	3	0	0	0	0	0	0	0	1	0	0	0	0	0	0	0	0	0	0	0	0	0	0	0	0	0	0	0	0	4	0	0	0	0	0	0	0	0	0	0	0	1	0	0	0	0	0	1	0	0	0	0	0	0
RP11-5P22.3	0	0	0	0	0	0	0	0	0	0	0	0	0	0	5	0	0	0	2	0	1	0	0	0	0	0	0	0	0	0	0	0	5	0	0	0	0	1	0	0	0	0	0	1	0	0	0	0	4	0	0	0	6	0	0	0	0	0	2	0	0	0	0	0	0	0	0	0	0
PTOV1-AS2	75	82	138	115	89	124	111	107	115	106	101	98	123	82	63	110	62	97	113	131	47	124	65	112	83	160	74	96	130	94	123	114	128	109	140	101	63	126	78	99	108	101	112	115	150	109	140	115	153	165	114	88	206	87	136	108	145	92	170	153	181	166	165	142	157	149	180	131	163
C5AR1	5	11	9	10	8	5	5	6	11	3	3	4	1	6	1	7	1	4	0	0	0	1	4	0	2	6	4	0	4	0	0	1	0	0	0	1	3	0	1	1	0	0	14	4	43	5	10	3	11	3	3	8	5	0	11	2	33	6	25	3	28	6	31	8	16	13	31	1	16
ITGAL	7	4	5	3	6	6	5	5	6	3	6	12	6	2	2	3	0	2	2	4	3	2	0	0	1	0	2	0	1	0	0	0	0	0	0	0	0	0	0	1	0	1	2	4	5	0	2	5	0	3	0	1	0	5	2	1	1	1	0	0	2	0	1	0	1	3	0	0	0
TRIM77BP	2	0	0	0	0	0	0	0	0	0	0	0	0	0	0	0	1	0	0	0	0	0	0	0	0	0	0	0	0	0	0	0	0	0	0	0	0	0	0	0	0	0	0	0	0	0	0	0	0	0	0	0	0	0	0	0	0	0	0	0	0	0	0	0	0	0	0	0	0
RP11-374A4.1	0	0	2	0	0	2	0	0	0	0	0	0	0	0	1	0	1	1	0	1	0	0	0	0	0	0	1	0	1	0	1	0	1	0	0	0	0	0	0	0	0	0	0	0	0	0	0	0	0	0	0	0	0	0	0	0	0	0	2	0	0	0	0	0	1	0	0	0	2
LPL	371	415	368	457	407	448	302	400	346	482	266	422	271	136	59	144	94	196	106	222	89	162	93	190	76	224	88	31	20	38	12	24	18	33	17	36	16	52	18	41	15	24	12	13	18	12	6	17	10	36	2	32	7	10	2	10	6	18	10	18	20	19	13	18	4	2	15	15	11
TRIM54	66	93	72	93	69	72	41	36	81	70	74	77	67	94	123	94	117	86	143	93	121	87	116	55	160	114	128	133	102	166	111	124	98	173	81	153	106	136	75	155	78	94	174	133	221	150	129	116	144	122	147	109	152	101	107	61	79	57	78	99	72	83	72	56	82	27	74	64	78
ARNTL	284	252	349	328	255	282	255	247	267	267	299	247	278	410	443	424	440	400	411	570	451	405	411	362	458	518	450	477	410	385	410	419	432	470	465	424	384	482	396	543	448	275	229	308	233	329	224	394	245	339	211	253	320	324	249	165	209	231	158	316	176	270	174	230	188	259	203	195	181
RP11-83B20.10	0	0	0	0	0	0	0	0	0	0	0	0	0	2	0	0	3	0	4	1	7	1	1	5	5	4	1	0	3	1	0	1	0	0	0	0	3	0	2	2	7	0	0	3	1	0	0	0	0	0	0	0	0	0	1	1	0	0	0	0	0	0	1	2	0	0	0	0	2
RP11-927P21.7	1	4	1	1	0	1	1	1	1	1	1	1	1	1	1	1	1	0	0	0	0	1	0	3	1	1	1	1	3	0	1	0	0	1	1	0	1	1	1	1	0	1	2	0	7	0	2	2	3	1	2	0	3	0	3	1	3	1	4	1	2	1	2	1	1	1	3	2	1
RPL5P31	4	1	3	4	0	8	3	1	4	1	2	0	3	2	0	1	3	3	3	3	1	2	4	10	2	0	4	0	0	0	1	0	0	0	0	0	0	2	1	0	0	0	0	0	0	0	0	0	0	1	0	0	0	0	0	0	0	0	0	0	1	0	0	0	2	0	3	0	0
SPACA5B	2	0	1	2	0	0	1	0	0	4	0	0	0	2	0	2	0	0	0	0	0	0	0	1	1	0	2	1	0	0	0	0	0	0	0	0	0	0	0	0	0	0	0	0	0	0	0	0	0	0	1	0	0	0	0	0	0	0	2	0	1	0	0	0	1	0	0	3	1
OR9A4	2	0	1	0	0	1	4	0	0	0	0	1	1	0	1	0	0	0	1	0	0	2	1	0	1	1	0	0	0	0	1	0	7	0	0	0	0	0	0	0	2	0	0	0	0	0	0	0	0	0	3	4	1	1	1	0	0	1	2	0	3	0	0	0	4	0	0	0	0
ZNF85	288	217	296	225	239	242	246	227	244	248	208	254	232	283	251	306	305	342	268	351	324	343	274	315	281	333	283	456	418	388	434	435	490	514	467	492	401	399	389	526	472	509	513	521	456	549	490	638	514	663	543	523	552	538	535	487	394	672	400	761	448	828	370	740	462	707	491	774	479
FLVCR1-AS1	573	531	550	448	499	469	474	497	580	508	517	514	453	345	272	418	339	388	307	644	395	495	325	441	365	460	305	167	132	188	157	163	177	159	195	148	100	176	163	251	127	90	64	131	57	90	71	136	112	171	68	113	81	123	57	41	88	80	78	72	80	98	85	59	82	104	57	101	82
SAMM50P1	164	123	178	130	172	125	124	140	156	107	131	130	155	95	117	125	105	119	135	139	117	107	117	132	123	203	132	99	92	107	108	121	114	102	113	112	137	105	125	107	100	92	63	91	77	112	70	126	75	134	99	108	90	143	85	83	75	87	55	99	80	113	69	122	96	100	73	88	58
ZNF707	173	232	266	243	257	201	223	147	260	204	218	202	244	182	161	209	187	166	182	235	192	180	159	180	168	261	154	156	158	144	140	140	143	132	157	127	129	144	121	148	156	148	155	153	225	186	170	259	223	200	197	167	235	161	187	169	198	230	185	254	208	295	185	207	146	247	177	294	210
RP11-429P3.3	0	2	0	0	2	0	0	0	0	0	0	0	0	0	0	0	0	0	0	0	0	0	0	0	0	0	0	0	0	0	0	1	0	0	0	0	0	2	0	0	0	0	2	1	0	1	1	0	0	0	0	0	0	0	1	0	2	0	1	0	0	0	0	2	0	0	0	1	0
TCEB3CL2	1	1	1	0	2	0	0	0	1	1	1	0	0	0	1	2	0	0	1	0	1	2	0	1	1	2	1	2	2	0	1	0	0	0	0	0	1	1	1	0	1	2	0	0	0	0	0	0	1	0	0	1	1	0	1	0	0	1	0	0	1	1	0	1	0	0	0	1	0
NGFR	391	457	390	405	436	416	356	365	390	396	352	385	351	7399	8789	7274	10556	6234	10778	8528	10872	8057	9260	6643	10332	8333	8915	11260	9161	9025	8967	9963	10281	11139	10215	9293	9424	9670	8492	10535	9493	7047	3874	8270	4977	9048	4063	11473	4238	10385	4255	8541	4655	7882	4523	7108	6145	8468	6171	10634	6148	10851	5717	9402	5484	11283	6151	9985	6602
PRR12	2392	3440	3711	3346	3616	2905	3228	2345	3634	2766	3575	2705	3297	2234	1977	2483	2429	2204	2573	2740	2282	2095	2004	2043	2327	2841	2102	1866	2036	1780	1811	1946	2035	2133	2041	1635	1882	1714	1629	1815	2130	1474	2074	1625	2463	1962	1811	2536	2195	2289	2005	1907	2331	1460	1888	1462	1898	1787	1923	2118	1996	2154	1753	1907	1361	2095	1976	2044	2121
INIP	579	451	651	570	499	507	568	533	661	604	458	569	549	577	605	696	687	653	581	817	723	657	559	619	752	775	668	903	729	789	672	821	798	855	778	855	705	883	673	1128	701	671	445	779	377	784	545	975	511	928	575	776	675	848	612	602	501	766	557	946	648	1040	583	849	600	827	644	960	650
HNRNPA1P25	40	20	26	27	24	19	18	21	18	26	26	18	13	22	27	33	12	22	6	31	14	12	10	17	24	23	7	12	23	24	25	17	7	26	9	15	7	16	8	15	10	25	8	10	5	16	9	17	11	19	12	24	17	12	5	12	11	20	17	15	19	21	17	6	9	15	5	25	4
PNLIP	0	0	0	0	0	0	0	0	0	0	0	0	0	0	0	0	0	0	0	0	0	0	1	0	0	0	0	0	0	0	0	0	0	0	6	0	0	0	0	0	0	0	0	0	0	0	0	3	0	0	0	0	0	0	0	0	0	0	0	0	0	0	0	0	0	0	0	0	0
TMEM104	847	1085	1234	1124	1125	978	897	776	1050	893	1075	999	1084	1323	1372	1383	1638	1205	1692	1584	1557	1262	1430	1229	1475	1404	1374	1986	1771	1732	1616	1889	1881	2203	1855	1725	1617	1779	1485	1989	1868	2047	2002	2364	2610	2442	1570	3356	1713	2908	1771	2395	2052	2070	1682	2023	1266	2220	1367	2697	1387	2749	1232	2411	1045	2627	1355	2484	1298
RP11-10J21.4	0	3	2	0	3	0	1	0	0	3	0	0	0	0	1	0	1	0	0	1	0	3	0	3	2	3	2	0	0	1	0	0	0	0	2	0	0	2	1	0	1	0	0	2	0	4	0	1	0	3	1	2	0	1	3	0	0	0	0	1	0	0	0	1	0	0	0	2	0
RP11-203L2.3	31	29	26	24	30	13	25	22	21	24	32	21	28	18	23	26	20	25	14	24	33	23	19	16	30	41	19	24	12	29	19	22	26	40	13	28	23	14	24	48	31	38	16	40	3	32	21	54	3	26	22	24	26	18	27	31	16	38	18	37	21	23	30	34	28	50	31	18	21
RP11-982M15.8	3	1	3	0	1	2	1	1	8	2	1	1	0	0	0	1	1	0	0	6	3	8	2	0	1	0	2	0	0	0	0	1	0	0	0	0	0	0	0	0	0	0	1	0	0	0	0	5	0	0	0	0	0	0	0	0	0	0	1	0	0	5	0	0	0	0	2	0	0
C3orf38	998	704	972	798	811	869	851	688	912	715	853	904	821	845	708	810	749	987	707	1048	791	822	627	874	821	1075	692	771	711	709	722	838	806	877	706	850	677	766	648	966	739	840	784	819	775	784	632	1006	657	870	787	685	755	831	740	718	593	962	479	1005	602	1041	536	941	641	1015	643	1047	672
TM9SF3	10244	7142	9305	7891	8562	9128	8818	7838	8691	8528	8846	9581	8577	8636	8643	8894	8314	10183	6982	11301	9356	9792	8114	9833	9290	11375	8845	7471	6760	7513	6635	7732	7248	8258	6803	7685	6621	7721	5978	8964	6800	6797	6505	7497	6817	7542	5653	9598	4904	8787	5611	6909	6746	7535	5824	6176	5111	8392	4740	9327	5150	10323	4644	9186	5551	9285	5990	9771	5933
ATP8B5P	196	96	121	117	122	149	135	108	136	122	114	167	121	132	136	138	136	123	111	196	202	164	158	194	155	144	146	112	94	116	85	144	108	140	100	132	92	130	94	139	96	94	91	88	74	82	79	120	60	119	76	110	102	152	81	82	77	83	74	120	85	149	66	149	72	146	75	133	82
RGS19	278	261	333	233	262	284	300	171	292	236	297	196	290	220	239	220	314	225	405	270	303	229	232	188	308	267	245	270	271	240	225	246	252	316	266	176	221	166	202	216	211	129	81	162	87	175	63	235	94	210	85	141	143	210	100	91	55	78	69	85	76	103	57	101	68	146	72	108	48
RP11-621K7.1	750	454	646	495	525	511	573	472	550	470	541	533	503	490	612	468	657	586	619	607	658	530	613	464	611	602	583	466	407	358	390	377	414	407	405	372	367	347	350	386	362	240	188	278	152	245	159	292	129	283	134	238	196	300	132	158	94	208	111	211	142	217	137	194	162	240	143	228	110
CERS2	3506	4056	3871	3963	3585	3820	3394	3176	3549	3559	3525	3405	3649	3373	3931	3523	4222	3464	4134	4365	4113	3550	3715	3527	4167	4421	3546	3566	2951	3187	2848	3500	3077	3853	2951	3501	2581	3190	2606	3984	2858	2820	2037	3309	2195	3529	1835	4328	1831	3966	1989	3368	2313	3010	1841	2955	1222	3797	1251	4490	1487	4446	1360	3661	1422	4462	1426	4407	1222
RP11-181B11.2	6	1	3	0	1	0	0	6	1	4	2	1	1	1	1	4	3	4	2	1	1	5	4	7	7	3	5	0	1	3	2	2	2	4	1	0	1	2	0	2	1	3	0	3	4	8	2	1	0	2	4	1	3	3	3	1	3	6	0	4	0	2	1	3	6	2	5	6	3
RP11-1129I3.1	0	0	0	0	0	0	2	0	0	0	0	0	0	0	0	0	0	0	0	0	1	1	0	1	0	0	0	0	0	0	0	0	0	0	0	0	0	0	0	1	0	1	0	0	0	0	0	0	0	2	0	0	0	0	0	0	0	3	0	2	0	0	0	1	1	0	0	0	0
OR52N2	6	4	13	3	8	3	4	6	5	3	4	8	6	2	0	3	3	0	4	5	3	0	0	1	0	4	4	0	1	0	0	0	0	3	0	1	0	0	0	0	0	0	0	0	1	0	0	0	2	0	0	0	0	0	0	2	1	2	0	0	0	0	2	0	0	0	0	0	0
RP11-557H15.4	1	1	1	1	1	1	1	1	1	1	1	1	1	0	1	1	1	1	1	0	1	1	1	1	1	1	1	0	0	0	0	0	0	0	0	0	0	0	0	0	0	0	0	0	0	0	0	0	0	0	0	0	0	0	0	0	0	0	1	0	0	0	0	2	0	0	1	0	0
PRC1-AS1	6	14	5	4	6	4	6	7	8	10	7	8	8	3	11	19	12	9	10	21	6	8	11	10	10	8	14	12	25	5	15	11	11	25	21	9	7	13	18	15	14	8	10	14	1	7	8	15	5	15	6	17	2	17	12	3	6	16	7	4	9	9	8	18	6	10	9	13	4
RP11-19G24.1	1	2	3	1	1	1	1	1	2	2	2	2	1	0	1	1	4	0	2	1	0	1	1	3	4	1	0	1	2	1	1	2	3	1	1	2	0	2	1	4	0	1	1	2	4	1	1	1	0	0	1	2	1	1	4	2	3	2	2	3	0	0	2	1	2	0	0	1	1
RP13-672B3.2	0	0	0	0	0	0	0	0	0	0	0	0	0	0	0	0	0	0	0	1	0	0	0	0	1	0	0	0	0	0	0	0	0	0	0	0	0	0	0	0	1	0	0	0	2	0	0	0	0	0	0	0	0	0	0	0	0	0	0	0	0	0	0	0	0	0	0	0	0
FAM223B	2	2	0	0	2	1	2	2	2	2	0	3	4	2	0	5	0	2	5	1	2	2	1	3	1	1	2	0	0	0	1	0	2	2	2	1	1	0	2	3	1	2	4	6	4	2	1	4	0	6	0	0	2	1	2	0	5	6	0	3	2	4	5	2	1	3	3	3	1
RP11-131L23.2	0	2	1	0	0	1	0	0	2	0	0	0	0	0	0	1	0	0	1	0	0	0	0	1	0	1	0	0	0	0	1	2	1	0	0	0	0	0	0	1	0	1	0	0	0	0	0	0	8	0	0	0	0	0	0	0	0	0	0	0	0	0	0	0	0	0	0	0	0
DAW1	38	31	80	32	54	24	40	29	48	17	55	24	61	9	4	10	5	9	0	10	12	30	4	10	14	5	4	2	0	2	1	4	0	2	3	0	3	0	0	3	8	0	0	0	0	0	0	0	0	2	0	0	1	0	1	0	0	0	1	1	2	4	2	0	0	1	2	0	2
ABHD1	10	10	6	12	11	9	13	13	11	7	19	7	17	5	14	8	8	6	14	10	10	9	11	25	17	13	16	8	12	8	17	11	12	5	14	3	11	2	10	14	5	8	8	7	14	5	14	14	10	13	7	13	8	9	6	16	5	18	12	9	7	14	10	18	19	11	6	22	10
LINC01595	0	0	0	1	0	0	0	0	0	0	0	0	0	0	0	0	1	0	0	0	0	0	1	0	0	0	0	0	0	0	0	0	0	0	1	0	1	0	0	0	0	0	1	0	0	0	0	0	0	1	0	0	0	0	0	0	0	0	0	0	0	0	0	0	0	0	0	0	0
CYP4A22	0	1	1	0	4	1	0	1	0	2	1	0	0	3	1	1	0	0	0	0	1	0	5	0	0	1	0	0	2	0	2	3	0	2	0	1	0	4	2	1	0	1	1	1	0	0	0	0	0	3	2	1	2	0	2	0	2	2	4	0	2	0	1	0	7	0	2	1	1
COX17	248	195	214	211	244	311	215	164	258	212	196	200	225	274	261	266	303	233	274	306	371	264	320	233	271	279	309	270	156	263	151	263	243	281	219	249	205	244	164	332	179	203	112	267	73	219	134	319	70	303	145	243	154	304	147	158	128	180	120	230	118	249	104	209	130	264	131	246	142
RP1-308E4.1	43	74	48	70	66	50	74	60	68	72	50	52	65	44	37	50	46	50	53	51	50	63	61	49	51	79	36	63	33	41	31	46	49	53	44	44	31	47	25	54	46	34	24	54	32	42	44	61	38	59	38	43	46	56	24	30	25	37	24	46	29	63	18	46	18	60	40	32	32
NME2P1	4210	4190	4508	3896	3944	3700	3916	3407	4058	3651	3905	3566	3810	3585	3788	3431	3938	3349	4058	4472	3940	3708	3477	3382	3725	4012	3246	2476	2232	2063	2043	2140	2285	2381	2315	2157	1946	2110	1866	2553	2186	1344	1067	1662	1058	1718	1050	2114	1058	1975	1188	1695	1433	1714	1159	1098	959	1400	1114	1659	1205	1601	1217	1351	1125	1708	1123	1715	1076
TMEM97	3540	3109	3651	3329	3298	3386	3040	2776	3125	3192	3085	3543	2986	3212	3154	3452	3437	3428	3086	3975	3652	3096	3015	3408	3751	4023	3213	5948	5057	5377	4815	5776	5493	6301	5031	5940	4701	5413	4470	6532	4822	7067	5661	8031	6466	8015	4676	9691	4453	8913	5032	7714	5001	7918	4526	7322	4102	9316	4099	10608	4063	10597	3983	9695	3960	10839	4225	10247	4704
RAB6A	3420	2629	2951	2575	2914	3157	3005	2807	2896	2805	2896	2958	2787	2612	2787	2554	2644	2746	2224	3317	2937	2733	2548	2832	2920	3294	2621	2693	2895	2726	2782	2873	3151	2948	2931	2861	2775	2566	2530	3310	2905	3386	5142	3804	5302	3673	4513	4326	4186	4107	4480	3186	4476	3926	4574	5259	5994	6943	5873	7486	5891	8205	5683	6874	6434	6973	7164	7535	7006
CTD-2207P18.2	1	0	0	0	0	2	0	0	0	1	0	0	0	1	2	6	1	1	0	3	0	0	1	0	2	3	3	0	0	2	0	0	0	0	0	1	0	0	0	0	1	0	1	0	0	0	1	0	0	0	0	0	0	0	0	0	0	0	0	0	0	0	0	0	0	0	0	1	0
HSPH1	5753	5357	6971	6138	5632	6352	5597	4739	5482	5235	5288	6065	5927	8963	16661	9462	17090	9755	15994	10656	18340	9160	17051	9370	18589	11313	17798	10628	14705	10882	14531	11130	15508	11543	15296	10910	14370	10047	13957	12831	15004	7896	7126	9206	7168	8713	6783	10312	6575	10420	7641	8485	10032	9842	8436	4878	4479	6394	4686	7076	5493	7520	4386	6842	5561	7107	6420	6905	5046
RP11-799D4.4	13	21	16	15	13	9	8	9	13	7	12	13	1	17	9	16	24	7	11	10	13	8	9	13	14	4	12	14	20	9	14	10	18	8	21	12	22	4	11	4	26	17	14	22	8	10	29	28	31	15	41	11	47	22	40	15	44	20	69	30	54	27	58	27	35	16	53	28	51
LACTB2	428	280	402	281	378	251	327	291	310	284	343	325	313	355	334	305	366	419	307	420	385	389	339	326	350	477	388	395	234	325	236	304	311	355	264	328	227	295	204	386	213	230	24	188	1	216	56	262	60	262	78	230	63	251	77	87	95	149	45	115	44	159	46	148	77	106	64	132	63
NDUFA5P11	363	262	335	241	300	360	308	273	295	261	280	327	324	280	340	247	361	306	322	367	395	270	351	309	373	378	381	296	405	289	327	305	389	368	344	365	311	350	300	460	341	312	261	337	289	305	283	369	244	378	211	258	326	346	321	285	248	394	251	455	246	469	220	363	255	353	291	396	287
LINC01618	0	0	1	3	0	4	0	0	0	0	0	1	1	0	0	0	0	0	0	0	0	0	0	0	0	0	1	0	0	0	0	2	0	0	0	0	0	0	0	0	0	0	1	0	0	0	0	0	0	0	0	0	0	0	0	0	0	0	0	0	0	0	0	0	0	0	1	0	3
C15orf61	85	56	87	79	84	67	91	59	77	60	88	60	92	86	81	70	116	99	146	121	126	99	88	94	121	108	132	169	119	100	111	137	121	112	133	121	96	122	114	175	114	105	112	91	110	127	112	160	112	182	158	108	159	154	104	123	114	164	112	177	126	171	108	165	123	179	122	197	157
TRIM15	1	0	2	1	1	1	1	1	1	0	1	1	2	1	0	0	0	0	0	1	1	0	1	1	0	1	1	0	0	0	0	0	0	0	0	0	1	0	0	1	0	0	0	0	1	0	0	0	1	0	0	1	0	0	0	0	0	0	0	0	0	0	0	0	0	0	0	1	0
OR7E157P	1	0	1	0	0	0	0	0	0	1	0	0	0	0	0	0	0	0	0	0	0	2	1	0	2	1	1	0	1	1	1	0	0	0	0	0	1	1	1	0	1	1	0	1	0	1	0	1	0	1	1	0	1	0	2	0	0	1	1	0	3	1	1	2	0	3	2	2	1
ACTN4	9256	12467	12391	11823	11584	10946	10187	9135	11754	10070	11051	10183	10586	14018	13937	14772	15880	13052	16741	16866	16164	14649	13860	13490	15465	16662	13877	18292	17379	17105	16226	18064	18054	20070	17655	17476	15849	18183	14789	19280	17114	16007	17782	19367	21376	18973	15186	25125	16391	24515	15868	19567	17144	16271	15340	15854	11182	18162	11455	21518	13266	22486	11044	19540	10681	22027	12783	21161	11862
PIK3R6	7	5	7	11	12	7	5	7	9	16	2	4	5	1	2	0	6	0	3	4	0	2	1	0	3	2	3	0	0	0	0	0	0	0	1	1	0	0	0	0	0	0	0	0	0	1	0	3	0	0	2	0	1	0	0	0	2	0	0	0	0	0	0	0	1	0	2	0	0
AP000640.10	8	10	0	8	10	11	3	14	4	7	3	7	4	9	5	4	2	2	5	10	2	7	1	8	12	13	3	5	13	20	10	9	8	5	7	9	9	13	4	11	13	21	7	11	5	17	12	27	18	23	12	13	11	11	12	9	7	15	5	15	9	27	10	20	2	20	15	24	9
RP11-289I10.2	217	339	329	327	241	284	251	232	297	288	263	271	312	214	186	248	208	222	255	285	218	205	169	213	218	282	173	160	147	182	101	167	130	176	170	134	180	162	115	175	124	81	44	150	79	114	69	164	62	153	87	158	83	86	65	83	58	107	63	117	67	106	65	97	62	142	116	135	93
DUX4L2	1	3	3	2	2	1	1	1	2	2	2	1	2	1	1	3	2	2	3	3	1	2	1	2	2	3	2	3	6	3	5	3	5	2	5	2	5	3	6	2	4	2	5	2	5	3	9	2	10	2	8	2	17	1	11	1	8	2	6	1	12	1	8	2	6	1	11	2	7
LAPTM4A	10286	8344	9145	7999	8601	9044	8996	7866	8621	8110	8289	9273	8075	20598	18961	20670	20044	21591	17494	25592	20927	22452	18390	21556	19864	24887	18846	11979	10570	11068	10300	11181	10859	12858	10553	12270	9753	10504	9331	14383	10354	6100	7930	7050	9471	6962	7223	8407	6884	8061	7693	6606	8094	8483	7076	5758	5516	7427	5491	8033	5858	8216	5117	7275	6264	7807	5966	8017	5536
AC019178.3	0	2	2	1	2	8	2	2	1	2	2	2	2	0	0	0	1	1	1	1	0	0	0	2	0	0	0	0	0	0	0	0	0	0	0	0	0	3	0	0	0	0	0	0	4	0	0	0	0	0	1	0	0	0	0	0	0	0	0	0	1	0	0	2	0	0	0	0	0
RN7SKP68	0	0	0	1	0	0	0	0	0	0	0	0	0	0	0	0	0	0	0	1	1	0	0	2	1	0	0	2	1	0	1	1	0	0	0	1	0	0	0	0	1	0	0	0	0	0	1	0	0	0	1	1	1	1	5	0	2	2	0	2	1	2	0	1	1	0	2	3	0
ARHGAP40	1	12	22	9	24	5	17	9	16	11	21	14	14	18	10	4	6	0	12	19	7	16	7	6	17	3	11	1	3	1	1	1	0	3	2	0	4	2	0	2	2	0	2	0	0	1	2	3	0	4	0	0	2	0	2	0	3	3	0	8	2	7	1	1	1	2	2	6	1
MKRN1	4550	3994	4277	3708	3587	4054	4107	3673	4015	3756	3963	4110	3827	3366	3424	3539	3483	3506	3134	4555	3728	4048	3124	3638	3408	4245	3271	2811	2755	2488	2672	2547	2887	2803	2753	2583	2353	2486	2313	3071	2716	2911	2993	3242	3078	3198	2813	4248	2560	3957	2930	3166	2965	3597	2772	2860	2896	3758	2816	4187	2845	4349	2722	3795	3107	4068	3133	4184	3182
TLE1	3696	4681	4684	4346	4453	4169	4277	3440	4333	3745	4171	4014	3904	5048	4010	4945	4758	4764	5087	6251	4997	5167	4326	4771	4908	5699	4224	4570	3926	4485	3730	4719	4264	4929	4123	4743	3662	4021	3595	5271	4389	4989	7804	5765	9683	6450	6613	7763	6915	7372	6669	5762	6832	6019	6468	7220	8196	9347	8565	11137	8265	11637	8273	10022	7899	10974	8703	11116	9272
RP11-349A8.3	0	0	2	2	1	2	1	0	1	0	0	1	3	2	1	2	4	3	5	4	3	2	7	6	3	4	2	2	8	4	8	1	13	9	10	6	8	4	4	7	3	13	35	17	40	14	31	27	35	20	15	19	15	4	38	9	45	14	43	28	30	37	45	34	32	14	52	26	46
RP11-402D21.2	21	12	4	14	1	5	10	19	8	12	6	9	5	7	4	4	7	5	6	4	0	0	4	7	5	1	0	0	2	5	10	2	1	1	10	2	5	1	0	1	2	1	2	1	5	0	3	3	0	5	4	2	7	0	1	0	1	2	2	0	2	0	2	0	2	0	5	1	2
POLR1C	782	695	941	685	892	680	766	490	768	564	798	681	784	412	375	489	391	539	481	569	476	429	372	454	476	545	397	342	433	288	392	324	380	362	365	399	321	255	331	413	345	305	369	306	480	332	353	423	333	413	422	360	408	386	325	273	367	325	330	362	350	314	336	350	385	345	360	379	361
RN7SL771P	0	0	0	0	0	0	0	0	0	0	0	0	0	1	0	0	0	1	1	1	0	2	1	5	0	2	0	0	2	0	0	0	0	0	0	0	0	2	0	0	2	0	0	2	0	0	0	0	0	0	1	0	0	0	0	0	0	0	0	3	0	0	0	0	0	0	0	0	0
AC007879.7	1	0	0	1	0	2	0	1	4	0	2	0	0	0	1	2	0	1	0	7	0	0	0	0	0	0	0	4	3	0	0	0	4	0	0	0	0	0	0	0	0	2	0	0	4	0	1	0	0	1	0	0	0	0	0	0	4	0	0	0	0	0	6	3	0	0	0	6	0
ORAI1	609	693	752	693	802	668	756	548	740	554	725	597	657	458	460	407	575	449	648	592	621	417	486	352	652	524	497	577	512	532	474	524	564	631	510	485	526	543	519	515	493	589	377	680	574	729	348	794	419	950	368	683	305	715	386	471	238	583	218	682	270	794	278	680	215	712	203	629	250
SALRNA3	0	0	0	0	2	0	0	0	0	0	0	0	0	0	0	0	0	0	0	0	0	0	1	0	0	0	0	0	0	0	0	0	0	0	0	0	0	0	0	0	0	0	0	0	0	0	0	0	0	0	0	0	0	0	0	0	0	0	0	0	0	0	0	0	0	0	0	0	0
RP11-98O2.1	0	0	0	0	0	0	0	0	0	0	0	0	0	8	6	1	10	2	12	2	6	6	16	0	16	5	9	5	2	0	0	2	4	0	5	0	1	0	0	0	0	0	0	0	0	0	0	0	0	0	0	0	2	0	0	0	0	0	0	0	0	0	0	0	0	0	0	0	0
ZNF224	302	184	289	170	199	245	219	211	245	180	263	276	230	187	189	212	183	273	166	319	185	262	160	240	220	280	222	181	280	246	235	230	240	228	210	215	224	244	220	287	238	301	293	300	289	308	290	320	249	353	312	320	354	296	335	301	316	402	311	489	361	592	320	481	294	478	427	504	342
RP11-701B6.1	2	3	4	2	2	1	5	5	1	1	0	2	0	9	5	16	3	6	1	9	1	13	14	7	3	7	7	0	2	0	0	0	0	0	0	0	0	0	2	0	1	0	1	0	0	0	0	0	0	0	0	0	0	0	0	0	0	1	0	0	0	0	1	0	0	0	0	0	0
LURAP1	49	34	55	49	56	40	23	37	53	42	33	52	37	25	45	37	44	48	63	58	47	46	43	67	34	33	26	16	9	20	12	17	12	9	20	0	4	10	12	14	11	2	3	7	3	7	3	10	0	1	2	7	1	6	4	6	2	6	5	3	4	7	6	2	4	5	7	7	20
CCNG1P1	266	181	237	207	213	240	262	234	263	239	236	247	193	156	206	168	228	170	170	177	248	198	204	159	204	149	192	218	173	154	161	168	195	198	194	172	188	147	172	160	206	117	105	124	117	166	60	180	85	172	85	136	101	149	82	88	65	92	38	117	56	95	43	128	90	105	64	108	68
MME	1669	1564	1770	1860	1501	1932	1445	1567	1511	2027	1327	1962	1628	1423	1572	1579	1374	1526	1123	1731	1460	1523	1288	1587	1338	1688	1371	595	472	623	437	618	528	736	483	627	445	645	422	883	550	162	215	140	166	142	213	186	163	170	220	128	284	116	238	65	213	62	185	61	199	100	200	55	236	66	290	91	187
RP11-415J8.7	6	5	12	0	9	2	4	0	3	5	5	0	1	24	24	17	17	28	23	28	15	26	22	27	35	20	21	29	43	30	35	30	36	34	22	21	19	47	41	35	21	42	61	21	62	31	30	33	30	46	21	26	46	16	35	29	23	46	21	43	29	34	31	34	12	22	39	42	20
CTC-756D1.3	3	0	2	0	6	0	1	2	1	2	1	6	0	4	7	6	14	4	9	6	0	6	2	4	6	11	2	5	9	8	6	2	2	1	3	1	3	4	6	4	4	2	5	1	0	6	2	6	10	11	2	9	2	4	2	0	0	1	4	5	4	3	3	3	0	4	0	7	2
RP11-153K16.1	1	12	0	5	3	13	2	13	1	6	7	2	4	0	0	0	0	0	1	0	1	0	0	0	0	0	0	0	0	0	0	0	0	0	0	0	1	0	0	2	0	0	0	0	0	0	0	1	0	0	0	0	0	0	3	0	0	0	0	0	0	0	1	0	0	0	0	0	1
AC092646.1	0	0	0	0	0	0	2	0	0	0	0	0	0	0	0	0	0	0	1	0	0	0	0	0	0	0	0	0	0	0	0	0	0	0	0	0	0	0	0	0	0	0	0	0	0	0	0	0	0	0	0	0	0	0	0	0	0	0	0	0	0	0	0	0	0	0	0	0	0
RP11-864G5.1	1728	1370	1712	1249	1465	1385	1570	1269	1533	1110	1477	1634	1474	1316	1374	1324	1559	1219	1409	1601	1664	1496	1565	1478	1495	1597	1532	1300	1137	1195	1098	1144	1111	1255	1213	1274	1151	1088	1092	1368	1153	757	516	792	516	761	500	1006	412	977	469	769	613	1091	596	512	343	644	373	716	422	825	372	730	416	772	372	789	342
P4HA2	960	850	715	641	798	656	841	745	772	822	870	694	608	500	916	485	1027	440	1025	679	1162	554	955	510	1145	592	962	1378	1154	1246	1036	1349	1085	1543	1190	1482	1045	1310	1000	1521	1002	957	642	1004	722	1132	602	1198	655	1260	741	1059	748	1063	719	1104	636	1399	696	1685	602	1655	600	1411	606	1829	709	1366	636
WARS	4138	4391	5227	4294	4372	4050	3908	3293	4432	3916	4202	3812	4149	3941	3538	3802	3510	4066	3653	5214	3792	4240	3143	4266	3416	4579	3225	2311	2753	2229	2497	2200	2768	2359	2834	2243	2406	2125	2167	2425	2485	2439	2786	2735	2774	2831	3165	3708	2750	3159	3126	2592	3075	2629	2954	4016	5133	5885	5190	6748	4950	7238	5249	5633	4730	5732	5408	7739	5420
RTFDC1	1885	1624	1910	1580	1744	1498	1682	1354	1597	1448	1644	1487	1633	1740	1905	1743	1979	1746	2026	2086	2139	1789	1930	1779	1962	2097	1905	2064	2010	1820	1868	1786	2336	2018	1979	1877	1754	1852	1711	2253	1948	1740	1529	2217	1844	2088	1585	2577	1571	2389	1879	2027	2021	2180	1807	1927	1641	2242	1499	2700	1881	2709	1667	2399	1831	2798	1937	2738	1566
AP000889.1	179	106	160	116	128	122	155	94	128	99	102	144	156	137	144	145	165	179	135	175	165	170	140	168	158	215	166	88	107	104	139	116	129	117	114	128	132	124	82	158	118	136	124	158	165	123	78	163	94	144	107	120	98	172	103	81	84	128	67	150	81	154	76	112	90	118	84	157	97
RP11-370B11.3	0	0	0	0	0	0	0	0	0	0	1	0	0	0	0	0	0	2	0	0	0	0	0	0	0	3	0	0	0	1	1	3	0	0	0	1	3	1	0	3	0	0	2	0	6	0	3	0	0	0	2	5	4	4	0	0	0	0	1	0	2	0	2	3	4	0	3	1	0
HIST1H2AE	7	10	12	6	11	10	17	8	12	4	14	3	5	14	19	28	17	30	27	27	17	26	26	20	26	12	29	10	5	7	7	19	11	12	18	12	14	29	8	13	11	14	8	3	7	6	7	7	0	9	17	4	15	4	13	3	11	19	10	8	6	4	9	5	8	13	11	7	12
RP11-90C1.1	0	0	0	0	0	0	0	0	0	0	0	0	0	0	4	0	0	0	1	0	0	0	0	0	1	0	6	0	1	1	0	0	0	0	0	0	0	0	0	0	0	0	0	0	0	0	0	0	0	0	0	0	0	0	0	0	1	0	1	0	0	0	0	1	0	0	0	0	0
TESMIN	1585	1622	1451	1460	1394	1397	1414	1243	1429	1383	1487	1507	1269	614	671	674	690	630	583	886	703	759	611	689	742	806	608	269	101	173	113	212	115	216	127	251	98	200	113	307	140	108	13	104	18	110	18	106	10	117	34	94	24	108	12	86	48	84	51	131	30	115	27	115	41	123	40	121	37
RP11-733O18.1	5	2	3	0	1	3	0	1	0	0	4	1	0	0	0	0	0	0	0	0	0	0	0	2	1	0	0	0	0	0	0	0	0	0	0	0	0	0	0	0	0	4	1	0	0	0	0	1	0	0	0	0	0	0	0	1	1	0	2	0	1	0	0	1	0	0	0	2	0
AC005351.1	75	52	52	47	45	50	56	47	76	76	62	58	50	73	96	56	70	48	84	118	88	65	98	89	80	101	92	68	75	70	85	58	52	76	75	73	36	84	41	90	70	70	41	68	55	76	54	98	44	98	42	58	46	41	46	68	39	83	38	61	40	94	39	108	32	89	64	56	45
HSPE1	3278	2065	2842	2474	2348	2411	2462	2162	2656	2242	2301	2478	2494	2000	2421	1918	2575	2179	2196	2520	2766	2154	2274	2330	2507	2313	2431	1999	1583	1539	1710	1783	1821	1844	1637	1839	1565	1593	1658	2021	1743	1106	606	1436	675	1119	678	1491	638	1581	745	1184	902	1839	806	588	436	723	473	861	507	869	417	755	668	871	625	851	485
TDRG1	11	16	11	6	17	28	10	23	19	11	12	26	10	20	9	33	17	8	6	23	16	23	17	11	6	19	5	2	4	2	5	9	2	0	0	9	4	9	1	9	0	8	0	8	1	0	2	2	2	8	0	4	0	3	4	2	4	1	3	2	6	0	7	1	3	0	4	3	3
HLA-DQB1	258	287	243	271	230	218	249	249	295	215	302	280	207	493	598	585	535	585	516	658	577	530	387	497	466	692	480	231	158	220	164	195	198	240	178	264	166	183	117	195	157	42	56	52	69	80	42	57	51	62	70	54	46	72	52	33	42	13	43	16	35	16	33	22	50	11	23	12	17
SSC5D	30	58	55	29	57	57	41	34	63	33	72	22	66	46	61	44	88	44	96	41	64	66	71	69	110	77	75	83	144	95	113	92	136	71	133	97	133	75	107	72	137	98	86	113	182	122	116	139	155	134	119	112	141	61	127	125	160	152	179	161	175	176	157	119	98	169	236	229	155
UBE2Q2P8	0	0	0	0	0	0	0	0	0	0	0	0	0	0	0	0	0	1	0	0	0	0	0	0	0	0	0	1	0	1	1	0	0	0	0	0	0	0	2	0	0	1	0	0	1	0	1	0	0	0	0	0	0	0	1	0	2	0	0	0	1	1	0	0	0	1	1	1	1
MIR8055	1	0	1	0	2	0	0	0	2	0	0	0	1	1	0	1	0	1	2	0	0	1	3	0	0	1	3	2	0	1	1	2	0	0	1	0	1	1	2	4	1	0	1	4	3	2	1	3	0	3	1	3	0	0	1	0	0	8	2	1	1	0	4	2	1	1	1	2	1
HOXB8	0	0	0	0	0	0	0	0	0	0	0	0	0	0	0	0	1	0	0	0	2	0	1	0	0	0	0	0	0	0	0	0	0	0	3	0	0	0	1	0	2	0	0	0	0	0	0	0	0	0	0	0	0	0	0	1	0	0	0	1	0	0	0	0	0	1	1	1	0
BDKRB1	0	0	0	3	1	2	4	0	3	0	4	0	1	2	3	2	2	0	5	0	3	7	3	0	6	0	4	5	4	2	1	6	10	2	6	1	8	4	5	3	7	8	5	7	0	4	4	5	0	4	4	0	4	3	1	23	10	17	9	47	14	54	13	43	17	37	26	37	13
GAS1RR	0	0	0	0	2	0	0	0	0	1	1	0	0	7	4	2	2	8	1	1	0	1	6	4	0	2	0	2	4	4	1	0	3	0	3	5	2	11	0	0	0	0	5	2	0	1	1	3	0	1	5	2	1	1	4	2	3	0	1	0	8	10	3	4	3	0	4	1	7
AC104057.1	1	1	0	0	0	1	0	0	2	0	0	1	0	1	3	2	3	1	7	0	1	2	6	3	5	2	1	8	6	3	5	8	7	2	8	1	11	5	5	2	9	5	6	3	5	9	7	3	6	7	12	3	5	8	8	24	17	9	15	12	16	8	17	24	11	19	13	12	10
AC092614.2	13	13	16	16	8	10	14	8	5	17	12	20	10	9	6	12	12	15	4	13	7	8	10	15	5	26	9	7	16	13	18	12	19	16	16	21	18	28	7	4	8	8	23	22	5	21	22	14	11	17	29	15	33	10	22	31	20	32	24	18	30	37	36	24	25	33	38	44	25
AXIN2	678	617	851	696	761	728	594	583	661	615	627	729	618	433	320	504	349	567	352	552	349	490	356	490	394	546	368	361	369	332	375	400	402	376	440	400	329	296	370	438	412	447	476	543	559	551	520	577	584	555	421	401	496	419	459	689	613	916	582	1046	570	1278	562	934	601	905	610	919	636
CDK2AP2P2	2	8	8	8	11	4	6	5	7	5	3	7	8	6	3	7	8	6	9	4	10	6	2	4	8	7	6	13	4	10	7	10	7	6	5	9	6	12	4	6	4	2	0	2	5	6	2	3	2	5	3	5	3	6	0	2	4	2	3	2	2	2	2	4	3	9	2	4	3
RP11-401L13.4	2038	1737	1955	1642	1601	1501	1590	1422	1730	1482	1710	1486	1434	1583	1738	1543	1952	1682	1934	2036	1824	1590	1566	1345	1662	1907	1452	1512	1437	1140	1355	1259	1412	1415	1389	1221	1184	1247	1174	1411	1209	1008	720	1312	778	1234	734	1593	568	1546	658	1151	921	1202	757	831	497	1046	551	1196	643	1071	584	956	672	1254	648	1179	561
SEPT14P9	3	2	2	4	10	4	4	2	1	4	5	1	4	6	4	6	2	9	3	7	3	7	8	9	4	9	5	6	5	4	3	2	2	2	4	4	2	2	4	3	4	2	4	3	5	8	6	2	1	5	3	3	4	2	3	4	5	4	6	4	3	5	7	6	5	5	4	8	5
PSAT1P1	210	243	313	336	313	267	232	230	266	349	236	275	288	251	182	233	209	211	186	312	228	279	192	276	200	264	206	131	75	124	74	119	122	144	95	104	82	114	79	163	110	80	42	56	52	116	32	146	39	106	40	107	56	77	52	216	50	340	59	366	53	353	43	300	47	361	78	369	64
EME2	318	370	533	432	438	421	480	320	447	366	509	386	501	298	265	401	394	350	410	434	367	335	242	303	351	455	385	926	1403	905	1350	972	1383	1002	1383	858	1054	1031	1255	1027	1135	1407	1708	1669	1727	1712	1594	2055	2145	1859	1924	1672	1896	1176	1855	1399	1717	1516	1792	2292	1874	2291	1644	2151	1420	2171	1763	2507	1712
RP11-313C15.1	0	0	0	0	0	0	0	0	0	0	0	0	0	0	0	0	0	2	1	0	0	0	0	0	0	0	0	2	1	0	4	0	2	0	0	0	0	0	0	0	0	0	2	1	0	0	0	0	1	8	1	1	4	0	4	1	8	0	4	2	1	2	0	0	2	0	5	2	6
FBXL16	472	596	485	501	567	488	572	415	607	540	513	461	445	254	453	259	585	241	589	377	652	299	474	226	639	331	555	1222	1786	992	1665	1109	1885	1364	1807	1063	1525	1116	1551	1089	1864	1233	2483	1676	3358	1854	2419	2567	2710	2155	2651	1827	2474	1717	2590	2788	2856	3187	2930	4053	2877	4176	2840	3611	2428	4653	2562	4503	3172
MIR194-2HG	0	1	4	0	0	1	0	0	1	0	1	1	2	2	1	8	0	3	0	2	1	2	0	3	1	3	1	5	2	2	1	3	0	0	10	3	0	2	0	1	0	1	3	4	0	0	1	0	3	4	13	4	2	6	0	0	8	3	4	2	7	0	8	0	3	6	2	1	0
CTD-2527I21.15	16	22	19	30	23	22	20	17	23	21	25	16	20	73	84	45	42	40	40	108	56	60	65	47	55	50	51	16	9	19	4	8	13	19	3	13	8	15	7	16	5	0	4	2	0	2	0	3	0	1	1	6	4	5	1	0	5	2	0	0	1	0	1	9	0	6	1	1	4
NPY	19	11	24	12	23	9	26	9	32	13	15	12	30	121	94	89	86	93	93	133	78	117	77	90	102	94	106	23	9	13	20	15	4	9	5	11	11	10	13	20	14	1	4	2	11	2	9	3	1	15	7	3	4	5	5	3	6	2	8	4	6	0	3	0	9	0	13	1	6
SARS2	228	274	300	206	275	263	254	204	299	181	325	212	254	202	204	213	237	206	245	303	242	230	179	173	234	287	269	220	218	189	204	194	194	176	192	148	168	193	175	183	162	177	223	173	207	178	143	254	207	209	161	193	234	168	159	145	145	190	170	202	172	207	167	215	136	226	142	201	153
RP11-192H23.7	5	6	9	9	6	10	5	6	12	10	8	6	10	12	16	4	12	6	6	7	22	8	14	7	12	9	6	4	14	14	16	12	15	9	18	11	4	10	9	19	13	8	15	18	14	9	19	23	11	14	16	26	14	3	10	14	24	18	29	15	17	23	23	23	10	16	20	19	17
CTD-2535L24.2	2	1	1	1	0	1	1	1	0	1	0	1	0	0	0	1	1	1	1	1	0	1	1	1	0	1	0	0	1	1	1	0	2	0	0	0	0	0	0	1	1	0	0	1	1	0	0	1	3	0	2	0	0	1	1	1	0	1	1	1	0	1	1	0	1	0	0	0	0
SLC16A6P1	13	1	12	5	6	4	8	2	5	0	8	1	2	5	7	4	8	0	8	6	4	7	5	8	5	9	5	2	4	2	7	2	5	4	8	2	1	3	10	9	1	8	1	1	0	4	0	7	0	5	4	6	3	3	1	2	6	2	5	2	0	1	0	8	3	5	3	10	3
SOX3	151	377	237	446	271	392	272	332	225	396	237	401	238	134	56	182	81	121	105	180	72	171	78	161	49	163	67	27	22	29	10	42	22	38	18	37	21	18	28	44	24	12	41	27	46	19	40	64	42	55	34	27	42	35	31	36	39	43	16	80	31	69	38	68	22	70	49	83	29
TNNT2	94	143	128	166	88	134	92	105	101	125	77	128	80	225	388	271	472	184	480	266	494	346	489	210	452	301	395	120	87	163	82	94	110	140	122	102	107	135	115	131	82	32	18	26	25	16	19	34	22	24	18	16	24	36	24	6	15	26	30	5	21	12	20	18	30	14	23	15	5
RP11-397J20.1	1	0	0	1	0	0	0	0	0	0	1	0	4	2	1	0	0	2	0	2	0	1	2	0	0	0	0	0	0	1	0	0	0	1	0	0	1	0	0	3	4	0	2	2	0	0	1	0	8	0	2	0	2	2	0	0	2	4	0	0	0	2	2	1	0	0	2	0	0
AC100830.5	21	7	14	13	13	16	13	10	16	9	17	18	12	15	11	11	8	9	5	14	3	13	3	5	6	21	8	9	13	14	5	12	7	8	2	6	1	6	3	9	11	12	16	19	15	6	23	22	13	18	22	17	15	13	23	16	15	20	15	22	23	37	16	13	10	19	42	29	19
RPL21P119	2149	1689	1879	1606	1682	1734	1746	1598	1750	1690	1592	1845	1653	1715	1820	1763	2038	1909	1884	2138	2186	1900	1904	1829	1992	2149	1800	1903	1398	1536	1374	1613	1560	1770	1477	1735	1331	1547	1306	2049	1417	1127	690	1308	770	1232	682	1585	613	1567	780	1272	838	1679	732	762	497	1037	517	1197	599	1174	522	1046	679	1245	652	1273	526
RPSA	18855	16749	18955	16168	16518	16338	17142	14744	16944	15060	16785	17165	15973	15313	15667	15440	18002	15138	17407	19457	18502	16384	15827	15184	17267	17623	15889	14500	10818	11552	10973	11797	12170	13638	11929	12698	10490	12221	10032	14865	10563	7531	5002	8558	5544	8482	4757	10596	4645	10704	5434	8671	6188	10495	5067	4903	3394	6146	3722	7369	4249	7310	3570	6230	4592	7985	4201	7275	3698
CARD11	1898	2377	2691	2301	2504	2110	2142	1802	2513	1846	2378	1952	2350	731	851	891	792	887	808	997	669	830	627	871	779	1042	663	115	176	154	113	142	180	141	143	141	184	102	191	162	177	84	100	72	123	67	94	61	75	122	91	61	104	48	143	88	116	106	114	130	136	161	167	83	110	101	161	86	114
RP11-507E23.1	2544	2172	2341	2121	2024	2215	2044	1916	2053	2035	1946	2225	2011	1859	1877	1898	1963	1957	1795	2294	2120	2057	1766	1842	1800	2194	1753	1396	900	1105	937	1139	979	1281	959	1256	922	1040	864	1448	922	640	436	694	373	654	399	858	327	945	473	738	454	792	405	312	270	432	255	493	300	493	319	433	454	519	343	472	292
PLEKHA1	1681	1355	1399	1236	1220	1482	1357	1313	1427	1410	1497	1523	1386	1893	1908	1988	2000	1863	1685	2349	1978	2125	1941	2142	2333	2243	2127	2469	2094	2397	2137	2508	2331	2531	2128	2569	1961	2864	2035	3216	2005	1807	871	1883	817	1753	999	2270	811	2326	1107	1962	1253	1738	1067	1547	1138	1965	1194	2404	1143	2484	1053	2351	1113	2422	1426	2849	1323
RP11-543H23.2	0	0	0	0	0	0	2	0	0	0	0	0	0	0	0	0	0	0	0	0	0	0	0	0	0	0	0	0	2	0	0	0	0	0	0	0	0	0	0	0	0	0	0	0	0	0	0	0	1	0	2	0	0	0	0	0	0	1	0	0	1	0	0	0	0	0	0	0	0
RN7SL270P	0	0	0	0	0	0	0	0	0	0	1	2	0	0	0	1	0	1	0	1	0	1	0	0	0	1	0	1	5	0	1	0	0	0	1	0	0	0	0	1	1	1	1	1	0	1	4	1	2	0	1	1	1	2	0	0	1	1	0	0	0	0	1	3	1	1	5	2	2
MADCAM1	31	67	40	36	56	52	43	42	66	63	34	55	48	19	15	21	21	22	31	26	15	44	17	35	28	44	24	7	15	4	5	20	11	19	18	8	12	10	5	3	5	4	16	15	30	14	20	20	34	13	17	9	18	19	26	28	30	15	31	34	26	43	35	19	19	37	32	47	43
AC007950.1	0	0	2	0	0	0	0	0	0	0	0	0	0	0	0	0	0	0	0	0	0	0	1	0	0	0	0	0	0	0	0	0	0	0	0	0	0	0	0	0	0	0	0	0	0	0	0	0	0	0	0	0	0	0	0	0	0	0	0	0	1	0	0	0	0	0	0	0	0
RP11-465L10.10	32	46	31	28	41	22	34	28	38	27	37	17	36	38	54	34	44	41	34	39	31	49	42	41	47	47	36	32	34	17	28	27	19	33	22	20	30	33	20	24	15	27	6	18	9	21	11	25	6	31	19	28	21	33	10	21	14	35	7	22	4	21	6	42	4	55	11	29	6
TRNP1	617	881	838	955	788	940	689	704	700	817	578	925	749	751	411	838	489	689	492	1158	585	851	434	860	475	1001	496	352	266	309	235	321	324	415	278	323	268	302	262	357	320	294	208	422	176	444	156	506	172	499	238	398	257	453	208	497	227	485	251	599	233	678	224	620	241	699	230	693	288
RP11-429G19.3	85	86	79	73	63	58	60	74	63	76	80	68	82	58	97	79	82	78	47	100	83	88	64	70	100	101	93	97	69	90	65	69	74	82	79	61	52	89	68	109	51	59	35	54	24	66	35	59	35	84	40	65	65	83	41	37	42	58	41	39	37	61	48	67	44	72	58	83	40
RP11-727F15.11	2	1	4	1	6	0	6	3	5	2	1	7	4	0	4	0	3	4	5	1	2	4	3	2	3	1	4	3	2	3	3	5	7	5	7	7	2	0	4	7	2	2	5	4	10	0	2	2	9	7	1	4	3	6	3	3	4	2	4	5	0	0	0	2	3	8	3	6	4
LDOC1	749	979	1047	856	901	791	792	783	898	771	856	762	832	836	733	939	765	780	956	1002	805	907	725	851	801	957	714	522	507	452	505	493	594	577	545	535	473	394	435	525	510	371	367	484	373	421	483	493	564	573	597	450	605	462	609	494	686	671	817	769	748	751	664	737	717	843	692	747	821
RP5-981O7.2	2	0	2	3	0	0	6	8	0	1	0	2	5	4	8	2	5	5	8	7	2	5	14	9	2	11	8	4	4	2	5	3	5	7	2	3	2	10	3	1	4	4	10	3	1	1	7	7	20	6	11	7	4	1	10	3	8	14	9	0	11	10	6	2	5	10	2	22	13
KCTD20	2289	2018	2336	1661	2130	2006	1978	1773	2146	1818	2311	1806	2090	2049	2566	2244	2318	2170	2192	2636	2621	2299	2297	2253	2519	2314	2310	2376	2358	2289	2338	2321	2693	2502	2318	2352	2209	2514	2191	2828	2232	2445	1234	2636	1002	2523	1529	3051	1481	3041	1812	2587	2420	2299	1918	1912	1901	2540	2067	3155	2107	2957	1888	2567	1966	2753	2399	3288	2211
LINC00854	28	27	36	16	17	13	31	11	31	31	29	9	23	68	49	69	51	66	48	133	37	84	47	78	66	87	47	22	35	24	44	19	33	27	32	28	31	19	24	25	20	21	18	11	25	21	21	7	25	23	33	18	33	5	27	13	17	14	30	14	37	13	24	17	46	35	44	21	35
RP3-337H4.9	6	3	7	7	4	5	5	6	2	2	2	3	8	3	1	7	1	7	1	2	0	4	6	0	4	3	2	6	5	5	7	3	7	1	1	0	3	1	2	6	2	2	5	3	2	5	3	6	4	3	3	8	9	4	4	0	4	2	5	3	10	12	4	1	3	1	2	2	12
LLNLR-285B5.1	15	9	11	6	5	11	16	16	12	16	15	12	9	9	10	5	15	11	16	9	2	6	13	12	9	13	8	14	11	8	11	13	11	7	7	6	5	6	9	8	2	18	6	8	14	7	4	9	1	4	8	10	7	6	14	10	20	14	21	14	17	23	9	11	10	6	12	16	22
NLRP12	357	336	449	304	403	291	363	251	400	294	440	315	324	230	180	178	242	211	240	270	182	223	158	190	171	261	153	34	38	28	20	30	24	23	25	25	17	14	14	35	26	9	28	6	56	6	23	3	19	12	18	5	8	11	22	19	36	18	28	14	29	15	19	17	35	17	30	14	23
RP4-806M20.5	3	4	9	2	3	0	4	4	0	3	2	8	2	0	1	1	0	3	2	2	0	4	3	0	0	2	2	0	0	0	0	0	0	0	0	0	0	0	0	0	0	0	1	1	0	0	0	0	0	0	0	0	0	0	0	0	0	0	0	0	1	0	0	0	0	0	0	0	0
RAB3B	4100	4607	5643	4604	4313	4551	3857	4119	4457	4702	4494	4258	4698	3588	3689	3930	3559	3682	3436	4563	3335	3677	3314	3923	3761	4755	3599	1320	1716	1578	1753	1578	1633	1558	1688	1533	1509	1599	1408	2062	1753	665	1234	664	1219	554	1037	567	1058	617	1041	617	988	473	1121	457	1341	529	1298	610	1055	649	1232	540	938	565	1356	659	1418
ZNF829	323	369	271	390	236	394	243	335	316	388	273	473	244	413	223	451	228	404	198	445	237	405	248	420	236	527	242	353	177	280	173	307	180	369	196	378	144	324	160	418	180	292	115	327	107	318	163	365	120	276	125	235	131	243	171	271	195	404	175	414	120	443	203	408	221	394	221	367	198
WRAP53	1215	1280	1546	1250	1373	1132	1270	936	1367	900	1228	1152	1262	1067	1068	1218	1338	1154	1290	1403	1400	1058	1023	1036	1324	1304	1112	1275	1078	949	993	1067	1267	1199	1154	1021	1058	970	1012	1096	1225	827	1002	927	1119	1016	803	1203	848	1231	895	928	1167	1039	895	831	559	919	673	1165	755	1225	677	1008	697	1291	791	1014	774
PRR13P3	0	0	0	0	0	0	0	0	0	0	1	0	0	0	0	1	0	0	0	2	0	0	3	0	0	0	1	2	0	1	0	0	0	0	0	0	0	4	0	0	0	0	1	2	0	0	0	0	0	0	1	0	0	0	1	0	3	0	5	1	4	0	0	0	0	0	4	3	2
RP11-536C10.26	28	20	29	20	21	16	23	19	24	18	30	23	26	34	28	33	25	24	24	28	26	27	33	24	41	31	34	39	34	28	22	23	34	37	27	38	28	24	22	35	23	25	5	20	5	26	6	32	5	42	12	23	12	24	5	7	2	8	3	5	5	6	2	9	5	5	5	14	2
CNN2P10	0	0	1	0	0	0	1	1	2	0	0	0	0	0	0	0	0	0	0	0	0	0	1	0	0	0	0	0	0	0	0	0	0	0	0	1	0	0	0	0	0	0	0	0	0	0	0	1	0	0	0	0	0	0	0	0	0	0	0	0	0	0	0	0	0	0	0	0	0
CDADC1	160	118	149	98	151	137	105	99	137	119	104	115	126	109	126	113	101	142	122	166	129	132	96	127	126	165	130	127	105	84	79	132	108	125	114	104	78	81	94	151	102	92	67	145	83	120	71	128	71	91	55	88	68	93	88	65	87	73	106	97	133	98	97	102	104	125	118	61	110
OR7E129P	0	0	0	0	0	0	0	0	0	0	0	0	0	0	0	0	0	0	0	0	0	0	0	0	0	0	0	0	0	0	0	0	0	0	0	0	0	0	0	0	1	0	0	0	0	0	0	0	1	0	0	0	1	0	0	0	0	0	0	0	1	0	0	0	1	1	1	0	0
AC144450.2	30	39	29	32	39	36	29	40	22	35	16	42	30	14	12	18	4	20	28	44	22	31	4	34	24	24	18	4	0	1	0	4	2	3	2	6	1	0	0	0	1	0	2	3	1	1	4	2	0	2	1	3	11	0	0	1	3	0	1	1	0	1	0	0	0	1	3	4	0
RP11-807E13.3	162	127	202	151	158	150	141	120	156	137	144	116	154	107	162	130	134	130	120	128	104	110	92	124	108	142	128	91	118	80	92	106	123	86	105	96	72	74	94	84	105	70	62	95	27	108	58	130	46	132	70	78	74	70	76	55	45	85	54	92	55	92	77	68	80	92	70	101	47
RP11-136L23.2	6	7	7	6	5	4	4	2	4	5	6	6	5	2	1	4	3	3	1	4	2	1	1	2	3	3	0	1	0	1	1	0	1	1	0	0	0	0	0	1	1	0	0	1	0	0	0	0	0	0	0	0	0	1	0	0	0	1	1	0	0	0	1	0	0	0	0	0	0
FAM21EP	105	106	176	100	123	118	127	87	155	101	132	122	125	134	136	140	159	152	172	128	162	108	91	99	163	143	136	290	337	249	276	259	303	296	273	249	252	281	208	293	247	345	296	400	292	402	279	426	355	419	306	314	326	260	370	405	316	468	273	529	261	528	298	466	246	533	329	509	293
RPL7AP31	1817	1353	1685	1310	1392	1300	1494	1214	1526	1237	1478	1285	1431	1265	1581	1282	1602	1312	1626	1665	1672	1478	1441	1261	1608	1560	1481	1412	1501	1131	1392	1191	1449	1312	1426	1245	1310	1219	1298	1414	1346	970	947	1228	939	1086	890	1438	710	1345	752	1085	1072	1211	859	817	542	1114	635	1164	759	1116	639	1008	716	1244	718	1252	582
NDUFB5	2199	1663	1820	1402	1847	1686	1806	1570	1805	1777	1824	1762	1523	2114	2448	2120	2648	2317	2238	2592	3077	2419	2385	2258	2719	2366	2635	3467	2893	2906	2896	2832	3218	3278	3133	3180	2908	2995	2636	3719	3110	2416	1358	2736	1444	2680	1496	3502	1440	3344	1811	2672	1792	3607	1847	2028	1143	2487	1177	2988	1340	3053	1062	2882	1571	3003	1556	3224	1402
RAD9B	5	5	3	5	6	11	3	10	4	2	7	5	5	5	8	15	8	5	10	5	9	5	3	2	7	6	4	7	11	14	17	16	10	20	22	11	9	3	9	13	11	6	2	13	0	6	15	9	0	10	6	4	4	4	5	0	7	3	6	3	4	20	9	9	2	4	8	13	3
C5orf47	25	29	19	18	18	20	24	8	16	20	25	8	30	59	35	46	39	47	28	55	55	57	40	44	74	45	27	6	7	2	2	1	4	12	3	8	3	5	6	5	2	4	0	6	2	9	2	6	1	1	0	3	4	1	3	1	3	0	4	0	6	2	0	4	4	9	4	8	7
EIF1P6	0	0	0	1	1	0	0	0	4	1	1	1	0	1	1	1	1	0	0	3	0	0	0	4	0	0	1	0	0	2	1	1	0	0	3	2	0	0	1	2	2	0	2	0	5	3	0	1	5	1	0	1	3	0	1	1	0	3	1	3	0	2	5	3	0	1	4	0	1
ZNF582-AS1	159	173	164	137	171	159	150	129	102	131	129	169	155	146	147	195	199	219	190	249	210	162	199	228	240	244	171	141	107	133	113	146	124	113	122	130	87	146	97	133	75	75	50	91	15	123	68	118	71	96	56	127	73	94	75	115	93	132	101	171	97	189	81	126	96	155	84	171	69
CTD-2104P17.2	16	9	13	2	7	5	2	4	6	8	13	5	12	2	5	6	7	4	3	11	3	3	6	10	6	9	8	15	6	9	7	13	3	5	4	5	4	10	4	7	2	7	4	6	2	7	3	5	6	12	8	2	6	5	4	4	3	8	12	15	7	7	3	4	6	9	12	11	4
LL09NC01-139C3.1	1	1	0	2	3	1	2	2	1	3	6	1	3	4	4	2	6	3	2	4	1	4	5	7	14	3	3	4	4	2	7	1	3	0	0	0	3	1	2	0	8	2	5	6	4	3	8	3	3	0	0	4	12	4	5	4	3	4	15	9	10	5	15	19	5	2	7	8	14
GOLT1B	1636	1272	1423	1254	1313	1576	1384	1392	1356	1532	1265	1680	1344	1713	1866	1736	1697	1961	1457	2262	1727	2165	1911	2012	1831	2209	1917	2252	1603	2266	1577	2214	1808	2340	1622	2334	1524	2149	1470	2574	1628	1780	1167	1870	927	1925	1171	2276	1036	2165	1271	1777	1374	1984	1292	1395	1273	1837	1096	2133	1152	2099	1156	2050	1544	1956	1437	2174	1451
RP11-390P24.1	26	30	16	30	17	17	23	21	29	28	16	26	16	23	17	27	36	19	23	31	11	22	15	30	25	24	22	31	29	13	32	20	31	14	25	23	17	37	17	18	25	24	28	28	42	17	35	25	29	32	31	33	27	24	27	21	48	22	30	45	34	33	37	32	37	33	53	31	32
RP5-1121A15.3	0	0	0	0	0	0	2	0	0	0	0	2	1	0	0	0	1	0	0	1	0	1	0	0	0	0	0	0	0	0	0	0	0	0	0	0	0	0	0	0	0	0	0	0	0	0	0	0	0	0	0	0	0	0	0	0	0	0	0	0	0	0	0	0	0	0	0	0	0
RP11-423P10.2	94	68	80	62	67	84	78	73	66	77	66	100	89	46	62	73	50	75	51	101	62	76	59	111	81	86	77	51	60	74	59	60	56	55	55	62	46	70	57	73	65	61	68	82	71	78	57	93	29	62	56	69	55	60	66	62	87	93	59	124	65	127	63	122	68	70	95	145	86
ELL2	864	753	790	788	709	882	778	753	803	868	779	850	720	1527	1559	1576	1676	1704	1370	1908	1913	1619	1497	1835	1661	2023	1687	1794	2282	1896	2155	2026	2377	2040	2146	2209	2084	1819	1888	2314	2177	2154	2284	2354	2264	2337	1870	2986	1849	2806	2160	2061	2451	2402	2089	1810	1607	2314	1389	2518	1739	2712	1392	2657	1841	2744	2066	2646	1830
AP1M2	4511	4722	4638	4365	4358	4242	4324	3640	4554	4192	4179	4251	3821	3471	2026	3371	2113	3331	1982	4561	2128	3505	1784	3358	2043	4020	1676	540	155	496	127	426	225	538	264	583	141	500	136	641	211	65	53	58	48	75	63	38	41	85	65	62	56	68	52	37	63	46	83	44	53	89	80	60	102	43	57	34	78
RP11-2J18.1	11	4	10	5	8	8	7	5	5	7	8	8	5	3	3	8	12	5	6	5	6	13	6	2	7	9	6	5	2	2	2	7	5	5	8	4	3	6	4	1	3	6	4	6	3	3	0	3	10	10	2	2	3	5	5	6	2	10	1	6	2	6	1	2	2	12	7	2	6
RP11-574F21.2	8	10	12	9	3	9	12	9	10	5	13	6	4	9	7	10	11	13	6	10	6	13	5	12	14	13	16	10	17	18	15	17	25	14	13	12	13	13	15	16	15	13	33	27	15	17	19	32	28	21	28	15	34	9	16	27	27	31	25	22	32	23	20	20	15	23	24	25	28
ITFG1-AS1	2	1	1	2	3	0	1	1	1	2	0	2	2	0	2	3	1	2	2	1	3	2	1	0	2	0	5	2	2	2	4	2	3	3	2	2	1	3	5	6	3	2	2	7	2	5	4	2	4	6	3	2	8	3	6	5	6	5	4	2	5	8	3	8	3	4	5	3	3
AC012368.1	3	5	0	0	1	2	5	0	1	0	1	2	2	0	0	1	0	3	2	1	7	1	0	2	0	2	0	1	2	0	1	2	1	1	0	1	1	2	1	3	5	0	2	3	0	2	2	0	7	2	1	3	3	0	0	4	0	2	2	4	1	4	1	1	6	1	2	2	7
CARD6	14	14	13	15	12	16	14	19	22	18	26	10	24	26	59	31	40	36	47	40	49	37	34	16	52	35	53	0	6	4	11	2	11	13	11	2	6	6	10	9	6	0	0	0	0	6	1	2	0	2	0	2	0	0	0	0	0	0	0	1	0	1	1	0	2	0	8	2	6
RP11-111M22.5	8	3	3	7	1	1	9	8	11	5	4	6	3	2	6	4	3	7	5	3	2	5	2	6	6	4	7	17	16	5	8	1	11	4	10	14	10	6	6	8	18	4	11	12	13	12	19	14	6	8	22	9	16	6	11	20	37	20	25	24	33	32	29	25	27	30	38	16	39
GUCY2D	15	17	16	26	13	12	10	13	28	7	16	15	11	3	5	1	3	5	4	6	2	3	3	3	3	7	1	0	0	0	0	0	0	0	0	0	0	1	0	0	0	1	0	0	0	0	0	0	0	1	0	0	0	0	0	0	2	0	0	0	1	0	0	2	0	0	0	0	0
MIR6812	2	1	1	1	2	1	1	2	2	2	1	2	1	1	2	3	0	2	1	2	1	1	1	2	1	2	3	2	2	2	2	2	1	2	2	1	0	3	1	2	0	1	2	1	1	1	0	1	0	4	2	3	1	2	1	1	1	1	1	4	4	1	2	1	1	1	0	2	3
MTMR4	1734	1857	2213	1708	1682	1883	1514	1425	1840	1519	1858	1677	1769	1684	1750	1830	2065	1847	1948	2122	2027	1676	1717	1870	2320	2158	2031	2565	3369	2465	3030	2544	3274	2642	3097	2672	2798	2635	2730	2936	3041	3161	4471	3718	4324	3499	4598	4399	4930	3893	4697	3471	5194	2874	4751	4264	6862	5102	6665	6062	6964	6029	6618	5395	6067	5536	7596	6210	7636
RPSAP45	1056	1032	1067	923	926	907	1014	861	972	935	939	955	903	859	968	857	1083	882	1007	1081	1072	903	916	797	949	966	833	827	644	619	658	678	695	770	686	676	625	686	590	776	618	442	288	489	320	500	293	642	262	647	299	487	373	518	289	278	198	361	217	419	245	418	230	372	228	462	212	402	197
AP001476.2	4	3	2	4	2	3	3	3	3	4	6	0	5	5	3	2	0	7	1	4	0	6	2	0	0	0	2	7	0	4	2	2	0	0	0	0	1	3	0	0	2	0	0	0	0	0	0	0	0	2	2	1	0	0	0	1	0	1	0	0	0	0	0	0	0	0	0	0	0
EFNB1	112	188	174	170	148	142	126	129	133	136	138	123	164	639	580	627	704	551	863	786	845	646	701	595	801	773	631	661	503	687	500	673	576	784	533	649	523	672	437	736	529	476	335	504	423	519	252	646	334	697	296	583	428	452	318	269	251	345	305	378	324	480	312	325	280	361	325	493	229
RP11-755F10.3	15	12	16	10	16	15	21	18	16	12	14	19	10	26	22	17	16	29	13	25	7	18	15	25	23	24	9	34	48	31	39	13	28	27	33	24	24	32	26	30	22	43	68	38	65	30	47	40	43	50	54	44	58	14	53	55	75	77	58	55	69	62	82	38	46	41	64	64	52
CASC15	367	362	338	335	279	363	279	346	282	378	359	358	318	228	242	233	175	247	185	287	203	213	225	207	246	327	179	186	204	204	202	203	199	205	150	237	172	178	183	257	175	242	415	197	493	242	339	264	361	284	354	195	385	194	374	425	612	433	557	504	527	596	570	496	490	477	707	708	560
FMNL2	4263	3825	4168	3351	3531	3705	3537	3165	3740	3632	4041	3731	3729	5045	6328	5494	6291	5585	5941	6765	6308	5649	6003	5737	7132	6832	6657	9384	9419	9054	8526	9387	9283	10125	8579	9601	7820	9633	7732	11008	8648	12034	14530	12843	14700	12340	10858	15233	10215	13839	9943	11867	11523	10629	11184	11622	9228	14157	8728	15629	9173	17354	8691	14632	8341	14490	10834	16114	9904
RP11-114H24.2	156	141	133	95	136	112	137	126	132	153	137	108	116	66	52	61	67	64	67	111	65	88	56	96	67	92	50	21	10	13	19	15	16	11	31	7	7	19	17	12	21	15	2	9	0	19	2	22	3	23	7	25	6	9	1	21	9	15	2	32	5	29	3	30	12	17	5	36	3
RAB15	2211	3124	3038	3097	2666	2886	2199	2372	2611	2603	2373	2580	2499	2755	2425	3046	2800	3012	2885	3991	2818	3427	2385	2929	2725	3692	2373	2722	2957	2528	2921	2440	3280	2774	2951	2597	2636	2388	2471	2871	3044	2902	4439	3243	4836	3392	4163	3851	4006	3689	4032	3125	3335	2777	3887	3834	4417	5209	4441	5706	3599	5828	4140	4469	3678	5631	3722	5603	4543
TECRP2	652	715	761	682	718	625	696	545	736	636	698	658	652	609	726	688	770	587	844	798	759	658	640	736	761	744	627	720	569	662	650	726	678	797	717	723	624	780	602	786	704	438	391	598	543	561	392	800	369	772	410	654	473	654	366	439	287	456	320	576	337	579	308	491	324	595	344	570	356
ATP5F1P2	2	18	8	14	12	8	5	9	10	12	7	10	6	4	6	11	13	9	7	10	18	6	9	6	5	10	6	4	7	7	7	16	10	10	7	13	12	13	4	10	4	12	4	9	11	15	4	10	9	20	15	14	6	10	2	8	11	6	6	12	8	18	8	12	8	21	8	15	5
RP5-1056H1.2	12	21	12	16	6	14	17	12	25	14	34	16	12	13	11	5	5	20	9	12	10	20	5	18	3	12	11	0	1	0	0	1	2	1	0	3	0	0	0	5	0	0	0	0	0	0	0	0	0	1	0	0	0	0	0	1	0	0	0	0	0	0	0	0	0	0	0	0	0
NMNAT1P3	8	5	0	1	2	6	9	3	3	7	2	4	3	10	11	13	13	13	14	11	11	18	16	12	36	9	15	26	17	8	18	25	26	16	15	17	15	16	23	23	29	22	9	31	7	25	5	23	4	16	12	19	10	15	9	19	8	19	5	12	6	15	7	21	5	25	8	16	13
PLAC1	4	11	17	8	10	5	5	9	11	8	16	6	12	52	91	42	117	32	104	60	98	54	130	38	120	53	84	18	17	9	10	26	17	18	15	13	11	17	11	17	4	2	0	2	0	1	2	11	0	5	2	0	0	3	1	0	0	0	0	0	0	1	0	0	3	0	4	2	3
RNU2-10P	0	0	2	0	0	0	0	0	1	2	0	0	0	0	1	0	1	0	1	0	0	0	0	0	1	0	0	0	0	1	0	0	0	0	0	0	2	0	0	0	0	1	1	0	0	0	1	0	0	0	0	0	0	0	0	1	0	0	0	0	3	0	0	0	1	0	1	0	0
OOSP1P2	0	0	0	0	0	0	0	2	0	1	0	0	0	1	0	0	0	0	1	0	0	0	0	0	0	0	0	1	0	0	0	0	0	0	0	1	0	2	0	1	0	0	0	0	3	0	0	0	1	0	0	0	0	0	2	0	0	0	0	0	0	1	0	0	0	0	1	0	1
RP11-188I24.1	6	3	3	0	2	4	2	2	1	1	2	1	2	0	0	2	1	1	1	3	1	3	4	3	3	2	1	2	0	0	0	1	1	1	0	1	0	1	0	2	1	0	1	1	0	4	0	0	1	0	0	0	0	0	0	3	0	2	0	0	0	0	0	2	0	0	0	0	0
RP11-489G11.3	1	2	0	0	0	2	0	0	0	7	1	0	0	0	0	1	0	2	1	0	0	1	0	1	3	0	1	4	2	0	0	2	1	1	0	1	1	1	1	1	4	1	9	2	14	0	0	1	10	8	5	2	3	0	2	4	5	5	3	4	5	9	4	8	3	6	14	6	13
HOXA11-AS	1	0	0	0	0	0	0	0	0	0	0	0	0	0	1	0	1	0	0	1	1	0	0	0	0	0	0	0	0	0	4	0	0	0	4	0	0	0	0	2	2	0	0	0	0	0	0	0	0	0	0	0	0	0	0	0	0	0	0	0	0	0	0	0	0	0	0	0	0
RP11-375I20.6	20	26	29	28	12	38	23	19	20	33	28	17	18	21	13	22	18	15	20	22	23	23	15	25	18	26	15	16	4	4	1	6	5	4	3	8	1	7	1	6	2	9	8	2	8	7	1	2	3	3	8	13	1	0	0	8	11	10	5	12	7	16	8	5	13	17	14	10	3
MTMR7	289	237	283	252	297	227	273	246	270	234	270	205	278	174	171	128	137	192	110	175	87	164	127	155	160	199	156	86	311	127	248	130	240	127	210	82	222	71	229	145	262	271	772	271	669	236	746	287	728	277	895	244	720	185	832	613	1165	869	1088	998	1087	986	1000	929	905	737	1310	973	1365
RPP38	355	275	376	283	309	366	316	248	334	284	288	293	320	308	248	358	306	319	337	418	316	340	269	320	284	355	307	276	259	268	225	271	278	304	218	282	216	224	238	292	268	261	223	280	261	292	195	346	165	316	170	282	221	259	215	235	164	315	163	362	197	309	152	352	203	326	204	359	225
LINC00567	2	3	5	0	1	0	0	4	0	7	3	3	3	0	1	0	0	1	0	0	0	2	1	2	3	3	0	1	0	1	0	0	0	0	3	0	0	0	0	0	0	0	0	0	0	2	1	0	0	0	0	0	0	0	4	0	0	0	0	0	1	3	0	0	0	0	0	0	3
PCBP1	5365	6238	6625	5956	6313	5432	5816	4665	6082	4770	5783	5301	5583	4936	4697	5214	5367	4967	5980	6279	5626	5126	4555	4731	5261	6148	4717	4411	4000	4065	3507	4291	4305	4578	4184	4162	3813	4045	3438	4664	3912	3180	3059	3849	4030	4147	2990	5189	3263	5333	3360	4139	3761	4044	3191	3743	2836	4514	2998	5463	3230	5582	2923	5070	2935	5920	3315	5493	3240
GPC6-AS1	3	0	2	0	0	1	0	1	0	0	0	0	2	0	1	2	1	4	2	0	0	4	0	0	0	4	0	1	1	0	1	2	1	0	0	3	0	0	0	0	1	0	0	0	0	0	1	2	0	0	1	4	2	0	3	0	0	0	0	1	2	0	0	0	8	4	0	1	0
ZFAND2A	281	272	360	283	237	301	270	220	268	244	324	281	242	259	267	329	350	337	317	324	358	272	294	253	362	319	320	354	381	311	351	279	382	380	338	301	332	309	282	326	367	384	473	405	514	462	437	509	478	457	512	494	523	437	443	449	442	490	462	576	477	647	492	491	484	517	478	648	472
TMEM213	5	8	5	12	8	7	11	2	6	12	13	4	11	2	1	1	2	2	4	3	0	2	2	6	4	2	5	0	1	2	1	2	3	0	0	0	1	1	1	0	1	0	1	2	1	0	0	1	0	3	2	2	0	0	2	0	4	7	3	3	1	4	2	1	2	0	10	0	7
IFITM1	4038	3252	3545	3100	3224	3043	3311	2564	3439	3074	3828	2987	2818	1709	1162	1789	1340	1519	1464	2107	1484	1743	1053	1731	1304	2045	1136	215	147	271	120	249	186	285	213	243	137	215	105	301	149	51	70	46	100	45	70	42	59	56	81	17	49	32	67	47	102	27	81	29	81	51	90	37	101	26	86	25	64
RP11-380M21.4	1	2	2	2	0	1	1	1	2	0	0	0	0	1	1	1	0	1	0	1	0	0	0	2	0	0	0	1	0	0	1	0	2	1	0	2	0	1	1	1	0	1	0	4	3	0	0	1	1	0	0	0	1	0	0	0	3	0	0	0	0	0	0	2	0	1	2	2	1
SERPINE2	1984	1922	1981	1825	1777	1950	1704	1559	1806	1792	1928	1951	1787	1953	1749	1861	1748	1953	1683	2461	1778	2111	1828	2057	1883	2426	1633	1077	588	1045	689	1035	758	1056	677	1181	572	1023	617	1235	619	751	453	769	426	800	388	846	487	846	414	694	502	832	388	716	624	880	631	1162	618	1168	546	943	629	1213	701	1055	625
UGT2B4	0	0	2	0	0	0	0	1	0	0	0	0	0	0	0	0	0	0	0	0	1	0	0	0	0	0	0	0	0	0	0	0	0	0	0	0	0	0	0	0	0	0	0	0	0	0	0	0	0	0	0	0	0	0	0	0	0	0	0	0	0	0	0	0	0	0	0	0	0
PARD3-AS1	2	2	5	3	5	0	3	2	6	6	5	1	2	6	2	17	4	4	6	8	0	2	2	7	3	10	6	1	1	7	2	0	0	6	0	1	0	2	5	0	1	0	1	0	6	0	0	2	0	0	1	5	2	2	1	3	0	2	0	1	0	1	0	2	0	0	1	1	1
RPL36AP33	0	0	0	1	0	2	0	0	0	1	0	5	0	0	0	0	0	0	0	0	0	0	0	0	0	5	1	0	0	0	0	0	0	0	0	0	0	0	0	0	0	1	0	0	0	0	0	0	0	0	1	0	3	0	0	0	0	2	2	0	0	1	0	1	1	0	0	0	1
CTA-85E5.6	3	6	4	2	3	4	4	2	5	2	7	6	4	7	2	5	4	2	5	3	7	1	5	5	2	4	3	3	2	7	4	2	2	4	3	2	4	3	3	4	2	1	1	2	1	2	2	1	3	2	1	0	2	4	4	0	1	2	2	4	2	6	0	3	3	2	0	1	1
RANP1	1254	1038	1288	1045	1164	1081	1158	889	1115	971	1099	1073	1110	923	925	948	978	983	963	1140	1095	979	898	975	970	1131	902	930	770	846	744	834	833	931	787	880	720	799	670	1019	782	628	504	750	588	717	476	904	508	956	562	765	610	885	529	471	354	582	361	687	395	700	384	600	438	726	420	662	390
CTD-2308N23.2	0	0	0	0	1	5	0	0	0	1	2	0	0	0	0	0	0	0	0	0	1	0	0	0	0	0	0	0	0	0	0	0	0	0	0	0	0	0	0	0	0	0	0	0	0	0	0	0	0	0	0	0	0	0	0	0	0	0	0	0	0	0	0	0	0	0	0	0	0
RP11-495K9.7	0	0	0	3	0	0	5	0	1	6	0	0	0	0	0	0	0	0	0	0	0	0	0	0	0	0	2	0	0	0	0	0	1	0	0	0	1	0	0	0	2	0	0	0	0	0	0	0	0	0	0	0	0	0	0	0	0	0	0	0	0	0	0	0	0	0	0	0	0
HIST1H2BF	2	6	9	6	10	11	6	7	5	10	6	0	3	6	5	4	9	10	2	8	10	8	1	9	2	18	11	6	11	5	1	6	6	4	3	7	2	13	5	15	3	2	10	3	0	3	3	2	6	4	1	1	2	0	2	3	0	5	1	0	7	1	3	2	2	7	17	0	3
MSL2	1503	1267	1387	1284	1281	1462	1301	1229	1421	1333	1305	1453	1313	1380	1152	1347	1289	1374	1040	1796	1287	1328	1204	1470	1297	1603	1230	1644	1155	1308	1164	1348	1205	1554	1171	1505	1070	1448	1052	1703	1111	1337	999	1406	1188	1418	890	1779	809	1489	905	1375	1011	1440	916	935	771	1296	849	1491	837	1670	787	1468	819	1576	1008	1446	891
RP11-343L5.2	42	18	54	41	38	51	30	26	38	44	40	53	23	31	31	26	22	36	33	26	10	18	25	24	15	38	23	14	31	33	18	22	25	34	26	11	15	28	14	40	17	32	55	34	35	23	30	34	30	42	34	27	52	25	37	12	65	36	39	33	36	59	33	16	63	41	62	41	51
RP11-555H23.1	467	383	469	431	438	457	406	384	368	385	420	472	441	476	354	391	418	464	360	472	437	408	438	437	411	504	393	528	399	436	374	423	417	492	388	437	353	483	317	516	361	426	235	405	242	462	239	584	214	564	269	459	301	508	229	443	209	569	194	648	233	665	199	558	185	606	240	638	206
RP11-701H24.8	158	128	207	133	138	147	115	123	144	164	191	147	163	214	143	261	148	219	138	215	142	233	127	287	151	353	139	68	106	104	83	104	65	92	91	79	63	112	73	91	76	54	43	63	61	37	44	72	35	42	44	60	48	15	58	28	21	67	34	34	44	56	24	31	19	57	40	79	19
RAD1	1660	1187	1670	1325	1413	1465	1496	1194	1533	1277	1403	1431	1498	967	999	1157	1071	1188	981	1334	1102	1075	963	1078	1114	1254	1084	1320	1109	1201	1037	1221	1208	1208	1115	1224	1089	1252	970	1441	1098	1083	915	1184	900	1263	803	1459	832	1310	845	1159	1072	1220	904	853	948	1097	906	1213	881	1430	883	1191	960	1243	936	1277	939
PPP2R5C	2720	2206	2419	2138	2113	2362	2321	2100	2377	2305	2401	2485	2268	2753	2997	2734	2699	2873	2523	3442	2896	3081	2650	2823	2809	3473	2805	3067	2943	2821	2773	2934	3014	3030	2837	3015	2766	2627	2478	3432	2865	3170	3375	3513	3376	3306	2705	4279	2542	3942	2706	3181	3085	3608	2753	3041	2155	3986	2210	4247	2341	4670	2190	4034	2361	4444	2567	4813	2494
TMED9	4480	4970	5013	4770	4747	4504	4939	3847	4861	4281	4565	4496	4639	4485	4467	4663	4976	4577	5178	5801	4864	4492	4256	4487	4514	5227	4153	3564	2798	2857	2703	3077	3047	3706	3142	2964	2514	2979	2359	3709	2735	2236	2190	2487	2615	2649	1973	3238	2075	3236	2256	2550	2382	2761	2223	2346	1940	2911	2089	3587	2049	3588	2017	2959	2056	3628	2114	3563	2125
TNFRSF19	48	20	39	28	23	16	13	15	37	23	13	21	26	124	391	146	348	180	308	135	415	139	301	114	429	162	382	1695	4081	1569	3822	1934	3835	1536	3626	1628	3053	1555	3049	1731	3915	5375	10247	6019	11317	5828	8120	7550	6890	6027	7152	5373	8041	5650	7315	10057	6747	12151	6774	13377	8046	14393	6436	12943	7186	12247	8963	12739	6909
NOB1	997	1023	1047	914	991	994	975	875	1038	809	911	972	928	535	581	538	632	641	686	754	734	647	626	538	609	692	605	654	489	505	512	547	611	625	597	519	518	577	493	626	564	412	269	532	319	506	254	685	247	681	285	539	350	537	278	292	208	383	192	461	205	468	171	416	216	536	246	477	190
WDR12	3062	2027	2866	2261	2353	2294	2377	2082	2463	2215	2496	2453	2503	1947	2029	2099	2002	2276	1970	2438	2222	2109	1923	2115	2297	2487	2116	1717	1727	1815	1673	1599	1722	1678	1629	1594	1576	1731	1421	2040	1663	1731	950	1735	1060	1695	1007	2138	882	1880	1111	1591	1240	1760	985	1130	859	1505	879	1553	798	1650	902	1584	976	1756	983	1850	955
KCTD1	192	200	168	189	215	227	165	190	181	226	181	173	166	218	218	195	229	232	220	314	276	221	216	249	200	252	249	209	198	200	184	219	200	290	220	222	189	214	147	241	199	157	159	210	152	199	212	194	200	238	193	201	224	192	210	198	250	292	238	329	238	264	235	321	267	344	263	338	220
TAS2R41	0	0	0	0	0	0	2	0	0	0	0	0	0	2	0	3	0	0	0	0	0	1	0	0	5	0	0	0	0	0	0	0	0	0	0	0	0	0	0	0	0	0	0	0	0	0	0	0	0	0	0	0	0	0	0	0	0	0	0	0	0	0	0	0	0	0	0	0	0
CTD-2323K18.2	1	0	2	1	0	0	1	1	0	1	0	3	1	1	2	0	0	2	0	2	1	2	0	0	0	0	2	2	6	5	1	6	1	1	2	1	1	2	8	1	5	8	5	2	9	1	2	3	4	4	6	3	1	10	3	2	4	4	10	3	2	6	3	7	8	4	2	7	2
RP4-669L17.10	250	287	339	226	210	273	262	223	338	218	410	238	318	186	163	235	149	233	181	267	123	212	139	239	215	260	193	122	206	152	184	152	162	133	174	135	141	152	152	159	140	160	149	141	167	149	130	173	198	154	159	178	216	88	178	100	182	153	165	208	201	236	182	149	122	161	197	188	147
AL133168.3	2	4	0	1	0	0	0	0	0	0	4	1	0	3	7	1	2	1	2	0	2	2	0	3	0	2	4	1	3	2	5	7	6	3	4	5	4	2	5	6	0	0	1	5	0	1	1	3	0	3	1	3	1	1	0	3	0	1	2	4	1	5	1	1	1	2	2	3	3
RP11-90O23.1	263	233	239	188	189	196	220	176	174	168	209	255	222	175	182	206	190	194	193	232	218	182	194	206	190	218	192	232	173	164	127	173	172	177	175	193	154	175	172	235	159	156	114	198	101	135	113	216	76	202	113	157	136	216	145	126	101	166	90	184	98	216	85	162	132	180	136	281	76
RP11-342M3.5	0	1	0	2	0	0	0	0	0	0	2	0	0	1	0	0	0	0	3	0	1	0	0	5	4	1	0	0	1	3	2	3	4	1	5	4	0	4	0	3	0	1	2	3	3	1	1	4	0	0	0	1	3	0	11	0	1	2	0	0	0	0	0	0	0	1	0	0	2
CNTNAP3P1	1	1	0	0	0	0	0	0	0	0	0	0	0	0	0	0	0	0	2	0	0	0	0	0	0	0	0	0	1	1	0	0	0	0	1	0	0	0	0	0	1	3	1	0	1	0	1	0	3	0	0	1	0	0	1	0	2	0	0	0	0	1	0	0	1	2	2	0	0
EIF4B	20286	15072	17442	14991	16464	16176	16126	15042	16173	15923	16186	16273	15271	11311	12736	11498	13304	11692	12147	14542	13971	12642	12252	11957	13774	13899	12541	12205	10286	10267	10245	10573	10759	11739	10146	11243	9952	11228	9173	13668	9846	7905	5855	8815	5886	8593	5108	10816	4779	10510	5114	8590	6083	9435	5022	6244	3899	7770	3774	8752	4498	8650	3661	7771	4997	8868	5058	8897	4306
ZZEF1	1322	1407	1841	1442	1666	1267	1332	1104	1629	1276	1539	1397	1515	1681	2552	1681	2571	1709	2476	1951	2326	1638	1980	1850	2578	2148	2348	2372	3750	2309	3626	2709	3681	2726	3271	2429	3217	2766	2886	2613	3621	2944	5105	3422	5787	3333	4101	4435	4203	4087	4067	3232	4584	2187	4047	3888	4278	4545	4104	5157	4318	5430	3947	4373	2915	4804	4537	5096	4311
OIT3	0	0	0	0	0	1	0	0	1	0	0	0	1	2	1	0	0	0	0	0	2	0	0	2	1	0	0	0	0	2	1	1	1	0	0	1	12	2	0	0	0	0	5	0	12	4	3	1	4	1	2	4	8	0	2	6	0	5	0	6	3	11	4	5	7	6	1	1	4
TNFRSF8	432	70	629	42	613	37	489	45	513	44	490	72	524	3	48	5	55	12	87	1	65	5	46	10	45	19	58	10	7	2	4	4	2	4	3	3	9	2	2	3	3	2	2	3	0	2	1	5	7	3	5	0	2	2	9	1	4	1	5	7	5	0	6	2	2	1	10	5	0
CPNE4	75	104	74	79	87	101	72	69	110	80	79	64	57	147	198	171	156	181	159	208	181	184	215	189	220	176	171	44	41	30	39	74	20	40	71	45	25	40	30	49	37	19	57	38	83	27	58	35	38	51	67	40	59	13	44	48	79	67	85	93	68	57	63	72	72	51	63	57	94
PPIAL4G	507	396	491	428	422	421	428	333	420	345	398	417	398	382	367	406	402	406	366	493	400	399	329	396	339	453	354	410	331	358	324	372	400	420	346	385	299	359	289	431	307	319	234	377	287	340	210	416	218	442	249	348	276	445	237	201	181	252	189	284	198	296	152	261	243	307	220	277	204
RP11-543B16.1	2675	1665	2217	1546	1728	1592	1843	1735	1918	1548	1838	1750	1662	1574	1980	1586	2018	1869	1685	2111	1926	1719	1762	1649	1861	1954	1757	1849	1625	1460	1646	1464	1645	1714	1654	1568	1405	1475	1356	1725	1415	1312	999	1485	968	1398	966	1747	777	1640	726	1280	1072	1643	887	927	612	1310	668	1324	788	1276	686	1013	885	1380	799	1308	608
CCDC150	1171	924	1212	939	1007	974	1003	874	994	973	1147	978	1013	1089	1144	1310	1109	1411	1048	1505	1141	1250	1219	1323	1461	1622	1224	1762	1836	1515	1843	1464	1997	1697	1777	1551	1483	1697	1614	1930	1686	1574	2080	1675	2126	1721	1382	1956	1257	1900	1208	1673	1584	1490	1222	776	572	847	579	989	697	1121	469	915	662	948	734	1017	480
RBM17P4	786	708	884	796	761	672	756	555	759	601	734	681	774	1587	1761	1605	1855	1608	1896	1945	1959	1712	1847	1492	2091	1895	1899	1851	1654	1710	1482	1733	1652	1869	1643	1802	1477	1644	1358	2165	1427	1308	929	1474	964	1463	781	1910	829	1807	901	1461	1030	1629	848	955	619	1172	548	1496	637	1275	629	1149	587	1421	702	1394	596
POMC	87	126	88	87	113	126	90	65	90	109	96	136	98	112	140	107	245	106	228	112	282	120	184	104	261	132	225	165	101	126	96	163	85	136	132	140	106	113	91	151	108	49	54	51	36	64	52	26	42	54	47	56	35	41	25	5	39	25	46	12	24	30	29	7	33	17	25	4	25
SPRY4-IT1	22	16	17	26	16	24	24	28	24	18	27	16	32	51	60	50	47	57	49	80	32	43	41	66	57	56	59	20	16	48	19	28	18	38	22	20	14	30	19	28	25	21	5	16	3	23	3	19	13	31	7	18	9	9	11	21	5	22	2	11	11	29	3	27	2	33	3	26	11
AC093390.1	4	4	7	4	3	0	4	2	12	2	2	0	5	21	56	23	91	16	63	48	65	66	69	18	72	49	70	45	21	29	28	30	21	42	26	35	28	29	44	49	34	32	9	28	34	27	4	19	8	45	9	32	12	22	6	9	21	16	8	14	12	15	15	17	7	21	13	20	14
PCF11	2087	2175	2179	1934	1839	1855	1910	1720	1869	2035	1865	2034	1952	2096	2057	2113	2140	2306	1886	2555	1996	2022	1936	2182	2120	2733	2008	2118	2451	2093	2198	2085	2379	2345	2273	2109	2017	2182	1860	2425	2169	2519	2407	2699	2394	2728	2002	3348	1641	3162	1897	2639	2556	2079	2242	2079	1936	2645	1927	2959	1928	3344	1811	2784	1741	2756	2256	3223	2081
NMBR	0	2	0	6	0	0	2	0	0	0	1	2	0	0	5	2	0	0	6	2	7	4	0	5	0	0	2	0	5	3	1	0	7	4	6	0	3	1	0	3	0	1	0	0	0	3	1	0	0	4	2	1	3	0	0	0	0	0	2	0	0	1	1	0	0	1	0	0	1
MORN5	2	0	0	0	3	0	0	0	0	1	0	0	0	0	8	0	0	0	0	2	0	0	0	2	0	0	2	0	1	0	0	0	0	0	1	0	0	0	0	0	1	0	1	0	0	3	0	0	0	0	0	1	0	4	0	1	0	0	0	0	1	0	0	0	4	0	0	0	0
MRC2	1102	1875	1409	1755	1719	1609	1286	1427	1438	1522	1399	1494	1346	1355	2864	1386	3055	1228	3318	1636	3096	1410	2566	1258	3150	1587	3034	5569	7719	4055	7260	4809	8136	5452	7858	4122	7304	5024	6832	5119	7455	1854	1620	2358	1892	2200	1763	3522	2038	3358	1909	2586	3890	2361	2122	633	611	762	720	1131	1285	1108	697	898	919	1167	1178	1525	707
RPL13AP20	1933	2101	2013	1929	1881	1768	1996	1784	1975	2019	1827	1943	1830	1767	1766	1712	2228	1569	2196	2242	2192	1831	1773	1571	1945	2025	1703	2189	1453	1520	1390	1570	1825	1858	1712	1522	1367	1646	1394	1963	1551	1126	716	1366	1113	1465	788	1889	894	1867	1058	1507	947	1652	882	996	553	1177	554	1490	677	1493	462	1278	724	1741	627	1534	631
MSANTD1	10	32	7	13	4	12	7	12	8	10	19	7	19	18	17	35	13	21	18	23	7	31	11	24	10	34	18	21	25	18	24	22	26	21	33	21	18	13	33	27	11	31	67	50	94	46	56	54	52	45	60	51	57	20	55	46	54	82	74	72	72	103	89	81	43	91	69	113	99
INSIG1	2776	2267	2363	2016	2256	2393	2270	2059	2456	1969	2343	2350	2151	3251	3662	3060	3965	3219	3684	3539	4563	3428	3675	3134	4222	3840	3820	5895	3944	5436	3736	5756	4090	6134	4051	5620	3872	5484	3657	6480	3966	5195	3674	6356	3937	5277	3469	7032	3508	7322	3620	5667	3787	6911	3447	2956	3574	4003	3154	4609	3450	4814	3322	4296	3248	4852	3497	4873	4190
TOLLIP	563	740	810	717	704	676	619	569	680	577	703	584	652	685	880	768	928	745	998	972	974	791	769	670	976	931	856	1040	1132	974	1083	974	1226	1099	1235	990	1002	867	891	1150	1151	1141	1675	1424	2168	1350	1456	1851	1575	1798	1673	1347	1579	1419	1465	1645	1397	1916	1418	2360	1501	2442	1381	1984	1309	2333	1516	2244	1438
LLNLF-187D8.1	139	169	152	137	125	105	159	141	191	145	140	121	149	77	39	64	54	93	47	119	48	71	48	66	45	73	52	48	95	28	87	45	111	46	86	35	97	43	72	40	104	101	107	115	78	128	149	101	154	124	177	82	153	104	190	178	218	245	240	269	200	309	192	282	209	281	245	262	287
OR10R1P	4	1	0	4	0	1	0	0	1	0	0	0	1	0	0	0	0	0	0	0	2	0	0	0	0	0	1	0	0	0	0	0	0	0	0	0	0	0	0	0	0	0	0	0	0	0	0	0	0	0	0	0	0	0	0	0	0	0	0	0	0	0	0	0	0	0	0	0	0
MIR1302-3	0	0	0	0	0	0	1	0	1	1	0	0	0	1	0	0	0	0	0	0	0	2	0	0	0	1	0	0	0	0	1	0	0	1	0	0	0	1	0	1	0	0	0	0	0	0	0	1	0	0	1	0	0	0	0	2	1	3	0	3	3	1	1	0	1	0	0	0	2
NEDD9	263	333	301	396	245	324	251	257	314	334	272	368	262	308	275	364	253	330	274	451	229	345	255	398	264	390	246	38	45	37	23	29	34	27	27	32	29	29	22	45	35	13	18	13	47	10	38	10	15	6	33	6	34	16	29	26	46	36	43	38	38	55	44	25	57	22	39	20	28
RP1-30E17.2	6	0	5	0	0	0	0	0	3	1	1	1	2	3	15	5	13	7	20	9	4	8	11	6	6	8	7	1	9	8	8	12	6	4	0	5	0	0	4	3	5	0	0	0	0	2	0	4	2	11	2	0	0	0	3	1	0	0	1	0	0	0	0	8	0	1	3	1	0
ZDHHC11	212	257	212	216	176	231	193	218	228	228	249	181	234	238	205	306	303	342	250	401	218	267	226	333	320	373	285	242	343	215	307	239	330	235	291	266	266	259	266	314	278	402	1185	418	1294	367	752	391	887	384	729	328	812	242	695	707	1039	837	1143	969	1066	1014	961	853	858	868	1053	1009	1157
ANKRD13B	710	1211	1024	1046	991	889	948	781	1049	926	808	1024	891	596	762	660	826	678	1052	866	855	697	687	696	890	858	797	1163	1363	1124	1324	1092	1555	1255	1504	1050	1239	1221	1167	1214	1353	1361	2137	1546	2794	1751	2070	2055	2373	1842	1969	1654	2194	1354	2099	2336	2741	2666	2966	3448	2887	3634	2920	2828	2331	3411	2924	3598	3087
AQP7P2	0	0	0	0	1	0	0	0	0	0	1	0	0	1	0	0	0	1	1	2	0	0	0	0	0	1	0	0	0	1	0	0	0	0	0	0	0	0	0	0	0	0	0	0	4	0	1	0	0	0	0	0	0	0	0	0	0	0	1	2	0	0	1	0	0	0	1	0	1
SEPP1	165	172	156	171	148	182	149	134	140	199	142	178	133	593	339	558	485	683	387	739	483	716	390	646	438	682	393	173	152	177	156	171	175	209	175	163	135	183	130	204	148	115	67	104	31	78	57	105	65	106	75	75	62	89	94	63	102	112	68	96	60	103	67	86	107	83	99	130	79
NOL4L	1437	1489	1734	1384	1425	1361	1401	1298	1684	1288	1542	1276	1453	906	987	1015	935	1036	1112	1302	1106	957	876	1043	1038	1282	1058	1494	1836	1352	1747	1458	1833	1625	1698	1381	1630	1390	1467	1665	1864	2112	3406	2390	3740	2196	2707	3136	2354	2821	2240	2250	2575	2215	2304	2795	3584	3494	3619	4303	3797	4236	3673	3695	3232	3855	4081	4727	3960
SAA4	0	0	0	0	0	0	0	0	0	1	0	0	0	0	1	0	0	0	0	0	0	0	0	0	0	0	0	3	0	0	0	0	0	0	0	1	0	0	0	0	0	0	1	0	0	1	0	0	0	0	3	0	1	0	0	0	2	0	0	0	0	0	0	0	0	0	0	0	0
RP11-296A18.6	0	0	0	0	0	0	0	0	0	0	2	0	0	1	0	1	0	1	0	0	2	0	2	0	2	1	0	0	3	3	4	0	1	0	1	1	3	3	0	2	0	1	1	0	2	0	2	1	0	5	0	1	1	2	0	1	1	0	2	1	2	1	1	2	1	0	1	2	2
RP11-80H5.6	2	3	4	2	1	3	4	1	0	1	4	5	1	1	0	3	0	0	2	1	1	0	0	1	6	0	0	0	0	1	0	4	0	1	0	2	0	2	0	0	0	0	0	0	0	0	0	0	3	0	0	0	0	0	0	0	0	0	1	0	0	0	0	0	0	0	0	0	1
GSG1	5	15	15	27	29	15	6	16	8	23	9	8	17	5	2	9	1	7	2	7	1	7	5	7	0	5	5	4	0	1	0	2	0	0	2	1	0	3	0	2	3	3	0	2	1	2	0	1	0	0	2	0	4	0	2	0	1	7	3	0	3	1	4	1	4	1	0	4	5
ARL5AP2	90	56	80	48	57	72	70	43	61	83	72	71	59	57	77	62	57	88	49	76	72	63	47	75	59	55	79	59	70	42	67	44	51	50	43	44	64	40	36	82	59	40	21	47	32	31	25	58	20	61	40	40	36	37	47	15	19	29	24	62	36	29	22	32	26	42	30	50	18
PSMD12P	1080	708	1260	843	874	842	938	704	992	740	904	923	1030	772	824	864	849	828	706	920	887	755	657	775	792	850	792	559	594	587	559	583	618	620	626	581	550	550	506	648	536	490	497	526	528	524	455	679	378	508	487	456	540	502	514	422	414	504	390	512	410	606	348	524	394	583	478	508	453
LA16c-329F2.2	8	11	9	7	13	15	11	13	14	8	19	12	16	17	19	11	16	8	6	12	7	18	26	11	23	17	12	2	11	11	15	15	2	4	14	2	4	1	5	12	8	13	12	9	25	11	8	7	6	9	3	7	4	8	6	10	4	10	10	13	4	15	12	16	5	5	8	8	6
RP11-517I3.1	6	9	10	1	2	3	7	7	3	4	5	2	6	7	0	7	3	7	3	12	2	6	1	9	5	6	3	4	1	0	2	1	0	0	1	1	0	4	0	2	1	0	0	0	0	0	0	0	0	1	2	0	0	4	0	0	1	0	0	0	1	0	0	0	0	0	0	0	0
FAM86GP	124	122	156	144	139	143	141	106	163	120	127	121	123	59	63	76	55	83	69	96	64	66	73	74	84	96	76	33	32	31	23	41	29	30	32	31	31	39	18	34	19	18	12	29	4	23	3	36	7	23	5	27	6	31	11	8	5	11	10	9	12	25	7	34	4	18	4	21	6
KLHL32	30	26	31	18	35	23	40	26	41	25	25	28	34	21	35	36	23	29	18	29	46	51	39	54	31	50	42	78	38	62	51	48	49	72	53	66	41	77	49	50	37	219	67	228	71	167	68	191	91	193	113	176	49	175	95	242	75	310	74	380	59	386	66	294	85	260	83	234	98
RP11-50B3.2	2	1	0	0	0	3	0	0	2	1	3	3	3	0	3	7	1	6	1	1	4	2	0	2	3	5	0	0	5	0	1	1	0	0	0	4	0	0	1	2	1	1	2	0	1	0	3	0	2	0	7	0	0	0	0	4	2	1	5	1	1	5	4	0	7	4	3	4	2
RP11-73M18.8	152	163	167	180	144	175	170	166	159	126	178	163	163	221	270	231	296	215	269	322	250	246	258	242	345	324	301	314	418	274	353	286	365	262	312	298	315	350	362	343	299	400	458	433	645	392	298	523	278	458	325	414	367	399	338	491	245	558	213	662	229	690	215	655	290	622	252	751	221
TTC28-AS1	519	419	470	287	441	375	420	320	425	342	452	396	416	410	385	354	362	373	377	510	424	458	419	401	430	465	376	337	330	282	278	345	319	333	358	279	291	294	249	293	283	240	209	244	180	247	167	316	144	308	184	239	228	220	207	170	219	271	217	356	233	269	197	274	208	342	307	336	234
TM9SF4	5385	6251	6138	5354	5656	5491	5419	5106	5608	5396	5737	5148	5055	5643	7123	5894	7343	5560	7621	7180	7630	5966	6844	5786	7462	6852	7000	6942	6743	6564	6417	6748	6919	7886	6634	7243	6325	6915	5651	7980	6678	5839	5226	7104	5435	7012	5020	8836	4799	8070	4875	6845	5751	5779	4984	6359	4738	7880	4990	9218	5084	9185	4737	8317	4314	9390	5072	9356	5004
CTC-304I17.6	61	60	64	31	41	70	27	24	53	44	35	60	45	35	22	64	44	41	40	49	39	61	36	60	48	53	26	6	9	5	9	5	4	7	9	5	10	4	3	10	10	16	12	12	10	8	12	8	2	2	8	13	5	9	18	6	10	4	5	1	3	14	6	1	5	4	12	10	7
CMA1	0	0	0	0	0	0	0	0	0	1	0	1	1	1	2	1	0	0	2	1	0	0	0	0	0	8	0	0	1	0	0	2	0	1	2	0	0	0	3	3	2	0	0	2	2	1	0	0	0	0	0	0	1	0	3	0	1	0	3	1	3	0	0	0	0	1	3	0	1
SLC9A7P1	96	112	144	103	99	89	76	90	119	96	150	105	125	150	280	149	238	129	263	192	258	178	240	188	267	158	275	152	220	155	178	128	169	172	165	157	126	130	177	196	185	96	125	116	98	96	100	124	137	140	125	95	159	67	122	106	106	177	108	140	116	177	88	138	101	168	133	120	105
RP5-1120P11.3	8	8	4	3	1	3	1	1	2	4	9	0	10	2	0	2	2	0	0	1	2	3	0	2	5	0	2	3	0	0	0	1	1	0	0	2	0	3	0	1	4	2	3	0	4	0	0	3	0	3	0	0	2	3	2	0	1	0	2	1	5	5	0	0	3	3	12	1	1
NFKB1	344	327	388	293	370	291	313	272	329	288	369	287	258	930	1303	1034	1165	865	1164	1161	1118	1163	1115	992	1222	1228	1114	642	588	633	659	579	583	658	600	539	538	619	559	685	605	293	108	288	141	289	126	416	131	382	156	337	260	256	160	128	147	161	153	198	151	233	107	188	130	228	168	283	149
RPL13AP3	11	16	13	12	9	12	10	7	11	12	20	7	9	7	6	5	9	8	14	16	15	9	10	10	22	9	20	9	7	8	10	10	12	12	12	7	17	8	6	6	6	7	5	8	7	14	4	20	8	8	3	10	4	4	4	13	2	7	4	6	2	10	4	8	5	12	7	8	8
RPL7P25	1	0	1	0	2	0	1	0	0	1	0	0	0	0	0	0	0	0	3	1	0	0	0	0	0	0	0	0	0	0	0	0	2	0	0	1	0	0	0	0	0	0	0	0	2	0	0	0	0	0	0	0	0	0	0	0	1	0	0	0	0	0	0	0	0	0	0	1	0
KANSL1-AS1	16	26	24	19	20	8	17	15	13	17	21	13	6	12	12	24	24	16	19	28	18	21	22	15	12	17	16	13	11	12	5	11	4	10	14	10	12	30	10	14	18	11	5	18	15	10	21	14	4	27	14	20	22	20	16	17	8	13	11	11	20	12	8	16	13	10	19	12	12
TRIM14	1023	1104	1241	1054	1137	981	1068	831	1245	1017	1221	1002	1175	394	518	391	516	377	503	532	561	408	485	431	583	515	488	228	172	230	191	220	211	271	172	162	158	245	179	292	176	108	36	130	52	93	36	89	27	159	50	131	68	92	52	78	64	64	84	75	90	87	89	99	68	88	76	130	91
GS1-259H13.7	5	7	11	12	9	10	16	7	7	7	6	11	6	8	7	7	6	6	5	10	5	8	4	11	12	4	7	8	5	7	5	7	9	5	4	7	4	3	6	12	4	2	6	9	10	5	2	7	2	7	5	6	7	6	4	5	8	6	7	5	4	11	4	13	4	3	6	11	6
USP12PY	34	52	55	74	40	46	56	31	45	46	42	54	48	66	55	76	60	78	67	77	57	70	55	87	63	98	60	61	53	70	59	72	46	65	55	57	53	70	69	65	56	54	52	63	37	58	49	80	38	68	60	59	57	55	54	43	47	60	39	87	38	89	27	53	39	72	34	90	50
RP11-357N13.3	0	0	0	0	0	0	0	0	0	0	0	1	0	0	1	0	0	0	0	0	0	0	0	0	0	4	0	1	1	0	1	0	0	0	2	0	0	0	0	0	0	0	4	0	0	1	3	0	0	3	1	1	2	0	0	0	1	1	1	4	0	2	0	1	0	4	3	1	1
RP11-586D5.3	6	11	9	9	10	10	10	8	10	14	7	10	7	9	8	7	8	7	13	11	15	12	7	9	7	13	6	8	2	6	3	8	6	11	8	6	5	7	4	7	5	4	2	5	4	3	3	6	1	6	4	5	3	7	2	3	2	4	3	6	3	4	1	4	3	5	2	5	2
RP11-413N19.2	2	0	1	5	0	0	0	0	0	5	1	1	7	3	3	2	0	0	0	1	0	1	0	0	1	0	0	0	0	0	0	0	0	0	0	0	0	0	0	0	3	0	0	0	0	2	0	0	1	0	0	0	0	0	0	2	0	3	0	0	1	0	0	0	0	0	0	0	0
MYL6B	1886	1904	1819	1652	1706	1675	1815	1571	1766	1639	1607	1759	1600	1902	1921	2012	2152	1830	2208	2444	2158	1937	1661	1722	1878	2431	1626	2268	1927	1770	1867	1715	2141	1935	2042	1790	1679	1757	1708	2032	1833	1512	1615	1867	2005	1976	1764	2428	1718	2214	1893	1863	2035	1959	1867	2027	1576	2630	1697	3169	1919	3121	1724	2585	1837	3225	1899	3000	1837
SULT1C4	50	37	36	44	40	32	46	33	52	39	65	49	39	148	440	154	289	158	386	222	315	176	273	168	366	180	352	381	645	321	566	330	659	370	539	337	478	346	497	384	565	275	162	335	182	251	176	370	137	342	130	277	381	259	219	81	70	87	53	130	100	127	65	116	100	172	129	149	61
STX16-NPEPL1	52	50	57	31	32	46	53	48	67	60	79	52	51	33	13	22	18	39	20	46	12	16	21	35	39	37	40	33	63	38	43	56	66	35	62	30	40	48	50	59	34	80	77	69	126	46	51	61	87	74	90	71	83	32	63	95	95	85	105	79	113	83	85	76	90	104	113	119	100
ZSCAN32	59	31	35	28	42	42	53	32	40	33	44	27	35	45	31	32	41	54	47	45	41	29	36	47	51	25	35	30	31	35	33	28	59	46	55	23	23	47	34	46	36	62	35	39	23	41	22	55	24	39	37	39	27	43	31	53	28	41	34	57	18	58	30	68	32	57	47	62	20
RPS15AP5	224	193	226	168	143	142	165	143	155	153	162	176	134	167	185	169	184	169	188	187	178	163	138	173	174	208	137	153	153	142	145	146	153	162	144	158	127	148	121	169	117	125	82	139	88	138	87	163	74	148	66	106	99	175	79	89	54	150	53	166	70	124	60	120	77	140	64	133	66
RP11-115C10.1	0	0	1	0	0	0	4	0	4	1	3	0	2	1	7	1	4	0	1	0	0	0	5	0	3	0	0	3	0	5	4	6	3	5	7	0	5	13	9	1	0	0	1	3	0	0	4	2	0	7	1	2	1	2	1	2	0	0	1	2	1	0	0	0	0	0	3	0	0
GOLM1	6085	6698	6971	6759	6026	6900	6064	5675	6521	6402	6056	6334	5888	4668	4510	4840	4401	4825	4348	6093	4637	5287	4147	5187	4566	6022	4296	4712	4481	4684	4426	4772	5084	5139	4621	4465	4376	4669	3965	5503	4643	4146	3361	4466	3408	4692	3579	5361	3396	5035	3704	4548	4530	4084	3888	3463	4016	4513	4183	5409	4197	5496	4092	4990	3890	5466	4744	5709	4629
RP11-686G8.5	6	5	5	0	1	5	4	1	1	2	1	1	0	3	4	2	0	2	1	2	4	4	3	2	5	2	1	3	2	1	3	6	0	2	7	1	0	0	1	2	1	1	1	6	8	4	4	1	1	3	8	4	5	1	6	2	5	6	1	9	1	4	1	5	4	8	5	8	4
LRRD1	0	0	0	0	0	0	0	0	0	1	0	0	0	1	0	0	1	0	0	0	0	1	0	0	1	0	0	1	4	0	5	5	2	1	0	2	9	0	1	0	2	2	9	2	2	2	3	2	1	0	5	5	6	5	4	2	8	6	5	1	4	2	6	1	10	3	6	2	4
ENAM	0	0	1	0	0	0	0	1	0	0	0	0	0	0	0	0	0	0	0	0	0	0	2	0	0	1	0	0	1	0	0	0	0	0	0	0	0	0	0	0	0	0	0	0	0	0	0	0	0	0	0	0	0	0	0	0	0	0	0	0	0	0	0	0	0	0	0	0	0
RP4-751H13.7	0	1	2	0	1	0	0	0	1	2	1	1	0	0	3	4	1	0	5	4	3	4	5	0	1	0	5	8	8	0	1	8	3	10	6	4	6	0	6	3	3	4	7	0	8	6	2	2	4	8	3	0	10	2	1	2	6	2	8	6	3	10	5	10	4	6	3	3	11
RBBP4P2	1299	1002	1251	897	973	967	1069	877	1001	953	1050	956	1005	908	1051	1082	1074	1164	1055	1162	1119	1017	943	973	1128	1256	916	1221	1078	1271	1126	1194	1258	1282	1135	1227	986	1127	999	1325	1101	998	923	1083	916	1069	865	1390	691	1250	788	1085	913	1086	748	755	658	1061	679	1116	745	1175	667	1049	782	1160	835	1198	686
SPDYE6	33	44	48	25	31	34	26	29	44	35	51	27	38	30	49	40	41	36	37	64	31	44	36	47	37	65	54	41	107	50	91	48	86	35	81	45	66	58	76	50	66	80	86	64	104	53	87	77	102	75	100	72	139	26	117	82	112	104	102	86	128	122	113	91	84	95	135	93	104
FBXO16	185	144	122	120	160	158	121	156	138	141	137	137	145	125	138	138	173	164	136	137	162	177	129	158	194	192	171	163	156	102	128	118	157	71	149	129	136	117	115	142	126	126	76	152	89	121	112	175	154	152	148	135	92	117	129	152	171	175	182	188	164	243	193	209	164	190	194	234	195
ATP13A5-AS1	0	0	0	1	0	1	0	0	1	0	0	0	0	1	3	3	4	4	12	0	11	0	4	1	4	0	9	3	9	12	13	11	7	4	7	6	14	11	9	15	13	7	6	9	8	6	9	16	3	11	6	11	16	10	9	2	2	19	9	10	5	23	2	18	7	16	4	19	13
UBALD1	534	764	766	751	704	663	662	545	683	666	777	712	784	2190	1623	2383	2103	1782	2193	3052	2207	2674	1906	2268	2153	2617	1856	2528	1332	2191	1209	2258	1424	2572	1451	2096	1212	2227	1134	2702	1291	1986	1240	2187	1928	2261	1020	3255	1241	2964	1172	2660	1172	2181	1030	1840	858	2083	897	2701	1036	2981	796	2597	910	3145	925	2850	907
RP11-98D18.15	0	0	1	1	0	0	0	0	1	0	0	0	1	0	0	0	3	0	0	0	4	0	0	0	0	0	1	2	0	0	0	3	3	1	0	0	2	0	1	0	0	1	4	1	0	1	12	1	0	1	4	1	3	0	3	1	6	3	4	4	7	8	5	1	3	11	5	5	6
GABARAP	18	22	16	25	14	31	21	15	20	22	16	21	17	38	35	25	50	38	41	41	50	30	36	15	58	36	40	100	87	87	80	86	115	88	102	67	69	74	83	81	88	161	139	166	134	161	144	177	119	182	187	188	119	174	185	216	153	269	115	331	136	393	102	326	146	357	177	375	159
SEZ6	22	37	48	34	43	31	26	17	17	36	31	19	26	34	138	65	139	42	135	47	135	59	126	50	128	54	121	687	730	671	705	718	731	819	721	651	705	640	589	703	695	534	149	519	175	598	154	767	193	762	164	635	361	439	222	190	149	330	146	421	176	371	171	355	171	443	224	591	168
CRNKL1	2084	1243	1974	1499	1757	1507	1719	1251	1646	1330	1572	1511	1682	1679	1690	1748	1827	1776	1529	1898	1785	1746	1761	1761	1791	2192	1706	2105	2043	1822	1957	1977	2201	1976	1946	1969	1860	1993	1880	2214	1936	2239	1997	2525	1965	2340	1821	3175	1647	2708	2035	2420	2313	2570	2172	2337	1665	2751	1672	3269	1742	3424	1440	2976	1877	3005	2115	2905	1741
CTD-2230M5.3	145	125	138	158	119	92	144	85	112	125	169	157	138	114	110	104	119	123	123	152	93	102	74	116	120	129	94	82	77	63	61	87	99	95	82	78	66	58	43	71	96	66	55	79	87	58	50	100	56	84	71	60	89	59	60	59	64	77	59	97	48	112	60	76	34	93	69	81	56
RP3-491M17.1	0	0	0	0	0	0	0	0	0	0	0	0	2	0	0	0	0	0	0	0	0	0	1	0	0	0	0	0	0	0	0	0	0	0	0	0	0	0	0	0	0	0	0	0	0	0	0	0	0	0	0	0	0	0	0	0	0	0	0	0	0	0	0	0	0	0	0	0	0
KNG1	1	4	3	16	2	0	1	0	0	3	2	1	6	0	1	0	8	1	0	2	1	2	1	3	1	4	2	0	1	0	1	0	0	0	2	0	1	0	0	0	0	0	0	0	0	0	0	0	2	3	0	0	0	1	0	0	2	0	3	0	0	0	2	0	3	0	1	0	4
C12orf43	699	726	898	802	763	675	711	563	767	600	705	658	723	583	584	665	653	670	667	757	668	677	549	609	644	804	586	592	550	529	561	505	640	565	618	495	501	440	473	549	522	479	458	555	393	586	535	772	470	668	528	620	547	567	582	521	564	672	612	735	573	732	456	647	501	818	599	756	615
ZNF213-AS1	237	237	267	225	206	219	245	196	260	237	249	219	247	162	177	197	165	227	190	268	172	269	133	190	169	256	177	154	221	204	229	184	248	177	199	185	155	196	243	238	199	230	379	297	380	247	364	289	441	319	421	212	515	230	382	294	475	413	461	528	500	549	460	515	433	501	504	535	472
SACS-AS1	18	8	28	9	12	9	7	9	9	8	8	15	9	5	11	8	9	12	6	0	7	5	2	6	12	7	3	16	18	3	25	15	15	0	11	11	26	8	27	18	7	17	82	28	69	24	60	24	45	20	50	10	54	5	51	28	63	63	71	26	73	54	59	60	60	36	76	51	89
IFITM2	1885	2178	2107	1998	2002	1908	1864	1693	1979	1904	1876	1900	1835	1400	913	1490	917	1288	924	1826	992	1538	898	1364	975	1568	790	220	150	244	140	216	222	229	186	189	155	177	140	233	136	48	83	36	47	43	43	36	25	57	75	34	85	73	81	42	68	31	87	38	88	48	74	33	85	19	72	27	60
RNY4P7	0	0	2	0	0	0	0	1	0	0	0	0	0	0	0	0	1	0	0	0	0	4	0	0	0	0	0	0	0	0	0	0	0	1	0	1	0	0	0	1	0	1	0	0	0	0	0	0	0	2	0	0	0	0	0	0	0	0	0	0	3	0	2	3	0	0	0	1	0
KRTAP5-AS1	1	3	2	2	1	2	2	1	1	2	1	0	1	2	2	1	1	1	3	6	1	2	1	3	1	2	1	7	17	2	13	6	20	7	12	8	10	2	11	5	16	13	98	17	101	29	67	27	58	18	64	24	58	18	78	76	108	108	99	124	98	154	106	108	76	101	98	131	91
CTD-2380F24.1	1	1	0	0	0	0	0	0	0	0	0	0	2	0	0	0	0	0	0	0	0	1	3	0	0	0	1	5	0	0	1	0	0	1	0	1	0	0	0	0	0	1	0	0	0	0	1	2	0	5	0	0	0	0	0	0	0	0	0	0	0	0	1	1	0	0	1	0	1
CAPN3	2	5	3	1	2	7	3	1	5	4	4	3	0	1	2	3	2	1	5	9	3	1	0	5	11	4	3	3	2	8	5	2	3	4	2	2	8	2	4	2	2	2	7	1	11	1	5	0	2	2	3	0	1	0	6	5	11	7	13	5	14	4	10	6	7	2	13	2	16
RP11-434E6.4	1	0	0	0	4	0	0	0	0	0	0	0	0	0	4	1	1	0	1	6	5	1	0	0	3	0	2	0	2	2	1	5	1	3	4	5	11	3	3	1	6	1	4	2	0	6	1	1	4	2	1	3	7	0	3	6	9	8	7	7	5	3	8	1	4	7	14	3	8
C1QTNF9B-AS1	0	0	0	2	0	2	0	0	0	0	1	0	0	0	2	3	0	1	1	1	0	0	0	0	0	0	0	1	0	0	2	0	0	0	1	1	0	1	0	0	0	0	0	0	1	0	0	0	0	0	0	0	1	0	0	0	0	0	0	0	0	0	0	0	1	0	2	0	0
MAPK4	106	221	140	149	127	172	111	152	152	180	125	162	115	234	183	212	232	197	236	298	228	301	199	280	198	270	221	148	117	213	86	214	134	187	110	174	112	157	101	224	112	124	185	157	150	152	190	140	242	148	201	134	149	100	190	210	517	270	514	290	480	371	504	271	365	278	494	259	584
RNU6-101P	0	0	0	3	0	3	1	0	0	0	0	5	0	1	0	0	0	1	0	0	0	0	0	0	0	1	0	0	0	3	0	0	0	0	0	0	0	1	0	0	0	0	0	0	0	0	0	2	0	0	0	0	0	0	1	0	0	0	3	0	1	1	0	0	0	6	2	1	0
FAM92B	3	4	0	4	0	0	0	1	7	1	6	4	1	3	5	4	5	3	1	3	2	0	11	2	3	6	3	1	1	8	2	0	1	1	3	1	3	1	0	4	0	4	0	0	0	0	1	0	0	9	0	1	0	0	0	0	0	0	0	0	0	0	1	7	0	4	0	4	0
RP11-613G13.1	169	165	219	140	157	148	201	147	169	149	202	194	182	178	161	151	160	176	182	177	210	174	140	134	198	204	177	218	143	132	130	189	190	164	157	184	148	170	183	202	171	178	107	192	117	178	82	200	97	169	108	176	74	159	101	146	93	208	106	195	110	210	74	206	110	257	109	201	114
KLHL26	391	494	559	411	550	335	476	360	534	317	514	423	503	171	111	213	165	144	206	221	140	185	151	173	137	197	124	204	275	166	285	203	270	202	341	164	246	158	231	217	288	205	203	215	288	280	224	343	277	288	264	237	308	193	276	206	247	234	311	261	321	304	251	365	318	306	299	263	253
RP11-486G15.1	148	144	144	110	132	94	131	70	100	91	130	137	99	113	123	116	166	135	162	139	155	133	114	92	166	131	124	252	166	158	175	161	195	146	188	143	136	134	127	134	172	135	118	216	81	166	130	265	142	241	102	148	166	216	118	165	102	197	115	254	137	222	119	220	152	280	152	226	123
CTAGE8	151	138	186	146	146	149	120	141	147	166	147	155	146	103	88	101	81	127	74	139	76	109	91	124	92	142	90	41	45	47	33	38	34	38	43	49	29	49	20	49	30	28	20	34	13	30	19	22	17	24	23	26	20	25	27	28	22	44	26	52	16	50	20	49	18	40	25	42	22
RP11-3K16.1	48	38	51	27	41	38	38	29	35	30	49	34	49	27	38	36	46	32	37	33	43	37	45	24	31	29	47	26	27	28	25	18	28	34	28	28	37	28	28	26	24	19	10	12	17	33	7	30	12	35	18	23	14	32	6	14	6	8	10	13	7	16	6	15	6	21	8	17	12
ERLEC1	1547	1232	1254	1108	1269	1355	1222	1251	1269	1266	1144	1436	1147	1283	1296	1332	1222	1431	1143	1689	1381	1366	1275	1349	1386	1474	1349	1150	911	1020	976	1002	999	1299	992	1102	860	1023	917	1301	1041	860	724	1064	705	1037	793	1133	638	1176	841	843	950	1058	876	739	878	1145	748	1159	754	1333	773	1124	994	1209	931	1178	871
SOWAHB	42	48	41	35	41	44	29	40	41	45	32	58	34	220	217	176	181	176	225	312	160	273	143	268	173	288	166	62	36	42	19	51	27	50	27	39	35	41	23	67	32	16	9	9	15	12	6	16	0	25	13	7	20	4	11	5	5	5	12	4	7	10	12	8	4	6	16	12	8
CLEC2D	1240	618	945	670	803	870	857	720	879	778	816	988	891	716	686	694	663	772	564	840	735	802	727	853	717	858	730	627	494	603	499	620	580	597	549	655	446	586	511	837	441	437	285	481	299	471	259	554	232	564	273	406	325	543	296	241	221	313	189	401	245	370	212	349	315	410	287	440	232
PTPRD	1940	2466	2427	2361	2094	2243	1732	1822	1824	2071	2145	2082	2186	2825	2592	2991	2546	2959	2506	3437	2733	2914	2317	3162	2860	3857	2817	4324	5732	4402	5431	4736	5238	5048	4809	4711	4466	4720	4572	5569	5480	9429	21711	9958	22992	9259	14618	11594	14628	10412	13256	9252	13916	7182	13991	13482	15942	16216	14849	17684	14528	18747	13423	16302	11574	15131	18068	18112	16031
CPA3	0	0	0	0	0	0	0	0	0	0	0	0	0	0	3	0	5	1	0	0	0	0	0	0	1	0	1	4	3	2	0	0	0	0	5	0	3	0	0	0	0	0	0	0	2	1	0	1	0	0	0	0	1	1	0	1	1	0	0	0	0	1	0	1	1	0	0	1	1
PDCD2L	660	465	625	442	533	478	548	425	482	449	528	423	438	324	292	300	327	351	351	345	377	332	302	331	371	353	353	214	159	184	185	205	177	191	153	201	156	222	191	218	148	113	126	194	122	188	130	221	143	204	182	128	150	186	173	155	190	188	157	210	199	241	178	234	180	235	160	235	152
MIR3609	0	0	0	0	0	0	2	0	0	0	0	0	2	0	0	0	0	0	0	0	1	0	0	0	0	1	0	0	0	0	0	0	0	0	0	0	0	1	0	0	0	0	0	0	0	0	0	0	0	0	0	0	2	0	0	0	0	0	1	0	0	0	0	0	0	0	0	0	0
RP11-545M17.1	0	0	0	0	0	0	1	0	0	0	0	0	0	0	0	1	1	0	0	0	0	0	0	0	1	0	0	0	1	0	0	0	0	0	0	0	0	0	0	0	0	0	0	0	0	0	1	0	0	0	0	0	0	0	0	0	0	0	0	0	0	0	0	0	0	0	0	1	0
RP11-589C21.5	0	0	0	4	0	0	0	0	1	0	1	0	0	0	0	0	0	1	1	0	1	1	2	0	0	0	0	0	0	0	0	2	1	0	1	0	0	0	0	0	0	0	0	0	0	0	0	1	0	0	0	3	1	0	0	0	1	6	2	0	0	0	0	0	0	1	0	0	1
RP11-161D15.1	0	0	0	2	4	0	0	1	0	0	0	0	0	1	2	0	0	0	3	0	1	1	0	0	0	1	0	0	0	2	3	0	0	0	1	0	0	3	0	0	0	3	0	0	0	1	0	0	0	0	0	0	0	0	0	0	0	0	0	0	0	0	0	0	0	0	0	0	0
HNRNPA3P3	764	519	690	520	597	527	602	456	597	521	646	520	601	507	484	567	480	609	507	646	521	510	448	534	560	587	465	438	452	442	404	434	482	449	456	491	382	478	338	533	407	379	366	442	317	377	307	474	221	470	274	361	411	381	333	236	265	306	267	340	285	323	266	295	274	301	312	349	266
RP11-283I3.2	6	8	5	7	4	3	11	5	11	6	9	4	6	0	8	1	6	2	7	0	1	4	1	0	1	0	7	0	0	0	1	2	3	0	0	0	0	0	0	1	0	0	0	1	0	0	1	1	0	0	0	0	0	1	0	0	1	2	2	0	2	0	0	2	1	0	0	0	2
RP11-404P21.9	9	13	10	8	12	9	8	9	13	17	10	12	8	8	10	6	11	6	8	10	5	12	5	8	7	9	2	6	8	10	4	10	10	3	11	7	8	10	7	12	6	4	2	10	4	3	3	5	6	9	2	5	1	6	6	3	4	7	6	9	2	7	3	7	7	4	5	4	3
C15orf53	0	0	0	0	0	2	0	0	1	0	0	0	0	0	0	0	0	0	0	0	0	0	2	0	0	0	0	0	0	0	0	0	0	0	0	0	0	0	0	0	0	0	0	0	0	0	0	0	0	0	0	0	0	0	0	0	0	0	0	0	0	0	0	0	0	1	0	0	1
POM121L3P	0	0	0	0	0	0	0	0	0	0	0	0	0	1	1	1	1	0	2	0	4	0	2	1	1	1	2	1	1	0	0	0	1	0	1	1	0	1	0	1	0	1	0	0	0	1	0	0	0	0	0	1	0	0	0	1	0	0	0	0	0	1	0	1	0	1	0	0	0
RP11-106E15.1	0	0	0	0	0	0	0	0	0	0	0	0	0	0	0	0	1	3	0	0	0	0	0	0	0	3	0	0	0	0	0	0	2	1	0	1	0	1	1	0	0	0	0	0	0	0	3	0	0	0	0	0	0	0	0	0	0	0	0	0	0	0	0	0	0	1	0	0	0
RP4-598P13.1	1	0	0	3	0	1	0	0	0	2	0	0	2	2	1	1	3	0	0	2	1	0	3	7	3	4	5	1	1	0	2	1	0	2	1	1	3	0	1	4	1	0	0	0	0	1	5	2	0	1	4	4	8	0	1	1	5	1	4	0	4	2	3	0	4	0	7	0	5
CTD-2561J22.5	1183	928	1107	778	966	967	896	828	1038	967	1119	879	1142	952	888	928	874	992	885	1221	880	931	772	1056	1025	1263	926	669	935	755	899	650	890	819	778	715	719	818	765	938	749	634	732	733	817	719	597	677	663	712	696	728	701	474	734	587	704	857	656	851	567	971	587	700	488	741	714	895	664
ANP32AP1	1463	1402	1564	1434	1338	1497	1321	1105	1307	1359	1261	1397	1388	1686	1534	1938	1610	1992	1683	2297	1714	1854	1518	1812	1628	2231	1460	1625	1178	1548	1285	1504	1363	1695	1423	1491	1116	1690	1098	1832	1130	1067	572	1315	536	1276	559	1610	460	1540	519	1230	784	1332	563	749	447	900	482	1086	517	1055	452	943	535	1170	610	1192	457
MTUS1	308	320	362	343	329	353	346	311	317	278	308	358	317	214	205	200	192	186	149	212	144	200	180	228	264	217	155	37	71	67	69	30	79	59	68	79	55	55	78	80	75	56	84	64	141	82	81	103	35	107	93	53	91	53	62	83	62	122	101	132	88	105	83	113	72	103	102	97	86
MIR503HG	29	18	22	19	22	28	20	23	28	27	29	15	10	287	340	327	297	246	332	365	311	283	285	327	340	315	349	71	100	96	95	82	85	43	137	60	80	70	82	80	68	26	15	15	21	20	23	19	23	32	19	35	62	15	32	4	18	5	22	8	13	13	13	7	35	8	13	10	15
IL4R	690	717	943	812	825	775	707	651	793	653	913	771	730	4302	4827	4281	4952	4400	4829	5634	4761	4541	4099	4212	4632	5311	4357	3811	2887	3384	2817	3662	3145	4025	3073	3544	2611	3570	2443	4148	2890	2038	782	2052	923	2468	758	3173	689	2691	712	2286	1134	1854	822	905	475	1054	471	1406	600	1456	448	1117	516	1589	582	1270	423
TARBP2	1198	1440	1478	1325	1395	1362	1343	1059	1415	1186	1287	1247	1286	1173	989	1157	1205	1186	1291	1463	1233	1203	1086	1048	1168	1382	1086	1010	882	859	859	771	901	855	975	749	754	756	767	909	822	579	575	648	640	805	648	909	724	935	852	803	866	806	696	575	613	622	696	920	748	933	732	692	742	923	745	905	816
RP11-702L6.1	0	1	4	1	0	0	2	0	1	2	4	0	2	0	4	1	0	1	2	0	0	0	1	2	0	2	0	2	2	2	1	0	2	0	0	0	0	1	0	1	2	0	0	0	0	1	2	1	0	0	2	0	0	1	1	1	0	0	0	0	2	0	0	0	0	0	1	1	1
KRT17P2	2	2	6	2	0	1	2	1	2	3	8	6	8	3	0	3	2	5	5	4	9	3	0	2	1	6	3	0	0	0	0	0	0	0	0	0	0	0	1	2	1	0	1	0	0	0	0	1	0	0	0	0	0	0	0	0	0	0	0	0	0	0	0	0	1	1	0	2	3
FAM46C	66	85	70	75	74	77	47	42	52	57	43	77	54	159	167	189	192	139	163	187	192	227	126	190	194	242	126	101	49	102	49	91	77	112	58	101	58	102	62	183	58	23	68	26	55	37	46	29	61	24	38	45	73	37	56	18	27	24	39	16	26	13	40	9	56	10	43	9	50
PRSS27	53	76	59	66	58	53	69	38	57	38	56	35	58	74	78	89	75	71	99	99	83	72	70	64	63	70	81	133	115	101	121	122	125	75	120	107	123	123	180	170	97	138	92	162	108	144	91	197	108	210	118	163	149	131	129	169	175	187	183	273	221	273	193	227	148	261	239	313	193
AQP7P3	0	1	0	0	1	0	0	0	0	0	0	0	0	1	0	0	1	0	1	3	0	0	0	0	0	1	0	0	0	1	0	0	0	0	0	0	0	0	0	1	0	0	1	0	4	0	1	0	0	0	0	0	0	0	0	0	1	0	1	2	1	0	1	0	0	0	1	0	1
RP11-47L3.1	9	10	20	1	8	6	11	5	8	9	8	17	5	5	7	4	7	7	2	8	9	7	1	10	7	6	0	0	0	0	0	0	1	2	0	2	4	0	0	0	0	0	3	0	0	0	0	0	0	0	0	0	1	0	0	0	0	0	0	0	0	0	0	0	0	0	1	0	0
FAM181B	19	32	39	27	39	36	20	32	27	31	44	34	27	24	10	20	15	19	22	33	28	31	20	21	21	27	16	13	8	12	3	14	10	29	8	18	3	18	1	11	8	1	6	5	0	4	4	10	4	18	8	5	11	5	8	7	12	4	7	8	9	12	10	3	16	5	22	3	11
BAX	5977	6249	6342	5716	6335	5395	6143	4973	6190	5547	5890	5713	5918	4342	4082	4546	4501	4339	5058	5750	4860	4941	4104	4181	4172	5191	3876	4350	3079	3454	2917	3698	3432	3882	3576	3378	2897	3524	2944	4158	3391	2504	1983	3237	2365	3177	2158	4353	2482	3925	2670	3165	2836	3680	2461	1830	1416	2054	1520	2759	1705	2774	1605	2302	1775	2858	1632	2693	1656
CLIP1	995	864	862	827	836	888	860	714	944	825	914	816	843	967	970	1007	961	994	802	1170	979	950	816	1070	975	1283	930	831	1081	838	1085	888	1086	1019	957	890	955	890	813	1053	1072	980	1372	1079	1362	1011	1365	1204	1216	1142	1336	982	1405	824	1504	1291	2506	1594	2443	1795	2448	1962	2340	1568	2101	1664	2851	1734	2713
RP11-253M7.4	0	0	0	0	2	0	0	3	0	0	0	0	0	0	0	1	0	0	0	0	0	0	0	0	0	0	0	0	0	0	0	0	0	0	0	0	0	0	0	1	0	0	1	0	0	0	0	0	0	0	1	0	0	1	1	0	1	1	0	0	0	2	0	0	0	2	0	1	0
POLR3GP1	72	52	77	62	60	77	73	56	61	69	71	66	75	22	28	20	21	26	27	34	24	29	21	35	17	36	24	14	7	10	5	11	11	12	7	18	4	14	12	17	11	3	3	5	0	6	0	7	1	5	4	10	3	10	5	4	4	2	3	9	1	4	2	3	1	2	2	4	2
RP1-149C7.1	0	0	0	0	0	0	0	0	0	3	0	0	0	0	0	0	0	0	0	0	0	3	0	7	0	0	0	0	2	0	2	0	0	0	0	1	0	3	0	3	1	0	0	1	0	1	1	0	0	0	0	1	2	0	3	4	1	4	3	7	3	1	1	1	0	0	0	0	1
DNAH12	1	0	3	1	0	0	0	4	2	0	0	2	0	5	20	3	3	4	1	3	6	11	4	1	13	18	0	1	5	0	6	6	2	1	5	3	2	3	3	3	6	5	3	2	7	1	0	6	0	3	1	0	1	3	3	2	5	6	4	0	4	8	1	1	3	2	9	6	15
SLC5A3	1961	1601	1850	1387	1392	1710	1665	1491	1623	1607	1934	1688	1938	2074	2495	2122	1999	2186	1618	2820	1976	2165	1851	2458	2256	2649	2238	903	978	1100	888	998	1000	1273	964	1142	855	1199	843	1308	856	562	1134	537	1304	459	718	619	682	602	631	494	841	381	678	404	665	540	597	542	649	623	508	619	543	527	721	651	683
RP4-717M23.2	47	20	18	27	29	19	14	29	19	28	20	24	26	14	22	7	26	26	18	22	18	13	13	4	16	24	10	22	22	14	18	15	16	19	22	14	10	10	7	21	12	18	6	20	2	15	12	12	0	18	7	21	14	15	5	8	2	8	2	5	2	8	4	4	4	4	2	10	7
KIAA0141	2146	2287	2400	1942	2019	1920	2148	1908	2252	1916	2333	1973	2086	1585	1722	1682	1924	1589	1987	2183	1767	1940	1653	1649	2086	2021	1813	1993	2140	1811	1991	1787	2191	1948	2052	1795	1822	1997	1782	2102	1828	1657	1343	1814	1278	1671	1378	2221	1544	2221	1497	1674	1888	1409	1601	1280	1713	1589	1724	2009	1895	2199	1608	1757	1519	1953	1862	2247	1829
IWS1	4546	3582	4480	3675	3920	3623	4022	3174	3925	3583	4005	3469	4037	3436	4130	3672	4200	3818	3870	4638	4145	3906	3844	3779	4196	4325	3796	3833	3352	3346	3225	3292	3400	3658	3194	3288	2774	3389	2801	3864	3160	2615	2063	2797	1974	2718	2087	3330	1794	3146	1793	2638	2513	2708	2325	2058	2021	2471	2066	2720	2177	2723	2058	2605	2204	2848	2556	2853	2139
RP11-30K9.5	31	16	16	22	19	27	12	15	24	20	25	17	16	22	34	24	39	24	32	17	26	23	27	24	51	22	21	24	17	20	18	22	30	31	22	16	11	21	9	22	17	25	13	22	16	20	10	23	25	36	24	16	34	12	12	28	7	29	15	32	11	14	14	27	7	23	16	23	13
ATP1A4	25	52	46	51	41	24	29	39	35	35	26	20	24	12	8	21	16	28	6	28	16	27	7	29	3	41	19	0	6	4	3	4	2	2	2	9	1	2	3	7	2	5	7	5	4	3	2	2	0	1	5	1	4	8	0	4	7	7	4	2	2	8	6	3	2	1	4	4	5
CTD-2349P21.3	37	38	28	25	28	34	36	33	34	30	56	45	34	57	42	38	26	30	45	54	22	29	53	60	44	71	60	41	47	42	26	32	34	24	33	26	28	23	28	55	24	37	25	47	36	24	32	44	40	28	23	31	29	19	22	29	22	33	23	36	32	68	24	33	22	33	18	51	26
PRR5-ARHGAP8	5	5	11	1	4	7	5	4	9	5	1	0	2	7	0	5	2	2	6	8	2	4	0	11	0	4	4	0	1	0	1	1	0	4	3	0	0	1	0	1	0	0	0	0	0	1	0	1	0	0	0	0	0	0	5	0	4	0	0	0	0	0	0	0	0	0	1	0	0
RP11-262H14.11	4	0	3	2	2	6	7	6	3	2	2	2	1	5	3	7	2	12	6	5	8	9	6	2	4	8	1	5	5	9	14	6	6	12	4	7	6	12	7	4	4	8	3	10	6	8	5	10	3	10	3	2	4	6	8	6	4	9	4	9	4	16	3	4	8	4	8	10	8
CAPSL	0	2	4	1	0	0	0	0	3	2	2	3	2	0	1	0	0	1	2	0	0	0	0	2	0	0	0	0	0	0	0	0	0	0	0	0	0	0	0	0	0	0	0	0	0	0	0	0	0	0	0	0	0	0	0	0	0	0	0	0	0	0	0	0	0	0	0	0	0
WNT4	17	16	20	10	15	37	27	20	27	26	15	27	34	40	25	22	16	12	15	29	24	32	22	19	29	32	19	33	18	34	18	33	12	46	18	36	33	39	10	74	6	22	10	21	3	18	10	47	10	16	16	29	3	38	9	13	11	20	5	16	8	12	8	15	5	40	9	18	5
PPP1R11	91	76	90	76	69	82	94	69	77	71	82	74	87	69	63	82	75	82	82	91	82	78	58	62	76	92	64	100	87	80	74	75	91	80	85	72	74	59	79	77	86	79	94	88	100	87	97	111	91	100	91	74	112	88	94	109	133	125	131	129	123	130	129	127	127	132	139	133	162
HNRNPDP2	2	0	0	1	0	0	0	0	0	0	0	0	0	0	0	0	0	0	0	0	0	0	0	0	1	1	0	1	0	0	0	1	0	0	0	0	0	0	0	0	0	0	0	0	0	0	0	0	0	0	0	0	0	0	0	0	0	1	0	0	0	0	0	0	0	0	0	0	0
CYC1	4245	4390	5017	3873	4839	3739	4856	3217	4833	3595	4466	3988	4623	3507	3742	3236	4532	3026	4716	4052	4579	3708	3757	3482	4102	3936	3589	4386	3705	3771	3306	3780	4090	4130	4021	3817	3573	3858	3448	4380	3560	2745	1811	3745	2718	3553	2014	4982	2076	4805	2391	3951	2726	3913	2079	2312	1455	2807	1562	3387	1701	3541	1326	2911	1645	3782	1715	3435	1711
MTND6P4	958	683	893	825	679	706	721	662	719	662	743	685	734	771	1041	832	1033	946	957	959	1056	916	956	836	1008	999	939	913	1161	886	1080	897	1024	945	1031	943	1003	910	855	1042	1005	1056	700	1114	413	928	685	1276	474	1244	432	920	675	949	611	853	715	1062	702	1106	732	1212	728	1056	871	1131	830	1145	849
PKDCC	452	446	528	550	394	465	322	364	412	466	335	504	374	13442	21186	13618	21880	12425	23098	16185	22112	14127	19672	12305	22064	15504	20348	21272	19743	18213	18260	19675	20306	20677	20073	18292	17527	17765	17060	20836	18533	20574	15563	22778	18761	26192	16727	31754	19352	26775	19397	23698	21386	22721	19409	25816	14052	30578	15024	37479	16805	39849	13723	34117	15944	39134	16314	37904	14764
RP11-159D12.8	398	435	400	438	356	527	337	377	389	487	342	488	428	307	307	357	265	363	212	466	302	349	263	419	289	431	345	268	322	239	296	261	310	280	292	276	262	197	219	330	311	340	795	350	984	298	532	390	494	407	502	322	471	383	508	348	823	438	781	621	750	605	848	441	734	450	897	556	963
RP11-101B14.1	30	18	31	16	16	13	17	14	31	17	22	24	18	36	15	12	14	16	13	20	26	16	15	19	10	30	14	22	10	12	5	12	8	24	14	26	13	17	16	20	20	18	3	8	0	12	8	11	6	12	4	7	3	16	2	6	4	9	7	7	5	20	1	5	21	14	4	16	10
TSC22D2	1116	1220	1299	1198	1133	1222	1228	1036	1255	1126	1132	1119	1178	1215	1175	1247	1318	1216	1359	1401	1360	1211	1147	1318	1387	1445	1251	1993	1972	1906	1889	2108	2034	2125	1983	2059	1834	1993	1662	2225	2100	2996	4206	3139	4985	3151	3264	4077	3213	3493	3240	3046	3182	2799	3148	3773	2993	4520	2841	5581	2915	5931	2755	5147	2588	5447	3134	5281	3204
AC034187.2	0	0	0	0	0	0	0	0	0	0	0	0	0	0	0	0	0	0	2	1	0	0	2	0	0	0	0	0	0	0	0	0	0	3	0	0	1	0	0	0	0	0	0	0	0	0	0	0	0	0	0	0	0	0	0	0	0	0	0	0	0	2	0	1	0	0	0	0	0
ZNF487	39	31	43	22	30	22	38	24	38	27	49	28	23	15	8	24	5	32	11	29	9	10	19	16	20	23	25	5	17	16	11	9	16	15	21	10	11	18	18	20	11	16	25	26	29	13	38	30	46	15	15	14	27	13	24	14	72	30	40	37	43	32	70	24	43	25	49	31	63
PGK1P2	4598	4021	3600	3277	3506	3599	3691	3728	3943	3562	3834	3649	3101	1829	2058	1878	2216	1888	2177	2406	2409	2054	1862	1789	2093	2277	1847	1725	1592	1524	1617	1652	1764	1856	1659	1900	1416	1778	1384	1766	1490	1649	1181	2175	1149	1842	1151	2734	1081	2591	1229	1983	1292	2111	1126	1459	938	1682	953	2078	1050	1948	939	1939	937	2392	1008	1920	1000
RP11-66N11.6	0	0	0	0	0	0	0	0	0	0	0	0	0	1	2	2	0	0	0	0	5	2	1	0	0	0	1	2	0	0	0	1	2	0	2	0	0	2	0	0	0	2	0	0	0	0	0	0	0	1	1	0	2	0	0	3	1	1	1	1	3	0	0	1	3	0	6	0	0
FRMD6	1028	816	887	866	769	841	912	708	811	906	780	880	863	1306	1345	1426	1234	1450	1196	1812	1442	1582	1286	1530	1292	1774	1218	1814	1659	1713	1524	1815	1588	1881	1540	1722	1524	1733	1357	2081	1610	2034	1555	2095	1726	2402	1081	2941	999	2438	1265	2341	1605	2187	1170	1738	571	2143	577	2374	674	2668	502	2278	693	2436	855	2462	617
RP11-117L5.1	0	0	4	0	0	0	0	0	1	1	2	3	1	3	10	3	18	6	10	7	4	8	1	5	7	9	8	25	41	11	22	10	28	11	21	18	18	19	29	17	24	17	31	14	21	15	27	23	28	10	21	16	26	11	28	18	42	39	30	35	34	32	20	39	7	19	46	24	33
APOBEC3B	161	139	141	133	146	181	136	126	155	139	170	157	162	78	42	72	32	41	42	99	33	91	34	114	47	97	29	6	8	7	2	7	5	3	7	6	7	10	1	8	5	2	1	10	0	6	0	0	0	7	2	1	1	0	1	2	0	1	4	2	4	0	1	1	1	6	0	7	2
KB-1208A12.3	98	79	87	92	84	113	94	76	81	77	111	88	81	65	62	77	92	61	76	89	97	87	72	78	74	94	98	97	59	74	68	89	73	90	102	90	70	77	56	86	56	66	42	77	71	92	51	96	52	95	48	82	58	125	44	51	53	73	48	97	44	124	54	92	60	92	55	100	63
IFITM9P	73	98	113	80	96	70	85	62	89	80	116	86	87	47	28	60	46	53	66	67	37	62	40	41	50	35	38	12	2	11	6	9	9	10	2	11	6	12	4	14	6	0	2	2	3	1	2	1	2	4	3	0	4	0	2	2	2	1	2	0	2	4	3	0	4	2	0	1	3
MYADML2	10	7	5	10	12	5	7	4	10	7	7	8	10	14	8	21	12	12	14	29	8	14	2	16	3	34	15	17	27	19	18	12	20	15	16	5	11	16	25	32	19	40	48	56	87	39	31	69	45	37	28	37	33	51	34	67	24	74	28	121	38	112	24	92	17	99	35	94	42
ADAMTS17	36	36	50	42	42	45	37	19	61	38	37	48	45	33	48	39	57	50	66	55	59	40	46	59	48	43	56	113	419	119	409	119	441	103	362	100	419	126	309	96	402	221	822	339	1041	292	875	512	1093	395	1005	363	1312	253	1094	515	469	622	552	727	861	754	514	597	627	745	840	875	511
TFAP2C	791	709	785	657	812	651	690	635	734	617	711	712	671	1081	1713	1139	1607	1242	1561	1433	1713	1191	1406	1088	1670	1311	1561	1279	1889	1074	1777	1227	1932	1338	1861	1175	1842	1098	1563	1268	1821	703	1868	971	2139	936	1573	1297	1543	934	1702	747	2538	1009	1819	934	1112	858	1147	1296	1498	1281	1150	1244	1335	1249	1506	1307	1172
DHRS7	970	748	798	704	837	682	859	587	850	739	823	726	792	1634	2131	1574	2325	1671	1982	1811	2400	1668	1867	1496	2066	1919	2043	2422	2371	2011	2202	2056	2403	2271	2493	1980	1988	2126	1971	2480	2094	1769	1264	2119	1337	1908	1350	2568	1290	2421	1730	1878	1776	2270	1559	1835	1317	2220	1243	2708	1412	2909	1349	2345	1375	2788	1675	2597	1323
RP4-570O12.2	0	0	2	0	0	0	0	0	0	0	0	0	2	0	1	0	0	0	0	1	0	0	0	0	0	0	1	1	0	0	1	0	0	0	0	0	0	0	1	0	0	1	0	1	0	0	0	0	0	1	0	0	0	0	0	0	0	1	0	0	0	0	0	0	0	0	0	0	0
RP11-162G10.1	39	18	21	26	24	25	26	24	31	17	32	21	18	14	32	17	32	26	22	24	28	32	25	23	37	26	41	30	23	13	38	28	28	25	22	26	28	35	18	24	25	32	41	21	35	25	28	41	19	45	29	26	29	31	27	20	21	34	22	36	19	53	16	42	25	33	30	30	35
SFRP4	2	4	3	3	4	8	4	0	0	0	4	0	0	7	2	6	6	4	2	12	2	6	2	3	9	6	0	8	13	12	26	11	16	11	11	18	23	8	17	23	21	42	43	38	45	29	44	56	28	26	43	30	23	41	35	180	43	230	50	209	52	239	51	207	65	260	52	218	47
RP11-1082L8.1	463	290	474	339	366	313	355	284	405	342	407	359	427	192	145	197	133	166	156	186	170	168	122	199	139	209	151	69	114	101	99	92	120	77	104	85	94	104	91	110	92	69	77	95	61	68	70	117	58	113	71	100	63	84	88	65	57	86	77	88	70	79	64	83	76	114	54	81	70
RLBP1	5	0	1	1	1	0	0	0	1	0	0	2	0	1	0	2	2	1	0	3	0	2	2	0	0	0	3	0	0	0	0	0	0	0	0	0	0	0	0	4	0	2	0	0	1	2	3	0	0	0	0	1	0	0	0	0	1	1	0	1	1	0	0	0	0	0	3	0	2
SAMD4A	242	324	337	372	292	370	285	266	290	346	324	311	296	239	209	225	157	212	148	289	166	229	192	271	195	247	159	31	45	37	22	41	33	25	32	32	37	28	28	51	32	17	59	20	67	25	54	31	41	51	43	26	81	24	49	25	34	51	43	50	37	31	37	29	43	52	64	22	40
GRPEL2-AS1	1	1	1	2	4	2	1	7	5	7	3	3	2	1	6	0	2	0	1	2	1	1	0	2	1	9	4	6	3	0	1	1	3	5	3	1	1	1	4	1	3	3	4	1	0	3	2	0	1	0	4	2	1	0	3	2	3	2	4	7	10	6	5	5	2	9	5	6	3
CYP1B1-AS1	37	34	43	40	31	36	29	32	40	36	41	31	32	13	11	16	13	15	8	19	13	15	7	14	10	13	9	1	9	3	5	2	2	2	4	4	9	6	1	5	2	1	7	5	8	15	7	7	9	8	2	4	4	2	3	9	7	11	12	18	8	18	13	11	8	7	21	14	10
KCTD15	1106	1238	1449	1375	1177	1291	1128	1009	1250	1174	1215	1236	1391	1783	1876	2098	2204	2048	2358	2362	2269	1972	1798	1720	2161	2322	1999	2403	2464	2165	2337	2406	2571	2528	2479	2407	2148	2306	2113	2592	2410	2374	2470	2653	3034	2779	2357	3232	2476	3244	2605	2634	2759	2248	2542	2423	2152	3021	2322	3871	2401	4024	2191	3227	2124	3832	2484	4061	2354
UTF1	663	1038	978	1013	1346	843	1393	610	1324	634	1068	831	1229	182	66	241	108	184	132	279	125	210	129	130	144	188	100	8	9	1	10	11	10	9	12	11	8	6	12	18	5	2	15	8	15	2	9	7	15	6	16	10	12	6	24	3	16	6	17	6	19	12	9	9	22	14	15	15	13
TSSK1A	2	5	1	2	5	2	4	2	3	1	0	1	0	0	2	6	0	0	0	1	4	2	2	2	1	4	1	1	2	2	5	0	3	4	1	0	2	10	2	1	0	1	0	1	0	1	0	3	0	2	1	0	4	1	0	2	4	4	4	1	4	4	3	6	2	1	4	4	2
ATXN1	262	272	288	274	187	215	244	208	200	244	227	235	264	196	240	251	209	255	213	272	231	247	219	226	283	342	209	140	178	116	118	136	148	132	144	132	159	144	124	143	136	127	136	127	123	119	131	112	109	136	165	120	153	77	196	192	402	262	383	370	321	358	337	307	297	381	424	375	424
PLEKHA3	386	275	318	284	281	286	260	285	338	271	296	307	323	303	333	350	335	354	271	377	336	296	335	335	310	433	329	490	492	439	435	462	427	480	448	456	422	379	414	511	441	511	508	536	555	499	426	654	374	591	488	542	519	635	476	409	418	605	370	669	439	668	366	563	492	669	458	752	535
RNU6-911P	0	1	0	1	0	1	2	0	1	4	0	0	1	5	0	1	0	1	0	1	0	1	0	0	0	0	1	0	0	0	0	0	0	0	0	0	0	0	0	0	0	0	0	0	0	0	0	0	0	0	0	0	0	0	0	0	3	0	0	0	0	0	0	0	0	0	0	0	0
LAMB3	32	11	25	30	26	29	27	22	29	10	23	24	33	73	154	44	153	43	162	83	212	76	152	59	183	66	136	151	181	100	168	137	114	129	138	122	167	110	109	156	131	80	33	112	55	119	54	185	38	135	80	84	94	75	59	47	23	81	37	74	38	78	24	89	37	96	43	105	16
DLX2-AS1	0	0	0	0	0	0	0	0	0	1	0	0	1	1	0	0	0	0	0	0	0	0	0	1	0	0	0	0	0	0	0	0	0	0	0	0	0	0	0	0	2	0	0	0	0	0	0	0	0	0	0	1	0	0	0	2	0	0	0	1	0	0	0	0	0	4	0	3	0
CTB-131K11.1	495	311	471	350	367	350	395	296	423	298	365	337	422	367	469	398	458	461	374	408	456	385	421	390	471	481	413	467	454	383	457	386	455	435	385	412	350	408	382	524	377	397	389	411	330	405	315	546	352	512	326	466	396	400	338	340	276	463	332	467	334	487	255	448	317	420	417	523	339
TRIM48	13	3	11	1	13	0	7	5	9	2	6	10	11	8	23	9	14	5	16	3	15	11	12	2	11	7	20	10	10	10	9	6	16	5	14	9	8	3	9	2	11	5	37	5	7	5	26	7	42	6	12	4	56	3	26	1	12	3	28	6	25	1	24	3	27	2	27	3	16
FAM220BP	28	36	46	22	26	32	20	23	30	29	36	26	32	12	12	18	8	17	10	23	10	21	3	20	12	24	4	5	10	6	6	4	2	4	6	8	6	4	6	6	5	4	8	4	2	6	4	10	10	9	4	4	6	4	5	2	6	4	3	11	6	4	5	4	3	2	3	2	5
RP11-259P15.1	0	1	1	2	0	0	0	2	1	1	0	0	0	4	0	0	0	0	0	0	1	1	1	0	0	0	0	1	0	0	2	2	4	0	0	1	0	0	0	0	0	0	0	2	0	0	0	0	0	0	2	0	0	0	0	0	0	0	0	0	0	0	0	0	0	0	0	0	0
AC093627.7	7	5	7	4	3	4	4	3	3	7	4	4	4	0	0	1	1	0	0	0	0	0	0	1	0	1	1	0	0	0	0	0	1	0	0	0	0	1	0	0	0	0	0	0	0	0	0	0	0	0	0	0	0	0	1	0	0	0	0	0	0	0	1	0	0	0	0	0	0
CTD-2194D22.1	0	0	0	3	0	0	0	0	0	0	0	0	0	0	0	0	0	0	0	0	0	0	0	0	0	0	6	0	0	0	0	0	0	0	0	0	1	0	0	0	0	0	0	0	0	0	0	0	0	0	0	0	0	0	0	0	0	0	0	0	0	0	0	0	0	0	0	0	0
AC007461.2	0	0	0	0	0	0	0	0	0	1	0	0	0	0	3	0	4	0	4	4	1	2	1	2	0	1	2	3	1	3	1	0	0	6	1	0	2	6	0	7	2	3	0	0	0	0	0	4	0	2	0	4	0	1	0	0	0	0	0	0	0	0	1	4	0	3	0	0	0
CTD-2291D10.1	0	0	2	1	0	1	0	0	0	0	0	0	0	0	0	0	0	0	0	0	0	0	0	0	0	0	1	0	0	0	0	0	0	0	0	0	0	0	0	0	0	0	0	0	0	0	0	0	0	0	0	0	0	0	0	0	0	0	0	0	1	0	0	0	0	0	0	0	0
CTD-3105H18.7	0	0	1	0	0	1	2	1	0	1	0	0	1	0	0	0	0	1	0	2	0	0	0	0	0	0	0	0	0	0	0	0	1	0	3	1	0	0	0	0	0	0	1	1	0	1	1	0	0	0	0	6	1	1	0	0	0	4	0	0	2	2	1	1	2	2	2	1	4
RP11-160C18.2	2	3	0	1	1	1	9	2	3	3	2	4	10	23	25	10	25	19	26	16	24	15	9	16	27	9	19	7	3	5	8	6	4	4	7	12	5	5	8	12	1	0	2	0	0	3	0	3	0	0	6	0	0	0	4	2	4	2	0	5	1	3	2	0	4	4	1	1	2
NBEAL1	1051	734	822	731	790	777	738	699	816	727	797	838	794	825	968	777	969	808	808	1037	990	888	847	907	1018	1085	964	829	835	688	728	651	797	768	748	666	644	780	677	834	738	753	588	720	529	667	491	693	537	666	586	676	694	573	715	592	745	837	649	816	681	808	599	735	627	705	926	971	805
PNMA6A	115	138	146	137	157	123	120	100	151	113	112	142	156	106	75	93	87	90	130	112	101	95	79	93	114	107	98	78	48	54	53	70	60	83	56	55	50	66	78	55	55	40	77	64	89	66	72	54	100	70	96	59	115	51	109	134	201	140	292	213	246	200	240	171	261	183	277	144	308
DNASE1L2	6	2	10	6	8	5	10	7	5	4	16	5	0	6	3	6	7	3	13	15	7	0	22	1	4	4	4	12	21	4	15	8	23	7	16	10	18	1	6	3	16	8	33	18	13	12	44	13	35	17	23	19	18	15	28	30	43	33	47	36	40	37	41	42	50	14	40	42	69
SLC25A21	223	198	259	206	232	199	229	203	200	216	174	263	256	210	126	201	166	195	103	302	168	205	127	201	150	305	123	112	125	127	88	125	124	129	100	121	94	101	98	133	102	73	31	102	28	60	47	62	44	80	40	76	89	83	51	13	13	35	42	21	30	14	54	24	34	33	25	5	21
RAB31	2203	1683	2138	1877	1764	2040	1885	1731	2023	1940	1905	2028	1867	1635	2650	1593	2235	1534	1927	2014	2257	1772	2185	1824	2358	1903	2209	1120	1025	1061	1105	903	1219	1014	1108	962	1151	1047	1059	1137	997	687	130	791	149	771	167	1023	100	1026	132	849	367	893	211	784	171	856	172	1067	301	1085	186	1132	229	1063	329	1279	172
RP11-53A1.3	0	0	0	0	0	0	0	0	0	0	0	0	0	0	0	0	0	0	0	0	0	1	0	0	0	0	0	0	0	0	0	0	2	0	0	0	0	0	2	0	0	0	0	0	0	0	0	1	5	0	0	0	1	0	4	0	1	0	0	2	0	0	3	0	0	0	1	0	0
ZSCAN2	1256	1177	1343	1068	1187	1079	1255	972	1243	1011	1223	1043	1208	528	490	580	592	650	541	759	562	541	428	596	490	745	513	523	585	479	554	491	584	503	551	525	485	461	493	537	512	551	591	670	601	637	507	888	622	750	716	681	662	532	612	723	682	841	665	1014	646	1012	665	900	599	943	660	934	725
TMEM27	69	19	31	29	59	32	35	20	38	41	35	37	26	38	38	28	43	32	28	35	35	59	50	21	43	30	52	23	22	24	19	29	28	24	24	26	10	32	20	37	23	21	2	12	15	24	11	47	9	38	17	7	18	25	11	4	13	29	12	28	21	28	9	13	10	24	18	35	4
RP13-923O23.7	26	22	20	12	24	29	17	22	16	22	20	22	9	11	9	29	14	24	14	26	20	11	18	21	10	33	18	16	12	16	15	11	14	10	23	13	18	20	17	22	10	24	26	31	19	33	14	29	19	25	31	27	16	27	15	23	38	32	37	30	41	48	44	24	26	32	46	44	56
HMX2	20	7	4	13	13	18	14	19	16	19	16	14	5	11	16	8	29	4	20	10	26	17	23	9	17	12	10	15	14	25	6	20	10	22	13	14	10	12	7	19	3	0	0	1	0	1	0	5	0	2	2	4	0	3	0	0	0	0	0	3	0	3	0	1	0	3	0	0	0
RP11-497H16.7	4	5	4	3	3	5	4	4	4	4	4	3	6	5	6	7	6	4	6	9	6	5	7	7	7	8	10	13	12	15	15	12	13	10	13	14	12	11	16	13	9	16	12	18	17	16	13	19	14	23	13	17	16	16	19	16	21	22	16	29	19	30	20	23	17	22	25	35	23
COBL	1860	2504	2380	2601	2208	2425	1771	2272	2259	2607	1928	2147	1962	2738	1968	2907	2147	2639	2330	3461	2314	3058	2047	2873	2302	3276	1930	922	837	1132	815	1102	835	1188	757	1104	771	906	730	1345	834	472	497	443	505	551	430	420	415	701	385	434	294	394	445	368	422	441	407	580	250	613	335	362	298	441	318	432	362
RP11-834C11.8	0	1	0	0	0	0	0	0	3	0	0	0	0	2	6	1	0	4	1	1	3	2	3	0	3	0	2	1	0	1	1	4	1	1	0	0	0	1	0	2	1	0	0	0	0	0	0	0	0	0	0	0	3	0	0	1	0	0	1	3	0	2	0	0	0	3	0	0	1
RP11-18H7.1	76	62	87	55	59	82	66	56	73	76	73	82	72	67	76	85	65	93	72	119	69	87	66	72	81	104	60	58	55	62	54	50	62	41	62	52	38	49	39	35	52	52	60	72	60	51	62	90	39	64	54	57	57	59	64	43	87	87	93	101	88	113	89	111	69	116	99	84	96
RP13-977J11.3	0	0	0	2	0	0	0	0	0	1	0	0	0	1	4	4	6	0	2	2	1	0	4	0	2	0	1	5	2	0	4	1	3	6	1	1	6	0	4	12	5	2	4	2	0	0	7	0	3	3	3	2	4	1	1	1	2	2	3	1	9	2	3	4	5	3	1	8	2
AKAP17BP	40	12	18	15	23	11	26	15	29	19	16	31	14	16	10	17	30	7	39	22	29	28	34	24	39	19	25	18	10	26	7	16	4	19	6	12	7	26	9	33	14	21	8	25	21	18	3	22	13	16	5	9	5	12	7	11	3	4	3	10	4	10	3	3	10	6	8	8	3
RNA5SP60	0	0	0	0	0	0	0	0	1	0	0	0	0	0	0	0	0	0	0	0	0	0	0	0	2	0	0	0	0	0	1	0	0	0	2	0	0	0	0	0	0	0	1	1	1	0	3	0	0	0	1	0	1	0	1	0	2	2	3	0	1	0	1	0	0	0	0	0	3
RP11-36C20.1	7293	6768	6920	6405	6413	6188	6709	5689	6255	6382	6100	6824	5836	5883	6175	5934	6912	5837	7073	7636	7299	6273	6026	5648	6666	6942	5839	6103	4855	4784	4719	5129	5410	5581	5095	5306	4431	5003	4254	5859	4683	3472	2642	4377	2982	4168	2696	5789	2285	5599	2840	4443	2979	5050	2721	3042	1996	3672	1966	4615	2372	4568	2212	3766	2382	4868	2457	4913	2119
ACSL3	5180	3954	4678	4192	4151	4347	4405	3562	4359	4077	4464	4464	4411	4047	3844	4107	4030	4183	3373	5073	4402	4273	3904	4515	4255	5207	3858	3207	2762	3276	2662	3113	2952	3435	2696	3122	2596	3353	2390	3845	2570	2873	2104	3209	2135	3117	1875	3675	1836	3335	1903	2748	2251	3057	2020	2613	2303	3519	2025	4089	2104	4075	2143	3643	2250	3842	2475	4093	2417
RP11-131L12.2	2	4	0	4	5	3	3	4	2	6	5	2	0	0	0	1	2	1	0	2	0	2	0	0	0	1	3	0	0	0	0	0	4	0	0	0	2	1	0	0	1	4	1	4	0	0	2	0	0	0	2	1	0	0	1	0	2	0	2	0	3	0	0	0	0	0	0	0	4
MIR5692A1	0	0	0	0	0	0	0	0	0	0	0	0	0	0	0	0	0	0	0	0	0	0	0	0	0	0	0	0	1	0	0	0	0	0	1	0	0	0	0	0	0	0	2	0	0	0	0	0	0	0	0	0	0	1	0	0	0	1	1	0	0	0	1	0	0	0	0	0	0
KRT18P51	9	8	5	9	7	7	5	5	8	5	5	6	6	3	3	3	2	6	4	5	2	5	4	6	2	5	2	0	0	0	0	0	0	0	0	0	0	0	0	1	0	0	0	0	0	0	0	0	0	0	0	0	0	0	0	0	0	0	0	0	1	0	0	0	0	0	0	0	0
HOGA1	2	5	3	3	3	8	6	4	11	2	6	3	16	13	1	10	3	5	7	5	2	15	7	9	1	3	6	4	5	2	5	3	4	5	2	6	8	11	10	5	4	3	0	1	3	5	3	14	1	9	4	3	3	5	6	1	7	5	7	1	0	14	3	11	2	3	3	9	10
LINC00623	199	182	187	155	172	193	160	144	175	151	157	193	174	262	141	245	194	235	208	347	191	280	147	252	204	302	152	76	60	106	48	68	71	93	61	78	51	63	43	86	55	41	33	57	39	68	36	58	29	53	34	45	27	60	40	49	46	58	51	71	38	65	62	55	60	66	41	65	52
RCN3	597	677	685	536	670	605	680	525	674	511	599	609	542	290	313	282	357	260	452	411	363	440	400	313	357	358	289	204	146	178	126	138	163	187	133	184	121	170	108	175	179	103	67	125	60	119	74	184	71	171	68	138	71	129	94	173	86	151	80	174	77	186	74	199	110	208	82	205	71
MTUS2-AS2	0	0	0	0	0	0	0	0	0	0	0	0	0	0	3	1	6	0	0	0	0	0	0	0	1	0	0	4	1	0	0	0	0	0	0	0	0	0	0	0	2	0	0	0	3	1	1	0	3	0	0	1	0	0	0	0	2	0	1	0	2	0	0	0	3	0	1	0	3
CTD-3065B20.2	0	5	4	5	1	1	1	0	1	2	1	3	5	2	4	7	14	1	4	1	0	8	0	4	4	3	8	10	18	11	28	20	26	23	21	13	17	19	20	23	9	31	39	53	16	38	29	43	22	31	26	23	28	21	29	44	42	53	36	98	30	69	24	47	12	52	31	76	33
RP11-161H23.9	5	9	12	4	6	6	11	10	11	10	14	12	4	9	6	13	12	13	15	17	8	8	7	6	16	11	7	12	40	25	44	23	38	18	43	15	35	17	21	19	45	28	125	38	167	47	139	40	152	49	144	31	115	27	134	98	255	120	281	131	224	156	278	125	200	116	242	117	268
RP11-281P23.1	10	9	2	5	0	2	8	4	0	4	6	6	6	0	4	3	2	0	1	0	2	0	10	5	4	2	2	2	5	2	4	11	2	1	2	8	0	5	4	0	2	11	4	4	2	2	4	3	0	3	4	2	6	3	4	1	4	4	0	3	5	5	5	4	4	5	4	19	2
RP11-157L3.9	2	1	4	3	0	1	1	2	2	2	0	1	3	1	0	1	0	2	0	4	1	2	0	1	1	2	2	0	1	1	0	0	0	0	1	0	0	0	0	0	0	0	1	0	1	0	0	0	0	0	1	0	0	0	0	1	0	3	0	1	0	4	0	0	0	1	1	0	0
BTG4	9	0	6	0	2	0	4	8	12	7	9	7	1	10	8	10	7	1	9	13	10	8	7	15	10	9	3	3	3	3	0	5	0	0	5	4	2	8	0	1	3	1	0	2	0	2	1	0	0	0	0	1	0	2	1	0	0	0	0	9	0	4	0	0	0	0	1	5	0
RPS6P8	1	2	4	3	4	0	6	1	0	0	2	4	2	0	0	0	0	0	2	0	0	0	3	0	0	0	0	0	0	0	0	0	0	0	0	0	0	0	0	0	0	0	2	0	0	0	0	0	0	0	0	0	0	0	0	0	0	0	0	0	0	0	0	0	0	0	0	0	0
ASAH2B	472	314	389	272	342	389	384	321	367	335	353	339	370	357	411	440	438	465	335	464	481	395	383	389	424	467	447	496	537	502	510	541	543	628	532	535	527	575	455	584	508	610	427	661	393	683	469	863	434	679	502	626	554	575	516	695	510	927	487	1038	519	1131	506	933	588	933	674	977	624
EMX2OS	5	5	1	1	0	0	1	4	4	0	3	1	0	53	187	49	226	42	215	69	246	62	212	60	259	78	177	246	190	184	199	185	167	194	141	210	206	237	177	237	192	65	61	106	21	72	43	85	73	83	50	73	60	60	67	107	99	88	95	117	97	110	119	87	98	129	101	103	93
STMN4	4	6	9	2	6	6	8	5	5	6	9	2	7	20	11	11	9	5	3	22	19	18	5	12	28	9	16	97	677	112	669	144	730	53	630	85	518	45	493	70	668	754	7052	1080	7669	1210	6443	867	5282	1001	5479	764	4272	776	5546	7621	9683	8988	9766	10584	9295	10607	9453	9143	8910	9955	9604	9500	9816
RP4-539M6.20	2	0	3	2	0	2	0	4	2	3	0	2	8	2	1	4	4	4	1	0	0	2	6	3	4	3	4	3	4	2	2	0	5	0	0	0	3	1	5	6	0	0	3	0	7	0	1	1	9	1	2	0	2	0	2	3	1	7	5	5	3	0	1	3	2	8	0	0	4
XRCC6P5	261	170	281	195	245	185	251	190	240	198	222	194	208	190	203	199	195	241	176	232	206	208	162	191	188	230	186	124	114	129	122	136	125	166	108	117	104	139	106	158	122	112	69	118	89	114	70	126	55	153	75	123	90	101	86	67	62	86	62	103	70	116	45	76	58	80	64	93	66
FBXL22	2	5	6	7	7	5	5	4	9	12	6	10	4	2	1	9	5	2	5	10	2	5	0	5	1	7	0	3	4	0	3	0	1	3	0	2	3	8	7	5	6	12	6	1	4	1	0	9	3	1	9	3	8	7	8	2	11	10	10	7	10	17	9	6	7	3	7	1	8
RP11-776H12.1	50	40	23	26	24	19	44	26	40	28	25	24	28	58	142	63	119	52	94	74	106	77	79	52	121	30	121	155	159	132	142	122	130	136	129	121	81	164	107	176	128	178	57	182	60	107	60	197	54	175	50	158	86	108	50	185	41	190	54	234	63	197	45	248	42	219	87	316	45
ESRRAP2	103	110	131	95	144	112	121	81	141	93	109	111	113	80	83	75	121	79	143	114	141	79	101	59	128	106	101	133	130	77	125	99	138	121	149	106	137	95	124	120	121	120	98	91	127	130	121	178	109	154	125	148	129	106	98	114	105	128	86	172	83	149	95	165	66	172	88	175	75
AMBP	28	39	20	31	38	13	41	16	10	24	17	34	19	103	103	129	134	110	162	120	141	116	122	103	147	92	141	219	41	150	67	213	100	268	73	225	74	267	80	245	60	68	57	71	27	90	43	118	49	70	53	32	27	115	32	16	10	1	16	18	18	48	12	24	14	24	18	35	18
KDM5C-IT1	1	2	3	1	1	3	2	2	1	1	3	0	1	1	1	4	1	1	2	3	2	2	2	3	2	2	2	0	2	1	4	1	1	1	2	1	0	1	5	1	1	2	4	2	0	3	4	6	2	3	4	6	2	2	3	2	6	4	4	2	5	4	2	3	1	2	2	4	3
IDE	2993	2137	2917	2276	2335	2489	2476	2191	2529	2324	2449	2452	2505	2231	2235	2294	2150	2456	1826	2765	2401	2389	2055	2448	2180	2993	2030	1836	1585	1782	1588	1863	1752	2071	1670	1817	1419	1780	1427	2097	1548	1348	1025	1370	831	1354	853	1599	732	1539	903	1242	1090	1165	1028	725	711	997	708	1083	730	1202	716	1117	741	1163	903	1064	820
RP11-44N21.2	1	2	2	1	1	1	1	1	1	1	1	1	1	2	1	1	2	1	2	1	1	1	1	1	2	1	2	2	2	2	2	2	2	2	2	1	2	1	2	2	2	1	2	2	3	1	1	3	1	2	2	2	2	1	2	1	2	2	2	3	2	2	2	3	1	2	2	3	2
RP11-110L15.2	0	0	0	0	0	0	0	0	0	0	0	0	0	0	1	0	0	0	1	1	0	0	4	0	2	0	0	0	0	0	0	0	3	0	0	1	0	0	0	0	0	0	0	0	0	0	0	0	0	0	0	0	0	0	0	0	0	0	0	0	0	0	0	0	0	0	0	0	0
PTTG3P	814	799	772	754	707	786	712	706	807	741	721	764	664	858	747	744	929	776	766	1024	956	934	842	849	918	927	749	917	548	712	573	746	682	741	747	788	650	740	486	920	620	592	147	749	236	674	130	698	155	884	195	781	253	829	183	154	55	199	77	208	80	227	61	231	125	245	88	334	62
AL356585.1	47	37	53	53	46	44	40	29	46	37	33	51	41	44	34	36	34	34	45	45	41	32	23	33	50	39	34	41	28	25	40	41	41	34	48	42	39	36	37	54	29	34	30	36	32	35	18	33	20	43	40	35	31	48	31	31	17	23	21	32	21	30	22	48	13	53	19	42	14
TSPO2	5	12	10	15	4	7	11	5	5	4	10	8	4	5	9	4	12	7	3	7	8	6	4	6	15	11	9	3	15	6	5	10	8	0	6	5	4	14	8	9	5	23	4	8	5	9	4	9	0	7	2	20	6	5	3	15	1	12	2	11	1	9	0	9	0	14	4	13	2
RP11-626G11.4	2	1	0	1	0	1	2	1	0	0	0	2	1	0	3	3	6	0	0	1	1	1	1	0	5	0	3	2	0	0	0	0	0	0	0	0	0	0	0	0	0	0	1	1	0	0	0	0	0	2	0	0	1	0	0	0	0	0	2	2	1	0	1	0	3	2	0	0	0
RP6-91H8.5	1	0	0	2	0	0	1	2	0	1	0	0	0	0	2	2	0	0	1	2	1	1	0	0	2	0	0	0	1	0	1	0	1	0	0	0	0	0	0	0	1	0	0	0	1	0	1	0	0	0	0	2	0	0	0	0	0	0	0	0	0	0	0	0	0	0	0	0	0
RP11-214O1.3	2	0	0	2	1	0	0	4	3	0	1	2	4	1	2	1	0	0	0	5	2	1	2	4	2	6	2	2	2	0	2	2	2	0	1	3	3	1	3	2	2	1	2	0	0	5	6	3	0	0	0	2	0	0	0	0	0	5	0	0	2	0	0	0	1	0	1	0	2
RALBP1	2892	2495	2765	2647	2751	2626	2612	2224	2731	2401	2604	2564	2415	2518	3006	2631	3086	2705	2998	3288	3394	2674	2957	2569	3180	3028	2869	2982	2595	2665	2485	2587	2630	2955	2592	2643	2435	2675	2207	3208	2557	2178	1989	2737	1953	2622	1862	3354	1643	3231	1743	2610	2198	2756	1710	2034	1622	2550	1659	2810	1749	3045	1725	2628	1818	3086	1974	2928	1770
PRDX4P1	0	0	0	0	0	0	0	0	1	0	0	0	0	0	0	0	0	0	0	0	0	0	0	0	0	0	0	0	0	0	0	1	0	0	0	0	2	0	0	0	0	0	0	0	0	0	0	0	0	0	0	0	0	0	0	0	0	0	0	0	0	0	0	0	0	0	0	0	0
PON1	27	11	29	16	14	31	11	30	15	25	11	26	15	321	373	267	501	309	432	340	503	283	424	252	491	322	402	491	264	457	299	452	347	463	290	564	232	459	222	547	264	218	72	246	59	249	70	335	101	308	91	246	32	278	63	93	51	139	31	97	24	177	44	123	37	155	27	144	30
ADAT1	721	716	930	722	702	597	587	556	759	595	796	627	661	913	865	1063	958	929	836	1224	977	909	734	867	954	1088	861	996	1301	994	1159	922	1305	1070	1175	984	1130	981	1019	1125	1160	1100	950	1259	954	1179	1055	1298	1026	1425	1200	1253	1431	908	1107	1096	1296	1405	1163	1579	1286	1656	1227	1323	987	1562	1386	1675	1261
SLC35C2	1020	1395	1388	1206	1182	1055	1174	917	1232	1094	1229	1090	1096	1304	1175	1346	1438	1244	1464	1517	1356	1315	1159	1157	1380	1461	1270	1216	1321	1175	1136	1234	1228	1315	1172	1137	1103	1197	1055	1295	1040	1041	803	1288	791	1219	867	1674	1066	1465	1057	1283	1327	1087	1101	1189	981	1379	965	1788	1056	1693	981	1638	1020	1793	1179	1781	1019
RP11-680F20.10	2	1	1	0	0	3	1	2	1	2	0	0	2	0	0	0	0	0	0	0	4	0	2	0	0	2	1	0	0	0	1	0	0	2	0	1	0	0	1	2	0	0	0	0	0	0	0	0	2	1	5	0	2	0	1	0	0	0	0	0	1	0	0	0	0	0	0	0	0
CBX3P4	1	3	0	1	1	2	2	1	6	1	0	4	1	2	0	3	1	0	0	8	0	3	0	1	0	3	2	0	1	0	4	0	1	2	1	1	0	1	3	2	2	4	5	1	3	0	0	3	0	4	4	4	1	0	2	0	3	2	6	4	3	3	0	2	1	4	1	5	2
HNRNPA1P58	0	1	1	1	0	0	0	0	1	0	0	2	1	0	0	0	1	1	0	0	1	0	1	1	4	0	1	1	0	0	1	0	0	0	0	0	1	2	0	0	0	0	0	0	0	0	0	2	0	1	0	0	0	0	0	1	0	0	0	0	0	0	0	0	0	1	0	0	0
RP11-318G21.4	0	0	1	1	0	0	3	1	0	1	0	0	4	1	0	0	0	0	1	0	0	0	0	0	0	1	1	0	0	0	0	0	0	0	0	0	0	0	0	0	0	0	0	0	0	0	0	0	0	0	0	0	0	0	0	0	0	0	0	0	0	0	0	0	0	0	0	0	0
EVX2	0	0	0	0	0	0	0	0	0	0	0	1	0	7	35	16	26	14	37	18	46	15	13	11	42	5	37	38	25	32	33	31	23	44	34	34	17	35	24	48	23	12	32	11	48	26	40	13	59	6	43	19	33	21	40	13	85	31	92	34	49	30	93	29	62	25	66	19	94
UBE2FP3	11	25	17	12	12	3	10	22	13	10	12	15	23	12	15	15	18	10	24	19	16	8	16	15	44	12	19	24	13	7	7	15	20	16	12	22	24	12	7	13	12	15	23	21	12	19	15	14	13	27	16	26	16	5	11	15	26	17	13	28	12	22	12	35	12	22	33	23	13
INPP5F	9697	5262	9790	5667	8323	5853	8060	5099	8296	5254	8449	5800	8471	7484	12223	8071	11695	8398	10678	10100	12909	8828	11327	8562	12955	10035	12196	9044	11677	9426	11411	9442	11847	10527	11532	9838	10229	9371	10184	11327	11470	8174	10962	8880	10627	8544	10207	10088	9491	10124	9842	8460	11359	7901	10099	6798	9727	9170	9185	9598	9492	9947	9272	8468	8849	9118	10895	9425	10370
BTBD19	24	21	40	18	18	12	29	9	33	15	32	23	33	30	25	23	20	33	30	31	19	36	31	48	33	34	36	50	125	51	96	57	97	34	98	45	78	71	84	66	82	79	165	95	276	98	198	114	236	99	229	117	290	102	184	127	175	170	154	178	175	191	179	157	138	129	166	187	127
RP11-240B13.2	46	43	41	55	50	42	39	30	38	58	61	43	46	8	11	4	9	11	4	13	10	15	5	8	10	9	9	0	1	0	0	0	0	0	0	1	1	0	2	0	0	0	0	0	1	0	0	0	0	0	1	0	0	1	0	0	0	0	0	1	1	0	3	0	0	0	0	0	0
EPSTI1	25	25	48	24	48	23	37	12	30	11	31	14	34	18	29	9	41	15	27	25	38	24	30	34	36	37	34	2	27	4	33	3	27	3	33	2	24	1	45	20	32	3	8	5	0	2	7	0	10	2	14	10	24	5	15	2	4	1	0	10	5	0	5	1	3	1	0	7	2
CST4	3	1	2	2	0	4	2	0	4	2	1	6	6	0	6	1	6	2	1	4	1	7	7	2	5	4	6	0	0	0	0	0	0	0	0	0	0	0	2	0	0	0	0	0	0	0	0	0	0	0	0	0	2	0	2	0	0	0	0	0	2	0	0	0	0	0	0	0	0
TPPP3	9	11	17	12	13	15	11	15	16	7	8	21	11	12	14	18	29	3	24	20	37	8	15	8	24	4	8	40	84	23	94	22	95	23	76	26	52	28	52	43	76	42	42	102	61	90	65	95	70	80	105	57	72	83	75	230	233	269	222	344	225	370	198	252	183	370	251	428	281
CTB-158E9.2	296	145	215	186	204	254	262	167	228	183	198	212	206	240	244	214	266	203	231	228	256	222	224	277	236	270	235	290	301	258	329	232	298	296	310	251	277	300	219	302	294	363	316	397	286	322	276	500	268	364	268	414	286	386	213	286	147	352	198	410	226	403	183	338	203	385	233	381	260
PAFAH1B2	5901	4090	5540	4679	5015	5242	5146	4132	5245	4691	4902	5043	5099	4343	4083	4555	4282	5066	3874	5541	4773	4448	4149	4711	4553	5453	4428	4286	4196	4263	4090	4502	4365	4605	4113	4346	4028	4205	3674	4822	4070	4177	4829	4706	5176	4617	4558	5550	4078	5317	4623	4143	4435	5058	4429	4082	4211	5414	4283	6532	4323	6682	4154	5983	4864	5864	5147	6612	5148
RP11-419C19.1	1	0	0	0	0	0	1	0	0	0	0	0	0	1	0	3	0	0	0	1	0	1	0	0	0	0	3	0	0	0	0	0	0	0	0	0	0	0	0	0	0	0	0	0	0	0	0	0	0	0	0	0	0	0	0	0	0	0	0	0	0	0	0	0	0	0	0	0	0
RP11-527N22.1	0	0	0	0	0	0	0	0	3	0	0	0	0	1	3	0	0	0	1	0	0	1	2	3	0	0	0	0	0	0	0	0	0	1	0	2	0	0	0	2	1	0	0	0	0	0	1	0	0	0	0	0	1	0	0	0	0	0	0	0	0	0	0	0	0	0	0	0	0
SNORD63	4	3	4	2	1	5	3	2	2	4	2	4	3	2	2	2	2	2	1	5	3	6	3	5	4	3	2	3	3	2	2	2	3	2	2	2	3	3	4	2	2	2	2	3	3	2	3	4	3	4	0	3	3	2	2	1	3	5	2	5	4	5	2	2	3	5	4	4	3
RP11-628J14.1	15	18	19	8	8	13	6	14	8	12	10	10	18	27	12	19	22	30	11	28	26	20	26	24	17	25	20	18	14	10	16	21	19	13	16	16	8	14	8	22	19	19	16	24	13	22	9	31	9	21	8	22	12	12	22	3	7	28	5	16	5	6	9	29	4	10	5	18	7
RP1-249H1.3	4	21	12	8	16	6	28	10	12	14	12	6	5	4	16	7	12	6	7	12	9	16	16	8	20	13	18	4	15	2	12	11	11	12	0	6	16	2	2	6	9	15	4	23	0	6	18	7	2	2	11	20	1	15	2	0	5	8	3	5	5	2	7	10	12	0	1	8	6
RP11-107D24.2	0	0	0	0	0	0	0	0	0	0	2	0	0	0	0	0	0	0	0	0	0	0	0	0	0	0	0	1	0	0	0	0	0	0	0	0	0	2	0	1	0	0	0	0	0	0	1	0	0	0	2	0	0	0	1	0	0	0	1	0	0	0	0	0	0	0	0	0	0
FBXW12	42	20	24	6	31	21	50	23	47	25	32	17	27	10	24	18	25	20	33	26	11	25	19	12	24	28	17	14	14	13	22	11	10	14	6	21	8	26	11	29	9	19	15	25	14	14	6	20	6	27	11	10	21	15	15	8	12	23	12	24	14	10	20	7	18	30	27	32	26
RP11-513D4.3	2	1	1	0	2	0	4	0	0	1	6	1	5	0	2	0	3	3	0	4	1	2	0	0	4	5	0	3	3	2	0	1	4	4	0	0	2	4	1	2	0	0	2	1	7	2	2	4	1	2	3	0	1	3	2	1	1	6	0	0	1	3	3	0	6	1	6	4	2
RP11-160H12.3	2	0	1	1	0	1	1	3	0	1	1	2	3	1	3	1	2	1	0	1	0	0	3	1	0	1	0	0	1	0	0	2	0	0	0	0	0	0	0	0	0	0	0	1	0	0	1	0	2	0	0	3	2	0	0	0	1	1	2	3	1	1	0	0	2	0	2	0	0
USP17L7	0	0	0	0	0	0	0	0	0	3	0	0	0	0	0	2	3	0	0	1	0	0	0	0	0	0	3	0	2	0	0	1	1	1	0	2	0	0	2	0	0	0	0	0	0	3	0	3	2	1	0	0	1	0	1	0	8	3	0	3	12	0	1	3	0	2	5	0	12
CTC-550B14.7	9	13	16	7	15	12	12	10	10	15	27	9	14	3	6	10	3	6	5	5	3	3	6	5	3	2	5	4	2	4	3	2	3	4	1	3	1	2	2	6	2	2	0	3	1	3	1	3	2	3	1	3	3	3	2	2	2	4	3	4	2	2	5	3	2	3	5	3	4
RP5-1050K3.3	0	0	0	0	0	0	0	0	0	0	0	0	0	1	3	1	3	1	2	1	1	1	2	1	1	4	6	3	7	1	2	4	3	2	6	1	1	2	1	2	5	4	1	2	4	4	2	5	3	1	2	6	4	2	5	4	2	6	2	10	6	7	1	5	3	7	2	11	3
RSRC1	679	478	583	452	570	491	598	418	573	490	518	566	532	859	1164	898	1102	879	1061	1020	1174	877	1178	909	1218	993	1142	1555	1312	1567	1204	1451	1399	1627	1299	1647	1207	1512	1147	1891	1212	1512	1303	1646	1383	1590	1072	2027	927	1989	1098	1629	1206	1837	1106	1226	928	1712	883	1826	1040	1944	959	1700	1012	1722	1205	1864	1153
DKK1	8	8	2	2	0	1	2	5	2	0	8	5	7	4	9	6	3	0	2	4	4	11	6	6	5	0	2	1	1	0	0	0	1	0	1	1	0	3	1	2	0	2	7	3	7	0	5	1	2	0	7	0	17	0	5	2	5	4	6	3	7	3	3	3	8	2	19	5	9
RP11-101E5.7	32	33	37	22	25	27	25	35	26	20	24	21	21	7	21	14	8	15	3	21	15	5	5	14	5	19	17	10	9	16	9	14	7	3	16	23	5	9	12	10	5	9	21	14	21	10	27	5	20	8	24	1	26	11	19	20	43	19	28	17	41	13	38	25	32	21	37	36	29
BACH2	249	285	269	304	251	286	225	228	279	323	225	289	242	374	443	377	426	402	401	472	379	406	333	422	421	446	398	563	619	535	590	543	677	511	560	490	496	481	544	600	644	971	2441	986	2864	1021	1881	1192	1674	1090	1586	934	1678	819	1704	2167	3223	2863	3231	3224	3099	3399	3081	2630	2643	3017	3775	3250	3445
SIPA1L3	1222	1906	1921	1828	1750	1611	1507	1375	1717	1480	1824	1543	1770	2358	3338	2249	3688	2051	4057	2790	3528	2243	3134	2068	3828	2708	3266	4309	5490	4232	5073	4753	5411	4990	5502	4266	4974	4510	4650	4755	5420	4309	5835	5270	8138	5302	4760	6626	5163	6426	4850	5287	5242	3811	5034	5340	3905	5846	4122	7264	4384	7506	3722	6401	3186	7010	4382	6917	3986
FRRS1	256	155	225	157	177	168	199	178	167	189	209	165	206	245	283	207	243	244	242	246	305	240	312	265	286	256	289	155	98	118	95	116	116	184	107	112	76	172	75	170	93	42	2	50	0	57	12	60	7	66	4	44	34	28	27	9	14	13	9	25	19	14	12	22	11	12	16	5	5
RP11-636O21.1	19	6	30	19	21	11	22	4	10	12	16	21	11	23	18	13	26	15	27	6	32	24	14	9	22	17	23	6	18	7	5	8	9	10	19	12	16	16	5	13	14	5	3	16	8	15	5	11	7	9	23	3	15	3	8	22	13	21	12	26	11	30	15	21	10	22	13	26	11
AC005255.3	331	387	397	347	370	381	354	331	327	365	325	324	290	378	363	348	439	369	398	424	426	362	340	366	382	422	337	297	271	294	281	275	319	273	257	252	279	317	201	387	264	222	208	288	279	254	216	350	172	326	219	260	240	236	208	257	178	250	187	361	213	323	172	320	167	374	212	301	236
RPL7P57	47	62	67	53	56	58	55	41	60	46	57	48	60	48	39	47	49	51	50	53	57	48	50	57	61	65	45	45	46	39	49	40	52	45	46	40	41	54	51	41	35	43	49	50	43	46	42	62	27	49	51	60	59	50	57	48	36	57	33	59	45	64	29	52	33	62	41	62	39
CTD-3030D20.1	5	11	7	5	3	11	2	3	5	4	6	19	0	4	2	12	4	2	13	14	8	11	1	8	9	12	3	11	5	7	4	13	12	3	6	4	4	7	0	7	5	4	11	12	22	5	10	16	4	3	17	6	13	6	14	8	15	12	6	14	4	9	11	2	14	15	17	19	9
MRLN	8	5	17	16	4	1	2	2	5	2	3	6	2	7	4	2	5	5	6	1	6	0	7	3	2	1	5	2	0	0	0	1	0	2	0	5	6	0	2	3	0	4	2	2	0	0	3	4	1	4	1	1	4	1	0	1	3	1	0	4	1	3	3	2	1	0	0	0	3
TNS4	32	27	43	9	23	20	24	25	19	9	26	13	21	5	8	10	2	17	6	4	5	6	5	1	1	16	1	4	1	0	1	1	1	0	0	0	0	0	1	0	0	1	1	0	0	4	1	0	0	0	0	0	1	1	0	4	0	0	0	1	8	0	1	0	2	3	0	2	3
AC138035.3	11	15	15	14	11	10	11	10	12	10	13	13	16	20	16	19	20	20	19	25	13	21	12	21	23	24	17	16	28	19	25	18	23	16	23	12	16	19	23	16	22	27	52	29	66	29	41	36	45	32	45	27	47	15	38	30	51	37	48	45	46	51	43	40	30	42	47	51	49
RP11-446H18.1	2	6	4	6	6	2	3	4	2	2	4	2	3	6	4	6	5	2	8	2	2	5	7	6	8	3	4	6	9	6	6	9	10	10	3	8	4	14	4	6	8	4	6	7	7	7	5	4	9	6	2	4	7	4	4	6	7	19	4	8	4	4	18	13	6	12	10	18	10
DSG2	10151	9127	10674	9490	9456	9680	8772	8000	9400	9218	10011	9194	9710	9752	11120	10506	10149	10761	9247	12366	10368	10367	9446	11478	11153	12668	10027	4154	3307	4576	3401	4019	3538	4716	3352	4638	3045	4458	2963	5575	3500	1422	537	1466	510	1570	618	1301	514	1414	731	1436	754	1108	733	744	787	903	750	1068	639	1127	766	920	773	982	824	1305	720
AC073465.2	24	14	14	15	6	15	15	2	6	14	13	12	10	17	3	11	7	12	8	18	5	3	6	8	6	0	3	17	6	7	2	13	15	6	6	3	2	8	15	9	13	4	6	18	18	4	4	5	2	11	7	10	14	7	10	6	1	16	4	16	7	10	8	4	10	5	5	23	6
RP11-478J18.2	2	0	0	0	0	1	0	0	0	0	0	0	0	5	1	2	10	4	8	8	10	5	8	6	15	5	10	10	15	8	12	17	11	8	14	12	3	15	12	10	9	10	9	14	10	13	7	21	17	16	8	11	14	15	20	12	6	24	8	14	12	14	4	11	19	6	7	21	11
AHSP	2	0	1	0	3	4	5	2	4	3	1	2	9	11	0	6	5	7	2	3	2	8	6	5	1	11	0	1	0	0	0	0	0	0	1	0	0	0	0	1	0	0	0	0	0	0	0	0	0	0	0	0	1	0	0	3	0	0	0	0	0	3	0	0	0	0	0	0	0
RP13-895J2.11	0	0	0	0	0	0	0	0	0	2	0	0	0	1	9	1	2	4	9	4	2	3	4	1	2	3	4	1	0	3	1	3	0	0	2	2	0	0	2	1	0	0	0	0	0	2	0	3	0	0	0	0	0	5	0	0	0	0	0	1	0	0	0	0	0	3	0	0	0
PGA4	8	12	13	8	12	12	5	13	6	5	4	8	7	4	5	11	5	12	6	6	4	8	8	9	7	3	5	3	3	7	3	2	1	3	2	2	2	4	2	3	2	9	2	2	4	4	3	1	1	2	1	2	4	1	1	2	4	2	4	2	5	4	5	1	0	1	4	6	3
DANT1	11	19	15	16	15	15	12	18	12	16	13	18	15	8	2	9	5	10	8	11	9	5	16	7	6	14	5	4	1	2	1	2	2	2	0	5	0	5	4	2	0	0	0	0	0	0	0	0	0	0	0	0	0	1	0	0	0	0	0	1	1	0	0	0	2	0	0	0	0
IFRD2	1783	2086	2260	2060	2097	2009	1991	1732	2052	1741	1955	2020	2084	1398	1320	1348	1514	1451	1701	1746	1660	1377	1251	1330	1554	1773	1370	1226	909	979	868	1018	944	1146	1097	1045	804	1075	861	1142	950	684	453	831	582	834	432	1192	606	1082	548	833	818	973	606	633	494	788	511	890	557	938	511	695	505	939	485	978	530
OR55B1P	0	0	0	0	0	2	0	0	0	0	0	0	0	0	0	1	3	0	0	0	0	0	0	0	0	0	5	0	0	0	0	0	2	0	0	0	0	0	0	0	0	0	0	0	0	0	0	0	0	0	0	0	0	0	0	0	0	0	0	0	0	0	0	0	0	0	0	0	0
OSBPL10	3814	4216	4104	4026	3651	4186	3675	3587	3853	3814	3553	3719	3700	2150	1923	2523	1858	2436	1835	3169	1879	2573	1715	2498	1893	3124	1723	620	277	653	301	633	358	642	353	620	378	563	299	694	353	134	92	145	117	155	109	134	64	161	126	147	88	94	146	86	153	80	113	92	117	142	141	98	135	105	112	73	155
HMGB1P8	22	14	15	23	10	17	17	16	16	12	11	14	14	27	14	18	14	22	27	19	22	14	7	20	19	21	11	18	20	10	10	9	20	25	13	20	8	11	9	19	11	24	13	21	4	19	7	14	5	15	3	16	11	11	8	11	9	15	4	31	10	11	8	18	16	16	10	15	9
RP11-350N15.3	1	0	0	2	1	0	0	0	1	0	0	2	2	0	0	0	2	0	0	0	0	0	0	0	0	3	5	1	0	0	0	0	0	0	0	0	0	0	0	2	2	0	0	0	0	0	1	0	0	0	2	1	0	0	0	0	0	0	1	6	0	2	0	0	0	1	1	1	0
KIF1B	7465	7181	8479	6685	7356	6638	6963	6139	7339	7061	8009	6382	7323	7154	7910	7269	7760	6839	6917	8644	7571	7183	6950	7770	8517	8973	7668	7289	10536	7217	9934	7983	9622	8308	9670	8010	8860	7822	8470	9375	10458	11417	21720	12593	23324	11725	17407	14059	16562	13904	15722	11603	16472	8194	16773	20488	26300	24756	24127	27811	23342	28193	24162	24438	17508	25323	27326	28194	26500
SCN2A	40	69	56	31	55	38	54	36	46	42	34	44	44	25	23	43	16	32	11	57	14	58	21	40	17	54	14	8	20	12	27	5	23	3	7	4	12	5	8	5	10	3	18	14	8	1	23	4	37	6	17	3	28	0	43	3	65	6	64	2	58	18	79	16	64	3	95	16	88
RBM22P1	16	6	16	7	8	7	10	7	10	5	8	11	16	3	8	4	6	8	10	18	6	12	8	6	11	14	3	7	13	11	6	10	12	13	13	2	11	4	8	16	6	7	6	11	12	10	8	4	12	16	12	8	10	8	16	9	10	16	8	22	7	8	10	20	15	4	14	11	10
ZNF273	881	601	680	635	631	712	624	678	658	733	636	858	621	687	676	700	699	769	601	851	735	775	700	756	863	969	650	844	703	783	669	684	665	956	611	806	577	853	554	894	590	732	337	729	229	797	339	909	280	810	373	653	417	628	471	397	258	593	257	656	295	766	281	555	276	660	320	763	282
CAPN7	900	529	721	559	579	649	570	597	682	561	647	673	672	536	588	517	661	587	582	656	718	609	686	629	708	773	566	904	843	798	915	856	894	963	863	730	770	868	837	1088	856	856	1039	933	1174	911	1010	1105	871	1039	987	834	1123	826	1049	761	1034	1120	1016	1209	1012	1210	903	1166	989	1004	1218	1175	1173
RP11-392B6.1	2	0	0	1	0	0	0	0	0	0	0	0	2	0	0	2	0	0	0	0	0	0	0	0	0	0	0	0	3	1	2	0	1	0	1	0	1	1	0	0	1	1	1	0	6	1	3	0	2	1	6	2	3	0	4	4	6	1	5	1	3	8	3	0	5	1	9	3	3
CTD-2162K18.4	79	131	86	96	66	110	101	98	77	103	80	130	65	113	54	103	71	104	68	143	86	85	49	84	66	138	62	58	40	67	41	61	51	77	33	58	34	47	32	81	36	38	19	34	24	43	21	54	20	67	22	40	15	33	12	38	17	42	30	34	16	42	21	50	24	52	11	49	26
CTD-2147F2.2	1	5	5	1	2	6	6	6	8	7	3	11	15	4	3	3	6	14	5	6	14	1	5	11	12	2	7	1	2	5	2	5	9	1	7	0	1	3	1	7	7	4	5	3	0	8	4	2	8	8	6	11	5	2	6	3	21	15	13	8	15	15	23	5	23	14	8	14	17
C10orf142	7	11	8	11	10	16	7	9	9	8	5	11	10	6	7	5	2	3	2	8	7	1	5	0	1	7	3	2	1	6	1	1	2	0	0	3	0	2	3	2	0	0	0	0	0	0	0	0	0	2	0	2	0	0	0	2	0	0	0	0	2	0	0	1	0	0	0	2	0
SELP	1	0	2	0	0	2	0	0	0	0	0	0	0	1	0	0	0	0	0	3	0	0	0	0	0	0	1	0	0	0	0	0	0	0	0	1	0	0	0	0	0	0	0	0	0	0	0	0	0	0	0	0	0	0	0	0	0	0	0	0	0	0	1	0	0	0	0	0	0
CTD-2619J13.14	92	89	64	106	92	80	70	53	95	71	84	73	90	112	137	143	150	121	184	137	142	156	153	104	164	134	167	154	196	133	171	150	226	144	170	134	180	152	141	144	149	114	151	152	161	161	170	231	143	181	149	146	180	164	155	128	158	164	127	189	157	203	161	179	121	206	162	226	159
PHACTR1	371	445	434	403	373	374	317	407	362	404	413	400	384	335	357	349	388	294	359	417	452	327	362	421	416	460	353	647	935	613	804	639	911	654	752	524	749	658	628	686	811	888	1570	973	1695	1012	1276	1229	1317	1173	1208	965	1381	792	1119	1063	1239	1342	1276	1542	1411	1531	1244	1393	1220	1457	1515	1581	1328
RN7SL477P	1	0	0	0	0	0	2	0	0	0	0	0	0	0	0	0	0	0	0	0	0	0	0	0	0	0	0	0	0	0	0	0	3	0	0	0	1	1	1	0	1	0	2	0	4	0	0	0	0	1	3	1	4	0	1	4	2	1	3	0	5	0	3	3	2	0	4	0	1
EVA1C	72	105	114	92	55	79	71	70	72	72	67	91	60	29	23	14	18	20	26	48	31	20	28	27	19	30	31	24	64	27	58	36	74	41	66	23	30	39	23	39	38	65	62	72	79	75	62	74	75	81	52	80	63	69	79	117	66	136	66	184	80	182	67	164	65	188	98	160	63
PPM1AP1	64	43	89	48	23	64	49	40	38	60	51	76	39	37	35	20	39	53	36	45	39	20	35	35	40	50	36	40	40	33	36	39	50	51	42	43	27	42	30	32	40	38	55	58	64	43	34	54	30	38	34	46	40	37	53	42	47	37	43	47	37	71	53	63	42	45	58	79	44
TMPRSS11A	1	0	0	0	0	0	0	0	0	0	0	0	0	0	0	1	0	1	0	0	0	0	0	0	0	0	0	0	0	0	0	0	0	0	1	0	1	0	0	0	0	2	0	0	0	0	0	0	3	0	3	0	0	0	2	0	0	2	0	3	0	1	0	0	0	1	4	0	0
NPW	102	116	105	113	125	105	152	81	159	78	151	95	153	61	51	68	92	50	115	104	130	75	87	78	98	77	118	60	31	66	14	43	51	68	52	62	47	38	59	50	47	35	18	66	30	57	11	101	15	75	19	74	25	54	18	62	7	92	5	91	28	108	5	102	16	139	19	125	18
KLF16	770	1113	1003	1027	1127	928	1074	779	1074	830	1008	895	1096	1412	1050	1442	1461	1231	1529	1675	1642	1542	1276	1301	1439	1622	1280	1785	951	1436	848	1589	1126	1728	1198	1504	999	1582	1071	1664	1073	1014	668	1258	963	1313	539	1833	681	1747	685	1495	780	1362	743	963	474	1110	475	1500	549	1577	470	1333	489	1713	552	1758	563
CRK	1779	1547	1838	1557	1739	1727	1595	1285	1625	1499	1625	1692	1768	1375	1303	1390	1302	1561	1247	1678	1428	1362	1223	1487	1445	1719	1412	1329	1386	1271	1335	1285	1531	1431	1448	1374	1225	1238	1271	1477	1318	1275	1777	1405	1956	1404	1441	1782	1493	1586	1469	1358	1659	1445	1463	1121	1283	1382	1283	1544	1248	1764	1294	1384	1298	1517	1431	1538	1427
AGAP5	11	8	13	6	10	15	17	15	13	16	20	21	14	12	11	18	28	18	27	35	20	18	20	15	25	33	20	26	24	24	26	27	25	21	15	18	28	23	18	27	19	35	25	31	35	27	17	29	24	28	23	17	19	19	22	43	25	32	31	46	26	45	40	44	25	43	30	69	32
MXD3	199	290	206	207	217	209	245	204	256	167	210	191	165	993	1003	968	1501	846	1583	1211	1362	1214	1415	916	1471	1034	1218	2810	1416	1964	1373	1922	1557	2076	1690	2089	1359	2115	1468	2380	1370	1264	341	1628	435	1502	393	1909	384	2246	645	1686	798	1573	522	323	250	386	239	457	322	519	267	402	329	527	303	664	216
C3orf49	1	3	7	3	5	2	1	2	1	3	3	4	6	1	1	9	5	5	3	0	2	1	1	3	4	8	1	1	5	2	3	4	1	1	0	3	2	4	3	2	0	1	2	4	6	5	3	7	4	5	5	4	3	1	2	3	4	1	12	4	3	1	3	1	1	1	14	6	13
ZNF548	310	221	269	183	253	236	263	209	254	238	239	249	235	322	308	418	310	376	320	430	369	373	311	368	397	473	344	434	434	392	436	399	420	409	458	378	350	479	332	410	391	508	484	538	509	559	530	621	475	572	536	453	546	443	608	647	622	962	634	1066	635	1096	631	1004	688	874	771	1076	773
ZNF778	1180	1133	1406	1025	1168	1050	1169	833	1203	1001	1217	1012	1145	900	1076	1028	1230	1053	1042	1226	1018	973	856	1041	1072	1365	1092	1147	1420	915	1362	1034	1206	1166	1261	1103	1173	1150	1165	1148	1344	1498	2180	1616	2218	1632	1965	1867	1914	1730	1900	1618	2172	1131	1977	1876	2389	2198	2204	2573	2087	2742	2273	2278	1871	2370	2442	2525	2505
SULT1B1	0	1	2	0	0	0	1	0	0	0	1	0	1	0	5	1	4	1	0	2	2	2	0	3	0	1	1	1	0	2	0	1	0	1	0	1	1	0	1	0	0	0	2	1	0	2	1	0	1	1	1	1	0	0	1	0	2	1	2	0	1	1	1	1	1	0	3	2	2
WDR38	1	0	2	1	3	4	3	2	0	2	1	1	6	0	0	1	0	2	3	0	7	3	3	0	4	4	0	0	2	0	1	0	1	0	0	0	0	4	1	0	0	0	0	0	0	1	0	0	3	0	0	0	1	2	0	0	0	0	0	0	0	0	0	0	0	0	0	0	0
RP11-16P6.1	17	24	37	24	38	26	29	32	19	24	31	38	26	10	10	19	16	25	20	24	16	22	23	24	16	27	16	16	21	12	19	14	20	10	22	25	17	19	23	30	19	33	20	43	31	30	30	38	28	17	36	51	42	20	47	25	74	38	64	63	58	50	55	54	52	48	100	61	85
S100A16	203	202	208	175	208	180	200	163	216	175	222	165	198	466	570	437	579	326	565	582	567	515	448	386	510	474	469	71	88	111	84	64	111	131	73	84	98	93	55	92	90	55	25	60	29	71	15	97	23	83	13	63	10	75	28	27	18	49	19	31	22	53	13	28	23	26	15	30	10
PUS1	1661	1950	2425	2121	2095	1890	1907	1466	2065	1654	1978	1850	2097	1101	902	1401	1137	1246	1157	1510	1080	1114	903	1022	1053	1424	991	989	876	902	899	932	1006	947	1016	884	773	862	854	944	903	617	729	807	986	814	703	1108	634	977	826	871	915	765	767	617	667	716	668	872	677	1003	615	711	686	885	705	1055	706
RP4-695O20.1	2	2	2	0	3	1	1	0	6	4	4	7	6	0	2	4	1	6	2	1	1	7	2	2	2	1	2	5	4	0	1	5	2	1	0	0	0	1	0	9	0	0	1	3	3	0	1	0	0	3	3	0	0	1	0	0	2	6	1	1	6	4	6	4	2	0	2	1	0
TPP2	6224	5108	6103	4997	5077	5277	5622	4572	5214	4897	5614	5234	5572	4948	4942	5008	4839	5586	4409	6058	5294	5136	4444	5325	5227	6076	4899	5011	5740	5093	5323	5299	5731	5672	5504	5352	4926	5354	4764	6229	5436	5386	7306	6106	7844	5746	5795	7036	5379	6443	5541	5521	6196	5159	5853	5104	4537	6374	4261	7236	4222	8109	4038	6854	4147	6213	5015	7086	4679
NEFM	1217	1054	936	1062	896	981	989	994	911	918	884	1080	786	5946	19863	6337	19361	8572	18537	6035	19792	4657	14595	4610	17984	7638	17881	15221	32316	12659	29156	14705	29783	15432	28002	13137	23512	13181	22364	14150	29786	20802	69268	25666	63540	24865	61810	30817	51066	26429	48560	19859	55868	25476	54390	43385	72443	49905	70849	56223	66722	56535	75450	50841	69321	56849	74366	54628	85421
RP11-306O1.2	0	0	0	0	0	0	0	0	0	0	0	0	0	0	0	0	0	0	0	0	0	0	0	0	0	0	0	0	0	0	1	0	0	0	0	0	0	0	0	0	0	0	0	0	0	0	0	0	4	8	0	0	0	0	1	1	2	1	0	0	0	0	1	0	1	0	4	0	2
GSTM4	342	309	377	276	327	247	317	235	383	266	396	256	330	242	320	302	380	236	368	294	326	259	329	244	413	245	316	313	294	317	292	315	388	379	389	293	296	371	282	385	315	195	140	293	157	265	174	327	144	336	197	276	267	278	194	223	197	231	156	280	167	319	158	226	178	319	166	300	208
RP11-189B4.7	0	0	0	0	0	0	0	0	0	1	0	0	0	0	1	0	0	0	1	0	0	0	0	0	0	0	0	0	0	0	0	0	2	0	0	0	0	0	0	0	0	0	0	0	0	0	0	0	0	0	0	0	0	0	0	0	0	0	0	0	0	0	0	0	0	0	0	0	0
RP11-98D18.16	2	2	0	0	0	0	0	1	1	0	0	0	0	0	1	5	1	0	2	0	1	0	0	0	0	0	2	0	1	0	0	2	4	1	4	1	2	3	0	0	5	4	4	1	0	1	2	1	3	4	1	2	3	3	1	4	2	1	7	6	3	4	0	10	3	5	4	0	2
RP11-459C13.1	0	0	0	0	0	0	0	0	0	0	2	0	0	0	0	1	0	0	1	0	0	0	0	0	0	0	0	0	0	0	0	0	0	0	0	0	0	0	0	0	0	0	0	0	0	0	0	0	0	0	0	0	0	0	0	0	0	0	0	0	0	0	0	0	0	0	0	0	0
RP11-495K9.2	2	1	2	1	0	2	0	2	0	0	2	4	2	1	1	3	0	2	0	2	1	0	2	2	0	0	1	0	0	1	0	0	1	0	0	0	0	1	0	0	0	1	0	0	0	0	0	0	0	0	0	0	0	0	0	0	0	0	0	0	0	0	0	0	0	0	0	0	0
UBAC2	2219	2200	2285	2088	2126	2161	1989	1937	2214	1940	1991	2199	2076	1861	1767	1907	2150	1886	1998	2336	2093	1996	1884	1958	1916	2260	1938	1975	1614	1796	1435	1666	1706	2080	1579	1846	1515	1698	1343	2008	1543	1311	855	1487	864	1596	766	1813	704	1750	845	1518	973	1425	961	929	749	1164	613	1408	766	1527	706	1212	746	1418	740	1434	772
MIR8075	1	0	1	0	0	1	2	4	0	1	4	0	0	1	1	1	0	3	0	1	2	1	1	0	2	2	0	1	0	4	3	1	1	1	1	1	2	5	0	1	1	0	5	1	0	3	2	0	1	3	0	2	1	1	1	1	1	1	1	0	1	1	0	1	2	3	0	4	0
RPSAP36	6	3	2	3	7	3	1	1	2	4	10	6	1	2	5	7	9	3	4	6	3	11	3	8	3	2	1	10	8	0	4	7	1	0	5	2	8	7	6	3	7	5	9	12	4	5	8	12	21	10	13	8	10	7	10	13	3	8	11	9	1	9	10	10	3	9	10	7	7
NBPF9	274	246	379	268	251	253	276	217	270	263	289	273	331	443	632	463	713	417	646	518	608	469	548	474	696	550	632	688	757	563	653	565	688	644	666	582	489	603	590	693	570	546	538	523	500	565	558	762	594	635	585	588	780	420	571	548	868	735	896	833	873	753	941	704	769	716	1056	885	941
ELL3	11	10	9	16	19	10	11	16	31	19	9	10	17	7	6	7	10	3	6	15	13	16	9	5	11	11	4	6	1	2	1	4	3	10	4	11	1	3	1	1	7	6	1	1	0	1	1	2	9	2	0	1	0	1	0	0	7	1	2	4	5	3	2	0	7	3	3	1	4
SIGIRR	782	1070	1063	942	938	894	953	764	918	778	958	883	903	907	766	895	957	753	1041	1154	1016	1035	779	837	884	1009	802	1056	569	664	484	827	634	963	643	752	622	739	580	871	588	465	150	509	265	624	167	712	207	778	193	730	200	662	164	548	163	546	192	719	209	767	171	679	210	872	233	855	204
AC012613.2	0	0	1	0	0	0	0	0	0	0	0	0	0	0	1	0	1	1	1	1	0	0	0	0	3	0	0	1	1	3	1	1	1	1	5	1	3	0	0	2	0	7	1	7	4	3	3	4	7	1	2	0	1	0	4	1	4	6	0	4	2	8	3	2	2	5	10	9	3
RP11-402L1.12	0	0	0	0	1	0	0	0	0	0	0	0	0	0	0	0	0	1	0	0	0	0	1	0	2	0	0	0	0	0	0	0	2	0	0	0	0	0	0	0	0	1	0	0	0	0	0	0	0	0	0	0	0	0	0	0	0	0	0	0	0	0	0	0	0	0	0	0	0
LINC00565	0	3	0	1	2	2	2	0	1	0	1	0	0	7	4	2	5	3	11	9	10	3	6	0	12	0	4	0	8	0	9	2	15	0	2	0	10	7	2	4	3	3	27	4	48	1	15	1	15	1	14	1	26	0	14	10	22	5	16	11	16	17	18	12	7	4	17	18	32
PDIA6	14862	14056	14871	14216	13423	14043	13694	12094	13112	13154	13518	13500	12965	14735	15481	15845	16458	15852	15297	18617	16685	15986	14506	15005	16202	17846	15197	14928	10275	13156	9732	13471	10795	15349	10488	13659	9215	13842	8811	16444	9525	6263	3017	7269	3170	7194	3027	8468	2796	9012	3019	7080	4460	7853	3222	3094	2727	3763	2658	4399	2801	4380	2540	3955	3026	4782	3169	4497	2695
HSPB9	4	17	5	13	6	7	8	4	9	6	6	6	5	6	16	5	18	4	11	9	15	12	15	9	12	14	10	6	16	8	14	8	11	7	21	8	12	16	13	15	10	17	8	10	13	19	14	17	21	24	28	18	8	9	20	23	14	15	13	29	25	19	21	26	18	27	21	34	24
AC067956.1	0	0	0	0	0	0	0	0	0	0	0	0	0	0	0	0	0	0	0	0	0	0	1	0	0	0	0	0	3	0	0	0	0	0	0	0	1	0	1	0	0	0	0	0	0	0	0	0	0	0	0	2	0	0	0	0	0	0	0	0	0	0	0	0	0	0	0	0	1
ARID3A	3288	2554	4357	2553	4207	2428	3997	1955	3986	2163	4124	2281	3892	2858	7964	3095	7623	2578	7751	3682	7901	3054	7094	2766	7584	3349	7148	5095	7643	4007	7324	4773	8103	5260	7856	4002	7492	4817	6880	5050	7726	4334	7715	4989	10020	5309	6496	7286	6723	7110	6720	5530	7561	4956	6438	5102	4362	5627	4594	7208	4743	7629	4256	6179	4251	7094	4825	7689	4804
C10orf55	4	5	8	12	8	5	12	6	2	10	7	3	5	1	4	4	0	2	4	6	2	4	3	3	2	4	1	0	2	0	0	0	0	0	0	0	0	0	0	0	0	3	0	0	0	0	0	0	0	0	0	0	0	0	0	0	2	0	0	0	1	0	0	1	0	0	0	1	0
RP11-218D6.4	0	0	0	0	0	0	0	0	0	0	0	0	0	0	1	0	0	0	0	0	0	0	0	0	0	1	0	0	0	0	0	0	0	0	0	0	0	0	0	0	0	0	3	0	0	0	0	0	0	0	0	0	1	0	1	0	0	1	0	0	0	0	0	0	0	0	0	0	1
IFNB1	0	0	0	0	2	0	0	0	0	0	0	0	0	0	0	0	0	0	0	0	0	0	0	0	0	0	0	0	0	0	0	0	0	0	0	0	0	0	0	0	0	0	0	0	0	0	0	0	0	0	1	0	0	0	0	0	0	0	0	0	0	0	1	0	0	0	0	0	0
GABRB1	16	5	14	3	4	7	11	6	5	13	15	6	5	37	91	28	73	37	52	42	88	22	93	26	81	29	64	148	153	112	141	124	176	143	126	127	135	102	102	118	136	89	197	91	193	88	101	158	102	109	150	107	122	113	113	105	34	114	38	129	51	138	36	159	20	105	62	154	57
RP11-16E23.3	0	0	0	0	0	0	0	0	1	0	0	0	0	0	0	0	0	0	0	0	0	0	0	0	0	2	0	0	0	0	2	1	0	0	0	0	0	1	0	1	0	2	5	1	0	1	0	0	0	0	0	0	0	0	0	0	0	2	1	2	0	5	0	0	0	0	3	0	0
LMBRD2	576	406	386	454	426	432	448	398	393	475	446	491	461	544	775	584	680	618	625	726	744	642	677	558	718	711	766	1286	1541	1469	1654	1388	1643	1572	1590	1518	1453	1367	1352	1640	1520	1792	1921	1857	1786	1868	1741	2191	1469	2036	1918	1701	1756	1553	1969	2030	1814	2721	1678	2853	1697	3497	1662	2648	1692	2680	2053	2600	2058
AC092669.6	20	19	18	3	16	7	12	17	21	23	22	17	5	3	1	1	0	0	3	2	1	5	2	8	2	2	2	0	0	1	0	0	1	1	1	0	0	1	1	2	1	1	0	0	3	0	0	0	0	1	0	0	0	0	0	0	0	4	0	3	1	1	0	0	1	3	1	1	0
RP11-766N7.3	8	11	28	12	9	18	6	5	10	14	12	10	9	1	0	1	0	4	0	0	1	0	2	4	0	2	1	0	0	2	0	2	0	0	0	1	2	0	0	0	0	0	2	2	8	0	6	0	4	0	1	0	0	0	0	0	3	1	8	2	4	0	5	1	4	0	15	3	4
CHP2	106	117	80	111	127	116	101	107	126	117	90	100	111	38	19	23	15	54	17	38	30	51	17	36	21	54	41	2	0	13	1	4	0	0	1	0	0	1	0	1	0	0	0	3	1	1	1	0	0	1	0	1	0	0	0	2	0	0	3	0	0	0	0	0	1	0	0	0	0
RP11-431J17.1	16	32	23	25	8	20	25	27	12	37	22	14	26	23	9	28	16	31	10	52	25	28	14	28	11	28	20	0	0	0	0	4	0	0	0	2	1	0	0	1	0	0	1	0	1	0	0	0	0	1	1	0	0	0	1	2	1	1	0	0	0	0	0	0	0	0	6	0	1
ZNF589	5683	5694	6765	5360	5394	5381	5411	4618	5568	5106	5756	4852	5823	3330	3114	3743	3019	3784	3035	4681	2899	3796	2585	3794	3266	4739	2978	1927	2132	1898	1935	1971	2068	1906	1979	1941	1673	1819	1626	2161	1912	2102	2011	2195	1972	2230	1794	2578	1748	2406	1701	2093	1754	1403	1720	2259	1832	2897	1849	3465	1934	3544	1868	2764	1659	3554	2110	3545	1716
COLGALT2	119	150	171	188	118	154	98	122	128	191	110	158	126	442	661	402	586	389	706	590	558	440	625	417	565	512	661	1207	961	997	848	1102	868	1176	865	1100	823	1224	835	1198	911	772	225	827	215	897	270	1263	239	1078	301	955	484	841	241	560	159	736	160	902	214	887	167	782	193	1056	279	1185	180
RP3-473B4.3	0	0	0	0	0	0	0	0	0	2	0	0	2	0	0	0	0	0	0	0	0	0	0	0	0	0	0	0	1	0	0	0	0	0	0	0	0	0	0	0	0	4	2	2	5	0	3	1	0	1	3	0	0	0	1	2	3	0	4	0	1	0	0	3	0	4	3	1	1
AC008073.9	0	2	0	0	0	0	0	3	0	0	0	0	0	0	0	0	0	0	0	0	0	0	2	0	1	1	0	0	1	0	0	0	0	0	3	0	0	0	3	1	0	1	1	0	0	3	0	0	0	3	0	1	4	0	0	2	0	2	2	0	1	5	0	4	0	1	2	2	0
APBB1	1006	1235	1336	1089	1284	1077	1090	885	1306	988	1163	1072	1130	1628	1667	1737	1891	1540	1907	2044	1817	1772	1698	1534	1818	1976	1582	1863	1725	1596	1806	1683	2074	1769	1914	1447	1698	1619	1544	1729	1873	1433	2207	1925	2570	1891	2525	2155	2708	2253	2738	1813	2579	1695	2693	2609	4034	3131	4223	3820	4186	3815	4265	3371	3855	3944	4219	3550	4706
ABI3BP	34	5	20	35	16	28	20	20	29	38	19	33	18	8	7	9	9	10	1	11	4	17	3	12	10	14	6	3	3	3	5	1	10	1	2	2	11	6	4	6	5	0	8	4	8	3	4	9	0	1	3	19	4	3	3	8	6	4	15	13	13	17	6	7	5	10	11	6	6
POLD4	94	105	98	85	104	96	91	99	108	80	112	97	80	98	79	66	113	97	100	145	77	96	59	66	98	96	84	116	62	88	64	59	92	80	89	67	61	65	59	60	80	41	17	58	27	55	26	54	27	64	38	42	47	54	38	49	40	59	38	58	33	55	39	66	55	56	37	93	43
SLC26A5	16	11	14	9	11	10	2	9	8	12	17	23	8	5	11	6	13	8	7	10	0	7	9	1	5	4	5	1	3	1	3	4	4	0	2	1	1	0	0	3	2	2	3	0	0	0	2	3	0	2	2	2	3	2	3	2	4	3	7	1	1	2	5	5	3	2	0	1	5
CTC-444N24.8	80	51	26	51	38	41	42	41	38	53	38	51	35	37	39	37	26	46	53	58	46	37	35	42	47	45	47	51	37	28	35	40	38	26	41	55	30	24	32	66	42	45	31	54	42	25	28	76	20	45	47	50	29	48	31	48	38	77	46	96	35	61	53	69	87	79	56	55	52
CD3G	0	1	0	3	0	0	0	2	0	0	0	2	0	3	7	3	5	4	11	7	14	2	9	6	12	1	12	12	5	1	4	6	2	11	13	12	1	11	10	5	3	2	1	5	0	3	2	3	0	1	6	3	3	0	3	2	1	1	4	1	0	0	4	4	6	0	1	3	5
RP11-578F21.9	13	6	7	11	5	7	12	9	7	9	6	14	9	9	8	11	13	9	8	12	8	4	13	8	5	13	5	11	7	6	12	8	10	12	6	5	8	7	6	10	7	15	5	8	11	4	4	10	8	6	9	8	12	6	6	6	8	11	12	13	5	5	9	11	9	13	14	15	17
AC008265.2	10	16	17	12	11	6	16	14	13	13	22	10	18	16	12	13	14	10	19	12	14	20	13	17	16	25	20	20	24	20	18	24	21	22	22	13	20	14	19	19	17	19	17	19	25	13	16	22	23	32	24	11	14	21	27	18	28	17	26	24	29	31	20	24	32	41	21	36	36
CTD-2537I9.13	6	17	19	10	12	6	16	8	12	16	11	7	14	4	10	11	8	19	10	17	4	15	10	17	14	13	9	8	10	12	12	9	15	6	9	4	2	27	8	3	8	11	17	9	21	8	15	11	16	13	11	4	19	2	17	3	9	2	15	11	16	18	9	9	9	7	12	11	13
PTMAP4	63	59	80	55	57	58	67	53	59	50	53	58	59	62	50	64	69	60	65	74	66	65	57	69	63	75	62	53	43	40	42	46	45	41	42	53	36	48	33	63	38	36	23	42	35	41	25	52	30	49	25	42	31	59	27	30	19	42	19	43	29	46	18	50	22	49	20	53	17
KCNE1B	4	2	6	4	5	5	5	1	10	6	7	2	7	18	8	16	28	15	14	14	12	8	19	10	12	12	12	3	6	2	4	6	6	0	3	2	7	2	2	4	3	2	3	0	3	5	2	2	2	2	3	2	4	2	3	10	2	4	2	8	2	1	1	5	4	2	4	3	2
LCA5	323	178	201	197	170	251	222	250	205	190	182	174	209	235	269	223	263	301	203	280	259	256	203	235	299	313	273	247	303	261	294	247	290	319	293	306	263	246	210	307	288	264	239	312	250	302	242	377	178	432	218	227	248	271	211	287	207	371	166	435	195	447	228	396	212	455	212	388	201
SERPINB8	36	17	41	38	29	41	46	36	46	29	33	45	30	35	20	32	16	32	17	32	18	26	10	11	15	42	16	16	25	15	22	10	25	12	26	11	13	7	10	20	28	14	62	27	51	17	61	21	77	23	70	20	99	16	69	49	176	59	162	67	193	69	159	72	177	68	219	59	266
CYP1A2	2	0	0	1	1	0	0	0	0	0	0	0	1	0	0	0	0	0	0	0	0	0	1	1	0	0	0	0	0	0	0	0	0	0	0	0	0	0	0	0	0	0	0	0	0	0	0	0	0	0	0	0	0	0	0	0	0	0	0	0	0	0	0	0	0	0	0	0	0
PGBD2	177	163	235	212	170	219	186	123	172	157	150	190	188	167	271	206	299	233	271	212	286	175	266	216	266	239	329	188	390	186	417	230	379	219	358	222	326	216	306	265	333	222	352	210	239	214	399	311	331	274	391	234	510	250	470	254	358	310	328	313	350	423	350	295	393	338	453	332	442
CTC-260E6.6	534	492	740	421	486	531	454	405	503	458	548	527	683	232	250	373	211	297	193	349	191	324	220	300	246	341	198	184	167	191	174	169	179	163	168	150	107	146	166	233	164	156	232	182	188	142	163	189	113	153	168	192	154	104	166	95	105	106	83	150	103	133	104	107	82	138	110	146	93
FRG1BP	198	209	153	182	201	156	189	173	193	176	172	159	156	214	208	203	232	215	216	271	254	236	299	206	255	228	233	240	206	229	226	215	257	235	217	287	253	216	197	266	210	232	154	279	99	274	142	261	191	328	165	274	192	216	173	311	245	410	197	408	209	361	191	366	220	402	250	467	244
FAM231B	1	0	0	0	0	0	0	0	0	0	0	0	0	1	1	1	2	0	0	0	0	0	0	0	0	0	1	0	0	0	0	0	0	0	0	1	1	0	3	1	2	0	0	0	0	1	0	2	0	1	0	0	0	0	0	2	1	3	0	1	0	1	0	1	1	2	0	2	1
VWF	32	30	37	16	21	44	34	33	40	46	52	19	26	57	73	55	130	59	107	63	125	70	102	54	127	66	99	160	170	106	156	104	156	134	158	141	123	151	123	163	116	111	134	133	167	153	86	214	93	175	98	167	142	131	87	67	58	69	70	147	76	88	52	125	47	106	74	121	42
NEK2P2	21	12	25	18	20	16	17	15	22	17	22	18	18	27	27	22	25	22	22	25	21	27	31	23	33	27	28	34	23	27	17	20	32	28	25	33	28	23	24	38	28	25	5	16	2	27	4	28	3	30	10	23	9	22	7	7	2	7	3	4	4	9	3	8	4	7	4	10	3
TGS1	3354	2184	3429	2328	2833	2516	2750	2139	2982	2443	2823	2513	2789	2036	1697	2195	1800	2313	1692	2441	1813	2059	1606	2149	1899	2510	1764	1879	1627	1744	1466	1924	1672	2063	1647	1698	1348	1774	1369	2304	1485	1455	904	1613	773	1510	847	2012	736	1939	877	1528	1214	1457	910	901	711	1226	691	1285	827	1288	733	1239	779	1314	988	1332	858
CTB-102L5.8	0	2	1	3	0	4	4	1	0	0	1	4	2	4	3	5	0	1	7	4	3	0	3	3	5	2	10	10	8	6	7	7	8	4	10	8	6	10	18	9	5	9	19	8	42	3	14	10	19	6	6	7	15	7	18	7	20	21	8	25	28	31	9	16	20	8	7	12	13
LA16c-349E10.1	1	2	0	1	0	1	0	2	2	1	0	0	1	0	0	0	1	1	3	1	2	0	0	2	1	0	3	1	1	0	0	0	2	0	2	1	1	0	0	0	1	0	0	1	0	0	0	1	0	1	0	0	0	0	1	1	0	0	2	0	1	2	0	0	0	1	0	0	0
RP3-380B8.4	2	4	2	0	0	2	4	0	8	9	5	4	6	3	2	6	1	0	9	0	6	5	7	5	4	3	1	5	2	1	0	4	0	3	1	14	2	6	0	3	0	0	0	2	0	1	0	2	0	6	4	0	0	2	0	0	0	1	0	1	0	6	2	4	1	6	1	6	0
BMP7	1058	1342	1292	1168	1057	1219	1153	1003	1270	1200	1110	1171	1161	3127	4556	2963	4998	2532	4882	3585	4922	3221	4351	2657	4976	3432	4193	4125	3170	3440	2938	3582	3354	4261	3454	3908	3125	3710	2786	4391	3251	1921	959	2116	1092	2226	962	2912	1023	2653	1107	2012	1476	2092	1330	1722	520	2095	627	2678	606	2419	573	2314	623	3034	633	3326	560
RP11-74E22.8	439	532	615	472	592	484	563	429	550	507	555	488	504	354	275	377	372	347	331	424	348	389	280	344	358	426	311	527	464	390	417	412	486	457	435	417	399	478	381	470	407	469	503	502	518	569	514	714	469	686	508	506	588	489	476	560	539	767	602	831	518	886	574	775	525	862	606	865	611
RPL17P11	0	0	0	0	1	0	0	0	0	0	0	0	0	0	0	0	0	0	0	0	0	0	0	0	0	0	0	0	2	0	0	0	0	0	0	0	0	0	0	0	0	0	0	0	0	0	0	0	0	0	0	0	0	0	0	0	0	0	0	0	0	0	0	0	0	0	0	0	0
TTC37	6306	4442	5575	4240	4833	4780	5219	4240	5060	4646	5349	4760	5188	4301	5600	4912	5862	5419	4641	6046	5738	4630	5104	5103	5895	6201	5917	6764	7348	6962	7461	7227	7825	7629	7453	7068	6467	6974	6497	7613	7142	7717	8155	8678	7798	8013	7393	9662	6491	9077	7701	7227	7935	6651	7743	8018	7631	10985	7424	11701	7483	13313	7180	11634	7206	11329	9083	12030	8254
RP11-867G23.8	38	45	66	19	25	31	51	42	43	29	54	39	41	48	37	52	56	51	50	50	52	59	40	31	67	59	47	96	83	93	75	88	110	76	66	86	50	79	72	92	70	93	68	100	39	116	70	147	74	171	93	122	94	106	97	131	96	127	65	157	77	172	75	158	86	216	104	180	75
ARL6IP1	5550	4202	5213	4545	4445	5054	4510	4350	4534	4431	4305	5154	4627	4424	4682	4848	4313	5395	3890	5419	5004	4787	4428	4470	4951	5669	4684	5407	6124	5338	6121	5209	6549	5667	6484	5771	5815	4687	5688	6132	6276	5805	7182	6944	7104	6356	6282	7185	5606	7368	6536	5540	7464	7704	6801	4897	5353	6436	5225	7203	5471	7834	5152	6441	6415	6605	6334	7172	6106
LINC01551	2	0	3	0	0	2	0	0	1	0	0	0	0	0	0	0	0	0	2	0	0	0	0	0	0	2	0	1	0	0	1	0	0	0	0	0	0	0	0	0	0	0	0	0	1	0	0	0	0	0	0	0	0	0	0	0	0	0	0	0	0	0	0	0	0	0	0	0	0
GBP6	1	0	1	0	0	0	4	3	0	0	4	0	0	1	0	0	0	0	0	0	1	0	0	4	0	0	0	0	2	0	2	0	0	0	0	0	1	0	0	0	0	0	0	3	2	0	0	0	0	0	0	0	2	0	0	0	0	0	0	0	0	0	0	0	3	0	0	0	0
RP11-116O18.1	0	1	5	0	0	2	0	0	0	0	1	0	0	0	0	1	3	1	0	0	0	0	2	1	0	0	0	0	1	0	0	0	5	0	0	3	0	0	6	0	2	6	1	0	3	0	0	5	8	2	1	1	4	4	0	0	0	0	4	3	2	0	6	4	5	4	2	8	0
CNOT2	4131	2859	3881	2809	3350	3181	3486	2806	3371	2909	3545	3399	3233	2960	3367	2931	3336	3353	3017	3749	3512	3127	3105	3335	3521	3608	3285	2844	3089	3052	3095	3126	3474	3217	3181	3149	2801	3230	2894	3619	3178	2989	3327	3258	3805	3353	2765	4205	2517	3593	2683	3110	3092	3278	2806	2596	2272	3212	2265	3826	2495	4084	2358	3499	2531	3851	2779	3936	2572
AC116050.1	3	1	1	1	1	0	1	1	2	1	1	0	2	11	63	6	71	14	62	9	76	17	75	14	76	24	81	222	562	225	481	240	488	177	462	191	357	235	412	220	381	371	654	453	859	430	555	647	552	514	585	412	737	386	550	389	286	467	326	587	371	575	275	486	306	515	403	558	286
RP11-442O1.4	12	9	11	14	8	10	12	8	2	18	14	14	13	12	36	20	34	25	30	32	37	13	25	29	54	16	41	31	46	17	44	33	29	30	42	19	34	21	20	51	21	38	4	37	5	30	11	53	14	70	12	31	16	22	8	26	2	27	5	29	6	35	6	40	7	29	5	35	4
EPB41L4B	2224	1882	2168	1979	1897	2228	1973	1959	2117	1983	1794	2095	2045	2605	1858	2706	2168	2884	1918	3287	2435	2909	2009	2812	2128	3416	2114	1855	1511	1786	1549	1736	1764	2150	1643	1930	1461	1832	1293	2135	1546	1171	851	1352	839	1297	731	1521	808	1500	855	1340	790	1277	948	880	689	1215	673	1380	681	1554	578	1337	755	1697	856	1442	714
HNRNPCP8	3	0	1	0	0	0	0	1	3	2	1	0	0	0	1	2	0	0	1	2	0	0	1	0	1	0	0	1	0	0	1	1	1	1	0	1	0	0	0	0	0	0	1	0	0	0	0	2	0	2	0	2	0	0	0	0	1	0	1	1	0	1	0	1	1	0	0	2	0
LINC00319	1	3	1	3	4	1	6	2	3	2	2	2	7	5	27	7	19	3	21	8	19	3	21	6	24	2	23	21	48	17	42	24	42	25	29	15	31	28	37	20	54	49	35	38	35	40	22	57	25	47	35	61	36	16	26	43	37	49	25	60	34	41	27	42	20	60	41	78	23
RP11-71E19.2	1	0	1	0	1	1	0	0	1	0	0	1	0	0	0	0	0	2	3	0	2	0	0	0	1	0	0	0	0	0	0	0	0	0	0	1	0	0	0	2	0	1	0	0	0	0	0	0	0	2	0	0	0	0	0	0	0	0	0	0	0	0	0	0	1	2	0	0	0
ELAVL4	136	106	96	76	99	87	86	93	136	90	157	128	110	304	444	375	671	430	576	341	838	330	506	285	582	495	641	3975	6371	3891	6112	3967	6473	4118	5917	3955	5164	3374	4769	4077	6201	10587	19497	12689	20523	11878	15767	15105	13765	13477	14655	10387	13604	13781	14380	14952	14830	19110	14270	21197	14539	23258	15081	19599	16178	19933	16927	19581	16807
RP11-167N5.5	3	3	10	3	2	10	3	6	7	6	2	12	2	10	6	13	7	1	11	8	4	9	3	5	13	9	4	13	21	10	14	7	12	17	10	9	10	18	15	23	6	21	34	15	40	16	29	25	11	31	15	13	8	11	17	8	11	17	18	28	16	13	18	15	13	30	6	23	13
MESTP2	89	112	136	116	103	107	88	114	110	84	105	99	134	127	130	108	109	96	118	124	152	118	126	127	178	156	154	80	55	91	55	86	74	107	81	72	80	91	63	87	75	76	79	69	78	109	46	90	69	134	73	117	70	98	56	86	71	116	60	165	53	157	44	109	60	139	67	169	52
NPM1P18	386	263	312	257	277	253	268	265	301	260	293	283	266	192	199	209	199	233	178	260	213	230	189	221	207	243	211	148	118	130	144	125	128	146	117	130	114	132	103	170	124	112	63	103	67	95	59	129	60	108	61	99	74	111	57	60	36	81	35	68	42	81	41	62	44	71	47	67	42
ZNF263	1250	1167	1393	1160	1192	1100	1130	948	1137	960	1161	1034	1166	895	886	932	927	1037	908	1126	921	830	836	866	950	997	772	815	857	695	815	819	881	826	784	802	721	784	743	905	770	852	850	963	841	903	783	1261	748	1116	736	936	887	771	861	873	897	1088	866	1216	910	1200	839	1143	860	1408	972	1309	1089
EGFL7	1102	1290	1354	1153	1255	1141	1272	925	1395	1002	1225	1107	1119	694	681	755	813	603	908	836	882	800	735	653	797	701	668	490	431	383	362	396	483	445	433	423	408	407	329	427	414	155	101	187	88	199	121	264	117	252	93	206	133	222	115	224	69	219	92	281	102	228	107	253	117	341	106	269	75
GK5	1031	752	926	639	748	779	818	646	928	784	908	685	918	1108	1003	1136	946	1096	769	1378	964	1203	879	1355	1144	1450	1098	1164	1097	1389	1055	1280	1185	1445	1070	1426	891	1399	914	1714	998	1566	784	1626	672	1415	917	1655	898	1646	970	1607	1049	1094	918	1424	1232	2104	1269	2311	1082	2345	1139	2056	1138	2189	1325	2645	1377
RPL3L	19	22	27	21	30	31	23	21	14	32	23	8	28	8	12	12	19	9	30	31	32	20	18	13	32	19	34	8	11	26	5	10	6	15	14	12	13	20	9	5	13	19	0	11	2	9	0	11	5	13	3	11	4	2	17	2	8	8	5	8	5	7	3	5	0	5	5	7	1
FAR1P1	382	275	409	338	346	294	355	286	336	337	339	354	384	263	351	338	338	357	279	368	362	302	296	376	376	326	291	244	247	258	198	279	209	312	202	294	176	270	204	352	190	216	111	205	96	232	133	246	138	217	135	224	166	170	169	138	150	222	185	205	160	230	145	221	127	181	224	220	196
CELA2A	0	0	2	2	0	1	2	2	3	2	4	1	2	1	1	0	0	0	3	1	0	2	3	1	0	0	8	5	0	0	2	3	1	0	2	0	1	1	0	0	1	1	3	1	3	1	0	2	0	3	1	2	2	2	0	0	0	0	0	10	2	2	0	0	0	4	1	2	0
LINC01132	2	4	3	0	4	1	0	0	0	1	2	0	3	6	4	4	8	5	3	3	12	8	2	4	3	7	9	2	1	3	6	6	4	7	7	2	4	3	5	4	6	10	6	13	2	6	5	17	5	2	1	4	7	5	5	6	3	15	4	7	13	6	5	18	2	4	13	8	7
RP11-254F7.2	60	61	53	41	52	61	85	60	51	53	58	57	37	41	56	43	85	56	54	44	74	86	67	56	61	49	69	79	29	80	28	50	36	74	73	76	44	89	54	94	33	38	7	41	1	41	13	59	12	38	11	28	29	30	32	33	31	54	33	55	32	81	43	37	30	67	34	59	26
ATF6B	175	211	224	204	207	182	192	168	205	193	204	197	192	193	202	199	225	204	231	245	227	215	204	199	253	242	226	238	273	233	271	216	299	243	283	220	257	220	248	253	255	216	223	260	259	258	263	337	270	298	314	247	336	245	314	233	291	297	332	388	351	396	294	348	315	355	366	379	343
COL27A1	2090	3190	2722	2713	2332	2634	2609	2315	2675	2556	2928	2515	2622	2841	2791	3125	2968	2531	3219	3901	2788	3335	2691	3159	3466	3738	2970	2421	2650	1867	2318	2106	2411	2118	2313	2054	2280	2268	2225	2636	2174	1191	795	1278	916	1291	707	1635	693	1757	650	1444	1649	1056	805	570	369	590	336	931	455	823	336	898	390	1044	550	1064	296
FGF21	6	18	8	12	9	21	1	18	6	25	3	12	4	4	15	3	3	3	5	11	8	12	1	2	1	6	2	0	0	2	0	0	0	0	1	0	0	0	1	0	1	1	1	0	0	1	1	1	0	0	0	1	0	1	0	21	1	37	0	35	3	38	2	40	1	35	0	35	2
MTCO3P40	0	1	1	1	0	0	0	0	0	0	0	2	0	0	0	0	0	1	0	0	0	0	0	0	0	0	0	0	0	0	0	0	0	0	0	0	0	0	0	0	0	0	2	0	0	0	0	0	2	0	3	0	0	0	0	0	0	0	0	0	0	1	0	0	0	0	0	2	0
MIR6815	1	2	2	1	1	1	1	1	2	1	2	1	1	1	0	1	0	0	1	1	0	1	0	1	0	1	0	0	0	0	0	0	0	0	0	0	0	0	0	0	0	0	0	0	1	0	0	0	0	0	0	0	0	0	0	0	0	0	0	0	0	0	0	0	0	0	0	0	0
MPP6	3533	2399	3744	2656	2915	2936	3020	2298	3073	2501	3226	2640	3317	3613	2397	3909	2719	4459	2430	4754	2846	3860	2667	4371	2910	5066	2782	1382	1035	1475	1030	1438	1086	1517	1058	1483	1026	1245	1063	1731	1086	583	320	511	335	554	282	575	239	613	321	539	351	512	369	169	318	250	281	290	307	346	320	191	375	235	392	256	265
RBPJP7	210	173	194	190	178	196	185	163	166	184	189	210	181	97	89	105	94	107	91	138	107	110	86	116	119	119	104	92	108	105	99	98	92	109	89	102	91	107	83	114	84	100	87	98	111	104	87	136	57	134	78	110	84	87	91	87	68	122	78	130	73	132	59	113	63	116	82	132	88
ZNF75A	705	623	818	719	692	745	611	522	678	665	687	690	689	575	561	700	605	743	531	822	588	673	485	654	684	770	651	536	677	549	654	559	654	551	613	583	555	537	568	628	555	512	679	671	639	587	745	732	649	623	682	578	768	559	781	618	841	840	853	972	886	1045	942	921	1035	882	1062	966	1007
CTC-513N18.7	1	2	0	1	0	1	4	0	0	1	1	0	0	2	3	4	0	0	3	0	0	0	2	0	6	0	0	6	3	1	1	4	3	0	3	1	1	2	0	0	6	0	0	8	0	0	6	6	3	5	0	3	2	5	0	3	4	3	2	3	0	3	3	4	0	2	0	4	0
YWHAB	11078	9142	11179	9537	10134	10636	9837	8657	10093	9494	9899	10890	10086	9969	8853	10819	8846	11030	8082	12628	9572	10735	8055	11184	9665	12779	8747	8139	7386	7658	7199	7700	7722	8532	7403	8004	6959	7650	6842	9228	7564	6504	6865	7550	7112	7034	6842	8996	6350	8246	6962	6952	7442	9006	7140	7500	7863	9525	7707	11177	7558	11734	7507	10346	8482	10841	9273	11359	9042
LINC01125	60	45	35	50	43	38	52	43	54	53	61	45	49	63	74	76	83	55	67	105	63	64	60	56	88	84	89	104	163	104	128	101	149	109	128	69	98	150	148	123	93	112	150	163	181	100	184	148	198	117	156	115	254	95	213	133	227	213	220	241	218	225	212	175	204	198	232	239	279
RP11-554D15.3	1	0	0	0	0	0	0	0	0	0	0	0	0	0	0	0	0	0	0	0	0	0	0	0	0	0	0	0	0	0	1	0	1	0	1	0	0	0	0	0	0	0	0	0	0	0	0	0	0	0	0	0	0	0	0	0	0	0	0	0	0	1	0	0	0	1	0	0	0
RP4-724E13.2	16	39	14	24	12	27	23	14	24	26	17	19	31	11	12	9	10	9	11	12	12	7	4	9	4	14	10	0	3	4	0	3	4	11	1	7	0	3	2	3	5	4	2	9	0	2	3	0	0	5	4	1	4	8	3	1	5	1	3	1	2	2	2	0	0	6	2	5	1
BLOC1S3	145	140	156	148	190	184	162	153	162	135	141	162	129	178	237	152	251	207	234	248	292	193	226	222	179	200	189	261	224	183	215	232	315	235	278	201	271	182	182	222	268	289	315	352	413	361	312	538	292	453	278	409	323	389	261	360	191	407	258	514	286	522	260	490	243	602	251	516	257
VWC2	3	12	16	8	17	30	9	23	12	39	12	14	9	19	9	11	14	13	22	20	17	16	24	11	18	5	20	18	20	19	13	12	19	22	10	19	7	36	10	22	16	31	107	13	65	19	106	28	90	24	85	19	52	31	100	110	247	154	252	153	192	149	258	111	188	101	216	126	290
RP11-507J18.5	0	1	1	1	2	0	0	0	0	0	0	0	3	0	0	0	0	0	2	2	0	0	0	0	0	0	2	0	1	1	1	0	0	0	0	0	0	0	2	1	1	0	5	1	0	0	0	0	0	2	4	0	1	0	2	2	0	1	0	0	1	0	1	4	1	2	2	4	3
PHKA2	1565	1575	1554	1465	1538	1380	1493	1232	1550	1230	1606	1303	1379	1421	1109	1444	1299	1269	1256	1645	1139	1491	1048	1470	1268	1669	1182	1046	977	1038	993	1143	1020	1158	945	1086	893	1035	885	1306	935	834	372	937	490	794	450	1082	397	1032	421	917	663	629	527	640	512	849	511	952	521	977	496	925	458	1017	550	1081	462
GHc-1077H7.2	0	2	0	0	1	0	0	0	0	0	0	0	0	1	0	0	0	0	0	0	0	0	0	0	0	0	0	0	1	0	0	1	1	0	0	0	0	0	0	0	1	1	0	0	0	0	0	0	0	0	0	0	1	0	3	2	4	0	1	1	1	0	1	1	0	0	0	2	2
COL4A6	799	1180	932	1128	915	1048	790	898	919	1044	926	1035	890	724	578	787	636	683	669	989	658	735	675	734	760	1022	618	512	247	471	253	478	269	595	234	556	209	604	247	607	213	168	63	201	59	219	22	196	58	256	32	204	32	171	43	52	41	92	30	84	22	62	52	64	55	69	33	70	17
CTD-2354A18.1	859	631	798	673	712	619	718	588	759	672	817	607	763	447	1084	487	642	449	692	814	753	603	790	582	817	670	670	44	67	27	40	41	58	38	39	13	34	26	27	59	49	2	38	17	21	9	30	1	10	7	12	8	21	5	13	4	24	7	23	3	14	13	15	7	28	9	12	9	13
RP11-205M3.3	0	1	0	0	0	0	0	0	1	0	0	1	2	0	0	0	0	0	1	0	0	0	0	0	0	4	0	0	0	0	0	0	0	0	0	0	0	0	0	0	0	0	0	0	0	0	0	2	0	0	0	0	0	0	0	0	0	0	0	0	0	0	0	0	0	0	0	0	0
NPM1P13	0	0	0	0	0	0	0	0	0	0	0	0	0	1	0	0	0	0	0	0	0	0	0	0	0	0	0	0	0	0	0	0	0	0	0	0	1	1	0	0	0	1	0	0	0	1	0	0	0	0	0	0	1	0	4	0	1	0	0	0	1	0	1	0	0	0	0	0	0
ACPT	3	4	5	2	1	5	2	3	0	6	6	1	2	2	5	5	9	2	9	2	1	0	10	7	8	13	6	2	7	4	3	2	6	3	7	0	6	5	11	6	3	6	9	3	3	11	6	9	0	5	7	9	6	2	2	6	3	5	4	3	5	5	5	5	1	3	3	1	7
RP11-359P5.1	1	4	5	1	0	0	1	3	2	0	0	1	1	0	3	2	4	3	3	1	5	3	1	2	6	3	1	5	5	0	2	1	1	6	2	3	1	7	6	8	0	0	2	3	7	3	0	0	0	0	2	1	0	2	0	1	2	1	1	3	0	4	1	0	1	3	0	2	1
AC005224.2	27	8	23	14	9	22	43	20	21	30	20	24	25	17	23	49	30	40	39	27	24	28	44	21	37	21	31	23	58	28	27	18	28	25	34	25	46	23	33	44	39	31	45	44	39	25	32	36	40	31	30	34	25	17	27	28	29	18	40	35	26	37	27	18	38	27	23	48	52
BSG	18667	22690	21514	21322	20972	20123	20336	17636	21581	18513	19869	19357	18857	17841	16372	18912	18663	16876	20017	22537	19620	18825	16118	17225	18259	21307	15668	16138	12997	14098	12041	14698	14410	16441	13779	13627	12190	13821	11386	16042	13749	10014	10566	12560	13415	12642	9665	17175	10552	16974	10675	12411	11531	12743	9928	10804	7736	12393	8542	15410	8645	15737	7924	13557	8294	16942	8595	15218	8402
ZNF672	950	881	1145	923	1009	896	1012	702	1118	759	1036	808	1011	691	796	660	825	599	881	792	804	643	762	650	896	786	759	1247	1125	1077	1147	1196	1294	1190	1204	1065	1253	1068	1068	1321	1194	904	994	1263	1069	1199	896	1512	1142	1487	1171	1144	1188	1279	1094	1100	916	1274	902	1587	1001	1619	1005	1327	829	1643	974	1391	987
PEX26	2112	2289	2463	2379	2253	2379	2106	2024	2195	2217	2279	2174	2228	2033	2203	2150	2234	2009	2248	2535	2446	2208	2022	2037	2200	2394	2110	2288	2297	2061	2163	2203	2318	2291	2235	2370	2018	2158	1947	2482	2106	2186	1892	2514	2203	2488	1978	3023	2074	3027	2052	2407	2185	2383	2229	2442	2448	3120	2382	3550	2333	3664	2320	3218	2081	3652	2563	3869	2578
RP11-507B12.2	0	0	0	0	0	0	0	0	0	0	0	0	0	0	4	3	3	0	3	0	2	0	6	0	9	0	0	9	2	0	3	1	3	0	2	0	0	0	0	2	1	0	1	0	0	0	0	0	0	0	3	4	0	0	0	0	0	0	0	0	0	0	0	0	3	0	2	0	0
RP11-44N12.4	18	11	20	9	8	13	16	7	21	8	12	12	8	17	15	11	20	7	10	16	19	18	12	18	13	18	10	22	27	11	16	22	26	26	17	15	25	13	26	16	31	15	25	15	31	30	26	32	38	30	29	24	32	19	33	39	29	30	38	49	34	64	37	64	39	37	41	59	39
SNURFL	160	190	197	165	186	198	170	156	181	161	156	222	203	215	108	176	138	174	141	228	114	166	98	170	146	188	140	62	44	58	42	86	54	84	80	61	68	60	68	81	60	54	34	70	27	50	30	96	65	64	54	50	50	67	36	71	64	72	52	102	46	132	36	64	40	87	42	102	44
BTG1P1	12	22	14	12	23	8	14	7	19	7	3	8	6	27	21	16	28	19	19	23	37	20	22	8	24	31	14	21	27	19	20	22	38	25	23	25	24	16	18	17	27	27	20	28	43	38	20	50	20	39	33	33	35	32	41	32	35	52	19	41	15	48	16	27	14	37	24	57	27
CH17-408M7.1	26	26	20	23	23	31	25	24	23	31	19	29	27	27	47	37	36	42	47	58	35	45	26	40	54	54	36	43	52	51	58	46	48	46	44	50	43	59	61	56	48	77	60	63	71	66	63	77	59	70	66	53	71	62	52	89	90	100	71	149	81	128	81	107	70	112	102	109	111
RP11-444D3.1	4	9	4	7	6	6	4	2	1	11	0	20	5	8	1	6	17	10	14	20	12	8	6	3	13	12	14	21	18	11	13	18	21	16	32	13	25	34	25	18	31	22	23	38	22	29	34	25	25	23	39	23	16	12	31	32	27	36	17	23	30	37	41	31	8	27	40	46	39
SMG1P3	701	685	1007	640	675	646	613	627	769	723	924	673	925	545	691	604	620	533	503	732	564	568	527	713	662	835	669	481	711	513	622	484	554	490	526	524	482	704	615	728	556	637	862	630	873	563	553	733	673	671	637	705	873	282	720	548	887	789	761	684	628	843	642	625	450	586	964	909	820
TAGAP	3	0	0	5	0	1	0	0	3	2	0	0	3	1	11	5	1	4	1	4	3	2	1	2	3	2	7	2	1	0	1	4	0	4	5	1	0	4	1	1	6	12	3	11	4	5	3	10	1	7	8	1	8	2	2	1	7	10	8	10	7	7	7	3	5	10	7	9	4
RP11-267D19.2	61	79	61	56	51	71	65	62	37	59	50	65	44	522	983	453	810	476	820	590	847	518	708	437	771	554	731	454	231	340	250	373	255	466	288	410	207	403	219	471	203	70	43	97	38	103	40	102	32	114	49	86	54	84	36	67	55	165	62	184	73	177	65	149	66	153	77	283	81
ZNF72P	18	11	19	5	11	9	12	6	11	9	10	6	14	4	7	6	5	6	4	7	8	6	6	8	6	9	9	4	4	6	5	2	4	5	6	4	3	4	3	4	4	7	4	5	4	3	2	6	7	4	2	3	6	6	3	6	5	9	4	4	4	6	4	8	2	5	6	3	9
AC067945.4	0	0	0	0	0	3	0	0	0	0	0	2	0	0	0	0	0	1	0	3	1	0	0	0	0	0	0	0	0	0	0	0	2	0	1	0	0	0	1	1	0	2	0	2	4	1	0	0	0	3	1	0	1	0	1	0	1	0	0	1	1	0	0	1	0	0	5	3	0
CENPW	1169	889	1154	1019	1048	997	936	891	960	865	941	935	962	905	796	986	952	912	862	1134	1043	1074	885	894	840	1182	786	822	568	698	584	653	657	759	612	707	529	599	516	857	660	404	223	551	222	539	239	682	169	597	355	584	418	588	261	161	196	187	146	233	190	194	100	220	159	237	230	180	149
COX6CP16	0	0	0	0	0	0	0	0	0	0	1	0	0	1	1	0	2	0	2	0	0	0	3	0	6	1	0	0	1	1	2	0	0	5	0	0	0	1	1	0	0	4	5	3	0	3	1	2	0	5	1	0	3	0	0	2	0	1	0	2	1	2	5	0	1	7	0	2	0
CLLU1	0	0	0	0	0	0	0	0	0	0	0	0	0	5	1	14	2	1	2	14	4	4	2	2	2	0	2	0	5	0	0	0	0	2	0	0	0	0	0	1	0	0	0	0	0	1	0	0	0	0	0	0	0	0	0	0	0	0	0	0	2	0	0	0	0	0	0	0	0
MIRLET7G	0	0	4	1	0	0	1	4	2	1	1	0	1	0	0	0	2	0	0	0	0	1	0	0	1	4	1	2	0	3	1	0	0	1	2	0	0	0	3	0	0	1	6	0	2	0	2	0	0	3	0	0	4	0	2	0	8	6	0	0	4	1	4	3	0	2	2	1	1
H2AFZP1	1449	1212	1724	1312	1302	1229	1307	1134	1418	1073	1338	1187	1254	1229	1254	1361	1360	1295	1353	1585	1252	1232	992	1340	1197	1529	1039	849	855	705	812	717	883	863	835	793	733	752	697	912	779	562	588	681	539	743	522	890	447	798	551	620	715	673	521	540	394	653	377	809	413	789	417	535	403	693	455	754	346
MAGEA12	2	0	0	1	1	3	0	0	0	1	1	0	2	0	0	1	0	1	0	0	0	0	0	0	0	0	0	0	0	0	1	2	1	0	1	0	0	1	0	3	0	0	0	0	0	0	0	0	0	1	0	0	0	0	0	0	0	0	0	2	0	0	0	0	0	0	0	0	0
BABAM1	1224	1266	1275	1105	1213	1132	1229	993	1206	1028	1163	1138	1189	1154	1029	1197	1166	1174	1224	1474	1206	1296	1000	1226	1175	1317	1022	1115	888	996	891	860	988	966	1012	945	882	928	798	1043	861	651	735	829	744	865	719	964	824	1063	835	802	954	965	856	694	655	828	734	1002	749	1057	698	970	824	1124	773	1053	858
FKBP2	1283	1217	1371	1074	1120	1104	1190	935	1007	1021	1152	1077	1112	1021	979	1128	1191	1075	1160	1326	1181	1019	1016	984	1107	1262	1013	1236	842	814	850	937	939	1023	1040	951	785	956	897	990	884	664	605	714	646	770	647	935	655	963	725	849	744	878	720	788	751	913	752	1032	662	1242	706	1082	748	1159	766	1074	808
LINC00379	2	0	0	0	0	0	0	0	0	0	0	0	0	0	0	0	0	0	0	0	1	0	0	0	0	0	0	0	0	0	1	0	0	0	0	0	0	0	0	0	0	0	0	0	0	0	0	0	0	0	0	0	0	0	0	0	0	0	0	0	0	0	0	0	0	0	1	0	0
RAMP2-AS1	46	62	76	83	56	85	64	87	81	68	72	56	78	38	26	40	44	61	44	61	45	42	41	48	71	47	40	14	19	16	21	16	30	22	27	19	26	19	13	15	6	32	9	21	7	24	10	37	5	37	5	21	16	21	19	19	36	36	40	47	26	46	28	35	36	35	48	47	27
PSME4	9467	7300	9959	7749	7992	7627	8143	6465	8525	7401	8962	7715	8603	6891	8311	7386	7957	7566	6990	8618	8232	7465	7546	7987	8255	8931	7950	6417	7210	6500	7081	6962	7459	7205	7064	6797	6107	6983	6194	7947	6910	7530	7684	7921	7365	7830	6181	9622	5844	8741	6152	7681	7529	6555	6590	6292	5692	7976	5083	8847	5770	9220	4864	8318	4996	8297	6763	8917	5587
MAST2	1664	2150	2331	2175	1996	1790	1968	1681	2118	1824	2123	1765	1921	2578	3485	2475	3583	2451	3785	3059	3706	2709	3316	2376	3874	3032	3307	6174	5546	5201	5136	5817	5693	5931	5558	5549	4943	5633	4632	6502	5324	5542	4553	6713	5485	6715	3992	8404	3978	8055	4165	6725	4717	4752	4169	5225	4838	6519	4720	8033	5182	7614	4534	6710	3641	7823	5246	7759	4805
DROSHA	5620	5100	5907	5147	5420	4733	5044	4245	5538	4809	5447	4790	5496	5401	6052	5709	5647	5971	5532	6705	5797	5655	5276	5920	6135	6800	5538	4621	4704	4438	4440	4685	4854	4956	4767	4906	4129	4643	3931	5493	4521	4093	3676	4751	3602	4678	3459	5698	3230	5379	3274	4329	4535	3954	3519	3364	3469	4070	3388	4581	3452	4723	3266	3897	3279	4161	3991	4450	3614
MAFA-AS1	24	27	28	12	31	33	32	23	28	13	20	22	32	13	16	17	16	15	17	32	17	10	7	14	18	15	14	39	36	26	30	16	38	18	29	14	25	28	17	27	12	31	41	56	57	38	25	31	28	39	21	31	21	20	24	19	37	37	36	60	40	55	42	62	26	75	20	115	33
RP11-465K16.1	0	0	0	0	0	0	0	0	0	0	0	0	0	0	0	0	0	0	0	0	0	0	1	0	0	0	0	0	0	0	8	0	0	0	0	0	0	0	0	0	0	2	0	0	0	0	0	0	0	0	0	0	0	0	0	0	0	0	0	0	0	0	0	0	0	0	0	0	0
ARPC4-TTLL3	0	0	0	0	0	0	0	0	0	0	1	0	1	1	0	0	1	0	0	0	0	0	0	0	0	1	0	1	0	0	0	1	1	1	1	1	1	1	1	1	1	2	1	1	1	1	1	1	1	2	1	1	1	1	0	1	1	2	1	1	1	1	1	2	1	1	2	1	1
CYP4F35P	35	24	32	28	19	29	20	25	25	26	22	46	30	32	27	29	31	30	27	34	39	34	30	48	45	36	39	57	72	35	50	35	66	27	45	42	56	47	50	59	43	49	51	43	62	31	42	43	41	45	32	46	58	33	44	22	36	25	35	37	27	38	25	29	32	32	32	30	24
CTD-2373N4.5	3	3	2	1	0	0	0	0	0	0	0	2	0	0	0	1	1	1	0	0	1	0	0	1	3	0	0	3	1	0	1	1	1	0	0	0	0	0	1	4	0	0	0	1	1	0	0	2	1	0	4	0	1	0	0	0	0	0	0	0	1	0	2	0	0	0	2	0	0
PALM	487	562	600	511	561	490	521	477	592	491	539	462	551	991	1446	929	1598	837	1843	1136	1793	921	1352	860	1709	1165	1355	5346	4215	4135	3831	4559	4464	5108	4345	4436	3735	4673	3561	5007	4177	5150	5877	6302	7229	6673	5420	9055	5945	8860	5327	6521	5252	6723	5395	8401	6606	9646	7030	11972	7491	13082	6663	11194	6052	13565	7027	12985	7351
DNAH8	9	3	13	4	13	3	3	10	12	8	7	0	0	17	6	11	20	10	18	19	14	11	10	7	18	22	20	2	2	4	1	0	4	0	1	0	2	3	5	6	12	7	2	5	0	4	0	4	0	6	0	7	3	0	0	2	2	8	0	0	0	0	1	2	0	1	0	6	0
UBXN1	3579	3555	3796	3292	3468	2924	3651	2751	3622	2907	3393	3003	3140	3311	3624	3506	4562	3364	4727	4249	4373	3629	3519	3224	4061	3991	3702	5564	4806	4260	4607	4351	5121	4973	5196	4259	4170	4355	4076	5015	4784	4848	4394	5667	5028	5484	4278	7545	4046	7022	4172	5569	5024	6030	4351	5263	3131	6389	3378	7705	3974	8081	3322	6575	3663	8576	4011	8042	3571
CCL28	225	163	207	123	196	182	161	147	183	152	172	163	208	67	118	91	131	85	134	94	169	101	109	87	124	108	131	107	85	77	79	85	61	94	111	100	94	106	68	132	104	33	14	47	3	37	33	47	26	67	47	47	37	38	42	14	23	11	33	31	38	47	47	35	35	32	41	41	26
ZNF500	306	336	401	375	430	387	347	265	441	307	378	365	434	389	387	418	376	445	362	455	364	398	301	301	410	452	274	524	519	398	431	393	491	440	480	406	396	452	406	424	404	463	465	516	457	559	513	666	617	654	573	546	585	454	602	463	559	553	597	612	669	725	571	610	639	663	630	755	539
ASPRV1	29	54	40	37	29	19	31	36	43	41	40	58	33	41	24	23	35	31	44	42	24	24	28	50	28	58	26	49	48	39	39	34	33	47	49	56	44	58	29	80	43	48	40	54	56	71	34	92	35	67	26	63	45	66	26	96	51	91	43	144	57	109	44	119	56	125	53	116	38
ASB7	583	501	611	489	520	518	518	469	512	532	568	501	506	537	549	552	555	542	536	597	587	584	538	619	663	673	592	541	600	486	549	546	627	610	568	624	492	573	477	693	581	615	516	610	510	665	449	958	400	693	479	704	628	596	541	534	448	694	426	777	492	875	420	721	440	814	550	741	566
RP11-477I4.4	1	7	14	5	4	3	7	7	5	0	7	1	12	11	8	7	14	7	7	10	9	14	11	11	12	15	16	12	7	7	8	7	9	2	21	9	8	2	6	5	11	3	6	9	5	8	10	15	1	2	5	19	10	12	13	7	6	15	13	13	12	12	10	15	9	15	17	21	9
RNF40	1896	1950	2494	2121	2247	1870	1904	1309	2146	1537	2104	1668	1963	1623	1824	1891	1977	1771	2168	2057	2013	1566	1761	1615	1914	2243	1649	2100	2879	1863	2547	2221	2977	2363	2711	1904	2453	2145	2305	2355	2659	2513	4497	3246	5398	3055	3866	4030	4356	3784	4311	2906	4753	2245	3866	3438	3957	3911	3929	4636	4219	4880	3830	3944	3196	4642	4236	4085	4220
KRT8P5	37	43	35	33	34	38	38	38	46	32	30	28	28	30	29	37	25	36	22	36	20	26	20	30	23	36	20	3	3	7	7	6	7	6	3	4	6	5	5	3	6	1	2	2	0	3	1	0	1	4	3	4	2	2	4	1	5	1	2	0	3	3	3	2	2	1	6	3	3
ULK1	1666	2658	2692	2418	2377	2196	2176	1960	2352	2020	2333	2158	2282	2707	2432	2853	2917	2657	3061	3355	3009	2905	2577	2679	2979	3428	2668	4396	4735	3656	4354	4327	4862	4365	4706	3980	4170	3921	4029	4434	4803	5748	6559	6503	8724	6683	6133	9557	7551	8286	7050	6826	7720	5780	6912	7321	5337	8511	5914	11115	6576	11364	5276	9999	5037	11637	6370	11633	5639
ERVH48-1	3617	2459	2572	1842	2739	1942	3354	2057	2874	2231	2966	1945	2497	1841	1928	2182	1360	2154	1434	3078	1446	2112	1222	2173	1303	2720	1339	161	149	146	137	161	167	133	134	196	129	120	112	186	135	106	97	89	125	101	63	60	45	77	54	67	88	45	67	102	103	118	109	102	74	169	112	124	80	80	90	116	78
RP11-642E20.2	0	0	0	3	0	0	0	0	0	0	0	0	2	0	1	0	0	0	0	0	0	0	0	0	0	0	0	0	0	0	0	0	0	0	0	0	0	0	0	0	0	0	0	0	0	0	0	0	0	0	0	0	0	0	0	0	0	0	0	0	0	0	0	0	0	0	0	0	0
RP11-89H19.2	4	3	1	7	1	9	2	1	4	7	12	3	5	6	4	9	3	5	3	2	3	5	1	11	2	3	0	0	0	5	0	0	0	1	1	2	0	0	0	0	0	0	0	0	0	0	0	0	0	0	0	0	0	0	1	0	0	0	0	0	0	1	0	0	0	3	0	0	2
C3orf52	781	627	711	606	651	558	598	539	666	567	707	629	716	291	318	326	290	342	278	508	353	452	291	380	320	494	294	146	67	154	90	142	77	122	69	148	65	150	66	174	58	46	47	36	28	70	19	47	18	27	18	28	29	36	37	12	30	19	24	19	27	27	16	12	44	7	39	12	17
CTB-88F18.4	3	1	1	2	2	0	0	1	0	1	0	1	1	1	1	0	2	2	2	0	3	0	4	1	1	0	0	2	3	1	2	0	1	0	1	0	2	1	1	0	2	0	0	0	2	2	1	2	9	2	1	1	0	0	1	2	1	0	2	4	0	2	0	7	0	1	0	0	0
PLIN2	1003	692	992	546	819	675	865	538	757	572	872	612	762	891	1132	1013	1178	1018	1135	1166	1182	849	1011	838	1073	1159	1065	1293	1464	1210	1410	1216	1529	1363	1469	1259	1173	1270	1256	1407	1341	1310	889	1518	750	1682	991	1973	998	1625	993	1371	1291	1470	1052	1172	589	1584	682	1920	812	1824	691	1617	938	1760	955	1867	659
CFAP97	2645	1724	2132	1608	2105	1924	2187	1780	2308	1969	2248	1932	2048	1863	2115	1811	2178	1965	1818	2257	2295	1900	2074	2102	2270	2280	2123	2049	2104	2098	2004	2143	2252	2480	2140	2293	1916	2159	1934	2464	2070	1959	1079	2292	1006	2074	1182	2459	1026	2362	1255	1933	1415	1976	1321	1174	1074	1639	1137	1925	1147	2065	1154	1862	1207	2033	1405	2078	1356
AL121578.5	61	40	57	44	46	59	41	58	45	41	41	50	47	81	72	68	80	78	52	99	97	95	88	73	64	85	85	58	60	79	52	62	57	97	60	70	63	95	33	100	54	92	40	80	46	69	28	86	58	111	80	66	40	85	46	49	47	55	43	60	44	98	31	44	36	64	66	55	64
RAB11FIP1	1225	1281	1521	1289	1304	1221	1027	1081	1305	1284	1286	1184	1244	896	806	942	750	867	727	1216	754	1047	639	1118	682	1118	690	343	276	384	274	346	312	467	309	426	311	344	227	416	283	285	131	275	135	323	160	340	181	382	178	348	200	212	164	304	256	347	248	396	217	470	239	417	182	385	244	490	200
SLC2A12	180	152	129	166	150	174	153	187	163	179	149	196	152	192	188	198	251	138	190	283	213	199	175	160	236	209	211	172	94	148	100	171	113	189	88	149	156	196	93	206	94	66	41	66	37	72	46	107	25	113	34	88	37	68	29	10	18	18	12	6	13	33	19	12	14	12	14	10	4
IFNL3	0	0	2	0	0	0	0	0	0	0	1	0	0	0	1	1	0	0	0	0	0	0	0	6	3	0	0	1	0	0	0	1	0	1	0	0	0	0	0	0	0	1	0	0	0	1	0	0	0	0	0	1	0	0	0	0	0	0	0	0	0	0	0	0	0	0	0	0	0
RP11-294N21.3	0	0	0	1	1	1	3	0	0	1	0	0	1	0	4	0	1	0	1	1	0	0	10	0	0	0	0	0	0	3	0	0	2	0	0	0	4	1	0	5	1	1	0	2	1	5	1	1	7	1	1	4	3	2	3	8	6	3	4	8	7	5	12	5	6	8	4	8	2
RPL32P26	0	7	2	0	0	1	0	0	1	2	1	9	0	0	0	0	0	0	1	4	0	1	0	0	0	4	0	0	0	0	0	0	0	0	0	0	0	0	0	0	0	0	0	0	0	0	0	0	0	0	0	0	0	0	0	0	1	0	0	0	0	0	0	0	0	0	0	3	0
FAM71D	32	19	25	36	26	38	21	34	35	27	26	17	19	27	23	21	19	27	20	28	29	24	11	26	14	41	15	25	18	22	21	22	22	16	14	30	19	14	8	26	12	23	20	13	16	12	17	29	24	23	20	12	21	27	13	13	10	11	15	20	13	22	8	14	13	15	13	17	22
RP5-827C21.1	125	198	155	194	175	185	178	152	211	203	154	174	179	161	107	173	162	137	180	200	196	194	153	157	153	186	141	153	72	126	57	121	104	134	89	109	91	130	90	152	96	68	48	87	60	107	53	125	55	140	90	107	60	124	50	65	41	65	40	87	35	105	33	89	49	116	49	99	36
CABYR	651	552	658	471	574	538	529	454	625	496	607	457	562	410	421	388	480	352	391	530	444	463	442	469	431	474	440	253	263	237	220	183	243	224	214	234	217	239	193	264	234	221	110	202	68	198	122	294	136	273	194	204	230	199	236	170	227	233	211	299	280	234	248	277	268	259	268	293	273
CTC-338M12.4	146	175	171	131	159	144	162	148	177	159	192	139	150	112	99	94	105	99	108	177	103	163	95	110	102	160	111	46	118	52	74	57	86	59	74	54	55	68	67	73	75	48	110	90	108	72	95	98	109	81	98	72	96	70	75	85	118	68	125	104	113	150	126	106	111	103	113	138	137
RP11-715J22.3	7	8	11	3	10	8	4	12	8	14	5	11	8	19	0	11	8	14	9	11	5	3	8	2	2	9	15	19	16	12	12	21	13	12	15	19	10	12	13	14	20	13	11	14	11	11	28	7	6	10	30	4	16	13	17	16	13	22	13	26	14	14	25	20	14	28	22	23	10
HM13-AS1	3	4	9	9	4	3	7	2	3	7	1	5	4	23	11	22	18	11	19	32	24	30	30	20	17	5	18	10	10	5	4	13	9	3	12	9	7	7	5	9	7	3	8	13	8	9	1	16	2	17	5	7	8	9	4	11	2	6	4	13	4	16	2	4	3	12	1	12	1
FDPSP6	28	27	41	32	44	27	37	38	47	35	34	36	37	36	38	47	41	29	43	54	40	41	30	42	47	42	42	34	26	48	23	38	30	43	26	28	39	34	30	36	27	34	21	34	33	27	24	35	30	36	37	37	28	42	24	30	22	23	15	28	18	26	16	35	18	36	25	24	19
RP11-73B8.2	12	6	17	10	14	11	6	12	6	15	7	14	16	7	10	10	14	15	7	5	15	8	12	19	15	2	13	18	15	8	13	8	10	22	18	12	13	15	15	19	11	10	8	17	10	10	5	14	11	11	9	12	16	16	15	15	10	22	4	8	5	11	4	8	9	15	6	15	9
RP5-862P8.2	2082	1836	1856	1712	1683	1780	1814	1586	1818	1587	2042	1814	1675	614	546	647	543	560	558	907	648	770	565	789	596	810	565	328	115	281	81	339	82	278	133	320	102	290	81	403	84	56	44	71	25	60	20	54	17	66	23	65	45	58	15	17	27	22	30	22	26	35	38	20	28	20	25	29	35
PRR30	2	0	0	0	0	0	0	0	0	0	0	0	0	0	1	0	0	0	0	0	0	0	0	0	0	0	0	0	0	0	0	0	0	0	0	0	0	0	0	0	0	0	0	0	0	1	0	0	0	0	0	0	0	0	0	0	0	0	0	1	0	0	0	0	0	0	0	0	0
HS3ST2	39	97	97	114	66	85	43	45	64	68	57	83	84	23	36	49	39	44	41	44	45	42	39	29	32	54	32	77	91	80	83	91	115	86	117	97	98	70	147	92	112	66	110	39	104	56	152	67	157	70	158	58	195	68	146	65	558	97	524	59	527	91	490	100	485	124	510	113	603
RP11-664D1.1	4	1	1	0	2	1	1	0	3	0	6	1	1	1	0	1	4	1	0	1	1	2	2	0	1	1	2	0	1	0	1	1	0	0	0	1	0	0	0	1	2	0	0	0	0	0	0	0	0	0	0	0	1	0	0	2	3	2	0	3	1	0	0	2	0	1	1	0	1
ERV3-1	326	349	388	276	274	333	298	284	357	351	334	360	333	516	668	489	649	555	599	628	522	557	503	579	725	766	749	799	1125	847	977	773	930	841	971	873	779	944	800	873	921	1050	1725	1170	1819	997	1396	1278	1356	1092	1516	1012	1432	606	1344	1542	1640	1865	1496	2075	1476	2099	1364	1754	1103	1759	1672	2250	1714
RBM23	1728	1618	1887	1582	1676	1694	1664	1194	1730	1423	1665	1434	1681	1721	2003	1911	2431	2064	2447	2163	2435	1688	2070	1766	2383	2131	2137	2886	2814	2359	2785	2402	3085	2530	2837	2487	2628	2205	2305	2817	2710	2602	2483	3002	2804	2979	2363	3559	2380	3307	2590	2857	3059	2888	2626	2236	1999	2854	2240	3339	2338	3206	2291	2806	2262	3361	2523	3331	2288
FKBP8	7848	9687	8996	8893	8785	8118	9056	7545	9040	7953	8421	8424	8224	7800	6907	8289	8584	7341	9001	10293	8825	8953	7367	7386	8072	9638	6959	6567	4762	5013	4486	5139	5490	5979	5642	4988	4539	5412	4220	6388	4976	3353	3193	4332	4086	4461	3438	5787	3698	5925	3791	4371	3713	4797	3284	4871	3618	5588	3744	6938	3911	7212	3570	6584	3789	7554	3871	7313	3919
PPP3CB-AS1	37	29	22	25	27	41	40	33	28	23	31	38	27	25	24	27	26	46	17	44	23	37	10	38	25	36	11	14	22	7	15	12	21	11	14	11	5	22	9	11	12	13	8	7	17	9	5	24	2	19	19	13	13	5	15	9	9	9	15	4	21	17	15	6	15	15	16	14	12
C6orf136	37	41	43	38	35	37	37	27	42	32	44	37	39	32	29	36	36	33	38	37	45	34	32	27	40	37	30	43	36	31	36	33	41	31	39	34	32	35	26	40	32	27	27	39	25	34	29	39	23	42	20	35	31	35	21	24	28	30	29	37	27	36	30	29	34	42	34	35	26
STIL	1753	1344	2170	1383	1551	1497	1616	1299	1619	1502	1724	1551	1690	1563	1776	1790	1831	1787	1493	2023	1745	1737	1638	1802	1904	2055	1677	2120	1832	1990	1613	2096	1737	2265	1803	2161	1703	2131	1630	2548	1516	1281	528	1170	563	1394	450	1605	392	1363	513	1396	787	1157	569	251	246	285	269	262	285	382	252	301	304	332	367	378	226
LINC00955	0	0	0	0	0	0	0	0	0	0	0	0	0	0	0	0	0	0	0	0	0	0	0	0	0	0	0	0	0	0	0	2	0	0	1	0	0	3	2	0	0	0	0	1	0	0	1	0	0	0	0	1	1	1	1	0	4	1	3	1	2	0	3	3	3	0	3	1	1
ARID4A	1063	773	811	765	618	828	753	735	778	779	836	1004	787	771	823	856	759	1035	671	1125	759	911	695	907	820	1131	817	986	843	908	766	868	915	869	838	829	671	802	706	988	784	934	1172	1043	1133	1004	1041	1229	962	1055	949	890	1059	1035	943	798	862	1176	862	1262	934	1290	980	1140	1070	1159	1130	1221	1111
RP11-62H7.2	7	0	1	1	0	2	3	3	3	2	4	4	4	3	4	3	2	5	4	0	3	2	1	0	0	0	0	5	5	5	10	0	10	1	5	0	4	2	11	4	2	10	15	5	11	3	14	5	12	10	30	11	5	2	12	34	33	33	49	46	25	38	32	38	16	33	50	53	51
UBE2Q2P2	94	118	91	113	75	112	79	118	87	112	110	134	83	66	102	96	122	80	127	135	100	112	102	123	152	139	106	86	152	116	117	122	125	128	132	133	116	137	117	166	89	179	140	151	147	145	125	194	100	149	146	165	172	88	149	135	158	184	167	225	138	210	129	248	103	228	167	335	135
MT-TP	50	43	55	49	44	36	61	35	37	43	45	64	57	38	68	42	67	51	53	61	60	45	69	66	77	55	62	88	92	79	79	73	91	90	97	88	93	84	68	121	73	86	58	98	42	92	51	132	54	147	42	96	55	109	59	52	35	68	35	81	47	83	34	91	78	86	56	78	40
ZNF524	60	68	86	65	67	60	65	45	69	62	60	56	45	66	77	67	92	52	88	101	97	75	71	49	74	94	78	122	96	96	92	75	92	128	111	114	111	109	80	115	104	66	99	109	160	99	93	155	108	185	107	149	119	109	104	137	112	150	114	214	115	224	108	171	115	197	91	194	133
RP11-13E5.2	2	1	0	2	0	6	0	0	1	2	0	1	4	0	2	0	0	0	0	0	1	0	1	0	0	0	0	0	1	0	0	2	0	0	0	0	0	0	0	0	0	0	0	0	2	0	0	0	0	0	0	0	0	0	0	0	0	0	0	0	0	0	0	0	0	1	0	0	1
RP11-371E8.2	139	123	123	126	119	118	126	92	125	97	112	133	115	179	138	182	113	181	144	222	128	172	110	167	123	183	114	66	47	59	37	55	50	81	33	71	34	62	28	87	48	34	16	52	25	41	16	48	24	37	16	32	19	46	27	29	27	40	25	35	25	48	18	34	30	67	33	38	28
TTC13	318	300	303	279	268	278	322	247	351	310	252	285	317	365	419	386	472	462	347	472	421	382	441	467	423	545	512	716	726	693	735	765	746	848	661	727	690	831	701	925	827	752	1010	811	1077	849	765	1012	693	1007	751	790	921	848	802	666	852	850	812	1003	753	1025	858	886	905	888	959	949	1038
DENND2D	32	56	29	29	70	62	57	29	37	70	59	25	44	28	42	30	26	13	14	58	26	37	41	39	28	21	26	7	4	2	6	12	2	5	4	14	7	1	0	10	3	0	1	2	0	4	3	2	1	9	0	1	3	5	1	2	1	4	1	2	1	1	1	4	0	3	1	8	0
CFAP57	22	19	18	11	11	13	19	7	26	16	20	15	17	750	1410	700	1579	505	1395	767	1393	814	1450	637	1493	672	1274	572	443	505	446	593	446	624	440	558	396	647	351	661	421	338	144	396	119	343	164	422	136	416	212	322	256	270	203	313	224	466	247	443	241	479	256	371	247	520	289	479	308
LINC01578	1142	854	993	996	847	1161	962	1069	928	1002	859	1166	915	1124	1077	1253	1188	1353	929	1448	1418	1284	1098	1201	1293	1467	1152	1692	1348	1568	1416	1661	1555	1674	1351	1727	1358	1555	1329	1790	1390	1795	1679	1969	1582	1886	1506	2411	1249	2183	1686	1877	1689	2241	1851	1495	1829	2388	1688	2613	1619	3008	1529	2519	2210	2673	2268	2892	2072
CDKN1A	1187	894	843	699	1053	694	1062	709	1063	776	947	705	810	1741	2629	1884	2554	1738	2594	2279	2538	1928	2080	1782	2352	2119	2203	3676	3191	2661	2930	3387	3339	3132	3114	2520	2782	3104	2300	3177	2925	2826	2492	3550	2852	3425	2462	4873	2525	4684	2339	3570	3911	4072	2434	2555	1580	3030	1496	3807	1814	3974	1564	3265	1700	4098	1857	4413	1652
SMURF1	1536	1643	2031	1656	1640	1523	1531	1281	1680	1413	1592	1278	1721	1416	1429	1571	1451	1445	1452	1799	1535	1458	1321	1578	1452	1869	1449	1459	1314	1422	1325	1380	1442	1435	1268	1420	1252	1274	1101	1583	1318	1307	1071	1424	1180	1386	1032	1800	971	1669	1173	1476	1312	1126	1076	1282	1269	1646	1460	1827	1255	1870	1225	1612	1166	1678	1461	1870	1438
PDZK1IP1	1	0	0	0	0	0	0	0	3	0	0	0	0	2	2	1	2	2	5	1	2	0	3	0	0	0	1	4	0	0	0	1	8	1	3	1	1	5	0	5	7	0	1	3	0	0	0	0	0	4	0	0	1	0	4	0	0	1	0	1	0	6	0	1	0	6	0	1	0
NAV1	2005	2580	2850	2587	2563	2191	2049	1918	2498	2174	2610	2029	2427	6306	8980	6285	9685	5917	9117	7000	9162	6006	8191	5832	9827	7744	8551	6668	8037	6582	7805	7293	7596	8187	7521	7300	7288	7476	6424	8260	8198	6190	9073	6568	9564	6344	7923	7894	8120	7567	7282	6232	7994	3794	7614	9503	10606	12395	9980	13378	9828	13654	9781	11403	7193	12249	11499	13353	10792
TERF1P3	144	152	141	157	137	166	121	139	113	143	117	131	134	45	19	54	29	63	19	86	21	63	26	67	16	91	26	14	12	16	10	21	10	13	9	16	16	18	9	18	17	10	6	9	4	12	8	15	11	10	6	12	10	16	10	5	8	9	13	15	7	13	8	11	9	18	7	7	6
GRASP	80	75	97	110	83	95	84	91	88	91	91	79	84	1477	1799	1493	2048	1230	2138	2003	2182	1697	1767	1485	2050	1904	1861	1531	1168	1170	1030	1231	1286	1363	1219	1298	1023	1304	1079	1539	1089	879	392	1085	545	1205	415	1423	542	1374	493	1131	556	991	510	676	293	720	286	1004	375	1130	312	901	374	1249	399	1217	331
WBP11P1	608	479	571	478	483	430	480	382	532	437	535	458	530	429	473	416	522	464	477	578	496	502	458	477	509	584	386	374	400	375	379	354	459	417	407	389	347	435	344	460	402	384	263	387	270	350	251	494	208	473	262	363	328	291	222	222	204	328	220	344	232	300	208	284	236	316	284	319	262
GS1-600G8.5	3	5	0	0	0	0	0	0	0	0	0	0	1	0	8	0	3	1	4	1	7	4	1	1	2	1	2	0	3	0	3	1	1	1	1	1	0	0	2	2	5	1	0	0	0	0	4	0	0	0	0	1	4	0	0	0	0	0	0	2	0	0	0	4	0	0	0	0	0
MTCL1	1312	1773	1935	1682	1609	1575	1459	1385	1657	1590	1461	1521	1598	2005	1891	2164	2234	2187	2134	2640	2161	2102	1862	1928	2207	2623	1948	3207	3855	2825	3405	3267	3539	3489	3558	3059	3210	3367	3071	3488	3477	3994	4772	4306	5368	4378	3791	5626	4020	5336	3782	4347	4603	3307	4087	4285	3828	5306	3728	6143	3966	6561	3379	5567	3056	6484	4148	7369	3769
AC012146.7	219	198	210	216	185	217	194	163	203	139	179	162	193	302	355	268	346	297	407	401	399	325	340	312	404	341	418	373	348	288	295	284	323	313	359	333	251	332	290	381	311	240	252	348	305	256	245	437	246	386	262	269	235	316	217	288	291	397	288	388	276	450	260	346	315	382	330	431	305
RP11-146G7.2	2	0	0	0	0	0	0	1	0	0	0	0	0	1	0	1	0	0	0	1	0	1	0	0	1	0	0	0	2	0	1	0	0	0	0	0	0	1	0	2	1	0	3	3	5	5	0	0	0	2	1	2	2	0	0	0	0	0	0	0	0	1	0	0	0	0	0	0	1
RP11-569D9.5	2	4	3	1	1	4	0	6	0	0	0	3	0	0	0	0	1	0	2	1	1	1	1	0	0	1	1	0	0	0	1	0	0	1	1	1	0	0	0	0	0	0	0	0	0	0	0	0	0	1	0	0	0	0	0	1	4	0	0	1	1	1	0	0	0	7	0	5	0
UGT2B10	0	0	2	1	0	0	0	0	0	0	0	0	0	0	0	0	0	0	0	0	0	0	0	0	1	0	0	0	0	0	0	0	0	0	0	0	0	0	0	0	0	0	0	0	0	0	0	0	0	0	0	0	0	0	0	0	0	0	0	0	0	0	0	0	0	0	0	0	0
CSF2RA	40	69	41	56	26	32	44	29	33	44	37	39	46	24	7	27	18	16	18	42	18	16	12	28	29	20	23	8	6	10	11	9	18	21	12	7	18	6	10	15	12	3	2	5	8	12	3	4	6	3	2	6	4	3	3	1	2	0	1	2	3	2	6	3	4	4	1	6	3
PRB2	0	0	0	0	0	0	0	0	0	0	0	0	0	0	0	0	0	0	0	0	3	0	0	0	0	0	0	0	0	0	0	0	0	0	0	0	0	0	0	0	0	0	0	0	2	0	0	0	0	0	0	0	0	0	0	0	0	0	0	0	0	0	0	0	0	0	0	0	0
RP11-1148O4.2	5	4	1	1	4	5	1	2	2	1	1	3	1	5	4	3	2	0	5	1	0	0	1	4	0	1	3	1	2	4	1	2	4	2	0	1	2	7	8	1	5	3	0	3	2	1	0	3	0	2	2	2	4	1	4	0	4	1	1	1	1	1	1	4	3	2	3	2	0
CA9	18	26	47	13	29	20	5	28	14	9	8	9	15	21	11	25	26	14	21	29	10	22	30	19	17	27	31	18	3	5	6	9	19	4	1	21	15	3	11	11	4	15	2	8	0	3	0	8	0	14	3	1	4	13	4	3	6	3	1	7	4	3	6	12	2	12	3	3	13
CTD-2369P2.8	1	3	0	0	0	0	2	0	2	0	1	0	0	0	0	0	0	0	0	2	1	1	2	1	1	1	3	0	2	0	1	5	0	1	0	0	0	3	1	1	0	1	0	3	0	3	0	0	0	0	0	1	0	0	0	0	0	1	0	2	0	0	0	0	0	0	0	2	0
RP11-629O4.1	82	105	89	70	72	98	65	50	85	67	74	79	119	54	79	82	72	100	82	79	65	74	62	56	66	78	61	54	38	44	54	48	60	33	44	40	45	24	44	52	58	23	29	49	21	26	14	36	14	52	16	45	49	50	34	19	23	19	24	25	26	22	38	22	25	20	34	34	39
AC009480.3	0	1	1	1	1	0	0	0	1	1	0	1	1	3	1	1	2	2	3	0	0	2	0	1	2	4	2	0	2	1	2	2	3	2	3	0	2	1	1	0	1	3	8	4	8	2	8	1	6	1	4	2	4	2	9	3	13	2	4	6	4	3	6	2	7	8	10	7	7
ANXA3	521	492	597	578	408	604	409	431	511	490	453	631	557	817	697	937	607	960	548	1108	614	957	494	1063	508	1082	523	53	45	43	32	47	48	37	44	28	28	34	31	62	41	23	59	18	46	24	42	10	12	18	24	9	34	10	49	35	65	31	63	36	66	30	88	12	82	25	75	18	42
PIH1D3	0	0	0	0	0	0	0	0	0	0	0	0	0	0	2	2	0	5	0	0	0	0	0	1	0	0	0	0	1	0	0	0	0	0	0	0	0	0	0	0	0	0	0	0	2	0	0	0	0	0	0	0	0	0	0	0	0	0	0	0	0	0	0	1	0	0	0	0	0
AC012513.4	7	2	10	4	7	11	3	3	2	5	3	2	4	5	5	3	7	3	3	8	4	4	3	5	3	8	7	4	1	2	7	4	4	3	3	2	2	4	1	7	3	1	6	5	4	1	1	4	1	4	1	11	4	2	3	1	5	2	4	4	6	7	2	1	1	3	5	4	3
IFITM5	1	2	4	0	2	1	0	1	4	0	4	2	1	3	3	0	3	0	4	2	0	0	0	0	1	5	0	0	0	0	0	0	1	0	0	1	0	0	0	0	0	0	1	0	0	0	1	0	4	1	0	0	0	2	0	0	2	0	0	0	0	1	0	0	0	0	0	0	1
MIR567	0	0	0	0	0	0	0	0	0	0	0	0	2	0	0	0	0	0	0	0	0	0	0	0	3	0	0	0	0	0	0	0	0	0	0	0	0	0	0	0	0	0	0	0	0	0	0	0	0	0	0	0	0	0	0	0	0	0	0	0	0	0	0	0	0	0	0	0	0
RP11-669E14.6	2	2	3	1	1	2	1	4	3	1	2	1	4	2	2	3	3	4	2	1	1	1	1	4	3	4	4	0	3	3	2	3	2	1	4	3	3	2	2	4	1	4	6	3	0	3	2	2	3	2	1	2	4	0	5	2	2	4	3	8	4	3	3	4	2	3	5	7	6
RP11-375B1.1	0	0	0	0	0	0	0	0	0	0	1	0	0	4	1	3	1	4	3	9	3	2	5	5	0	7	1	0	3	5	0	1	1	0	0	0	0	2	0	0	1	0	0	0	0	1	0	0	3	0	0	0	0	0	1	0	0	0	0	0	0	0	0	2	0	0	1	5	0
CLSPN	2487	1921	2756	2135	2308	2042	2112	1674	2251	1963	2298	2141	2298	2654	2970	2896	2983	2963	2866	3150	3029	2740	2764	2796	3168	3704	3059	4475	3273	3846	3404	3894	3464	4238	3355	3967	2808	4348	2984	4870	3351	2703	961	2518	985	2846	897	3083	835	3007	1008	2652	1622	2608	1035	604	434	789	476	857	602	953	478	845	599	857	662	970	538
RP11-66B24.2	1	1	1	0	2	2	0	1	0	1	0	0	0	0	1	0	0	0	0	0	2	0	0	0	5	0	0	0	1	0	1	0	2	0	1	0	0	0	0	2	1	0	1	1	1	0	1	0	2	1	2	1	0	1	1	1	0	0	4	0	1	0	5	5	0	1	0	0	4
LARP7P2	0	0	3	0	0	0	0	0	0	0	1	0	0	0	0	0	0	0	0	0	0	0	0	0	0	0	0	0	0	0	0	0	1	1	0	0	0	0	0	0	0	0	0	0	0	0	0	0	0	0	0	0	0	0	0	0	0	0	0	0	0	0	0	0	0	0	0	0	0
TBXA2R	19	19	32	28	31	22	32	24	38	13	18	22	27	61	44	43	53	39	75	65	69	50	59	57	67	61	40	27	19	24	9	29	10	20	16	36	6	26	8	40	19	4	2	6	1	8	0	10	3	15	0	12	2	10	3	2	2	2	3	7	2	13	0	5	2	30	1	11	0
COL8A1	11	16	5	6	5	4	12	8	6	8	6	9	9	271	218	280	143	270	137	333	141	305	132	306	145	377	120	26	9	20	5	19	12	15	15	20	14	18	11	26	14	1	11	4	7	10	7	3	8	3	8	8	4	10	7	4	6	8	7	14	5	5	9	3	5	4	2	3	10
NT5DC3	688	651	696	591	694	597	609	574	691	592	686	565	676	621	763	654	779	632	722	774	788	655	747	649	905	746	745	736	570	625	545	642	564	766	560	787	569	754	564	924	603	322	62	426	49	319	63	433	83	399	130	386	224	323	133	61	90	93	101	87	136	91	95	82	149	146	154	143	126
HLTF	6396	4084	4863	4076	5000	4427	5268	4375	5217	4823	5179	4998	4694	3564	3187	3552	3593	3446	3145	4723	3824	4349	3604	4033	3943	4531	3688	4701	3668	4766	3658	4658	4214	5294	4167	4950	3743	4628	3552	5831	3824	4095	1524	4226	1413	4049	1865	4859	1697	4731	2054	3884	2468	3814	2429	2873	2448	3719	2256	4107	2568	4527	2264	4309	2661	4540	3330	4750	3017
N4BP2L1	95	84	57	83	70	79	89	114	101	84	80	67	80	87	78	82	53	95	87	157	66	130	67	117	86	91	75	79	19	45	29	46	27	52	27	54	40	57	29	84	38	25	27	14	50	31	28	29	8	36	17	21	16	27	25	17	21	26	22	26	36	42	39	29	35	17	29	39	56
RP11-445P17.8	0	1	0	0	0	2	0	0	0	1	0	0	1	3	0	0	3	0	0	0	2	2	0	0	0	0	0	0	0	0	0	0	0	0	0	2	0	0	0	0	1	0	0	0	0	0	2	0	0	0	0	0	0	0	0	0	1	0	1	0	0	0	0	0	0	0	0	0	0
LEPROTL1	1913	1386	1915	1525	1543	1714	1676	1398	1656	1492	1658	1733	1612	1535	1525	1637	1707	1804	1486	1974	1802	1850	1574	1824	1758	2140	1729	1651	1796	1700	1788	1722	1918	1947	1844	1771	1663	1706	1663	2025	1880	1804	1957	2162	1842	1901	2029	2493	2027	2286	2201	1873	2256	2200	2177	2479	2329	3269	2258	3897	2363	4124	2199	3654	2568	3897	2834	3749	2631
PMS2P1	138	101	185	94	130	119	138	120	135	117	148	100	137	158	134	127	161	119	169	122	139	139	129	122	181	164	108	157	154	114	144	138	175	165	190	147	138	119	110	187	150	143	96	179	124	132	104	191	124	179	129	134	109	149	115	123	130	157	124	173	142	178	114	150	141	240	157	182	150
RP3-477O4.5	1	0	2	0	0	0	0	0	2	1	0	0	0	1	2	1	0	0	0	0	0	0	1	0	1	3	0	0	1	0	0	0	0	0	1	0	0	0	0	1	0	0	0	0	0	0	1	0	0	0	0	0	0	3	1	0	0	0	0	0	0	0	1	0	1	0	0	4	0
NENFP1	0	2	0	0	1	0	2	0	0	0	0	0	0	0	0	0	0	0	0	1	0	0	1	0	0	1	0	0	1	4	0	1	0	0	0	0	5	0	1	0	0	0	1	1	0	1	0	0	0	2	2	0	0	0	5	0	0	1	0	1	3	0	0	7	1	0	5	0	1
AC005592.3	95	84	97	89	67	101	90	81	104	93	118	116	123	23	9	32	9	27	7	37	5	17	7	45	3	56	5	0	0	2	0	4	0	4	4	0	3	9	4	7	1	1	2	2	5	1	0	0	0	0	1	0	1	5	0	1	0	1	1	0	2	0	2	0	0	1	0	1	4
IK	1315	996	1262	1023	1100	1042	1084	874	1125	907	1087	1035	1063	1091	1145	1088	1264	1176	1248	1357	1349	1132	1132	1112	1173	1284	1104	1253	1244	1120	1216	1113	1355	1328	1236	1093	1111	1144	1149	1439	1214	1158	1222	1444	1316	1371	1238	1808	1318	1735	1392	1532	1756	1699	1463	1328	1181	1574	1195	1940	1334	1976	1164	1730	1360	1826	1494	1992	1294
ABRA	0	0	0	0	0	0	0	0	0	0	2	0	1	0	0	2	0	0	0	2	0	0	0	0	1	0	0	0	2	0	0	0	0	0	0	0	0	0	0	0	0	0	0	0	0	0	3	0	0	0	0	0	1	0	0	0	0	2	0	5	0	0	1	0	5	0	0	0	1
TTC39C	2535	2342	2764	2531	2503	2709	2395	1911	2804	2076	2704	2544	2604	608	486	634	448	671	464	771	471	639	359	647	459	772	519	310	288	330	265	356	279	323	261	354	238	342	256	404	256	352	472	321	362	304	347	433	358	391	371	361	411	302	393	639	534	750	534	877	542	900	509	1044	561	829	659	898	772
PPP1R3C	166	94	129	106	115	82	107	121	154	69	118	96	84	109	145	101	125	105	111	112	135	92	127	94	119	111	127	490	586	378	594	462	662	535	600	707	538	508	532	448	606	1057	470	1356	372	1191	576	1790	532	1560	637	1213	743	1415	663	936	452	1231	457	1254	548	1231	457	1233	658	1541	731	1505	521
CASC4P1	262	290	300	212	241	292	264	198	278	254	242	239	232	206	253	202	260	194	248	288	261	244	209	224	279	271	269	199	301	243	246	206	324	314	293	244	208	276	234	298	267	284	342	302	424	309	339	354	238	355	272	302	307	240	308	304	341	458	315	467	337	454	302	372	231	422	294	465	307
ATP6V1B1	3	2	2	0	1	1	1	1	1	4	2	2	0	10	44	13	28	3	36	7	30	12	23	8	36	7	36	25	38	21	30	20	27	17	17	20	13	32	14	28	21	17	14	29	13	21	13	39	11	35	6	33	9	26	16	21	18	26	6	58	20	23	7	22	9	64	8	32	13
RP4-796I17.5	333	336	327	322	412	312	392	281	349	363	279	335	344	339	247	322	306	286	327	315	323	324	269	290	273	318	306	279	180	242	181	250	224	251	236	256	197	229	194	282	227	176	140	182	160	195	137	230	114	263	142	190	150	250	161	127	117	159	100	220	106	184	86	184	126	222	150	226	125
CBX5	17593	14497	18447	13927	14946	14622	15183	14676	15550	15697	16459	14498	15501	18852	21324	19330	21692	19105	18797	23306	21635	19319	21726	21352	23869	24097	21798	24415	23018	24334	22507	24388	21822	26626	21433	27010	21239	27490	20531	31049	22227	21826	13635	23318	14110	21144	11537	27050	10922	26740	12048	22916	14715	17952	12068	14190	10792	17707	10578	20128	10701	20011	9883	16580	9475	18477	13148	21421	11519
GBE1	1280	669	814	678	839	719	910	719	790	614	877	760	729	442	580	480	525	555	429	540	584	520	528	453	602	607	565	684	688	647	626	717	738	790	661	793	714	703	606	835	599	778	526	923	473	835	589	1133	536	1038	655	819	826	966	690	509	554	579	527	677	620	689	517	631	622	875	635	577	595
PLA2G2A	16	8	4	10	10	3	16	8	3	2	9	10	11	92	343	135	366	126	254	151	331	58	202	55	241	135	288	78	69	46	58	52	89	48	88	59	58	40	48	42	74	3	4	7	12	14	7	8	21	11	15	5	14	11	6	3	7	1	6	7	3	10	4	5	10	2	6	1	1
RP5-823G15.5	5	4	7	3	7	1	3	3	5	3	4	4	2	3	5	6	10	2	6	2	9	9	6	8	5	10	2	1	2	3	3	2	2	4	2	1	0	7	2	7	1	0	0	4	0	4	1	1	0	2	1	4	5	3	1	0	1	1	1	4	1	2	2	2	3	2	3	1	0
XX-FW83563B9.5	31	45	76	58	45	32	39	35	63	52	54	28	45	51	26	75	29	48	46	77	51	48	32	61	44	64	55	32	52	40	33	29	35	39	52	34	41	45	38	41	46	35	46	34	43	20	37	60	46	61	51	36	49	44	49	23	66	33	53	50	54	71	30	49	63	58	50	65	61
MCAM	1082	1602	1708	1408	1355	1321	1286	1019	1467	1239	1297	1167	1399	1542	1435	1668	1391	1998	1525	1985	1532	1539	1238	1474	1530	2015	1271	440	601	509	530	540	556	657	564	584	470	423	472	594	550	341	499	406	463	502	429	480	313	557	277	411	355	365	339	514	441	681	442	735	417	907	410	724	414	846	407	926	341
RP11-470M17.2	0	0	1	0	0	0	0	0	0	0	0	0	0	4	8	3	3	0	2	0	5	0	4	3	3	0	4	2	1	0	0	0	0	0	0	0	0	0	0	1	3	0	0	0	0	0	0	0	0	0	0	0	0	0	0	0	0	0	0	0	0	0	0	0	0	0	0	0	0
SLC50A1	954	870	873	869	905	752	806	656	966	730	830	784	821	722	491	725	517	767	506	986	541	803	430	695	585	935	467	384	317	336	268	383	335	414	347	377	281	339	253	435	300	270	241	308	266	326	290	379	278	443	228	299	278	344	235	383	220	452	221	578	268	510	295	497	225	492	255	524	276
CHL1-AS2	5	5	7	3	5	4	3	5	3	4	0	9	2	0	1	0	0	2	0	2	0	4	0	0	2	0	0	0	0	0	0	0	0	0	0	0	1	0	0	1	0	4	0	0	6	0	0	0	0	0	9	0	0	0	0	0	1	2	0	4	0	0	1	0	0	0	6	0	5
HLA-F-AS1	15	10	12	6	9	10	10	16	13	12	10	11	11	9	10	9	16	9	6	17	10	9	12	10	10	8	8	11	6	13	4	12	6	14	5	10	3	10	5	7	4	8	1	5	1	6	0	5	1	5	0	6	0	1	1	1	0	1	0	0	1	3	0	2	0	1	0	2	1
CBX3P5	68	100	90	80	88	95	65	89	72	99	84	82	82	57	38	59	54	55	69	66	60	58	51	44	55	65	50	59	32	69	28	70	56	56	34	48	34	47	39	70	56	47	29	64	49	49	29	92	29	67	60	52	36	64	38	43	31	44	28	54	31	76	50	63	38	51	45	68	49
STK11	1925	2940	2524	2800	2386	2711	2322	2181	2627	2401	2321	2659	2319	2372	1777	2546	1971	2359	2124	3246	2103	2685	1790	2472	1968	2962	1678	3758	1949	2886	1787	3327	2173	3711	2084	3010	1878	3180	1856	3668	2105	2855	1597	3371	2188	3467	1213	5039	1541	4514	1704	3652	1767	3729	1515	2571	994	2896	1152	3947	1226	4280	1143	3384	1114	4227	1146	4017	1138
SLC5A2	5	7	11	6	7	9	10	7	10	15	6	7	8	1	1	9	1	1	1	0	1	2	2	0	1	0	1	5	0	0	1	1	0	1	1	1	0	1	0	2	1	1	3	0	11	6	1	2	1	4	1	3	6	1	1	1	3	0	1	3	6	3	3	1	2	2	5	2	2
ABHD11	306	317	347	289	332	269	305	220	391	258	340	253	282	288	264	243	319	326	333	319	273	271	271	228	337	268	313	295	224	214	207	263	219	263	331	237	281	263	267	279	229	189	66	212	54	218	113	333	134	232	139	220	174	211	171	139	116	166	169	234	184	186	160	176	214	236	153	197	153
RBM22P13	2	0	2	2	3	0	2	0	2	3	3	1	1	2	0	2	4	0	4	5	3	0	0	2	1	2	2	5	2	3	2	5	3	1	3	0	1	4	0	3	4	4	6	1	2	4	2	5	4	3	2	2	9	0	6	4	3	2	7	4	5	6	3	4	2	3	4	1	8
TMEM45B	7	7	19	20	12	21	7	9	20	8	15	8	3	2	2	7	1	4	7	4	11	4	5	5	7	4	2	7	3	4	3	1	4	8	8	2	1	3	2	6	4	11	5	7	15	2	11	5	9	7	9	7	8	11	7	5	14	27	12	19	5	13	15	17	10	10	13	12	22
GTF2IP5	13	9	7	12	4	4	5	4	14	10	11	2	5	6	7	16	15	8	6	15	2	5	10	7	8	12	8	2	14	3	11	9	9	6	10	13	16	8	4	11	8	11	9	8	4	6	8	15	7	8	19	15	16	3	6	8	19	12	16	10	22	3	15	10	5	14	25	11	24
SYTL5	76	47	57	54	56	28	74	47	46	46	56	50	53	61	23	44	23	21	17	71	28	54	33	67	27	88	12	5	0	12	0	1	3	0	3	0	2	11	3	6	0	6	15	0	8	1	10	1	4	5	3	5	16	4	3	6	17	2	19	6	24	6	17	4	20	0	21	1	20
PLEKHA4	375	505	442	351	503	389	488	440	523	437	480	378	396	275	297	335	289	252	375	379	414	394	274	291	422	342	323	303	241	168	224	270	315	301	301	202	251	267	163	261	283	213	93	263	76	354	75	272	81	370	42	251	58	300	90	250	57	286	69	323	64	361	64	299	67	389	66	347	55
CGB2	2	2	1	3	2	1	3	4	5	2	2	6	2	1	1	1	0	2	3	1	1	3	1	1	0	0	0	0	0	0	1	0	0	0	0	0	0	0	0	0	0	0	0	0	1	4	0	0	0	0	0	0	0	0	1	0	0	0	0	0	1	0	0	0	0	0	0	0	1
AC124944.5	1	0	0	0	0	0	2	0	3	0	1	1	0	0	0	0	0	0	1	0	1	0	0	0	0	0	0	0	0	0	0	1	1	0	1	0	0	0	0	0	0	1	2	2	0	0	1	0	0	0	0	1	0	0	0	0	0	1	1	0	2	2	1	1	0	0	0	0	0
RPL6P2	0	0	0	0	0	0	0	0	1	0	1	0	0	0	1	0	0	0	0	0	0	0	0	0	0	0	2	0	0	0	3	0	0	0	0	0	0	2	0	0	0	0	0	0	0	0	0	0	0	0	0	0	1	2	0	0	1	0	0	1	0	0	0	2	0	0	0	0	0
CLPS	0	0	0	0	0	0	0	1	0	2	0	0	0	5	5	1	8	1	7	3	4	0	9	0	9	3	0	1	2	0	0	7	0	3	3	2	2	4	0	8	2	1	0	0	0	0	3	0	0	0	2	0	6	3	0	0	0	4	0	0	0	0	0	0	0	5	0	0	0
C9orf78	1809	1641	1846	1636	1725	1669	1700	1373	1759	1554	1727	1670	1785	1725	1947	1869	1991	1870	2014	2258	2108	1877	1758	1837	2066	2098	1882	1892	1846	1661	1961	1613	2002	1837	1882	1601	1687	1709	1675	2053	1688	1741	2180	2184	2537	2046	1941	2412	1931	2413	2047	1891	2238	2246	2208	1730	1842	2057	1790	2481	1907	2584	1756	2112	2012	2497	1938	2549	2043
APH1A	4981	4484	5371	4629	4806	4443	4590	4178	4870	4126	4553	4324	4492	3775	4029	3967	4595	4046	4413	4788	4495	4086	3870	3857	4361	4672	3809	4115	3853	3673	3978	3618	4377	4306	4272	3635	3595	3703	3468	4379	3911	3120	2864	3708	3644	3868	3108	4619	3009	4767	3217	3741	3913	3838	2950	2818	2590	3762	2727	4384	2944	4139	2809	3704	3033	4377	2969	4081	2873
MZB1	6	4	9	0	11	8	7	3	4	8	4	8	7	1	1	2	4	2	0	6	1	3	0	2	0	1	2	2	3	4	1	1	3	0	0	4	2	0	0	1	3	4	0	2	0	0	1	0	0	1	2	4	1	0	0	2	0	1	1	0	3	4	3	2	0	6	0	3	0
RP11-544M22.13	4	4	0	5	1	3	0	8	3	3	3	0	3	1	4	1	2	5	2	2	2	2	0	4	3	3	4	2	13	2	2	0	2	1	2	3	2	1	1	2	5	1	0	1	0	1	0	4	3	1	4	0	1	1	3	2	8	8	2	3	7	3	8	0	12	3	5	2	9
AC008781.7	4	3	4	2	1	2	2	1	5	5	3	4	5	1	2	2	5	4	3	8	1	4	3	2	2	3	3	4	2	3	4	1	0	0	1	4	1	6	0	2	1	0	1	3	1	1	1	3	7	1	2	7	4	2	0	3	2	4	3	4	7	3	6	2	4	2	3	6	6
ZNF14	388	188	292	242	287	317	302	255	289	229	280	267	272	228	241	253	206	302	244	310	308	271	200	312	268	271	268	277	284	251	256	234	299	281	291	244	243	242	244	309	279	328	313	343	258	338	316	485	387	286	329	359	339	296	319	458	372	653	409	617	365	721	409	548	454	666	479	691	467
ST3GAL5-AS1	2	0	1	2	1	0	0	0	0	1	4	0	6	0	1	4	4	3	2	3	0	5	0	2	1	1	3	6	3	2	4	2	6	4	5	2	4	3	5	5	2	6	0	4	0	5	0	3	3	8	3	1	1	0	0	1	0	1	0	2	1	1	1	4	1	7	2	3	0
GOLPH3L	1841	1337	1620	1221	1369	1412	1482	1358	1446	1379	1489	1464	1522	878	902	892	846	1044	789	1118	883	1000	738	989	871	1221	860	534	570	580	610	527	665	663	555	589	496	531	511	737	544	553	318	606	254	613	342	713	337	658	396	509	438	535	408	392	288	479	340	641	346	557	296	515	330	590	390	599	405
RP1-240B8.3	13	6	7	1	4	15	11	3	5	7	8	8	8	3	1	0	4	0	4	2	1	3	2	2	2	3	6	11	0	4	7	3	6	3	7	4	1	4	12	21	13	1	6	14	12	5	9	7	0	14	9	0	5	4	8	10	12	4	6	20	7	5	16	5	8	7	8	30	19
RPL5P1	3745	2852	3242	2978	2949	3162	3129	2698	2987	3082	2856	3147	2853	2816	2925	2942	3261	2944	3087	3546	3428	3215	2985	2996	3211	3433	2912	3142	2355	2518	2360	2642	2646	3072	2574	2724	2415	2666	2170	3263	2358	1822	1320	2103	1450	2180	1258	2542	1145	2520	1462	2218	1477	2540	1212	1421	940	1871	891	2127	1045	2201	858	1957	1173	2172	1277	2357	1028
PROSER2-AS1	1	8	8	21	8	14	5	3	16	4	12	5	17	6	7	3	7	5	5	10	6	7	17	2	3	2	0	5	0	3	3	1	0	1	0	1	0	7	0	1	0	0	0	0	0	2	1	1	0	4	0	0	0	0	2	0	0	2	0	0	0	0	0	0	0	0	2	0	1
BTBD10P2	8	4	3	9	5	3	5	1	9	3	6	5	3	2	2	3	5	6	3	3	5	3	4	6	3	7	5	4	3	4	4	3	4	2	2	3	2	1	9	3	7	5	6	4	6	7	5	2	6	3	5	2	6	2	7	10	7	6	3	4	4	5	3	12	4	3	8	7	8
RP11-278H7.1	3	0	0	0	0	0	0	0	0	2	1	1	0	0	4	2	2	0	4	5	2	5	3	4	3	4	4	4	3	3	1	1	10	8	2	0	2	8	1	5	3	7	5	2	1	3	7	4	8	4	0	6	10	3	1	6	3	11	1	6	2	5	2	1	7	8	8	4	2
TINAGL1	261	325	283	349	262	318	331	250	311	286	304	288	237	124	112	108	133	113	154	207	118	170	97	163	150	100	102	29	19	31	20	27	11	40	22	26	16	31	19	24	15	3	3	2	18	6	2	5	0	10	1	6	3	2	0	8	7	0	2	5	1	2	1	10	6	7	2	2	6
HPCAL1	276	292	340	365	303	318	303	257	315	232	335	272	295	340	347	300	446	251	444	363	421	336	366	291	477	385	359	1072	656	798	558	894	685	938	725	896	675	890	528	992	641	1178	578	1373	680	1407	474	2035	720	1847	722	1505	758	1561	693	1089	397	1225	430	1488	424	1450	364	1474	397	1916	421	1697	441
ADAMTS9	63	51	61	59	89	47	57	42	85	71	78	50	52	333	416	322	421	531	466	437	395	275	352	408	391	513	444	469	405	532	381	582	481	583	419	598	340	458	331	700	387	281	379	334	370	306	277	369	213	389	271	279	244	246	229	138	148	134	143	185	115	228	149	115	102	111	133	173	107
IGKV2OR22-3	1	0	0	0	0	0	0	0	0	0	0	0	1	0	0	0	0	0	0	0	0	0	0	0	0	1	0	0	0	0	0	0	0	0	0	0	0	0	0	0	1	0	0	0	0	0	0	0	0	0	0	0	0	0	0	0	0	0	0	0	0	0	0	0	0	0	0	0	0
CLINT1	5797	4311	5852	4498	4925	4599	4869	3787	4836	4096	4893	4489	5177	4124	4189	4268	4218	4609	3701	5444	4461	4583	4011	4555	4287	5375	4176	3051	2789	3022	2742	3229	2896	3279	2778	3230	2522	3019	2641	3503	2803	2474	2191	2831	2130	2722	1906	3332	1790	3128	2090	2542	2618	2572	2051	1925	1708	2473	1756	2837	1970	2907	1780	2500	1849	2657	2080	2819	1907
BCL2L12	1710	1665	2092	1879	1838	1637	1935	1409	1969	1467	1871	1694	1749	1654	1344	1563	1706	1346	1732	2093	1670	1677	1573	1553	1597	1810	1412	1118	637	824	587	1000	628	1015	735	866	609	936	613	1133	583	281	148	328	160	373	101	440	164	477	162	374	230	429	158	46	101	69	83	127	107	73	76	86	125	90	102	101	92
CNN2P4	163	282	338	278	293	284	203	194	302	156	221	213	243	182	125	158	139	148	159	200	124	179	105	157	111	202	113	65	34	64	37	64	42	55	55	64	45	47	48	55	49	24	39	26	35	26	29	31	31	40	41	24	39	32	31	37	36	46	45	56	49	59	50	44	26	33	48	26	25
C20orf27	1727	2062	2303	1955	1938	1786	2009	1477	2154	1561	1861	1817	1993	1373	1138	1448	1407	1217	1560	1901	1440	1591	1303	1452	1453	1630	1131	1040	696	858	712	863	805	1031	825	840	687	850	696	979	868	513	464	691	637	770	529	817	535	861	672	665	621	765	532	578	608	650	681	913	596	841	636	796	636	882	662	815	703
PRKG1-AS1	0	0	0	2	0	0	0	1	3	0	2	0	1	0	0	3	0	0	1	2	0	5	2	13	0	2	4	0	0	0	1	0	0	1	0	0	0	0	1	0	0	0	1	0	0	0	0	0	0	0	1	0	0	0	3	0	9	0	4	0	2	1	1	0	0	2	1	0	5
CTC-304I17.5	118	111	134	127	116	88	114	103	142	107	118	151	117	104	47	98	46	66	51	136	51	117	51	99	41	110	52	2	6	3	3	4	11	3	4	13	7	0	1	17	3	7	7	7	12	10	12	6	4	10	11	13	7	1	17	2	9	1	9	5	6	8	3	11	7	6	1	8	20
KHNYN	1121	1286	1183	1292	1110	1095	1167	1108	1114	1132	1165	1170	1033	1429	1659	1431	1785	1274	1612	1675	1675	1515	1421	1382	1651	1702	1502	1745	2048	1660	1897	1916	1882	1990	1784	1765	1761	1969	1630	2019	1821	2129	1592	2407	1664	2456	1466	3158	1553	2930	1573	2433	1939	1884	1631	2147	1178	2985	1346	3331	1445	3301	1245	2904	1160	3637	1534	3650	1355
SNORA19	0	0	1	0	0	0	0	0	0	0	1	1	0	0	0	0	0	0	1	0	0	0	0	0	0	1	0	0	0	1	0	0	1	0	0	0	0	1	1	1	0	0	2	1	1	0	0	0	0	1	0	0	1	0	0	2	0	1	1	0	0	0	1	0	0	0	1	1	0
CTSF	309	16	377	5	329	11	326	13	344	15	320	15	306	0	161	7	234	5	243	14	237	8	205	6	209	8	191	9	326	1	277	2	400	11	388	2	336	8	308	10	342	6	260	4	188	3	281	8	296	12	337	8	388	6	287	3	270	9	325	2	379	5	270	10	321	9	374	6	284
CELSR3	2046	2940	2576	2554	2461	2368	2219	2079	2599	2271	2604	2227	2369	2115	2734	2255	3352	2226	3314	2643	3428	1912	2581	2069	3266	2855	3065	8891	10790	7678	9932	9048	9902	9412	9730	8186	9137	8530	8566	9043	10301	11803	14925	13781	17291	13191	12803	17702	15181	16985	13665	13617	15419	10129	13740	16203	14837	18986	15337	22606	16248	23097	13851	19203	11709	22217	16459	22922	15797
RP11-547C13.1	0	0	0	0	0	0	0	0	0	0	0	0	0	0	0	0	0	0	0	0	0	0	0	0	0	0	0	0	0	0	0	0	0	0	0	0	0	0	0	0	1	0	0	0	0	0	0	0	0	0	1	0	0	0	1	0	0	0	0	0	2	0	0	0	0	0	0	0	0
CFL1P4	320	447	440	397	404	377	383	309	419	314	345	397	341	372	316	369	346	380	371	479	436	368	360	474	331	495	341	304	279	229	272	325	334	354	298	267	292	259	277	332	304	240	301	300	396	296	317	401	416	424	351	324	364	345	372	286	283	442	333	462	299	463	255	400	348	497	335	440	343
GAS8	48	46	68	41	52	52	55	43	54	44	59	42	56	36	34	46	38	44	47	54	42	50	32	38	58	52	38	64	68	50	42	56	60	39	58	36	50	48	56	42	43	38	44	41	55	36	38	64	58	61	42	46	49	32	56	48	90	72	96	74	104	94	93	72	88	68	102	75	86
CTSW	1	2	3	2	4	0	2	4	0	1	3	2	1	5	0	0	1	0	2	0	2	4	3	3	1	2	2	2	2	0	2	0	10	1	0	0	2	2	1	0	2	0	1	1	7	0	4	1	13	1	5	3	8	2	9	0	5	4	7	5	8	7	3	5	5	2	4	4	6
CTDSPL2	2876	1930	2399	1883	2103	2198	2264	2023	2226	2158	2341	2340	2231	1694	1662	1744	1703	1858	1498	2316	1809	2002	1619	2066	1880	2270	1717	2441	1735	2384	1806	2441	1994	2560	1785	2334	1706	2335	1718	2913	1668	1868	941	1879	903	2051	845	2453	706	2070	885	1933	1231	1871	951	933	779	1315	800	1418	898	1581	721	1332	934	1359	1034	1506	856
KRT18P6	0	0	0	0	0	0	0	0	0	0	0	1	0	0	0	0	0	0	0	1	0	0	0	0	3	0	0	0	2	0	6	1	6	0	2	2	4	6	1	0	0	5	11	3	7	1	5	1	6	0	8	6	8	0	13	10	8	2	14	7	7	5	9	6	11	17	10	0	6
AC053503.11	2	0	3	3	0	0	2	1	3	0	0	2	1	0	2	0	0	0	5	1	1	0	0	1	2	2	2	5	3	2	1	1	0	0	0	0	0	1	0	0	0	3	1	2	0	2	6	1	7	2	1	1	0	0	4	0	8	2	2	7	5	0	1	5	2	8	5	7	13
RP11-171I2.2	7	8	4	3	2	0	3	2	5	7	6	4	8	2	5	4	2	3	1	20	4	2	5	4	2	4	6	7	8	1	8	6	9	10	11	7	5	8	9	9	6	10	15	19	17	13	17	21	21	19	12	4	19	15	14	16	19	24	19	21	22	21	15	14	22	7	26	22	18
PLEC	6514	10010	10681	9396	10741	7783	8282	6674	10172	7393	10464	7447	10033	4182	4446	4465	4307	4026	5120	5427	4506	4032	3883	3884	4464	5221	4135	4459	4237	3823	3873	4641	3959	5069	4132	4197	3719	4709	3472	4652	4225	5728	7452	7005	9247	6889	6107	9227	7263	8773	6308	6963	7192	4680	6457	10282	7617	11716	7595	14370	8739	14799	7146	12405	5220	14703	8116	15023	8030
CLEC17A	25	14	19	13	18	10	22	15	29	8	21	7	17	36	34	43	18	19	34	71	20	31	32	26	16	68	25	10	4	3	2	5	4	3	4	0	3	0	0	1	10	2	2	3	0	4	2	1	0	4	0	0	1	2	0	4	1	3	0	4	0	10	4	5	0	6	1	9	0
H3F3AP5	2	1	2	4	2	2	3	3	4	2	2	6	2	1	1	3	3	1	4	4	2	1	2	3	5	2	5	2	2	2	4	2	3	3	3	2	3	2	2	3	1	2	3	4	1	3	1	1	3	3	2	5	3	6	4	2	1	2	1	3	3	2	2	2	2	4	2	10	4
RP11-485O14.1	3	3	2	1	0	3	0	1	0	3	0	3	5	0	7	1	2	3	3	2	1	3	0	2	2	2	3	3	0	0	2	10	2	5	2	2	2	1	0	6	3	4	2	1	1	1	3	5	2	4	3	8	0	1	0	1	0	3	1	6	0	8	1	3	1	3	2	0	3
RP11-376O6.2	9	1	3	2	1	8	3	6	5	6	8	6	6	6	3	1	2	6	2	4	2	4	0	4	3	1	2	10	7	8	4	4	7	9	3	6	11	6	5	21	3	6	2	2	0	4	0	3	0	7	0	12	8	4	4	2	0	0	2	1	0	0	0	6	2	0	2	0	1
AKR1C1	115	119	139	66	100	114	75	54	103	90	110	101	106	122	169	133	197	147	159	195	225	150	164	153	165	189	186	148	177	138	159	138	157	186	193	139	143	149	179	140	218	148	244	192	226	174	342	225	328	181	427	119	410	166	435	374	677	428	689	465	549	538	534	427	601	482	670	414	751
MANEA	698	475	551	501	515	574	616	447	673	535	543	647	559	632	775	691	739	766	508	922	715	690	747	804	830	921	910	1309	1084	1280	1163	1469	1350	1603	1137	1437	1239	1275	986	1442	1097	1485	1051	1554	1193	1596	914	2034	712	1726	887	1355	1066	1543	1065	1020	518	1544	548	1671	692	1860	565	1681	731	1576	671	1749	579
RP1-102K2.9	2	0	0	0	2	4	0	0	3	2	1	0	3	3	3	0	2	0	1	2	0	1	3	0	0	0	0	2	0	1	2	3	0	0	0	2	2	1	2	2	0	0	0	2	1	1	4	2	0	4	0	2	0	1	3	2	2	3	3	1	3	3	1	3	4	1	1	5	0
RPF2P1	846	466	719	538	664	633	698	501	738	502	648	621	701	467	419	447	428	441	383	522	521	398	414	480	449	530	403	298	308	300	330	320	356	402	326	348	285	288	297	385	321	246	120	264	114	258	151	332	119	336	187	255	183	288	144	186	138	254	114	250	143	320	126	298	136	269	177	322	137
RP11-73E6.2	0	0	0	0	0	0	0	0	0	0	0	0	0	0	0	0	0	0	0	0	0	0	0	0	0	0	0	0	0	0	0	0	0	0	0	0	2	0	0	0	0	0	0	0	0	0	0	0	0	0	0	0	0	0	0	0	0	0	0	0	0	0	0	0	0	0	3	0	2
RP11-536I6.2	4	2	4	3	3	4	4	3	2	6	3	1	5	7	6	8	9	4	8	4	16	8	6	4	10	10	7	3	0	1	2	2	0	6	1	5	0	2	0	6	0	3	0	3	0	6	0	8	0	2	2	3	0	5	2	0	0	0	0	0	1	1	0	2	0	0	0	0	2
NF1P6	8	0	19	6	15	7	1	2	3	8	9	2	13	3	8	5	2	9	3	9	10	8	4	16	6	6	16	3	8	0	6	10	0	4	8	5	5	12	8	5	3	1	12	3	1	1	6	9	9	12	14	3	8	0	10	8	4	4	5	11	12	8	9	4	2	10	14	17	9
RPLP1P13	1	2	0	1	0	3	0	0	2	1	1	2	1	2	2	5	3	1	5	1	0	0	0	0	2	0	1	0	1	2	0	1	6	0	0	3	1	1	4	0	0	0	6	3	14	0	10	3	0	0	2	2	5	1	5	0	4	4	11	2	6	2	2	0	12	1	9	0	8
RP11-1C8.7	15	12	2	8	5	4	5	6	9	3	8	8	4	10	3	2	7	8	3	15	2	6	5	9	3	0	7	6	12	5	15	8	6	12	12	7	9	4	12	22	10	5	6	9	6	4	8	11	16	4	18	10	7	11	5	4	13	14	12	10	13	8	18	7	18	12	29	14	31
HNRNPA3P16	0	0	0	0	1	0	0	0	0	0	1	2	1	0	0	1	0	0	0	0	1	0	0	0	0	0	0	0	0	0	0	0	0	1	0	0	0	0	0	0	0	0	0	0	0	0	0	5	4	1	0	0	0	2	0	1	0	0	0	0	1	0	0	0	0	0	1	0	0
RP11-299L17.3	1	4	0	0	0	0	1	1	2	0	0	3	0	40	50	28	45	45	73	37	47	47	34	39	50	50	37	20	23	24	19	34	26	23	25	32	26	33	27	37	28	18	38	12	64	26	40	16	46	19	34	14	40	35	39	46	57	43	62	49	30	75	62	60	62	61	62	68	50
HABP2	0	0	0	0	0	0	0	0	0	0	0	0	1	0	0	0	0	0	0	0	0	0	0	0	2	0	0	0	0	0	0	0	0	0	0	0	0	0	0	0	0	0	0	0	0	0	0	0	0	0	0	0	0	0	0	0	0	0	0	0	0	0	1	0	0	0	0	0	0
ADORA2B	115	99	72	59	106	94	94	80	105	82	98	87	99	94	148	90	116	95	93	120	118	137	101	103	111	120	92	88	27	71	26	87	46	78	48	82	49	97	47	95	26	37	12	45	5	54	15	38	7	65	13	39	7	36	19	18	6	19	10	31	14	29	5	6	6	16	16	30	11
ST8SIA3	299	187	328	235	248	262	214	195	227	251	209	215	294	339	552	402	574	478	573	451	666	365	518	416	597	438	677	1967	2462	1870	2180	1893	2168	1961	2121	1947	1997	2065	1861	2174	1998	2493	2012	2694	1833	2602	1794	3078	1755	2878	1942	2624	2365	1992	2022	2472	1809	3143	1950	3354	1890	3351	1677	3221	1915	3210	2410	3665	2054
RP11-491F9.1	42	20	21	28	8	22	23	29	21	30	20	20	26	84	68	57	54	44	60	72	62	101	56	51	70	87	72	11	39	37	18	36	34	29	24	21	24	33	40	43	26	26	35	25	25	18	28	33	39	40	32	31	29	17	37	37	54	42	49	77	55	70	49	51	36	77	56	68	53
AC009120.4	4	0	4	0	0	0	0	0	1	0	1	0	0	0	0	4	4	0	0	2	1	1	2	0	2	0	6	0	0	1	1	5	5	0	1	0	3	0	6	0	0	1	1	0	9	0	0	4	1	1	6	0	2	6	0	0	2	0	1	3	1	1	3	2	1	0	6	0	2
AC113607.2	0	0	0	0	0	0	2	0	0	0	0	0	5	1	0	3	0	4	0	0	2	1	0	0	0	0	0	0	0	0	0	0	0	0	0	0	0	0	0	0	0	0	0	0	0	0	0	0	0	0	0	0	0	0	0	0	0	0	1	0	0	0	0	1	2	0	0	0	0
RN7SL321P	2	0	0	0	0	0	0	0	0	1	0	0	0	0	3	0	0	0	0	0	0	0	0	0	0	0	0	0	0	0	0	0	0	0	0	0	0	0	0	3	0	0	0	0	0	0	0	0	0	0	0	0	0	0	0	0	0	0	2	0	0	0	0	0	0	0	0	1	0
TSNAXIP1	23	19	37	26	28	24	21	24	35	33	46	28	27	18	17	28	34	52	28	47	24	18	8	18	13	39	18	48	52	29	54	14	70	33	48	35	63	18	34	37	54	31	89	47	104	60	91	43	108	50	84	37	90	31	99	37	117	57	128	63	148	72	114	43	107	48	142	71	108
RP11-141A19.1	1	0	0	0	0	0	0	0	0	0	0	0	0	0	0	0	0	0	1	0	1	0	0	0	1	0	0	0	0	0	0	0	0	0	0	0	0	0	0	0	0	2	1	0	0	0	0	0	0	0	4	0	1	0	0	0	3	0	0	0	0	0	0	0	2	0	0	0	3
FEV	0	0	0	1	2	1	0	0	1	0	0	0	0	41	87	57	84	60	72	51	81	36	74	23	94	25	89	7	16	14	24	26	32	17	47	15	28	12	35	10	34	3	2	1	0	4	7	0	4	5	0	2	3	7	2	1	0	0	3	2	2	0	0	0	0	1	2	6	1
RP11-52L5.6	0	0	0	0	0	0	0	0	2	0	0	1	0	1	1	1	1	0	0	0	3	0	0	0	0	1	0	14	19	10	7	10	8	8	28	22	10	14	13	11	8	35	42	48	24	48	41	69	51	50	61	34	26	55	40	100	116	110	110	159	108	137	83	162	131	153	108	172	126
XXbac-B33L19.12	3	1	1	1	1	1	0	0	1	1	2	1	1	31	52	24	70	19	59	47	69	28	63	22	80	39	45	50	73	47	52	38	70	47	50	56	48	72	35	54	56	63	13	62	19	78	19	104	15	89	22	77	33	58	26	142	21	194	15	253	23	193	20	197	42	222	42	261	18
RP11-1246C19.1	49	36	77	57	88	44	52	32	63	56	65	56	49	55	53	65	60	64	73	77	57	50	58	46	56	89	70	81	119	75	122	50	102	80	117	65	95	81	111	106	111	101	312	131	453	126	273	171	290	162	232	130	284	117	270	162	341	265	303	271	362	297	305	243	306	331	378	302	353
CTD-2623N2.11	0	0	4	0	0	1	0	1	4	2	0	0	4	2	3	3	5	0	0	4	0	2	2	0	0	3	0	0	0	0	4	4	0	0	1	0	0	4	0	0	1	0	0	1	0	6	2	3	0	1	0	0	2	2	1	1	3	0	0	0	1	0	1	6	2	4	0	4	0
AP001052.1	1	3	4	0	3	0	0	1	1	2	3	2	0	1	3	0	0	2	2	3	0	0	1	1	2	4	0	0	1	2	1	1	1	0	0	0	2	3	2	2	0	4	0	1	0	2	3	0	4	1	1	3	2	0	2	0	1	0	0	2	0	0	5	3	2	5	2	3	2
RP11-88H9.2	0	0	0	0	0	0	0	0	1	4	1	0	0	0	0	1	0	0	0	0	0	6	2	0	0	0	0	4	0	1	2	3	0	2	1	0	7	0	0	1	1	1	0	2	0	2	0	0	0	2	0	0	1	0	1	0	4	0	6	0	5	3	3	0	7	3	11	2	4
RP11-457M11.7	2	0	2	0	2	2	1	0	0	0	2	0	0	1	0	0	1	0	0	3	2	0	2	0	0	2	1	2	2	0	0	2	0	0	0	3	0	0	0	0	1	3	5	3	5	5	2	0	0	3	2	3	3	1	6	5	4	9	2	5	2	4	2	4	4	8	13	5	2
ETNK1	3664	2907	2953	3204	2691	3419	3014	3378	2917	3329	2918	3921	3060	3054	3083	3071	2971	3496	2262	3865	3031	3383	2971	3628	3350	4245	3274	3799	3416	3733	3612	4052	3892	3964	3753	3802	3289	3793	3044	4553	3369	3960	4467	4543	4670	4244	3938	5160	3495	4881	3766	3947	3948	4519	3913	3574	3958	5017	3361	5542	3848	6085	3663	5395	4261	5233	4609	5581	4520
AC002519.6	411	278	408	274	313	333	325	271	320	270	341	325	314	319	355	388	428	388	419	434	470	393	411	350	457	489	384	393	416	423	436	400	416	512	434	416	355	371	315	415	396	403	515	502	688	459	424	563	386	584	464	425	429	575	460	546	438	616	426	675	453	725	438	678	483	659	485	609	484
C17orf80	1393	1002	1324	1126	1055	1087	1125	851	1128	1052	1203	1019	1125	1284	1363	1298	1355	1443	1249	1598	1447	1350	1297	1458	1471	1661	1286	1428	1425	1422	1316	1389	1361	1455	1264	1387	1138	1322	1212	1759	1352	1463	1387	1639	1187	1641	1162	1865	1036	1671	1179	1529	1376	1398	1368	1550	1130	2062	1115	2122	1209	2424	1091	2042	1147	2196	1321	2218	1249
RP11-778D9.9	0	0	0	0	0	0	0	0	0	0	0	0	0	0	1	0	1	0	0	0	0	2	0	0	0	0	0	0	1	0	1	0	0	0	0	0	0	0	0	0	0	0	0	1	0	0	0	0	1	1	0	0	0	0	0	0	0	1	0	0	0	0	0	0	0	0	0	0	0
RP11-92G12.3	0	0	0	0	0	3	4	0	0	0	1	0	0	4	0	1	1	2	1	2	2	0	3	0	3	4	1	2	1	1	0	4	2	0	0	1	5	0	0	3	0	1	0	0	3	0	0	0	0	0	1	0	0	2	0	0	0	0	0	0	0	0	0	0	0	0	0	0	0
RP1-266L20.2	10	10	17	12	16	8	17	8	11	13	15	13	13	11	8	11	11	13	12	10	15	14	13	15	12	14	7	24	23	18	15	16	17	15	21	15	17	14	16	12	20	16	9	21	9	18	9	29	18	19	23	22	23	27	27	22	16	22	25	36	18	37	26	29	16	39	23	22	25
SECTM1	8	14	2	8	8	3	4	16	17	3	11	3	4	0	34	4	54	3	51	4	61	6	37	2	53	5	54	0	32	7	26	2	50	5	35	3	35	2	16	2	54	2	70	2	100	4	23	1	19	0	22	7	28	2	17	10	8	8	15	11	15	5	14	2	18	2	5	6	6
RP3-477O4.14	3	4	0	0	2	2	1	2	7	2	2	2	5	0	1	1	2	2	0	2	1	1	1	2	5	1	3	1	2	0	0	0	1	2	0	0	1	1	0	1	0	1	1	1	0	0	0	0	0	0	2	0	0	1	7	3	2	0	1	1	5	0	0	0	0	0	0	1	0
ARHGAP36	16	5	12	7	16	8	10	5	12	8	14	4	12	14	15	13	11	3	14	19	11	7	24	8	5	10	6	0	0	0	0	0	0	0	2	7	1	3	5	3	4	0	9	0	7	0	8	0	2	1	3	0	2	0	1	4	37	0	36	0	19	0	45	1	15	0	18	4	43
RP11-68L18.2	0	0	0	0	0	0	0	0	0	0	0	0	0	0	0	0	0	0	0	0	0	1	0	0	0	0	1	0	2	0	0	0	2	0	4	0	0	0	0	0	0	2	6	0	6	0	0	0	4	1	0	1	1	0	0	0	3	1	5	0	8	0	3	2	2	2	7	1	3
RAG1	161	108	112	77	130	93	147	104	133	82	153	94	99	129	133	106	130	109	127	186	105	146	129	140	132	161	109	56	44	55	37	43	52	52	32	60	30	42	39	57	35	30	5	45	7	39	12	34	7	46	17	29	25	29	20	43	16	37	20	26	25	44	15	29	17	45	37	44	21
SLC12A2	1081	924	1052	950	980	1015	963	841	927	913	975	1130	1047	3744	9336	3763	6882	3792	5754	4548	6919	3927	6448	3972	7914	4549	7464	3991	4019	4069	4034	4295	4333	4653	4023	4425	3895	4250	3586	4907	3836	2693	3217	2928	3335	2737	2342	3777	2203	3269	2287	2849	3268	2649	2644	1625	1816	2095	1542	2457	1715	2730	1524	2347	1724	2100	2138	2700	1824
GCGR	12	9	19	12	20	16	25	7	18	10	29	26	24	7	37	11	38	4	37	18	40	20	23	13	32	14	34	39	28	24	29	42	38	30	27	29	15	24	16	27	18	26	27	34	21	39	33	33	26	57	27	32	21	28	16	60	55	101	47	97	31	184	36	106	38	76	35	93	13
RP11-347C12.1	821	1027	1000	892	701	939	755	857	972	876	1023	866	853	632	611	714	617	718	676	935	494	671	524	772	726	908	692	640	807	624	743	585	660	572	692	642	567	707	666	739	550	732	927	747	1143	700	768	867	925	840	848	785	1036	484	833	697	1053	905	1025	1043	1104	1125	1049	880	1049	929	1244	1164	1105
STMN1P2	162	138	159	117	140	122	154	122	125	147	118	112	118	202	232	174	224	215	256	274	268	172	186	168	209	274	155	506	389	472	347	482	404	532	329	408	300	413	257	488	296	538	421	636	291	562	407	647	180	646	244	480	360	530	345	498	380	671	364	706	397	666	464	642	462	779	474	687	478
PPP6R2	1730	1847	2055	1779	1901	1781	1789	1563	2006	1528	1972	1633	1860	1895	1968	1820	2086	1940	2374	2523	2287	2045	1893	1752	2350	2273	2073	2443	2443	2150	2405	2399	2915	2559	2721	2161	2447	2351	2228	2586	2519	2025	2278	2348	2877	2382	2434	3089	2789	2906	2640	2333	2819	2265	2572	2556	2796	2993	2749	3425	2935	3691	2771	3395	2698	3479	3034	3560	2968
TAX1BP1	4699	3463	3955	3335	3752	3664	3773	3037	3691	3426	3650	3716	3546	4614	5542	4616	5307	5096	4888	5726	6347	5024	5135	4793	5524	5845	5367	6305	5696	6347	5633	6176	6468	6694	6358	6558	5501	6464	5145	7251	6185	6642	6073	7260	6029	7075	5125	8624	4828	8387	5579	6643	5320	7773	5505	6469	4433	9319	4431	9898	4173	10693	4196	8987	4714	9926	4879	9771	4787
INPP4B	28	13	31	30	31	12	19	19	33	16	16	8	19	76	551	93	234	70	231	110	257	53	205	59	312	111	300	115	193	110	214	129	197	134	193	114	173	141	181	135	226	107	77	112	101	113	116	125	104	126	120	78	186	74	83	71	57	116	72	126	109	110	56	104	93	80	112	72	91
ATP1A3	1597	1774	2396	1762	2150	1537	1765	1362	2222	1471	2025	1457	2032	2738	7094	2728	8261	2641	8739	3082	8510	2628	6918	2189	8121	3137	7563	17731	19508	14351	18544	16456	20385	18582	19171	15650	17859	16840	15795	17245	18373	21514	24774	25543	31581	27524	22322	38033	23673	32659	21617	27163	23918	23047	20855	38926	23736	45236	24484	55389	25319	56556	23836	48593	20189	56099	25342	51728	25351
CTD-2553L13.5	0	1	0	0	1	0	1	0	0	0	2	1	0	0	1	0	0	0	0	5	1	1	0	9	3	4	0	0	0	0	2	2	0	0	1	1	0	0	4	3	0	2	4	4	4	2	0	3	2	2	1	5	0	0	1	0	0	1	3	3	1	0	0	2	3	0	6	5	4
MMP19	34	25	57	44	36	41	24	14	34	29	25	39	40	21	26	27	18	37	13	24	34	39	17	24	29	36	18	3	0	11	4	5	3	6	2	6	3	3	0	10	3	0	9	3	11	1	3	1	8	0	0	0	2	0	10	3	10	7	8	4	6	6	10	4	10	1	9	8	9
CXXC1P1	1	0	0	1	0	1	0	0	0	0	0	0	0	0	6	0	7	2	5	2	1	1	7	1	8	0	3	0	2	2	6	0	13	11	2	0	7	5	1	0	0	1	0	3	0	3	0	2	4	0	1	0	0	0	0	3	3	0	0	4	1	2	2	0	0	2	1	1	3
NDUFS5	5263	4566	4710	4191	4380	4402	4490	3911	4680	4334	4366	4340	4337	4589	4275	4310	4808	4844	4643	5542	4945	4876	3992	4466	4436	5174	4060	4355	3236	3502	3437	3352	3925	3939	3357	3454	2990	3422	2902	4438	3299	3011	2489	3578	2662	3502	2588	4329	2248	4542	2970	3402	3067	4429	2785	2838	2028	3583	1928	3910	2168	4053	1938	3308	2595	4308	2531	3778	2266
UNC5CL	98	126	95	68	77	124	105	85	110	86	96	88	75	62	68	99	97	63	102	77	80	81	90	85	115	77	99	139	75	85	72	85	69	87	61	114	71	133	91	130	52	92	39	141	70	89	35	126	50	117	28	133	42	95	37	83	22	125	22	112	27	129	25	99	37	128	46	197	21
TPSD1	4	3	2	2	0	0	5	1	2	2	4	2	3	0	0	0	0	0	0	1	0	1	1	1	0	0	0	0	0	0	0	0	0	0	0	1	0	0	0	0	0	0	0	0	1	0	0	0	0	0	0	0	0	0	0	0	0	0	1	0	1	0	1	0	1	1	0	0	1
RP11-374M1.7	1	2	2	1	2	1	0	2	3	1	1	0	0	2	2	2	3	1	4	5	2	5	3	6	2	4	2	2	7	4	6	2	5	4	3	3	8	1	2	4	2	5	2	2	1	2	3	2	5	2	3	2	5	5	4	7	4	4	3	5	5	4	2	7	5	9	6	3	4
ATL2	3722	2603	3246	2690	3020	3154	3125	2584	3189	2847	3097	3182	2930	2829	2698	2948	2797	2930	2365	3475	2834	3196	2799	3079	2988	3449	2995	2591	2085	2583	2209	2665	2319	2764	2190	2539	1983	2719	1866	3316	2059	1876	1238	1889	1464	1769	1016	2221	839	2082	991	1773	1365	1863	1132	886	913	1262	896	1411	930	1494	833	1187	967	1258	1092	1511	968
ANXA1	130	114	168	189	94	155	74	90	138	93	70	174	129	185	605	172	302	238	237	273	267	130	258	215	158	233	282	21	22	27	14	16	22	26	12	21	7	12	13	18	31	5	45	3	36	9	32	13	41	7	22	11	35	5	16	14	52	30	49	11	47	20	60	17	46	22	59	15	46
PUSL1	549	594	799	555	747	619	677	419	649	528	649	588	616	779	1152	755	1349	692	1383	1034	1303	892	1101	717	1392	944	1072	1484	741	1150	727	1106	954	1277	933	1132	811	1203	826	1314	799	738	696	988	870	1058	624	1509	796	1337	739	1073	782	1035	678	833	513	979	494	1317	611	1297	464	1088	421	1323	541	1301	588
FAM215A	4	6	7	6	1	2	7	5	8	2	7	3	10	1	0	1	4	0	2	1	3	1	3	2	0	2	4	0	0	0	0	0	1	0	0	0	0	2	0	0	0	0	0	0	1	0	0	2	0	0	1	0	2	0	0	0	1	0	0	0	0	1	1	3	0	0	3	0	0
RP11-316E14.2	331	138	206	132	214	182	250	185	208	184	226	206	194	168	186	222	149	173	174	213	220	198	157	241	182	260	198	178	123	186	112	152	177	188	131	178	136	206	156	190	139	141	54	140	36	150	48	185	28	190	90	132	78	178	68	90	62	154	56	162	56	186	73	136	101	122	99	149	84
OGFRP1	10	22	13	18	9	10	8	3	9	14	12	6	21	10	9	3	9	9	13	3	6	7	4	6	8	10	10	3	3	1	5	2	4	3	5	0	0	2	8	3	5	3	4	1	12	2	6	2	12	1	15	4	9	0	6	3	4	10	12	5	5	8	3	2	5	3	14	8	3
RP11-81M19.3	0	1	1	0	0	0	1	2	0	0	1	0	0	1	3	0	4	1	3	0	0	0	1	0	5	1	0	2	3	2	3	1	3	0	2	0	2	2	3	0	2	1	2	1	0	2	1	0	2	1	0	1	2	0	2	0	3	0	0	0	4	0	0	0	0	0	0	1	1
AC004448.5	6	8	0	2	0	10	3	8	2	10	15	4	3	19	15	18	16	22	8	30	13	18	18	18	26	12	22	12	9	5	17	14	17	10	14	2	13	12	4	9	12	9	11	14	24	12	7	10	14	20	4	11	1	10	11	5	9	16	6	13	7	8	5	18	17	16	10	33	8
BX842568.4	1	1	0	0	1	4	1	0	4	0	4	0	2	3	0	5	2	2	0	3	1	3	0	0	0	4	0	0	0	0	0	0	0	0	0	0	0	0	0	0	0	0	1	2	2	0	0	0	0	0	0	0	0	0	0	0	0	0	3	0	0	0	1	2	0	1	2	2	0
TMIGD2	18	21	41	20	16	20	31	30	20	10	30	27	27	34	18	23	31	27	51	62	37	41	25	20	37	35	35	36	18	12	15	21	18	26	27	14	12	18	17	27	6	19	10	15	12	11	5	29	6	16	6	17	5	20	11	6	7	15	3	18	7	16	6	8	16	19	9	19	9
PLA2G15	343	409	449	308	354	375	348	267	366	306	371	325	354	281	270	250	344	295	275	351	294	362	258	247	354	299	224	225	270	223	265	245	283	252	215	252	289	200	226	249	292	207	234	287	278	279	304	333	419	333	337	296	307	278	376	256	388	372	362	418	472	423	388	403	311	491	401	409	414
RP11-686G8.1	23	20	18	20	25	18	27	19	17	14	25	20	20	11	9	13	5	11	11	16	13	12	7	10	11	14	6	2	2	2	1	3	0	4	2	5	3	0	0	0	1	0	2	0	1	0	0	0	3	0	5	0	0	0	0	0	1	0	0	1	1	2	1	0	4	0	1	0	1
ALKBH4	450	491	532	494	463	439	466	426	496	361	467	430	494	403	423	445	526	449	615	576	566	489	455	404	522	522	448	527	493	451	480	460	533	421	496	515	476	437	436	545	501	427	370	480	434	507	371	708	474	647	351	506	447	569	379	347	279	404	317	522	325	550	292	503	324	583	305	537	325
XIAP-AS1	1	1	3	0	2	2	0	4	3	3	0	0	1	0	0	1	0	1	1	2	0	0	2	0	0	2	2	0	1	1	0	2	2	4	0	0	0	0	0	0	0	1	1	0	0	1	0	0	0	1	1	0	7	0	0	0	1	1	1	1	1	3	4	3	0	0	4	4	0
ST13P5	589	491	643	492	513	517	528	421	534	485	562	482	514	592	641	553	698	505	605	633	685	542	668	477	747	581	668	613	716	622	685	600	709	702	724	591	670	636	676	825	685	498	493	677	451	576	408	739	341	704	441	682	501	637	448	286	244	432	315	453	326	537	284	435	268	502	312	567	267
SUFU	559	599	689	623	553	573	605	470	574	574	607	538	599	932	1019	889	1105	767	1265	1185	1147	895	1102	830	1228	1097	1032	1121	1214	1071	1134	1125	1249	1234	1303	1054	1143	1143	1130	1190	1220	1116	1346	1288	1657	1328	1211	1734	1193	1573	1131	1236	1222	1114	1017	984	958	1101	1033	1232	1135	1372	1117	1063	839	1329	1104	1286	1112
RP11-449L13.2	428	376	513	408	414	366	382	336	356	363	418	338	360	474	569	529	681	441	589	570	592	530	612	494	600	586	564	444	372	414	346	397	409	473	426	421	371	375	388	498	369	270	217	378	255	303	176	396	260	369	240	357	254	363	203	170	169	256	166	274	159	284	125	239	172	268	172	301	138
CTD-2021H9.1	0	0	0	0	0	0	0	0	2	0	1	0	0	0	1	2	5	0	0	0	1	5	1	0	6	3	2	0	0	0	0	0	1	0	0	0	0	0	0	0	0	0	0	0	0	0	0	0	0	0	0	0	0	0	0	1	0	0	0	0	0	0	0	0	0	0	0	0	0
ABCC5	2653	2815	3143	2782	2601	2787	2463	2180	2621	2408	3019	2383	2741	6947	9391	7169	9294	6565	9400	8308	9353	7035	8840	7121	10487	8369	9387	8550	10048	8772	9430	8850	10130	9403	9222	8740	8151	8674	8182	9934	8985	8463	6857	9655	7053	9552	6600	12023	6369	10700	6286	9044	7872	6972	6899	9556	7023	11715	7050	13531	7211	14152	6281	12363	6145	13522	7821	14662	7099
FOXN3-AS1	17	28	29	24	23	20	17	24	49	37	14	23	26	11	11	10	6	26	5	18	10	10	5	13	0	18	4	17	9	21	9	8	32	16	17	15	17	16	23	13	24	16	8	16	8	12	8	37	2	21	10	13	13	14	19	8	14	5	9	3	12	16	14	14	10	8	18	12	25
CTC-340I23.2	1	0	1	0	1	0	0	0	0	0	0	0	0	0	0	0	0	0	0	1	0	0	0	0	2	1	0	0	0	0	0	0	0	0	0	0	0	0	0	0	0	0	0	0	0	0	0	0	0	0	0	0	0	0	0	0	1	0	0	0	0	0	0	0	0	0	0	0	0
RP11-395N6.4	5	11	4	6	6	3	4	4	2	4	6	5	7	4	2	5	4	4	10	7	4	6	3	5	4	1	9	10	2	11	3	2	7	7	4	7	3	6	6	4	6	3	3	3	4	3	4	8	4	3	6	4	4	6	8	6	2	6	6	4	5	7	6	4	10	9	6	6	6
RPS3AP54	43	52	39	27	33	43	22	40	31	36	42	37	43	13	19	23	16	14	19	32	15	21	23	33	41	21	17	10	9	10	10	2	3	9	7	12	7	16	7	3	3	7	7	2	0	3	6	3	4	3	11	13	4	5	2	2	6	8	4	12	2	5	1	0	6	4	2	3	5
SCML2	1181	789	1267	957	1021	957	1032	829	1031	863	988	894	998	1954	1941	1888	2247	1909	2012	2228	2246	2095	2052	2096	2559	2370	2181	1854	1698	1717	1449	1777	1683	2049	1578	1876	1577	1923	1294	2212	1502	1267	1301	1511	1343	1418	1017	1938	966	1806	1013	1443	1100	1534	995	487	510	637	451	736	521	723	465	808	503	712	596	875	664
